class	mangled	vtable_rvas	vtable_slots	direct_bases	all_bases	flags
.?AU?$ConstFunctorObject@VTargetFunctor@@$$A6A_NPEAVTarget@@@Z@@	.?AU?$ConstFunctorObject@VTargetFunctor@@$$A6A_NPEAVTarget@@@Z@@	0x1a856f8	2	TargetFunctor	TargetFunctor	
.?AU?$Data@$$T@AnyValue@@	.?AU?$Data@$$T@AnyValue@@	0x1a8f210	3	AnyValue::DataParent	AnyValue::DataParent	
.?AU?$FunctorObject@VITurretFunc@@$$A6A_NPEAVEntityAIFull@@AEAUTurretContext@@@Z@@	.?AU?$FunctorObject@VITurretFunc@@$$A6A_NPEAVEntityAIFull@@AEAUTurretContext@@@Z@@	0x1b1b8b0	2	ITurretFunc	ITurretFunc	
.?AU?$GenericImageParticles@$2U?$FixedString@$07@@3D0GC@@0GJ@@0FP@@0GC@@0CO@@0HA@@0GO@@0GH@@0A@@@@$2U1@3D0GC@@0GJ@@0FP@@0GH@@0CO@@0HA@@0GO@@0GH@@0A@@@@$2U1@3D0GC@@0GJ@@0FP@@0HH@@0CO@@0HA@@0GO@@0GH@@0A@@@@@@	.?AU?$GenericImageParticles@$2U?$FixedString@$07@@3D0GC@@0GJ@@0FP@@0GC@@0CO@@0HA@@0GO@@0GH@@0A@@@@$2U1@3D0GC@@0GJ@@0FP@@0GH@@0CO@@0HA@@0GO@@0GH@@0A@@@@$2U1@3D0GC@@0GJ@@0FP@@0HH@@0CO@@0HA@@0GO@@0GH@@0A@@@@@@	0x1b715b0	3	.?AU?$ParticleMultiImageData@$02U?$ParticleBase@$0A@$0A@$AECEAAAAA@@@@@	.?AU?$ParticleMultiImageData@$02U?$ParticleBase@$0A@$0A@$AECEAAAAA@@@@@;ParticleRenderDataBase;ISplashWindowDrawHandler	
.?AU?$GenericImageParticles@$2U?$FixedString@$0BC@@@3D0GE@@0GM@@0GD@@0FP@@0GN@@0GB@@0HC@@0GL@@0FP@@0GN@@0GB@@0HC@@0DB@@0DA@@0CO@@0HA@@0GO@@0GH@@0A@@@@@@	.?AU?$GenericImageParticles@$2U?$FixedString@$0BC@@@3D0GE@@0GM@@0GD@@0FP@@0GN@@0GB@@0HC@@0GL@@0FP@@0GN@@0GB@@0HC@@0DB@@0DA@@0CO@@0HA@@0GO@@0GH@@0A@@@@@@	0x1b71848	3	.?AU?$ParticleMultiImageData@$00U?$ParticleBase@$0A@$0A@$AECEAAAAA@@@@@	.?AU?$ParticleMultiImageData@$00U?$ParticleBase@$0A@$0A@$AECEAAAAA@@@@@;ParticleRenderDataBase;ISplashWindowDrawHandler	
.?AU?$GenericImageParticles@$2U?$FixedString@$0L@@@3D0GE@@0GM@@0GD@@0FP@@0GB@@0GP@@0HH@@0CO@@0HA@@0GO@@0GH@@0A@@@@@@	.?AU?$GenericImageParticles@$2U?$FixedString@$0L@@@3D0GE@@0GM@@0GD@@0FP@@0GB@@0GP@@0HH@@0CO@@0HA@@0GO@@0GH@@0A@@@@@@	0x1b71810	3	.?AU?$ParticleMultiImageData@$00U?$ParticleBase@$0A@$0A@$AECEAAAAA@@@@@	.?AU?$ParticleMultiImageData@$00U?$ParticleBase@$0A@$0A@$AECEAAAAA@@@@@;ParticleRenderDataBase;ISplashWindowDrawHandler	
.?AU?$GenericImageParticles@$2U?$FixedString@$0L@@@3D0GE@@0GM@@0GD@@0FP@@0GF@@0HI@@0HA@@0CO@@0HA@@0GO@@0GH@@0A@@@@@@	.?AU?$GenericImageParticles@$2U?$FixedString@$0L@@@3D0GE@@0GM@@0GD@@0FP@@0GF@@0HI@@0HA@@0CO@@0HA@@0GO@@0GH@@0A@@@@@@	0x1b716c0	3	.?AU?$ParticleMultiImageData@$00U?$ParticleBase@$0A@$0A@$AECEAAAAA@@@@@	.?AU?$ParticleMultiImageData@$00U?$ParticleBase@$0A@$0A@$AECEAAAAA@@@@@;ParticleRenderDataBase;ISplashWindowDrawHandler	
.?AU?$GenericImageParticles@$2U?$FixedString@$0M@@@3D0GE@@0GM@@0GD@@0FP@@0GB@@0HC@@0GH@@0GP@@0CO@@0HA@@0GO@@0GH@@0A@@@@@@	.?AU?$GenericImageParticles@$2U?$FixedString@$0M@@@3D0GE@@0GM@@0GD@@0FP@@0GB@@0HC@@0GH@@0GP@@0CO@@0HA@@0GO@@0GH@@0A@@@@@@	0x1b71720	3	.?AU?$ParticleMultiImageData@$00U?$ParticleBase@$0A@$0A@$AECEAAAAA@@@@@	.?AU?$ParticleMultiImageData@$00U?$ParticleBase@$0A@$0A@$AECEAAAAA@@@@@;ParticleRenderDataBase;ISplashWindowDrawHandler	
.?AU?$GenericImageParticles@$2U?$FixedString@$0M@@@3D0GE@@0GM@@0GD@@0FP@@0GI@@0GF@@0GM@@0GJ@@0CO@@0HA@@0GO@@0GH@@0A@@@@@@	.?AU?$GenericImageParticles@$2U?$FixedString@$0M@@@3D0GE@@0GM@@0GD@@0FP@@0GI@@0GF@@0GM@@0GJ@@0CO@@0HA@@0GO@@0GH@@0A@@@@@@	0x1b71660	3	.?AU?$ParticleMultiImageData@$00U?$ParticleBase@$0A@$0A@$AECEAAAAA@@@@@	.?AU?$ParticleMultiImageData@$00U?$ParticleBase@$0A@$0A@$AECEAAAAA@@@@@;ParticleRenderDataBase;ISplashWindowDrawHandler	
.?AU?$GenericImageParticles@$2U?$FixedString@$0M@@@3D0GE@@0GM@@0GD@@0FP@@0GK@@0GF@@0HE@@0HD@@0CO@@0HA@@0GO@@0GH@@0A@@@@@@	.?AU?$GenericImageParticles@$2U?$FixedString@$0M@@@3D0GE@@0GM@@0GD@@0FP@@0GK@@0GF@@0HE@@0HD@@0CO@@0HA@@0GO@@0GH@@0A@@@@@@	0x1b716f0	3	.?AU?$ParticleMultiImageData@$00U?$ParticleBase@$0A@$0A@$AECEAAAAA@@@@@	.?AU?$ParticleMultiImageData@$00U?$ParticleBase@$0A@$0A@$AECEAAAAA@@@@@;ParticleRenderDataBase;ISplashWindowDrawHandler	
.?AU?$GenericImageParticles@$2U?$FixedString@$0M@@@3D0GE@@0GM@@0GD@@0FP@@0GL@@0GB@@0HC@@0HE@@0CO@@0HA@@0GO@@0GH@@0A@@@@@@	.?AU?$GenericImageParticles@$2U?$FixedString@$0M@@@3D0GE@@0GM@@0GD@@0FP@@0GL@@0GB@@0HC@@0HE@@0CO@@0HA@@0GO@@0GH@@0A@@@@@@	0x1b71630	3	.?AU?$ParticleMultiImageData@$00U?$ParticleBase@$0A@$0A@$AECEAAAAA@@@@@	.?AU?$ParticleMultiImageData@$00U?$ParticleBase@$0A@$0A@$AECEAAAAA@@@@@;ParticleRenderDataBase;ISplashWindowDrawHandler	
.?AU?$GenericImageParticles@$2U?$FixedString@$0M@@@3D0GE@@0GM@@0GD@@0FP@@0GN@@0GB@@0HC@@0GL@@0CO@@0HA@@0GO@@0GH@@0A@@@@@@	.?AU?$GenericImageParticles@$2U?$FixedString@$0M@@@3D0GE@@0GM@@0GD@@0FP@@0GN@@0GB@@0HC@@0GL@@0CO@@0HA@@0GO@@0GH@@0A@@@@@@	0x1b71690	3	.?AU?$ParticleMultiImageData@$00U?$ParticleBase@$0A@$0A@$AECEAAAAA@@@@@	.?AU?$ParticleMultiImageData@$00U?$ParticleBase@$0A@$0A@$AECEAAAAA@@@@@;ParticleRenderDataBase;ISplashWindowDrawHandler	
.?AU?$GenericImageParticles@$2U?$FixedString@$0M@@@3D0GE@@0GM@@0GD@@0FP@@0HE@@0GB@@0GO@@0GL@@0CO@@0HA@@0GO@@0GH@@0A@@@@@@	.?AU?$GenericImageParticles@$2U?$FixedString@$0M@@@3D0GE@@0GM@@0GD@@0FP@@0HE@@0GB@@0GO@@0GL@@0CO@@0HA@@0GO@@0GH@@0A@@@@@@	0x1b717b0	3	.?AU?$ParticleMultiImageData@$00U?$ParticleBase@$0A@$0A@$AECEAAAAA@@@@@	.?AU?$ParticleMultiImageData@$00U?$ParticleBase@$0A@$0A@$AECEAAAAA@@@@@;ParticleRenderDataBase;ISplashWindowDrawHandler	
.?AU?$GenericImageParticles@$2U?$FixedString@$0N@@@3D0GE@@0GM@@0GD@@0FP@@0GF@@0GO@@0GP@@0GD@@0GI@@0CO@@0HA@@0GO@@0GH@@0A@@@@@@	.?AU?$GenericImageParticles@$2U?$FixedString@$0N@@@3D0GE@@0GM@@0GD@@0FP@@0GF@@0GO@@0GP@@0GD@@0GI@@0CO@@0HA@@0GO@@0GH@@0A@@@@@@	0x1b717e0	3	.?AU?$ParticleMultiImageData@$00U?$ParticleBase@$0A@$0A@$AECEAAAAA@@@@@	.?AU?$ParticleMultiImageData@$00U?$ParticleBase@$0A@$0A@$AECEAAAAA@@@@@;ParticleRenderDataBase;ISplashWindowDrawHandler	
.?AU?$GenericImageParticles@$2U?$FixedString@$0O@@@3D0GE@@0GM@@0GD@@0FP@@0GP@@0HC@@0GB@@0GO@@0GH@@0GF@@0CO@@0HA@@0GO@@0GH@@0A@@@@@@	.?AU?$GenericImageParticles@$2U?$FixedString@$0O@@@3D0GE@@0GM@@0GD@@0FP@@0GP@@0HC@@0GB@@0GO@@0GH@@0GF@@0CO@@0HA@@0GO@@0GH@@0A@@@@@@	0x1b71750	3	.?AU?$ParticleMultiImageData@$00U?$ParticleBase@$0A@$0A@$AECEAAAAA@@@@@	.?AU?$ParticleMultiImageData@$00U?$ParticleBase@$0A@$0A@$AECEAAAAA@@@@@;ParticleRenderDataBase;ISplashWindowDrawHandler	
.?AU?$GenericImageParticles@$2U?$FixedString@$0O@@@3D0GE@@0GM@@0GD@@0FP@@0HE@@0GB@@0GD@@0GP@@0HA@@0HD@@0CO@@0HA@@0GO@@0GH@@0A@@@@@@	.?AU?$GenericImageParticles@$2U?$FixedString@$0O@@@3D0GE@@0GM@@0GD@@0FP@@0HE@@0GB@@0GD@@0GP@@0HA@@0HD@@0CO@@0HA@@0GO@@0GH@@0A@@@@@@	0x1b71780	3	.?AU?$ParticleMultiImageData@$00U?$ParticleBase@$0A@$0A@$AECEAAAAA@@@@@	.?AU?$ParticleMultiImageData@$00U?$ParticleBase@$0A@$0A@$AECEAAAAA@@@@@;ParticleRenderDataBase;ISplashWindowDrawHandler	
.?AU?$GenericImageParticles@$2U?$FixedString@$0P@@@3D0GE@@0GM@@0GD@@0FP@@0GD@@0HF@@0HC@@0GB@@0HE@@0GP@@0HC@@0CO@@0HA@@0GO@@0GH@@0A@@@@@@	.?AU?$GenericImageParticles@$2U?$FixedString@$0P@@@3D0GE@@0GM@@0GD@@0FP@@0GD@@0HF@@0HC@@0GB@@0HE@@0GP@@0HC@@0CO@@0HA@@0GO@@0GH@@0A@@@@@@	0x1b71600	3	.?AU?$ParticleMultiImageData@$00U?$ParticleBase@$0A@$0A@$AECEAAAAA@@@@@	.?AU?$ParticleMultiImageData@$00U?$ParticleBase@$0A@$0A@$AECEAAAAA@@@@@;ParticleRenderDataBase;ISplashWindowDrawHandler	
.?AU?$InvokerLambda@V<lambda_1>@?1???R<lambda_4>@?1??FindEmptyVehiclePositionInVehicle@Transport@@IEBA?AUEmptyVehiclePositionInVehicleResult@4@PEBVEntityAI@@_N1@Z@QEBA_NVVector3P@@1AEAV7@@Z@_NH@@	.?AU?$InvokerLambda@V<lambda_1>@?1???R<lambda_4>@?1??FindEmptyVehiclePositionInVehicle@Transport@@IEBA?AUEmptyVehiclePositionInVehicleResult@4@PEBVEntityAI@@_N1@Z@QEBA_NVVector3P@@1AEAV7@@Z@_NH@@	0x1c47908	3	InvokerInterface<bool,int>	InvokerInterface<bool,int>;NoCopy	
.?AU?$InvokerLambda@V<lambda_1>@?1??ForEachMT@EntitiesDistributed@@QEBAXU?$FunctionPtr@$$A6A_NPEAVEntity@@@Z@@@Z@XAEADI@@	.?AU?$InvokerLambda@V<lambda_1>@?1??ForEachMT@EntitiesDistributed@@QEBAXU?$FunctionPtr@$$A6A_NPEAVEntity@@@Z@@@Z@XAEADI@@	0x1c7c508	3	InvokerInterface<void,char&,unsigned int>	InvokerInterface<void,char&,unsigned int>;NoCopy	
.?AU?$InvokerLambda@V<lambda_1>@?4???R1?1??PrepareEdenCompositionPreview@DisplayCurator@@QEAAXV?$RStringCT@D@@@Z@QEBA@PEBVMissionData@Editor3D@@@Z@XAEBUCrewPosition@E3DVehicle@6@HH@@	.?AU?$InvokerLambda@V<lambda_1>@?4???R1?1??PrepareEdenCompositionPreview@DisplayCurator@@QEAAXV?$RStringCT@D@@@Z@QEBA@PEBVMissionData@Editor3D@@@Z@XAEBUCrewPosition@E3DVehicle@6@HH@@	0x1b8a230	3	InvokerInterface<void,const Editor3D::E3DVehicle::CrewPosition&,int,int>	InvokerInterface<void,const Editor3D::E3DVehicle::CrewPosition&,int,int>;NoCopy	
.?AU?$InvokerLambda@V<lambda_1>@?5??Run@?$ParallelForEachAtomicCounter@USharedData@?6??Process@SensorPositionChecker@@QEAAXXZ@UThreadData@@@enf@@QEAAXPEBD_K1AEAU?$FunctionPtr@$$A6AX_KAEAUSharedData@?6??Process@SensorPositionChecker@@QEAAXXZ@AEAUThreadData@@@Z@@1@Z@XI@@	.?AU?$InvokerLambda@V<lambda_1>@?5??Run@?$ParallelForEachAtomicCounter@USharedData@?6??Process@SensorPositionChecker@@QEAAXXZ@UThreadData@@@enf@@QEAAXPEBD_K1AEAU?$FunctionPtr@$$A6AX_KAEAUSharedData@?6??Process@SensorPositionChecker@@QEAAXXZ@AEAUThreadData@@@Z@@1@Z@XI@@	0x1a78e90	3	InvokerInterface<void,unsigned int>	InvokerInterface<void,unsigned int>;NoCopy	
.?AU?$InvokerLambda@V<lambda_1>@?6???R<lambda_6>@?1??CuratorCreateEdenComposition@DisplayCurator@@QEAAXAEBVVector3P@@HV?$RStringCT@D@@@Z@QEBA@PEBVMissionData@Editor3D@@@Z@XPEBV78@@@	.?AU?$InvokerLambda@V<lambda_1>@?6???R<lambda_6>@?1??CuratorCreateEdenComposition@DisplayCurator@@QEAAXAEBVVector3P@@HV?$RStringCT@D@@@Z@QEBA@PEBVMissionData@Editor3D@@@Z@XPEBV78@@@	0x1b8a2f0	3	InvokerInterface<void,const Editor3D::MissionData*>	InvokerInterface<void,const Editor3D::MissionData*>;NoCopy	
.?AU?$InvokerLambda@V<lambda_1>@?9??ProcessMicroJobMethod@JobManager@@QEAAXAEBU?$FunctionPtr@$$A6A_NH@Z@@W4JobFlags@3@@Z@XI@@	.?AU?$InvokerLambda@V<lambda_1>@?9??ProcessMicroJobMethod@JobManager@@QEAAXAEBU?$FunctionPtr@$$A6A_NH@Z@@W4JobFlags@3@@Z@XI@@	0x1aadd88	3	InvokerInterface<void,unsigned int>	InvokerInterface<void,unsigned int>;NoCopy	
.?AU?$ParticleBase@$00$00$AECAAAAAA@@@	.?AU?$ParticleBase@$00$00$AECAAAAAA@@@	0x1b71498	3	IParticle	IParticle	
.?AU?$ParticleBase@$0A@$0A@$AECEAAAAA@@@	.?AU?$ParticleBase@$0A@$0A@$AECEAAAAA@@@	0x1b714f8	3	IParticle	IParticle	
.?AU?$ParticleMultiImageData@$00U?$ParticleBase@$0A@$0A@$AECEAAAAA@@@@@	.?AU?$ParticleMultiImageData@$00U?$ParticleBase@$0A@$0A@$AECEAAAAA@@@@@	0x1b715e0	3	ParticleRenderDataBase	ParticleRenderDataBase;ISplashWindowDrawHandler	
.?AU?$ParticleMultiImageData@$02U?$ParticleBase@$0A@$0A@$AECEAAAAA@@@@@	.?AU?$ParticleMultiImageData@$02U?$ParticleBase@$0A@$0A@$AECEAAAAA@@@@@	0x1b71590	3	ParticleRenderDataBase	ParticleRenderDataBase;ISplashWindowDrawHandler	
.?AU?$ParticleMultiImageData@$03U?$ParticleBase@$00$00$AECAAAAAA@@@@@	.?AU?$ParticleMultiImageData@$03U?$ParticleBase@$00$00$AECAAAAAA@@@@@	0x1b71420	3	ParticleRenderDataBase	ParticleRenderDataBase;ISplashWindowDrawHandler	
.?AU?$ParticleMultiImageData@$03U?$ParticleBase@$0A@$0A@$AECEAAAAA@@@@@	.?AU?$ParticleMultiImageData@$03U?$ParticleBase@$0A@$0A@$AECEAAAAA@@@@@	0x1b714b8	3	ParticleRenderDataBase	ParticleRenderDataBase;ISplashWindowDrawHandler	
.?AUSortTask@?1???$ParallelSortSwapOnly@U?$NumberBaseIterator@U?$SortingIteratorTrait@VCListBoxContainer@@@@@@U?$FunctionPtrCopyable@$$A6A_NAEBUParentRowLink@?$SortingIteratorTrait@VCListBoxContainer@@@@0@Z@@@enf@@YAXU?$NumberBaseIterator@U?$SortingIteratorTrait@VCListBoxContainer@@@@@@0AEBU?$FunctionPtrCopyable@$$A6A_NAEBUParentRowLink@?$SortingIteratorTrait@VCListBoxContainer@@@@0@Z@@@Z@	.?AUSortTask@?1???$ParallelSortSwapOnly@U?$NumberBaseIterator@U?$SortingIteratorTrait@VCListBoxContainer@@@@@@U?$FunctionPtrCopyable@$$A6A_NAEBUParentRowLink@?$SortingIteratorTrait@VCListBoxContainer@@@@0@Z@@@enf@@YAXU?$NumberBaseIterator@U?$SortingIteratorTrait@VCListBoxContainer@@@@@@0AEBU?$FunctionPtrCopyable@$$A6A_NAEBUParentRowLink@?$SortingIteratorTrait@VCListBoxContainer@@@@0@Z@@@Z@	0x1cd00e0	2	enf::Job	enf::Job;enf::JobCommon;enf::JobCore	
.?AUSortTask@?1???$ParallelSortSwapOnly@U?$NumberBaseIterator@U?$SortingIteratorTrait@VCListNBox@@@@@@U?$FunctionPtrCopyable@$$A6A_NAEBUParentRowLink@?$SortingIteratorTrait@VCListNBox@@@@0@Z@@@enf@@YAXU?$NumberBaseIterator@U?$SortingIteratorTrait@VCListNBox@@@@@@0AEBU?$FunctionPtrCopyable@$$A6A_NAEBUParentRowLink@?$SortingIteratorTrait@VCListNBox@@@@0@Z@@@Z@	.?AUSortTask@?1???$ParallelSortSwapOnly@U?$NumberBaseIterator@U?$SortingIteratorTrait@VCListNBox@@@@@@U?$FunctionPtrCopyable@$$A6A_NAEBUParentRowLink@?$SortingIteratorTrait@VCListNBox@@@@0@Z@@@enf@@YAXU?$NumberBaseIterator@U?$SortingIteratorTrait@VCListNBox@@@@@@0AEBU?$FunctionPtrCopyable@$$A6A_NAEBUParentRowLink@?$SortingIteratorTrait@VCListNBox@@@@0@Z@@@Z@	0x1cd00f8	2	enf::Job	enf::Job;enf::JobCommon;enf::JobCore	
.?AV<lambda_1>@?3??IterateCertificateStores@WinCrypt@@QEBA?AV?$generator@$$QEAV?$ManagedObject@PEAX@@V1@Uuse_allocator_arg@std@@@std@@V?$span@E$0?0@4@@Z@	.?AV<lambda_1>@?3??IterateCertificateStores@WinCrypt@@QEBA?AV?$generator@$$QEAV?$ManagedObject@PEAX@@V1@Uuse_allocator_arg@std@@@std@@V?$span@E$0?0@4@@Z@					no-col
.?AV?$_Func_impl_no_alloc@V<lambda_1>@?3??IterateCertificateStores@WinCrypt@@QEBA?AV?$generator@$$QEAV?$ManagedObject@PEAX@@V1@Uuse_allocator_arg@std@@@std@@V?$span@E$0?0@5@@Z@XPEAX@std@@	.?AV?$_Func_impl_no_alloc@V<lambda_1>@?3??IterateCertificateStores@WinCrypt@@QEBA?AV?$generator@$$QEAV?$ManagedObject@PEAX@@V1@Uuse_allocator_arg@std@@@std@@V?$span@E$0?0@5@@Z@XPEAX@std@@	0x1b2c3b8	6	std::_Func_base<void,void*>	std::_Func_base<void,void*>	
.?AV?$_Func_impl_no_alloc@V?$reference_wrapper@V<lambda_1>@?4???R<lambda_3>@?DM@??Intersect@Object@@QEBAXAEAVCollisionBuffer@@PEBV4@AEBVObjectVisualState@@2H_N@Z@QEBA_NAEAV6@@Z@@std@@_NAEAVObjectVisualState@@@std@@	.?AV?$_Func_impl_no_alloc@V?$reference_wrapper@V<lambda_1>@?4???R<lambda_3>@?DM@??Intersect@Object@@QEBAXAEAVCollisionBuffer@@PEBV4@AEBVObjectVisualState@@2H_N@Z@QEBA_NAEAV6@@Z@@std@@_NAEAVObjectVisualState@@@std@@	0x1ca6e50	6	std::_Func_base<bool,ObjectVisualState&>	std::_Func_base<bool,ObjectVisualState&>	
.?AV?$_Func_impl_no_alloc@V?$reference_wrapper@V<lambda_1>@?4???R<lambda_4>@?DP@??Intersect@Object@@QEBAXAEAVCollisionBuffer@@PEBV4@AEBVObjectVisualState@@2H_N@Z@QEBA_NAEAV6@@Z@@std@@_NAEAVObjectVisualState@@@std@@	.?AV?$_Func_impl_no_alloc@V?$reference_wrapper@V<lambda_1>@?4???R<lambda_4>@?DP@??Intersect@Object@@QEBAXAEAVCollisionBuffer@@PEBV4@AEBVObjectVisualState@@2H_N@Z@QEBA_NAEAV6@@Z@@std@@_NAEAVObjectVisualState@@@std@@	0x1ca6ec0	6	std::_Func_base<bool,ObjectVisualState&>	std::_Func_base<bool,ObjectVisualState&>	
.?AV?$_Packaged_state@$$A6A?AU?$pair@V?$RStringCT@D@@V1@@std@@XZ@std@@	.?AV?$_Packaged_state@$$A6A?AU?$pair@V?$RStringCT@D@@V1@@std@@XZ@std@@	0x1b41010	6	std::_Associated_state<std::pair<RStringCT<char>,RStringCT<char>>>	std::_Associated_state<std::pair<RStringCT<char>,RStringCT<char>>>	
.?AV?$_Packaged_state@$$A6A?AV?$AutoArray@UExtensionSignature@@VMemAllocD@@@@XZ@std@@	.?AV?$_Packaged_state@$$A6A?AV?$AutoArray@UExtensionSignature@@VMemAllocD@@@@XZ@std@@	0x1b40fa0	6	std::_Associated_state<AutoArray<ExtensionSignature,MemAllocD>>	std::_Associated_state<AutoArray<ExtensionSignature,MemAllocD>>	
.?AV?$_Packaged_state@$$A6A?AV?$RStringCT@D@@XZ@std@@	.?AV?$_Packaged_state@$$A6A?AV?$RStringCT@D@@XZ@std@@	0x1b41080	6	std::_Associated_state<RStringCT<char>>	std::_Associated_state<RStringCT<char>>	
.?AV?$reference_wrapper@V<lambda_1>@?4???R<lambda_3>@?DM@??Intersect@Object@@QEBAXAEAVCollisionBuffer@@PEBV4@AEBVObjectVisualState@@2H_N@Z@QEBA_NAEAV6@@Z@@std@@	.?AV?$reference_wrapper@V<lambda_1>@?4???R<lambda_3>@?DM@??Intersect@Object@@QEBAXAEAVCollisionBuffer@@PEBV4@AEBVObjectVisualState@@2H_N@Z@QEBA_NAEAV6@@Z@@std@@					no-col
.?AV?$reference_wrapper@V<lambda_1>@?4???R<lambda_4>@?DP@??Intersect@Object@@QEBAXAEAVCollisionBuffer@@PEBV4@AEBVObjectVisualState@@2H_N@Z@QEBA_NAEAV6@@Z@@std@@	.?AV?$reference_wrapper@V<lambda_1>@?4???R<lambda_4>@?DP@??Intersect@Object@@QEBAXAEAVCollisionBuffer@@PEBV4@AEBVObjectVisualState@@2H_N@Z@QEBA_NAEAV6@@Z@@std@@					no-col
.?AVLoadTextureHeadersJob@?BI@??AddonLoadingDoLoadAddons@@YAXU?$FunctionPtr@$$A6AXXZ@@@Z@	.?AVLoadTextureHeadersJob@?BI@??AddonLoadingDoLoadAddons@@YAXU?$FunctionPtr@$$A6AXXZ@@@Z@	0x1a786d0	2	Job	Job	
_NPEAV56::Z::InvokerLambda<`324280217815856246746779315034893'()::`2'::<lambda_1>,const Editor3D::E3DItem*&*>	.?AU?$InvokerLambda@V<lambda_1>@?1???R1?1??Create3DENComposition@@YA?AVGameValue@@PEBVGameState@@AEBV3@@Z@QEBA@PEAVE3DItem@Editor3D@@@Z@_NPEAV56@@@	0x1b4aca8	3	InvokerInterface<bool,Editor3D::E3DItem*>	InvokerInterface<bool,Editor3D::E3DItem*>;NoCopy	
_NPEAVEntityAIFull::InvokerLambda<Steam::SteamStats::StatsUpdater::`340048053221360246240478904021918052450'()::`19'::<lambda_1>,const void&*,...>	.?AU?$InvokerLambda@V<lambda_1>@?BD@???R1?4??UpdateTanksDlcAchievements@StatsUpdater@SteamStats@Steam@@IEAAXXZ@QEBA@XZ@_NPEAVEntityAIFull@@AEAUTurretContext@@@@	0x1b67c20	3	InvokerInterface<bool,EntityAIFull*,TurretContext&>	InvokerInterface<bool,EntityAIFull*,TurretContext&>;NoCopy	
_SLIST_ENTRY	.?AU_SLIST_ENTRY@@					no-col
`332703162704213076587272973'()::`6'::<lambda_1>	.?AV<lambda_1>@?5???RBasicGunnerSimulation@@UEAA_NPEAVEntityAIFull@@AEAUTurretContextV@@@Z@					no-col
`anonymous namespace'::_ExceptionPtr_normal	.?AV_ExceptionPtr_normal@?A0x6e02efe5@@	0x1d412e8	4	std::_Ref_count_base	std::_Ref_count_base	
`anonymous namespace'::_ExceptionPtr_static<std::bad_alloc>	.?AV?$_ExceptionPtr_static@Vbad_alloc@std@@@?A0x6e02efe5@@	0x1d41310	4	std::_Ref_count_base	std::_Ref_count_base	
`anonymous namespace'::_ExceptionPtr_static<std::bad_exception>	.?AV?$_ExceptionPtr_static@Vbad_exception@std@@@?A0x6e02efe5@@	0x1d41338	4	std::_Ref_count_base	std::_Ref_count_base	
`anonymous namespace'::DNSRequestWithServiceInfo	.?AVDNSRequestWithServiceInfo@?A0x7ce97542@@	0x1a79ee8	3	DNSRequest	DNSRequest;BaseRefCount<1>;RefCountBaseT<1>	
`anonymous namespace'::InFlightRequest::`1'()::`2'::<lambda_1>	.?AV<lambda_1>@?1???0InFlightRequest@?A0x16987b2f@@QEAA@XZ@					no-col
`anonymous namespace'::InFlightRequest::`1'()::`2'::<lambda_2>	.?AV<lambda_2>@?1???0InFlightRequest@?A0x16987b2f@@QEAA@XZ@					no-col
`anonymous namespace'::InFlightRequestService::`1'()::`2'::<lambda_1>	.?AV<lambda_1>@?1???0InFlightRequestService@?A0x16987b2f@@QEAA@XZ@					no-col
`anonymous namespace'::InFlightRequestService::`1'()::`2'::<lambda_2>	.?AV<lambda_2>@?1???0InFlightRequestService@?A0x16987b2f@@QEAA@XZ@					no-col
AbstractAIMachine<Command,AISubgroupContext>	.?AV?$AbstractAIMachine@VCommand@@UAISubgroupContext@@@@	0x1cb2340	4			
AbstractAIMachine<Mission,AIGroupContext>	.?AV?$AbstractAIMachine@VMission@@UAIGroupContext@@@@	0x1cabe10	4			
AbstractDecoderWave	.?AVAbstractDecoderWave@@					no-col
AbstractOptionsUI	.?AVAbstractOptionsUI@@	0x1cc3b10	26			
AbstractSoundsHolder	.?AVAbstractSoundsHolder@@	0x1c42778	3	BaseRefCount<1>	BaseRefCount<1>;RefCountBaseT<1>	
AbstractSoundSystem	.?AVAbstractSoundSystem@@	0x1b5ae40	60			
AbstractSubmix	.?AVAbstractSubmix@@					no-col
AbstractTextBank	.?AVAbstractTextBank@@	0x1c711a0	43	MHInstanceTexCache	MHInstanceTexCache;MemoryFreeOnDemandHelper;IMemoryFreeOnDemand;TLinkBidir<0>;NoCopy	
AbstractUI	.?AVAbstractUI@@	0x1c7d268	120			
AbstractUI::HudCursorObject	.?AVHudCursorObject@AbstractUI@@	0x1c7d258	1			
AbstractWave	.?AVAbstractWave@@	0x1b5c1d0	65	RemoveLinks	RemoveLinks;BaseRefCount<1>;RefCountBaseT<1>;SList<BaseLink,TLink<0>>;TLink<0>	MI
Action	.?AVAction@@	0x1a898c0	10	RemoveLLinks	RemoveLLinks;BaseRefCount<1>;RefCountBaseT<1>	
ActionBasic	.?AVActionBasic@@	0x1ac4918	10	Action	Action;RemoveLLinks;BaseRefCount<1>;RefCountBaseT<1>	
ActionBasicTextParam	.?AVActionBasicTextParam@@	0x1c55058	10	ActionBasic	ActionBasic;Action;RemoveLLinks;BaseRefCount<1>;RefCountBaseT<1>	
ActionContextAllowGetOut	.?AUActionContextAllowGetOut@@	0x1b381b0	8	ActionContextBase	ActionContextBase;BaseRefCount<1>;RefCountBaseT<1>	
ActionContextAnimation	.?AVActionContextAnimation@@	0x1c01c80	8	ActionContextBase	ActionContextBase;BaseRefCount<1>;RefCountBaseT<1>	
ActionContextBase	.?AUActionContextBase@@					no-col
ActionContextCloseDoor	.?AUActionContextCloseDoor@@	0x1b38138	8	ActionContextBase	ActionContextBase;BaseRefCount<1>;RefCountBaseT<1>	
ActionContextDefault	.?AUActionContextDefault@@	0x1b35c10	8	ActionContextBase	ActionContextBase;BaseRefCount<1>;RefCountBaseT<1>	
ActionContextUIAction	.?AVActionContextUIAction@@	0x1c01cc8	8	ActionContextAnimation	ActionContextAnimation;ActionContextBase;BaseRefCount<1>;RefCountBaseT<1>	
ActionContextWeapon	.?AUActionContextWeapon@@	0x1b35c58	8	ActionContextBase	ActionContextBase;BaseRefCount<1>;RefCountBaseT<1>	
ActionIndex	.?AVActionIndex@@	0x1ba4b10	10	Action	Action;RemoveLLinks;BaseRefCount<1>;RefCountBaseT<1>	
ActionLadder	.?AVActionLadder@@	0x1b3abf0	10	Action	Action;RemoveLLinks;BaseRefCount<1>;RefCountBaseT<1>	
ActionLadderPos	.?AVActionLadderPos@@	0x1b3ac48	10	ActionLadder	ActionLadder;Action;RemoveLLinks;BaseRefCount<1>;RefCountBaseT<1>	
ActionMagazine	.?AVActionMagazine@@	0x1c7d200	10	Action	Action;RemoveLLinks;BaseRefCount<1>;RefCountBaseT<1>	
ActionMagazineAndMuzzle	.?AVActionMagazineAndMuzzle@@	0x1a89918	10	ActionMagazine	ActionMagazine;Action;RemoveLLinks;BaseRefCount<1>;RefCountBaseT<1>	
ActionMagazineType	.?AVActionMagazineType@@	0x1b35a80	11	IActionContainer	IActionContainer;Action;RemoveLLinks;BaseRefCount<1>;RefCountBaseT<1>	
ActionMap	.?AVActionMap@@	0x1b20a48	3	BaseRefCount<1>	BaseRefCount<1>;RefCountBaseT<1>	
ActionObject	.?AVActionObject@@	0x1b359c8	10	Action	Action;RemoveLLinks;BaseRefCount<1>;RefCountBaseT<1>	
ActionResponseCurveGamma	.?AUActionResponseCurveGamma@@	0x1c65e50	5	IActionResponseCurve	IActionResponseCurve;BaseRefCount<1>;RefCountBaseT<1>	
ActionResponseCurveIdentity	.?AUActionResponseCurveIdentity@@	0x1c65e20	5	IActionResponseCurve	IActionResponseCurve;BaseRefCount<1>;RefCountBaseT<1>	
ActionResponseCurveLinRamp	.?AUActionResponseCurveLinRamp@@	0x1c65e80	5	IActionResponseCurve	IActionResponseCurve;BaseRefCount<1>;RefCountBaseT<1>	
ActionResponseCurveLinRampZoom	.?AVActionResponseCurveLinRampZoom@@	0x1c65eb0	5	IActionResponseCurve	IActionResponseCurve;BaseRefCount<1>;RefCountBaseT<1>	
ActionSlotItem	.?AVActionSlotItem@@	0x1c7d0e0	11	IActionContainer;IActionMode	IActionContainer;Action;RemoveLLinks;BaseRefCount<1>;RefCountBaseT<1>;IActionMode	MI
ActionTargetChangedEvent	.?AVActionTargetChangedEvent@@	0x1c7d630	4	IPostponedEvent	IPostponedEvent;BaseRefCount<1>;RefCountBaseT<1>	
ActionTell	.?AVActionTell@@	0x1b35ae0	10	Action	Action;RemoveLLinks;BaseRefCount<1>;RefCountBaseT<1>	
ActionTurret	.?AVActionTurret@@	0x1ba4ab8	10	Action	Action;RemoveLLinks;BaseRefCount<1>;RefCountBaseT<1>	
ActionUniformSlotItem	.?AVActionUniformSlotItem@@	0x1c7d140	11	IActionContainer;IActionMode	IActionContainer;Action;RemoveLLinks;BaseRefCount<1>;RefCountBaseT<1>;IActionMode	MI
ActionWeapon	.?AVActionWeapon@@	0x1c7d1a0	11	IActionContainer	IActionContainer;Action;RemoveLLinks;BaseRefCount<1>;RefCountBaseT<1>	
ActionWeaponIndex	.?AVActionWeaponIndex@@	0x1b3ab98	10	Action	Action;RemoveLLinks;BaseRefCount<1>;RefCountBaseT<1>	
ActiveObject<DX11::VisualServant,1>	.?AV?$ActiveObject@VVisualServant@DX11@@$00@@					no-col
ActiveObject<FileServerAsync,1>	.?AV?$ActiveObject@VFileServerAsync@@$00@@	0x1a94638	2	FileServerAsync	FileServerAsync	
ActiveRadarSensorComponent	.?AVActiveRadarSensorComponent@@	0x1ac5248	17	SensorBaseComponent	SensorBaseComponent;Component;BaseRefCount<1>;RefCountBaseT<1>	
ActiveRadarSensorComponentType	.?AVActiveRadarSensorComponentType@@	0x1ac51c0	16	SensorBaseComponentType	SensorBaseComponentType;ComponentType;BaseRefCount<1>;RefCountBaseT<1>	
Activity	.?AVActivity@@	0x1aac160	7	RemoveLLinks	RemoveLLinks;BaseRefCount<1>;RefCountBaseT<1>	
ActivityAnimation	.?AVActivityAnimation@@					no-col
ActivityClassTypeInfo	.?AVActivityClassTypeInfo@@	0x1b31688	3			
ActivityClassTypeInfoFadeIn	.?AVActivityClassTypeInfoFadeIn@@	0x1c4b0c8	3	ActivityClassTypeInfo	ActivityClassTypeInfo	
ActivityClassTypeInfoGear	.?AVActivityClassTypeInfoGear@@	0x1b39568	3	ActivityClassTypeInfo	ActivityClassTypeInfo	
ActivityClassTypeInfoGetIn	.?AVActivityClassTypeInfoGetIn@@	0x1b394f8	3	ActivityClassTypeInfo	ActivityClassTypeInfo	
ActivityClassTypeInfoGetOut	.?AVActivityClassTypeInfoGetOut@@	0x1b39518	3	ActivityClassTypeInfo	ActivityClassTypeInfo	
ActivityClassTypeInfoUIAction	.?AVActivityClassTypeInfoUIAction@@	0x1b39538	3	ActivityClassTypeInfo	ActivityClassTypeInfo	
ActivityEvent	.?AVActivityEvent@@	0x1bffb80	2			
ActivityEventAnimation	.?AVActivityEventAnimation@@	0x1c01c40,0x1c01c58@16	2,4	ActivityEvent;SerializeClass	ActivityEvent;SerializeClass	MI
ActivityFadeIn	.?AVActivityFadeIn@@	0x1c510d8	11	EntityActivity	EntityActivity;Activity;RemoveLLinks;BaseRefCount<1>;RefCountBaseT<1>	
ActivityGear	.?AVActivityGear@@	0x1b39728	11	ActivityAnimation	ActivityAnimation;EntityActivity;Activity;RemoveLLinks;BaseRefCount<1>;RefCountBaseT<1>	
ActivityGetIn	.?AVActivityGetIn@@	0x1b395b0	12	ActivityAnimation	ActivityAnimation;EntityActivity;Activity;RemoveLLinks;BaseRefCount<1>;RefCountBaseT<1>	
ActivityGetOut	.?AVActivityGetOut@@	0x1b39618	11	EntityActivity	EntityActivity;Activity;RemoveLLinks;BaseRefCount<1>;RefCountBaseT<1>	
ActivityState<ActivityGear>	.?AU?$ActivityState@VActivityGear@@@@	0x1b39700	4	SerializeClass	SerializeClass	
ActivityState<ActivityGetIn>	.?AU?$ActivityState@VActivityGetIn@@@@	0x1b39588	4	SerializeClass	SerializeClass	
ActivityState<ActivityUIAction>	.?AU?$ActivityState@VActivityUIAction@@@@	0x1b39678	4	SerializeClass	SerializeClass	
ActivityUIAction	.?AVActivityUIAction@@	0x1b396a0	11	ActivityAnimation	ActivityAnimation;EntityActivity;Activity;RemoveLLinks;BaseRefCount<1>;RefCountBaseT<1>	
ActorHolder	.?AVActorHolder@@	0x1b44090	15	RemoveLLinks	RemoveLLinks;BaseRefCount<1>;RefCountBaseT<1>	
ActorHolderPhysx3	.?AVActorHolderPhysx3@@	0x1b44150	15	ActorHolder	ActorHolder;RemoveLLinks;BaseRefCount<1>;RefCountBaseT<1>	
AdaptivePositionProvider	.?AUAdaptivePositionProvider@@	0x1a8b998	3	IPositionProvider	IPositionProvider	
AddAllTurretsPaths	.?AUAddAllTurretsPaths@@	0x1acec00	2	ITurretFunc	ITurretFunc	
AddCrewCuratorLogicFunc	.?AVAddCrewCuratorLogicFunc@@	0x1b2f1c8	2	ICrewFunc	ICrewFunc	
AddFreeTurrets<MemAllocLocal<PositionInVehicle,16,int,MemAllocD>>	.?AV?$AddFreeTurrets@V?$MemAllocLocal@UPositionInVehicle@@$0BA@HVMemAllocD@@@@@@	0x1c7f4f8	2	ITurretFunc	ITurretFunc	
AdditionalSensorsComponent	.?AVAdditionalSensorsComponent@@	0x1ac4840	22	PylonComponent	PylonComponent;Component;BaseRefCount<1>;RefCountBaseT<1>	
AdditionalSensorsComponentType	.?AVAdditionalSensorsComponentType@@	0x1ac47b0,0x1ac4818@40	12,4	PylonComponentType;ComponentHolderType<SensorBaseComponentType>	PylonComponentType;ComponentType;BaseRefCount<1>;RefCountBaseT<1>;ComponentHolderType<SensorBaseComponentType>	MI
AddTurretRoles	.?AVAddTurretRoles@@	0x1b24cb8	2	ITurretTypeFunc	ITurretTypeFunc	
AddTurretUnits	.?AVAddTurretUnits@@	0x1caba60	2	ITurretFunc	ITurretFunc	
AddVehCrewFunc<RefArray<NetworkObject,MemAllocD>>	.?AV?$AddVehCrewFunc@V?$RefArray@VNetworkObject@@VMemAllocD@@@@@@	0x1cb70f8	2	ICrewFunc	ICrewFunc	
AggListCache	.?AVAggListCache@@	0x1c5db58,0x1c5dbb8@152	11,3	CacheContainer<ObjectListAgg,CacheTraits<ObjectListAgg>>;BaseRefCount<1>	CacheContainer<ObjectListAgg,CacheTraits<ObjectListAgg>>;MemoryFreeOnDemandHelper;IMemoryFreeOnDemand;TLinkBidir<0>;NoCopy;BaseRefCount<1>;RefCountBaseT<1>	MI
AI	.?AVAI@@	0x1cab090,0x1cab170@24	27,4	NetworkObject	NetworkObject;RemoveSoftLinks<SoftLinkIdTraits<ObjectId,ObjectIdAutoDestroy>>;BaseRefCount<1>;RefCountBaseT<1>;NetworkSimpleObject	MI
AIAgent	.?AVAIAgent@@	0x1cb3c38,0x1cb3e40@24,0x1cb3e68@64,0x1cb3ea8@54632,0x1cb3f28@54776	64,4,7,15,4	AIBrain;AITeamMember;SideInfo;CountInstances<AIAgent>	AIBrain;AI;NetworkObject;RemoveSoftLinks<SoftLinkIdTraits<ObjectId,ObjectIdAutoDestroy>>;BaseRefCount<1>;RefCountBaseT<1>;NetworkSimpleObject;ComponentHolder<AIBrain,Component>;AITeamMember;CountInstances<AITeamMember>;SideInfo;CountInstances<AIAgent>	MI
AIBaseSteeringComponent	.?AVAIBaseSteeringComponent@@	0x1ac3f10	31	Component	Component;BaseRefCount<1>;RefCountBaseT<1>	
AIBrain	.?AVAIBrain@@	0x1cb3930,0x1cb3b30@24,0x1cb3b58@64	63,4,7	AI;ComponentHolder<AIBrain,Component>	AI;NetworkObject;RemoveSoftLinks<SoftLinkIdTraits<ObjectId,ObjectIdAutoDestroy>>;BaseRefCount<1>;RefCountBaseT<1>;NetworkSimpleObject;ComponentHolder<AIBrain,Component>	MI
AIBrainAimingErrorComponent	.?AVAIBrainAimingErrorComponent@@	0x1b1eb20	17	AIBrainComponent	AIBrainComponent;Component;BaseRefCount<1>;RefCountBaseT<1>	
AIBrainAimingErrorComponentType	.?AVAIBrainAimingErrorComponentType@@	0x1b1ea30	7	ComponentType	ComponentType;BaseRefCount<1>;RefCountBaseT<1>	
AIBrainComponent	.?AVAIBrainComponent@@	0x1b1ea90	17	Component	Component;BaseRefCount<1>;RefCountBaseT<1>	
AIBrainCountermeasuresComponent	.?AVAIBrainCountermeasuresComponent@@	0x1b1eda8	17	AIBrainComponent	AIBrainComponent;Component;BaseRefCount<1>;RefCountBaseT<1>	
AIBrainCountermeasuresComponentType	.?AVAIBrainCountermeasuresComponentType@@	0x1b1ed48	7	ComponentType	ComponentType;BaseRefCount<1>;RefCountBaseT<1>	
AIBrainFSMScripted	.?AVAIBrainFSMScripted@@	0x1cb4390	27	FSMScriptedTyped<Person>	FSMScriptedTyped<Person>;FSMScripted;FSM;SerializeClass	
AIBrainSuppressionComponent	.?AVAIBrainSuppressionComponent@@	0x1b1efa8	17	AIBrainComponent	AIBrainComponent;Component;BaseRefCount<1>;RefCountBaseT<1>	
AIBrainSuppressionComponentType	.?AVAIBrainSuppressionComponentType@@	0x1b1ef48	7	ComponentType	ComponentType;BaseRefCount<1>;RefCountBaseT<1>	
AIBrainTargetSelectorComponent	.?AVAIBrainTargetSelectorComponent@@	0x1b1f128	17	AIBrainComponent	AIBrainComponent;Component;BaseRefCount<1>;RefCountBaseT<1>	
AIBrainTargetSelectorComponentType	.?AVAIBrainTargetSelectorComponentType@@	0x1b1f0c8	7	ComponentType	ComponentType;BaseRefCount<1>;RefCountBaseT<1>	
AIBrainType	.?AVAIBrainType@@	0x1b1e9c8,0x1b1e9e8@16	3,4	BaseRefCount<1>;ComponentHolderType<ComponentType>;LinkBidirWithFrameStoreT<FrameStoreTraits>	BaseRefCount<1>;RefCountBaseT<1>;ComponentHolderType<ComponentType>;LinkBidirWithFrameStoreT<FrameStoreTraits>;TLinkBidir<2>;NoCopy	MI
AIBrainTypeBank	.?AVAIBrainTypeBank@@	0x1b1e948	10	BankArrayCached<AIBrainType,AIBrainTypeBankTraits,AIBrainTypeBankTraitsExt>	BankArrayCached<AIBrainType,AIBrainTypeBankTraits,AIBrainTypeBankTraitsExt>;BankArray<AIBrainType,AIBrainTypeBankTraits,AIBrainTypeBankTraitsExt>;MapStringToClass<Ref<AIBrainType>,AutoArray<Ref<AIBrainType>,MemAllocD>,AIBrainTypeBankTraits::AIBrainTypeMapHashTraits,MemAllocD>;MemAllocD;AIBrainTypeBankTraitsExt;MemoryFreeOnDemandHelper;IMemoryFreeOnDemand;TLinkBidir<0>;NoCopy	MI
AIBrainTypeBankTraitsExt	.?AUAIBrainTypeBankTraitsExt@@					no-col
AICarSteeringComponent	.?AVAICarSteeringComponent@@	0x1ac41f0	33	AIBaseSteeringComponent	AIBaseSteeringComponent;Component;BaseRefCount<1>;RefCountBaseT<1>	
AICarSteeringComponentType	.?AVAICarSteeringComponentType@@	0x1ac41b0	7	ComponentType	ComponentType;BaseRefCount<1>;RefCountBaseT<1>	
AICenter	.?AVAICenter@@	0x1cab1d8,0x1cab2b8@24,0x1cab2e0@64	27,4,4	AI;SideInfo	AI;NetworkObject;RemoveSoftLinks<SoftLinkIdTraits<ObjectId,ObjectIdAutoDestroy>>;BaseRefCount<1>;RefCountBaseT<1>;NetworkSimpleObject;SideInfo	MI
AIGroup	.?AVAIGroup@@	0x1cabe60,0x1cabf40@24,0x1cabf68@64	27,4,4	AI;AbstractAIMachine<Mission,AIGroupContext>;NoCopy	AI;NetworkObject;RemoveSoftLinks<SoftLinkIdTraits<ObjectId,ObjectIdAutoDestroy>>;BaseRefCount<1>;RefCountBaseT<1>;NetworkSimpleObject;AbstractAIMachine<Mission,AIGroupContext>;NoCopy	MI
AIGroup::UnassignVehicle()::`2'::UnassignAll	.?AUUnassignAll@?1??UnassignVehicle@AIGroup@@QEAAXPEAVTransport@@@Z@	0x1cad0b0	2	ITurretFunc	ITurretFunc	
AIHCGroup	.?AVAIHCGroup@@	0x1a7e0b8	3	RemoveLinks	RemoveLinks;BaseRefCount<1>;RefCountBaseT<1>;SList<BaseLink,TLink<0>>;TLink<0>	MI
AILocker	.?AVAILocker@@	0x1cb3240	3	BaseRefCount<1>	BaseRefCount<1>;RefCountBaseT<1>	
AIMap	.?AVAIMap@@	0x1cab580	2	Job	Job	
AIMovementType	.?AVAIMovementType@@	0x1a7ac28	3			
AIPathPlanner	.?AVAIPathPlanner@@	0x1cb5c88	19	IAIPathPlanner	IAIPathPlanner;SerializeClass	
Airplane	.?AVAirplane@@	0x1bbad78,0x1bbcb90@24,0x1bbcbb8@48,0x1bbcc78@1464,0x1bbcc98@1472,0x1bbccb0@2152	962,4,23,3,2,7	PlaneOrHeli	PlaneOrHeli;Transport;EntityAIFull;EntityAI;Entity;ObjectTyped;Object;NetworkObject;RemoveSoftLinks<SoftLinkIdTraits<ObjectId,ObjectIdAutoDestroy>>;BaseRefCount<1>;RefCountBaseT<1>;NetworkSimpleObject;CountInstances<Object>;EPEItem;TLinkBidir<1>;NoCopy;Animated;JoinedObject;IHasParentContainer;ComponentHolder<EntityAIFull,Component>	MI
AirplaneAuto	.?AVAirplaneAuto@@	0x1bbccf0,0x1bbeb10@24,0x1bbeb38@48,0x1bbebf8@1464,0x1bbec18@1472,0x1bbec30@2152	963,4,23,3,2,7	Airplane	Airplane;PlaneOrHeli;Transport;EntityAIFull;EntityAI;Entity;ObjectTyped;Object;NetworkObject;RemoveSoftLinks<SoftLinkIdTraits<ObjectId,ObjectIdAutoDestroy>>;BaseRefCount<1>;RefCountBaseT<1>;NetworkSimpleObject;CountInstances<Object>;EPEItem;TLinkBidir<1>;NoCopy;Animated;JoinedObject;IHasParentContainer;ComponentHolder<EntityAIFull,Component>	MI
AirplaneAutoEPE	.?AVAirplaneAutoEPE@@	0x1b289d0,0x1b2a7f0@24,0x1b2a818@48,0x1b2a8d8@1464,0x1b2a8f8@1472,0x1b2a910@2152	963,4,23,3,2,7	AirplaneAuto	AirplaneAuto;Airplane;PlaneOrHeli;Transport;EntityAIFull;EntityAI;Entity;ObjectTyped;Object;NetworkObject;RemoveSoftLinks<SoftLinkIdTraits<ObjectId,ObjectIdAutoDestroy>>;BaseRefCount<1>;RefCountBaseT<1>;NetworkSimpleObject;CountInstances<Object>;EPEItem;TLinkBidir<1>;NoCopy;Animated;JoinedObject;IHasParentContainer;ComponentHolder<EntityAIFull,Component>	MI
AirplaneEPEType	.?AVAirplaneEPEType@@	0x1b28698,0x1b28958@24,0x1b28990@32,0x1b289a8@752	87,6,2,4	AirplaneType	AirplaneType;TransportType;EntityAIType;EntityType;RemoveLLinks;BaseRefCount<1>;RefCountBaseT<1>;LODShapeLoadHandler;AnimatedType;LinkBidirWithFrameStoreT<FrameStoreTraits>;TLinkBidir<2>;NoCopy;ComponentHolderType<ComponentType>	MI
AirplaneType	.?AVAirplaneType@@	0x1bbaa40,0x1bbad00@24,0x1bbad38@32,0x1bbad50@752	87,6,2,4	TransportType	TransportType;EntityAIType;EntityType;RemoveLLinks;BaseRefCount<1>;RefCountBaseT<1>;LODShapeLoadHandler;AnimatedType;LinkBidirWithFrameStoreT<FrameStoreTraits>;TLinkBidir<2>;NoCopy;ComponentHolderType<ComponentType>	MI
AirplaneVisualState	.?AVAirplaneVisualState@@	0x1b285a0,0x1b28668@64	24,3	TransportVisualState	TransportVisualState;EntityVisualState;ObjectVisualState;FrameBase;Frame;Matrix4P;BaseRefCount<1>;RefCountBaseT<1>	MI
AirportId	.?AVAirportId@@	0x1ac0b78	4	SerializeClass	SerializeClass	
AirportObject	.?AVAirportObject@@	0x1abf618,0x1ac0a38@24,0x1ac0a60@48,0x1ac0b20@1464,0x1ac0b40@1472,0x1ac0b58@2152	643,4,23,3,2,3	Building	Building;EntityAI;Entity;ObjectTyped;Object;NetworkObject;RemoveSoftLinks<SoftLinkIdTraits<ObjectId,ObjectIdAutoDestroy>>;BaseRefCount<1>;RefCountBaseT<1>;NetworkSimpleObject;CountInstances<Object>;EPEItem;TLinkBidir<1>;NoCopy;Animated;JoinedObject;IHasParentContainer;IPaths	MI
AirportObjectType	.?AVAirportObjectType@@	0x1abf318,0x1abf5a0@24,0x1abf5d8@32,0x1abf5f0@752	80,6,2,4	BuildingType	BuildingType;EntityAIType;EntityType;RemoveLLinks;BaseRefCount<1>;RefCountBaseT<1>;LODShapeLoadHandler;AnimatedType;LinkBidirWithFrameStoreT<FrameStoreTraits>;TLinkBidir<2>;NoCopy;ComponentHolderType<ComponentType>	MI
AIStats	.?AVAIStats@@	0x1ac1500	4	SerializeClass	SerializeClass	
AIStatsCampaign	.?AVAIStatsCampaign@@	0x1ac14d8	4	SerializeClass	SerializeClass	
AIStatsMission	.?AVAIStatsMission@@	0x1ac1488	4	SerializeClass	SerializeClass	
AIStatsMPRow	.?AVAIStatsMPRow@@	0x1ac1358,0x1ac1438@24,0x1ac1460@48	27,4,4	NetworkObject;SerializeClass	NetworkObject;RemoveSoftLinks<SoftLinkIdTraits<ObjectId,ObjectIdAutoDestroy>>;BaseRefCount<1>;RefCountBaseT<1>;NetworkSimpleObject;SerializeClass	MI
AISubgroup	.?AVAISubgroup@@	0x1cb2368,0x1cb2448@24,0x1cb2470@64	27,4,4	AI;AbstractAIMachine<Command,AISubgroupContext>	AI;NetworkObject;RemoveSoftLinks<SoftLinkIdTraits<ObjectId,ObjectIdAutoDestroy>>;BaseRefCount<1>;RefCountBaseT<1>;NetworkSimpleObject;AbstractAIMachine<Command,AISubgroupContext>	MI
AISubgroupFSM	.?AVAISubgroupFSM@@	0x1cb2c30	26	FSMTyped<AISubgroupContext>	FSMTyped<AISubgroupContext>;FSMCoded;FSM;SerializeClass	
AISubgroupFSMScripted	.?AVAISubgroupFSMScripted@@	0x1cb2de8	27	FSMScriptedTyped<AISubgroupContext>	FSMScriptedTyped<AISubgroupContext>;FSMScripted;FSM;SerializeClass	
AITankSteeringComponent	.?AVAITankSteeringComponent@@	0x1ac4630	34	AICarSteeringComponent	AICarSteeringComponent;AIBaseSteeringComponent;Component;BaseRefCount<1>;RefCountBaseT<1>	
AITankSteeringComponentType	.?AVAITankSteeringComponentType@@	0x1ac45f0	7	AICarSteeringComponentType	AICarSteeringComponentType;ComponentType;BaseRefCount<1>;RefCountBaseT<1>	
AITargetInfo	.?AVAITargetInfo@@	0x1cab198	3	BaseRefCount<1>	BaseRefCount<1>;RefCountBaseT<1>	
AITask	.?AVAITask@@	0x1cb3bb8	15	Task;CountInstances<AITask>	Task;RemoveLLinks;BaseRefCount<1>;RefCountBaseT<1>;CountInstances<AITask>	MI
AITaskType	.?AVAITaskType@@	0x1cb3b98	3	BaseRefCount<1>;CountInstances<AITaskType>	BaseRefCount<1>;RefCountBaseT<1>;CountInstances<AITaskType>	MI
AITeam	.?AVAITeam@@	0x1a7dcc0,0x1a7dda0@24,0x1a7ddc8@48	27,4,15	NetworkObject;AITeamMember;CountInstances<AITeam>	NetworkObject;RemoveSoftLinks<SoftLinkIdTraits<ObjectId,ObjectIdAutoDestroy>>;BaseRefCount<1>;RefCountBaseT<1>;NetworkSimpleObject;AITeamMember;CountInstances<AITeamMember>;CountInstances<AITeam>	MI
AITeamMember	.?AVAITeamMember@@	0x1a7d7e0	15	CountInstances<AITeamMember>	CountInstances<AITeamMember>	
AITeamMemberFSMScripted	.?AVAITeamMemberFSMScripted@@	0x1beceb8	27	FSMScriptedTyped<AITeamMemberContext>	FSMScriptedTyped<AITeamMemberContext>;FSMScripted;FSM;SerializeClass	
AIUnit	.?AVAIUnit@@	0x1cb40c8,0x1cb42d0@24,0x1cb42f8@64	64,4,7	AIBrain;NoCopy	AIBrain;AI;NetworkObject;RemoveSoftLinks<SoftLinkIdTraits<ObjectId,ObjectIdAutoDestroy>>;BaseRefCount<1>;RefCountBaseT<1>;NetworkSimpleObject;ComponentHolder<AIBrain,Component>;NoCopy	MI
AIUnit::ForEachFormationCallback	.?AUForEachFormationCallback@AIUnit@@					no-col
AIUnit::FSMFormationCanLeaveCover()::`2'::CheckBehind	.?AUCheckBehind@?1??FSMFormationCanLeaveCover@AIUnit@@QEBAMPEBVFSMEntity@@PEBMH@Z@	0x1cb4ef8	1	AIUnit::ForEachFormationCallback	AIUnit::ForEachFormationCallback	
AIUnitHeader	.?AUAIUnitHeader@@	0x1ac14b0	4	SerializeClass	SerializeClass	
AIUnitInfo	.?AUAIUnitInfo@@	0x1bffb98	4	SerializeClass	SerializeClass	
AIWalkComponent	.?AVAIWalkComponent@@	0x1ba9398	7	RunningSimulation	RunningSimulation;VisualComponent	
AllPylonsFunc	.?AVAllPylonsFunc@@	0x1acd8b0	2	IPylonFunc	IPylonFunc	
AmbLifeArea	.?AVAmbLifeArea@@	0x1c7aa20,0x1c7aa80@8	11,3	IAmbLifeArea;BaseRefCount<1>	IAmbLifeArea;BaseRefCount<1>;RefCountBaseT<1>	MI
AmbLifeInfo	.?AVAmbLifeInfo@@	0x1c7aa00	3	BaseRefCount<1>	BaseRefCount<1>;RefCountBaseT<1>	
AmbLifeManager	.?AVAmbLifeManager@@	0x1c7aaa0	9	IAmbLifeManager	IAmbLifeManager	
AmmoCostFunc	.?AVAmmoCostFunc@@	0x1c529a8	2	ITurretFunc	ITurretFunc	
AmmoEventVoidCall	.?AVAmmoEventVoidCall@@	0x1c0f940	4	IPostponedEvent	IPostponedEvent;BaseRefCount<1>;RefCountBaseT<1>	
AmmoExplodedNear	.?AVAmmoExplodedNear@@	0x1c1a2c0	4	IPostponedEvent	IPostponedEvent;BaseRefCount<1>;RefCountBaseT<1>	
AmmoHitFunc	.?AVAmmoHitFunc@@	0x1c529c0	2	ITurretFunc	ITurretFunc	
AmmoType	.?AVAmmoType@@	0x1c739d8,0x1c73b20@24,0x1c73b58@32,0x1c73b70@752	40,6,2,4	EntityType;ComponentHolderType<ComponentType>	EntityType;RemoveLLinks;BaseRefCount<1>;RefCountBaseT<1>;LODShapeLoadHandler;AnimatedType;LinkBidirWithFrameStoreT<FrameStoreTraits>;TLinkBidir<2>;NoCopy;ComponentHolderType<ComponentType>	MI
Animal	.?AVAnimal@@	0x1bbfd10,0x1bc1b78@24,0x1bc1ba0@48,0x1bc1c60@1464,0x1bc1c80@1472,0x1bc1c98@2152	972,4,23,3,2,7	Person	Person;EntityAIFull;EntityAI;Entity;ObjectTyped;Object;NetworkObject;RemoveSoftLinks<SoftLinkIdTraits<ObjectId,ObjectIdAutoDestroy>>;BaseRefCount<1>;RefCountBaseT<1>;NetworkSimpleObject;CountInstances<Object>;EPEItem;TLinkBidir<1>;NoCopy;Animated;JoinedObject;IHasParentContainer;ComponentHolder<EntityAIFull,Component>;CountInstances<Person>	MI
AnimalSoldier	.?AVAnimalSoldier@@	0x1bc1cd8,0x1bc3b40@24,0x1bc3b68@48,0x1bc3c28@1464,0x1bc3c48@1472,0x1bc3c60@2152	972,4,23,3,2,7	Animal	Animal;Person;EntityAIFull;EntityAI;Entity;ObjectTyped;Object;NetworkObject;RemoveSoftLinks<SoftLinkIdTraits<ObjectId,ObjectIdAutoDestroy>>;BaseRefCount<1>;RefCountBaseT<1>;NetworkSimpleObject;CountInstances<Object>;EPEItem;TLinkBidir<1>;NoCopy;Animated;JoinedObject;IHasParentContainer;ComponentHolder<EntityAIFull,Component>;CountInstances<Person>	MI
AnimalType	.?AVAnimalType@@	0x1bbfa08,0x1bbfc98@24,0x1bbfcd0@32,0x1bbfce8@752	81,6,2,4	PersonType	PersonType;EntityAIType;EntityType;RemoveLLinks;BaseRefCount<1>;RefCountBaseT<1>;LODShapeLoadHandler;AnimatedType;LinkBidirWithFrameStoreT<FrameStoreTraits>;TLinkBidir<2>;NoCopy;ComponentHolderType<ComponentType>	MI
AnimalVisualState	.?AVAnimalVisualState@@	0x1bbf930,0x1bbf9e8@64	22,3	PersonVisualState	PersonVisualState;EntityVisualState;ObjectVisualState;FrameBase;Frame;Matrix4P;BaseRefCount<1>;RefCountBaseT<1>	MI
Animated	.?AVAnimated@@					no-col
AnimatedMemberFuncVisualState	.?AVAnimatedMemberFuncVisualState@@	0x1ac5e68	2			
AnimatedTexture	.?AVAnimatedTexture@@	0x1c71300	3	RefArray<Texture,MemAllocD>;BaseRefCount<1>	RefArray<Texture,MemAllocD>;FindArrayKey<Ref<Texture>,RefArrayKeyTraits<Texture>,MemAllocD>;AutoArray<Ref<Texture>,MemAllocD>;Array<Ref<Texture>>;MemAllocD;BaseRefCount<1>;RefCountBaseT<1>	MI
AnimatedType	.?AVAnimatedType@@	0x1c1ab60	2			
Animation	.?AVAnimation@@	0x1ca2040	6	AnimationBase	AnimationBase	
AnimationBase	.?AVAnimationBase@@	0x1ca2010	5			
AnimationDef	.?AUAnimationDef@@					no-col
AnimationGenericType	.?AVAnimationGenericType@@	0x1ca27b8	16	AnimationType	AnimationType;BaseRefCount<1>;RefCountBaseT<1>	
AnimationHideType	.?AVAnimationHideType@@	0x1ca2888	16	AnimationType	AnimationType;BaseRefCount<1>;RefCountBaseT<1>	
AnimationHolder	.?AVAnimationHolder@@	0x1ca1f30	11	LODShapeLoadHandler	LODShapeLoadHandler	
AnimationInvidualWheel	.?AVAnimationInvidualWheel@@	0x1c446f8	13	AnimationSourceDamperEPE	AnimationSourceDamperEPE;AnimationSource;BaseRefCount<1>;RefCountBaseT<1>	
AnimationInvidualWheelSmooth	.?AVAnimationInvidualWheelSmooth@@	0x1cdd690	13	AnimationSourceDamperEPE	AnimationSourceDamperEPE;AnimationSource;BaseRefCount<1>;RefCountBaseT<1>	
AnimationMask	.?AVAnimationMask@@	0x1b2aaf0	3	RemoveLinks;StaticArrayAuto<BoneMask>	RemoveLinks;BaseRefCount<1>;RefCountBaseT<1>;SList<BaseLink,TLink<0>>;TLink<0>;StaticArrayAuto<BoneMask>;AutoArray<BoneMask,MemAllocSA>;Array<BoneMask>;MemAllocSA;MemAllocD	MI
AnimationRotateUVType	.?AVAnimationRotateUVType@@	0x1bc40c0	16	AnimationType	AnimationType;BaseRefCount<1>;RefCountBaseT<1>	
AnimationRotation	.?AVAnimationRotation@@	0x1ca2078	6	AnimationBase	AnimationBase	
AnimationRotationAxisAlignedAxisDef	.?AUAnimationRotationAxisAlignedAxisDef@@	0x1ca2568	3	AnimationRotationDef	AnimationRotationDef;AnimationDef	
AnimationRotationAxisAlignedBaseType	.?AVAnimationRotationAxisAlignedBaseType@@					no-col
AnimationRotationAxisAlignedType<&AnimationRotation::GetRotationX>	.?AV?$AnimationRotationAxisAlignedType@$1?GetRotationX@AnimationRotation@@QEBAXAEAVMatrix4P@@MH@Z$00@@					no-col
AnimationRotationAxisAlignedType<&AnimationRotation::GetRotationY>	.?AV?$AnimationRotationAxisAlignedType@$1?GetRotationY@AnimationRotation@@QEBAXAEAVMatrix4P@@MH@Z$01@@					no-col
AnimationRotationAxisAlignedType<&AnimationRotation::GetRotationZ>	.?AV?$AnimationRotationAxisAlignedType@$1?GetRotationZ@AnimationRotation@@QEBAXAEAVMatrix4P@@MH@Z$02@@					no-col
AnimationRotationAxisDef	.?AUAnimationRotationAxisDef@@	0x1ca2548	3	AnimationRotationDef	AnimationRotationDef;AnimationDef	
AnimationRotationDef	.?AUAnimationRotationDef@@	0x1ca1fd0	3	AnimationDef	AnimationDef	
AnimationRotationOrientedAxisDef	.?AUAnimationRotationOrientedAxisDef@@	0x1ca2588	3	AnimationRotationDef	AnimationRotationDef;AnimationDef	
AnimationRotationType	.?AVAnimationRotationType@@	0x1ca20e8	16	AnimationType	AnimationType;BaseRefCount<1>;RefCountBaseT<1>	
AnimationRotationXType	.?AVAnimationRotationXType@@	0x1ca2170	16	AnimationRotationAxisAlignedType<&AnimationRotation::GetRotationX>	AnimationRotationAxisAlignedType<&AnimationRotation::GetRotationX>;AnimationRotationAxisAlignedBaseType;AnimationRotationType;AnimationType;BaseRefCount<1>;RefCountBaseT<1>	
AnimationRotationYType	.?AVAnimationRotationYType@@	0x1ca21f8	16	AnimationRotationAxisAlignedType<&AnimationRotation::GetRotationY>	AnimationRotationAxisAlignedType<&AnimationRotation::GetRotationY>;AnimationRotationAxisAlignedBaseType;AnimationRotationType;AnimationType;BaseRefCount<1>;RefCountBaseT<1>	
AnimationRotationZType	.?AVAnimationRotationZType@@	0x1ca2280	16	AnimationRotationAxisAlignedType<&AnimationRotation::GetRotationZ>	AnimationRotationAxisAlignedType<&AnimationRotation::GetRotationZ>;AnimationRotationAxisAlignedBaseType;AnimationRotationType;AnimationType;BaseRefCount<1>;RefCountBaseT<1>	
AnimationRT	.?AVAnimationRT@@	0x1ca70e8	3	RemoveLinks;TLinkBidir<0>;AnimationRTLoadRequested	RemoveLinks;BaseRefCount<1>;RefCountBaseT<1>;SList<BaseLink,TLink<0>>;TLink<0>;TLinkBidir<0>;NoCopy;AnimationRTLoadRequested;_SLIST_ENTRY	MI
AnimationRTBuffer	.?AUAnimationRTBuffer@@					no-col
AnimationRTBufferCopyOnWrite::AnimationRTBufferWithRef	.?AVAnimationRTBufferWithRef@AnimationRTBufferCopyOnWrite@@	0x1b20dc8	3	AnimationRTBuffer;BaseRefCount<1>	AnimationRTBuffer;BaseRefCount<1>;RefCountBaseT<1>	MI
AnimationRTCache	.?AVAnimationRTCache@@	0x1ca74a0	10	MemoryFreeOnDemandHelper	MemoryFreeOnDemandHelper;IMemoryFreeOnDemand;TLinkBidir<0>;NoCopy	
AnimationRTIKParam	.?AVAnimationRTIKParam@@	0x1b35ce8	3	IKAnimationParam	IKAnimationParam	
AnimationRTIKParamPilot	.?AVAnimationRTIKParamPilot@@	0x1b35d08	3	IKAnimationParam	IKAnimationParam	
AnimationRTLoadRequested	.?AVAnimationRTLoadRequested@@					no-col
AnimationRTPhase	.?AVAnimationRTPhase@@	0x1ca7088	3	BaseRefCount<1>	BaseRefCount<1>;RefCountBaseT<1>	
AnimationScaleUVType	.?AVAnimationScaleUVType@@	0x1bc4038	16	AnimationType	AnimationType;BaseRefCount<1>;RefCountBaseT<1>	
AnimationSource	.?AVAnimationSource@@	0x1ac5df8	13	BaseRefCount<1>	BaseRefCount<1>;RefCountBaseT<1>	
AnimationSourceAmmo	.?AVAnimationSourceAmmo@@	0x1c4fa70	13	AnimationSourceWeapon	AnimationSourceWeapon;AnimationSource;BaseRefCount<1>;RefCountBaseT<1>	
AnimationSourceAmmoRandom	.?AVAnimationSourceAmmoRandom@@	0x1c4fae0	13	AnimationSourceWeapon	AnimationSourceWeapon;AnimationSource;BaseRefCount<1>;RefCountBaseT<1>	
AnimationSourceClockHour	.?AVAnimationSourceClockHour@@	0x1bc4308	13	AnimationSource	AnimationSource;BaseRefCount<1>;RefCountBaseT<1>	
AnimationSourceClockHour24	.?AVAnimationSourceClockHour24@@	0x1bc4378	13	AnimationSource	AnimationSource;BaseRefCount<1>;RefCountBaseT<1>	
AnimationSourceClockMinute	.?AVAnimationSourceClockMinute@@	0x1bc43e8	13	AnimationSource	AnimationSource;BaseRefCount<1>;RefCountBaseT<1>	
AnimationSourceClockSecond	.?AVAnimationSourceClockSecond@@	0x1bc4458	13	AnimationSource	AnimationSource;BaseRefCount<1>;RefCountBaseT<1>	
AnimationSourceDamper	.?AVAnimationSourceDamper@@	0x1cdd5b0	13	AnimationSource	AnimationSource;BaseRefCount<1>;RefCountBaseT<1>	
AnimationSourceDamperCWDEPE	.?AVAnimationSourceDamperCWDEPE@@	0x1cdd700	13	AnimationSource	AnimationSource;BaseRefCount<1>;RefCountBaseT<1>	
AnimationSourceDamperEPE	.?AVAnimationSourceDamperEPE@@	0x1cdd620	13	AnimationSource	AnimationSource;BaseRefCount<1>;RefCountBaseT<1>	
AnimationSourceDirect	.?AVAnimationSourceDirect@@	0x1c21760	13	AnimationSourceUserBase	AnimationSourceUserBase;AnimationSource;BaseRefCount<1>;RefCountBaseT<1>	
AnimationSourceDoor	.?AVAnimationSourceDoor@@	0x1c41e38	13	AnimationSource	AnimationSource;BaseRefCount<1>;RefCountBaseT<1>	
AnimationSourceHit	.?AVAnimationSourceHit@@	0x1c217d0	13	AnimationSource	AnimationSource;BaseRefCount<1>;RefCountBaseT<1>	
AnimationSourceIsPip	.?AVAnimationSourceIsPip@@	0x1bc44c8	13	AnimationSource	AnimationSource;BaseRefCount<1>;RefCountBaseT<1>	
AnimationSourceMarkerLight	.?AVAnimationSourceMarkerLight@@	0x1c4fcb0	13	AnimationSource	AnimationSource;BaseRefCount<1>;RefCountBaseT<1>	
AnimationSourceMemberFuncVisualStateSmooth	.?AVAnimationSourceMemberFuncVisualStateSmooth@@	0x1bc4148	13	AnimationSource	AnimationSource;BaseRefCount<1>;RefCountBaseT<1>	
AnimationSourceNVGMarkerLight	.?AVAnimationSourceNVGMarkerLight@@	0x1c4fd20	13	AnimationSource	AnimationSource;BaseRefCount<1>;RefCountBaseT<1>	
AnimationSourceObjRandom	.?AVAnimationSourceObjRandom@@	0x1bc4298	13	AnimationSource	AnimationSource;BaseRefCount<1>;RefCountBaseT<1>	
AnimationSourceReload	.?AVAnimationSourceReload@@	0x1c4f920	13	AnimationSourceWeapon	AnimationSourceWeapon;AnimationSource;BaseRefCount<1>;RefCountBaseT<1>	
AnimationSourceReloadMagazine	.?AVAnimationSourceReloadMagazine@@	0x1c4fb50	13	AnimationSourceWeapon	AnimationSourceWeapon;AnimationSource;BaseRefCount<1>;RefCountBaseT<1>	
AnimationSourceRevolving	.?AVAnimationSourceRevolving@@	0x1c4f990	13	AnimationSourceWeapon	AnimationSourceWeapon;AnimationSource;BaseRefCount<1>;RefCountBaseT<1>	
AnimationSourceTankDamper	.?AVAnimationSourceTankDamper@@	0x1c2fb90	13	AnimationSource	AnimationSource;BaseRefCount<1>;RefCountBaseT<1>	
AnimationSourceTime	.?AVAnimationSourceTime@@	0x1bc41b8	13	AnimationSource	AnimationSource;BaseRefCount<1>;RefCountBaseT<1>	
AnimationSourceTimeRndOffset	.?AVAnimationSourceTimeRndOffset@@	0x1bc4228	13	AnimationSource	AnimationSource;BaseRefCount<1>;RefCountBaseT<1>	
AnimationSourceTurretBody	.?AVAnimationSourceTurretBody@@	0x1c41ea8	13	AnimationSource	AnimationSource;BaseRefCount<1>;RefCountBaseT<1>	
AnimationSourceTurretCamElev	.?AVAnimationSourceTurretCamElev@@	0x1c41ff8	13	AnimationSource	AnimationSource;BaseRefCount<1>;RefCountBaseT<1>	
AnimationSourceTurretElevation	.?AVAnimationSourceTurretElevation@@	0x1c42068	13	AnimationSource	AnimationSource;BaseRefCount<1>;RefCountBaseT<1>	
AnimationSourceTurretGun	.?AVAnimationSourceTurretGun@@	0x1c41f18	13	AnimationSource	AnimationSource;BaseRefCount<1>;RefCountBaseT<1>	
AnimationSourceTurretHatch	.?AVAnimationSourceTurretHatch@@	0x1c41f88	13	AnimationSource	AnimationSource;BaseRefCount<1>;RefCountBaseT<1>	
AnimationSourceTurretStickX	.?AVAnimationSourceTurretStickX@@	0x1c420d8	13	AnimationSource	AnimationSource;BaseRefCount<1>;RefCountBaseT<1>	
AnimationSourceTurretStickY	.?AVAnimationSourceTurretStickY@@	0x1c42148	13	AnimationSource	AnimationSource;BaseRefCount<1>;RefCountBaseT<1>	
AnimationSourceUser	.?AVAnimationSourceUser@@	0x1c21640	13	AnimationSourceUserBase	AnimationSourceUserBase;AnimationSource;BaseRefCount<1>;RefCountBaseT<1>	
AnimationSourceUserBase	.?AVAnimationSourceUserBase@@					no-col
AnimationSourceUserPositionHashed	.?AVAnimationSourceUserPositionHashed@@	0x1c216e0	13	AnimationSourceUser	AnimationSourceUser;AnimationSourceUserBase;AnimationSource;BaseRefCount<1>;RefCountBaseT<1>	
AnimationSourceUserPylon	.?AVAnimationSourceUserPylon@@	0x1aca388	13	AnimationSourceUserPylonBase	AnimationSourceUserPylonBase;AnimationSource;BaseRefCount<1>;RefCountBaseT<1>	
AnimationSourceUserPylonBase	.?AVAnimationSourceUserPylonBase@@					no-col
AnimationSourceUserPylonDummy	.?AVAnimationSourceUserPylonDummy@@	0x1aca418	13	AnimationSourceUserPylonBase	AnimationSourceUserPylonBase;AnimationSource;BaseRefCount<1>;RefCountBaseT<1>	
AnimationSourceWeapon	.?AVAnimationSourceWeapon@@	0x1c4f8b0	13	AnimationSource	AnimationSource;BaseRefCount<1>;RefCountBaseT<1>	
AnimationSourceZeroing	.?AVAnimationSourceZeroing@@	0x1c4fa00	13	AnimationSourceWeapon	AnimationSourceWeapon;AnimationSource;BaseRefCount<1>;RefCountBaseT<1>	
AnimationTranslation	.?AVAnimationTranslation@@	0x1ca20b0	6	AnimationBase	AnimationBase	
AnimationTranslationAxisAlignedAxisDef	.?AUAnimationTranslationAxisAlignedAxisDef@@	0x1ca26c0	3	AnimationTranslationDef	AnimationTranslationDef;AnimationDef	
AnimationTranslationAxisAlignedBaseType	.?AVAnimationTranslationAxisAlignedBaseType@@					no-col
AnimationTranslationAxisAlignedType<&AnimationTranslation::GetTranslationX>	.?AV?$AnimationTranslationAxisAlignedType@$1?GetTranslationX@AnimationTranslation@@QEBAXAEAVMatrix4P@@MH@Z$04@@					no-col
AnimationTranslationAxisAlignedType<&AnimationTranslation::GetTranslationY>	.?AV?$AnimationTranslationAxisAlignedType@$1?GetTranslationY@AnimationTranslation@@QEBAXAEAVMatrix4P@@MH@Z$05@@					no-col
AnimationTranslationAxisAlignedType<&AnimationTranslation::GetTranslationZ>	.?AV?$AnimationTranslationAxisAlignedType@$1?GetTranslationZ@AnimationTranslation@@QEBAXAEAVMatrix4P@@MH@Z$06@@					no-col
AnimationTranslationAxisDef	.?AUAnimationTranslationAxisDef@@	0x1ca2680	3	AnimationTranslationDef	AnimationTranslationDef;AnimationDef	
AnimationTranslationDef	.?AUAnimationTranslationDef@@	0x1ca1ff0	3	AnimationDef	AnimationDef	
AnimationTranslationOrientedAxisDef	.?AUAnimationTranslationOrientedAxisDef@@	0x1ca26a0	3	AnimationTranslationDef	AnimationTranslationDef;AnimationDef	
AnimationTranslationType	.?AVAnimationTranslationType@@	0x1ca2308	16	AnimationType	AnimationType;BaseRefCount<1>;RefCountBaseT<1>	
AnimationTranslationUVType	.?AVAnimationTranslationUVType@@	0x1bc3fb0	16	AnimationType	AnimationType;BaseRefCount<1>;RefCountBaseT<1>	
AnimationTranslationXType	.?AVAnimationTranslationXType@@	0x1ca2390	16	AnimationTranslationAxisAlignedType<&AnimationTranslation::GetTranslationX>	AnimationTranslationAxisAlignedType<&AnimationTranslation::GetTranslationX>;AnimationTranslationAxisAlignedBaseType;AnimationTranslationType;AnimationType;BaseRefCount<1>;RefCountBaseT<1>	
AnimationTranslationYType	.?AVAnimationTranslationYType@@	0x1ca2418	16	AnimationTranslationAxisAlignedType<&AnimationTranslation::GetTranslationY>	AnimationTranslationAxisAlignedType<&AnimationTranslation::GetTranslationY>;AnimationTranslationAxisAlignedBaseType;AnimationTranslationType;AnimationType;BaseRefCount<1>;RefCountBaseT<1>	
AnimationTranslationZType	.?AVAnimationTranslationZType@@	0x1ca24a0	16	AnimationTranslationAxisAlignedType<&AnimationTranslation::GetTranslationZ>	AnimationTranslationAxisAlignedType<&AnimationTranslation::GetTranslationZ>;AnimationTranslationAxisAlignedBaseType;AnimationTranslationType;AnimationType;BaseRefCount<1>;RefCountBaseT<1>	
AnimationType	.?AVAnimationType@@					no-col
AnyValue	.?AUAnyValue@@	0x1a8da58	1			
AnyValue::Data<bool>	.?AU?$Data@_N@AnyValue@@	0x1a8eb90	3	AnyValue::DataParent	AnyValue::DataParent	
AnyValue::Data<CuratorCompositionsCache>	.?AU?$Data@UCuratorCompositionsCache@@@AnyValue@@	0x1b8a130	3	AnyValue::DataParent	AnyValue::DataParent	
AnyValue::Data<Editor3D::AddonsWithMeta>	.?AU?$Data@UAddonsWithMeta@Editor3D@@@AnyValue@@	0x1b1e8d0	3	AnyValue::DataParent	AnyValue::DataParent	
AnyValue::Data<float>	.?AU?$Data@M@AnyValue@@	0x1a8f238	3	AnyValue::DataParent	AnyValue::DataParent	
AnyValue::Data<RStringCT<char>>	.?AU?$Data@V?$RStringCT@D@@@AnyValue@@	0x1a8f2a0	3	AnyValue::DataParent	AnyValue::DataParent	
AnyValue::Data<Vector2Templ<float,GhostTypes::BasicVector2>>	.?AU?$Data@U?$Vector2Templ@MUBasicVector2@GhostTypes@@@@@AnyValue@@	0x1a8db28	3	AnyValue::DataParent	AnyValue::DataParent	
AnyValue::Data<Vector3P>	.?AU?$Data@VVector3P@@@AnyValue@@	0x1a8ebb8	3	AnyValue::DataParent	AnyValue::DataParent	
AnyValue::DataParent	.?AUDataParent@AnyValue@@	0x1a8da38	3			
APlayerSuspiciousActivityHandler	.?AVAPlayerSuspiciousActivityHandler@@	0x1b42f18	3			
AppendAllTurrets	.?AUAppendAllTurrets@@	0x1aceb98	2	ITurretFunc	ITurretFunc	
AppFrameFunctions	.?AVAppFrameFunctions@@	0x1c655d8	22			
ApplicationInfoFunctions	.?AVApplicationInfoFunctions@@	0x1d2d618	11			
ArcadeEffects	.?AUArcadeEffects@@	0x1bb8820	4	SerializeClass	SerializeClass	
ArcadeIntel	.?AUArcadeIntel@@	0x1b24960	4	SerializeClass	SerializeClass	
ArcadeTemplate	.?AUArcadeTemplate@@	0x1b24988	4	SerializeClass	SerializeClass	
ArmaTerrainQueryCallback	.?AVArmaTerrainQueryCallback@@	0x1be3280,0x1be32b0@32	5,4	RTD::TerrainQueryCallback	RTD::TerrainQueryCallback;RTD::WorldParticipant;RTD::Base	
Array<BoneMask>	.?AV?$Array@UBoneMask@@@@					no-col
Array<CListBoxItem>	.?AV?$Array@UCListBoxItem@@@@					no-col
Array<CloudletTItem>	.?AV?$Array@UCloudletTItem@@@@					no-col
Array<const GameTypeType*>	.?AV?$Array@PEBUGameTypeType@@@@					no-col
Array<Editor3D::ConnectionType>	.?AV?$Array@UConnectionType@Editor3D@@@@					no-col
Array<Editor3D::SingleConnection<Editor3D::E3DItem,Editor3D::CustomConnectionData>>	.?AV?$Array@U?$SingleConnection@VE3DItem@Editor3D@@UCustomConnectionData@2@@Editor3D@@@@					no-col
Array<Editor3D::SingleConnection<Editor3D::E3DItem,enum Editor3D::ConnectionType::Type>>	.?AV?$Array@U?$SingleConnection@VE3DItem@Editor3D@@W4Type@ConnectionType@2@@Editor3D@@@@					no-col
Array<LipsyncInfoItem>	.?AV?$Array@ULipsyncInfoItem@@@@					no-col
Array<OperInfoResult>	.?AV?$Array@UOperInfoResult@@@@					no-col
Array<Ref<const MagazineType>>	.?AV?$Array@V?$Ref@$$CBVMagazineType@@@@@@					no-col
Array<Ref<ConvexComponent>>	.?AV?$Array@V?$Ref@VConvexComponent@@@@@@					no-col
Array<Ref<DisplayGearFuturaBase::SPtrInfo<Control*>>>	.?AV?$Array@V?$Ref@U?$SPtrInfo@PEAVControl@@@DisplayGearFuturaBase@@@@@@					no-col
Array<Ref<Entity>>	.?AV?$Array@V?$Ref@VEntity@@@@@@					no-col
Array<Ref<Light>>	.?AV?$Array@V?$Ref@VLight@@@@@@					no-col
Array<Ref<NetworkMessageQueueItem>>	.?AV?$Array@V?$Ref@UNetworkMessageQueueItem@@@@@@					no-col
Array<Ref<Object>>	.?AV?$Array@V?$Ref@VObject@@@@@@					no-col
Array<Ref<Texture>>	.?AV?$Array@V?$Ref@VTexture@@@@@@					no-col
Array<SchedulerCoro*>	.?AV?$Array@PEAUSchedulerCoro@@@@					no-col
Array<SteamFileInfo>	.?AV?$Array@VSteamFileInfo@@@@					no-col
Array<unsigned char>	.?AV?$Array@E@@					no-col
ArtilleryMarkerTarget	.?AVArtilleryMarkerTarget@@	0x1bf1a18,0x1bf2e38@24,0x1bf2e60@48,0x1bf2f20@1464,0x1bf2f40@1472	643,4,23,3,2	EntityAI	EntityAI;Entity;ObjectTyped;Object;NetworkObject;RemoveSoftLinks<SoftLinkIdTraits<ObjectId,ObjectIdAutoDestroy>>;BaseRefCount<1>;RefCountBaseT<1>;NetworkSimpleObject;CountInstances<Object>;EPEItem;TLinkBidir<1>;NoCopy;Animated;JoinedObject;IHasParentContainer	MI
ArtilleryMarkerTargetType	.?AVArtilleryMarkerTargetType@@	0x1bf1718,0x1bf19a0@24,0x1bf19d8@32,0x1bf19f0@752	80,6,2,4	EntityAIType	EntityAIType;EntityType;RemoveLLinks;BaseRefCount<1>;RefCountBaseT<1>;LODShapeLoadHandler;AnimatedType;LinkBidirWithFrameStoreT<FrameStoreTraits>;TLinkBidir<2>;NoCopy;ComponentHolderType<ComponentType>	MI
ArtilleryStaticMapMain	.?AVArtilleryStaticMapMain@@	0x1cd8e68,0x1cd8f48@24,0x1cd91b0@568	27,76,8	CStaticMapMain	CStaticMapMain;CStaticMap;CStatic;Control;RemoveLLinks;BaseRefCount<1>;RefCountBaseT<1>;IControl;EventHandlerGroupContainer_DynArray<EventHandlerContainer_UI,enum ControlEvent>;IUICollectibleControls;IHasGameVarSpace;CTextContainer;ITextContainer	MI
ASOCostFunctions	.?AUASOCostFunctions@@					no-col
ASOCoverCostFunctions	.?AUASOCoverCostFunctions@@					no-col
AssignFuncCargo	.?AVAssignFuncCargo@@	0x1c46778	2	IAssignFunc	IAssignFunc	
AssignFuncDriver	.?AVAssignFuncDriver@@	0x1c46760	2	IAssignFunc	IAssignFunc	
AssignFuncTurret	.?AVAssignFuncTurret@@	0x1c46790	2	IAssignFunc	IAssignFunc	
AStar<ASOField,ASOCostFunctions,ASOReadyFunction,ASOInterruptFunction,AStarEndDefault<ASOField>,ASOContext,ASOIterator,ASOClosedList,ASOOpenList,ASOParams,IAStarOperative,AStarCostFunctionsWrapped<ASOCostFunctions>>	.?AV?$AStar@UASOField@@UASOCostFunctions@@VASOReadyFunction@@VASOInterruptFunction@@U?$AStarEndDefault@UASOField@@@@UASOContext@@VASOIterator@@VASOClosedList@@VASOOpenList@@VASOParams@@VIAStarOperative@@U?$AStarCostFunctionsWrapped@UASOCostFunctions@@@@@@	0x1cb5530	19	IAStarOperative;AStarCostFunctionsWrapped<ASOCostFunctions>	IAStarOperative;AStarCostFunctionsWrapped<ASOCostFunctions>;ASOCostFunctions;AStarCostFunctionsDef<ASOField>	MI
AStar<ASOField,ASOCoverCostFunctions,ASOReadyFunction,ASOInterruptFunction,AStarCoverEnd,ASOContext,ASOIterator,ASOClosedList,ASOOpenList,ASOParams,AStarCoverContext,AStarCostFunctionsWrapped<ASOCoverCostFunctions>>	.?AV?$AStar@UASOField@@UASOCoverCostFunctions@@VASOReadyFunction@@VASOInterruptFunction@@UAStarCoverEnd@@UASOContext@@VASOIterator@@VASOClosedList@@VASOOpenList@@VASOParams@@VAStarCoverContext@@U?$AStarCostFunctionsWrapped@UASOCoverCostFunctions@@@@@@	0x1cb5710	19	AStarCoverContext;AStarCostFunctionsWrapped<ASOCoverCostFunctions>	AStarCoverContext;IAStarOperative;AStarCostFunctionsWrapped<ASOCoverCostFunctions>;ASOCoverCostFunctions;AStarCostFunctionsDef<ASOField>	MI
AStarCostFunctionsDef<ASOField>	.?AU?$AStarCostFunctionsDef@UASOField@@@@					no-col
AStarCostFunctionsWrapped<ASOCostFunctions>	.?AU?$AStarCostFunctionsWrapped@UASOCostFunctions@@@@					no-col
AStarCostFunctionsWrapped<ASOCoverCostFunctions>	.?AU?$AStarCostFunctionsWrapped@UASOCoverCostFunctions@@@@					no-col
AStarCover	.?AVAStarCover@@	0x1cb57b0	19	AStar<ASOField,ASOCoverCostFunctions,ASOReadyFunction,ASOInterruptFunction,AStarCoverEnd,ASOContext,ASOIterator,ASOClosedList,ASOOpenList,ASOParams,AStarCoverContext,AStarCostFunctionsWrapped<ASOCoverCostFunctions>>	AStar<ASOField,ASOCoverCostFunctions,ASOReadyFunction,ASOInterruptFunction,AStarCoverEnd,ASOContext,ASOIterator,ASOClosedList,ASOOpenList,ASOParams,AStarCoverContext,AStarCostFunctionsWrapped<ASOCoverCostFunctions>>;AStarCoverContext;IAStarOperative;AStarCostFunctionsWrapped<ASOCoverCostFunctions>;ASOCoverCostFunctions;AStarCostFunctionsDef<ASOField>	MI
AStarCoverContext	.?AVAStarCoverContext@@	0x1cb5670	19	IAStarOperative	IAStarOperative	
AStarOperative	.?AVAStarOperative@@	0x1cb55d0	19	AStar<ASOField,ASOCostFunctions,ASOReadyFunction,ASOInterruptFunction,AStarEndDefault<ASOField>,ASOContext,ASOIterator,ASOClosedList,ASOOpenList,ASOParams,IAStarOperative,AStarCostFunctionsWrapped<ASOCostFunctions>>	AStar<ASOField,ASOCostFunctions,ASOReadyFunction,ASOInterruptFunction,AStarEndDefault<ASOField>,ASOContext,ASOIterator,ASOClosedList,ASOOpenList,ASOParams,IAStarOperative,AStarCostFunctionsWrapped<ASOCostFunctions>>;IAStarOperative;AStarCostFunctionsWrapped<ASOCostFunctions>;ASOCostFunctions;AStarCostFunctionsDef<ASOField>	MI
AsyncLogger<LocklessRingbuffer<AsyncLoggerBufferString<1024>*>,1024,1024>	.?AV?$AsyncLogger@V?$LocklessRingbuffer@PEAV?$AsyncLoggerBufferString@$0EAA@@@@@$0EAA@$0EAA@@@	0x1aaa8c0	2			
AsyncLogger<LocklessRingbufferStaticSize<AsyncLoggerBufferString<1024>*,32>,32,1024>	.?AV?$AsyncLogger@V?$LocklessRingbufferStaticSize@PEAV?$AsyncLoggerBufferString@$0EAA@@@$0CA@@@$0CA@$0EAA@@@	0x1d2c630	2			
AsyncLoggerResizable	.?AVAsyncLoggerResizable@@	0x1aaa8d8	2	AsyncLogger<LocklessRingbuffer<AsyncLoggerBufferString<1024>*>,1024,1024>	AsyncLogger<LocklessRingbuffer<AsyncLoggerBufferString<1024>*>,1024,1024>	
AttachedOnVehicle	.?AVAttachedOnVehicle@@	0x1c1c0e0	4	JoinedObject;Frame	JoinedObject;Frame;Matrix4P	MI,VI
AttrAction	.?AVAttrAction@@	0x1c7f280	6	IAttribute	IAttribute;BaseRefCount<1>;RefCountBaseT<1>	
AttrAlign	.?AVAttrAlign@@	0x1b8fa30	6	IAttribute	IAttribute;BaseRefCount<1>;RefCountBaseT<1>	
AttrBool	.?AVAttrBool@@	0x1aaba70	6	IAttribute	IAttribute;BaseRefCount<1>;RefCountBaseT<1>	
AttrColor	.?AVAttrColor@@	0x1b8fb08	6	IAttribute	IAttribute;BaseRefCount<1>;RefCountBaseT<1>	
AttrEntityAI	.?AVAttrEntityAI@@	0x1c7f248	6	IAttribute	IAttribute;BaseRefCount<1>;RefCountBaseT<1>	
AttrFloat	.?AVAttrFloat@@	0x1aabaa8	6	IAttribute	IAttribute;BaseRefCount<1>;RefCountBaseT<1>	
AttrFont	.?AVAttrFont@@	0x1b8fb40	6	IAttribute	IAttribute;BaseRefCount<1>;RefCountBaseT<1>	
AttrGameValue	.?AVAttrGameValue@@	0x1c7f328	6	IAttribute	IAttribute;BaseRefCount<1>;RefCountBaseT<1>	
AttrImage	.?AVAttrImage@@	0x1b8fb80	6	IAttribute	IAttribute;BaseRefCount<1>;RefCountBaseT<1>	
AttrInt	.?AVAttrInt@@	0x1b8fad0	6	IAttribute	IAttribute;BaseRefCount<1>;RefCountBaseT<1>	
AttrMessage	.?AVAttrMessage@@	0x1c7f2f0	6	IAttribute	IAttribute;BaseRefCount<1>;RefCountBaseT<1>	
AttrString	.?AVAttrString@@	0x1aabae0	6	IAttribute	IAttribute;BaseRefCount<1>;RefCountBaseT<1>	
AttrTarget	.?AVAttrTarget@@	0x1c7f2b8	6	IAttribute	IAttribute;BaseRefCount<1>;RefCountBaseT<1>	
AttrVAlign	.?AVAttrVAlign@@	0x1b8fa68	6	IAttribute	IAttribute;BaseRefCount<1>;RefCountBaseT<1>	
AttrVector	.?AVAttrVector@@	0x1cba020	6	IAttribute	IAttribute;BaseRefCount<1>;RefCountBaseT<1>	
AutoArray<BoneMask,MemAllocSA>	.?AV?$AutoArray@UBoneMask@@VMemAllocSA@@@@					no-col
AutoArray<CListBoxItem,MemAllocD>	.?AV?$AutoArray@UCListBoxItem@@VMemAllocD@@@@					no-col
AutoArray<CloudletTItem,MemAllocD>	.?AV?$AutoArray@UCloudletTItem@@VMemAllocD@@@@					no-col
AutoArray<const GameTypeType*,MemAllocD>	.?AV?$AutoArray@PEBUGameTypeType@@VMemAllocD@@@@					no-col
AutoArray<Editor3D::ConnectionType,MemAllocD>	.?AV?$AutoArray@UConnectionType@Editor3D@@VMemAllocD@@@@					no-col
AutoArray<Editor3D::SingleConnection<Editor3D::E3DItem,Editor3D::CustomConnectionData>,MemAllocD>	.?AV?$AutoArray@U?$SingleConnection@VE3DItem@Editor3D@@UCustomConnectionData@2@@Editor3D@@VMemAllocD@@@@					no-col
AutoArray<Editor3D::SingleConnection<Editor3D::E3DItem,enum Editor3D::ConnectionType::Type>,MemAllocD>	.?AV?$AutoArray@U?$SingleConnection@VE3DItem@Editor3D@@W4Type@ConnectionType@2@@Editor3D@@VMemAllocD@@@@					no-col
AutoArray<LipsyncInfoItem,MemAllocD>	.?AV?$AutoArray@ULipsyncInfoItem@@VMemAllocD@@@@					no-col
AutoArray<OperInfoResult,MemAllocD>	.?AV?$AutoArray@UOperInfoResult@@VMemAllocD@@@@					no-col
AutoArray<Ref<const MagazineType>,MemAllocD>	.?AV?$AutoArray@V?$Ref@$$CBVMagazineType@@@@VMemAllocD@@@@					no-col
AutoArray<Ref<ConvexComponent>,MemAllocD>	.?AV?$AutoArray@V?$Ref@VConvexComponent@@@@VMemAllocD@@@@					no-col
AutoArray<Ref<DisplayGearFuturaBase::SPtrInfo<Control*>>,MemAllocD>	.?AV?$AutoArray@V?$Ref@U?$SPtrInfo@PEAVControl@@@DisplayGearFuturaBase@@@@VMemAllocD@@@@					no-col
AutoArray<Ref<Entity>,MemAllocD>	.?AV?$AutoArray@V?$Ref@VEntity@@@@VMemAllocD@@@@					no-col
AutoArray<Ref<Light>,MemAllocLocal<Ref<Light>,32,int,MemAllocD>>	.?AV?$AutoArray@V?$Ref@VLight@@@@V?$MemAllocLocal@V?$Ref@VLight@@@@$0CA@HVMemAllocD@@@@@@					no-col
AutoArray<Ref<NetworkMessageQueueItem>,MemAllocD>	.?AV?$AutoArray@V?$Ref@UNetworkMessageQueueItem@@@@VMemAllocD@@@@					no-col
AutoArray<Ref<Object>,MemAllocD>	.?AV?$AutoArray@V?$Ref@VObject@@@@VMemAllocD@@@@					no-col
AutoArray<Ref<Texture>,MemAllocD>	.?AV?$AutoArray@V?$Ref@VTexture@@@@VMemAllocD@@@@					no-col
AutoArray<SchedulerCoro*,MemAllocD>	.?AV?$AutoArray@PEAUSchedulerCoro@@VMemAllocD@@@@					no-col
AutoArray<SteamFileInfo,MemAllocD>	.?AV?$AutoArray@VSteamFileInfo@@VMemAllocD@@@@					no-col
AutoArray<unsigned char,MemAllocD>	.?AV?$AutoArray@EVMemAllocD@@@@					no-col
AutoArrayWithID<RStringCT<char>,int,MemAllocD>	.?AV?$AutoArrayWithID@V?$RStringCT@D@@HVMemAllocD@@@@	0x1b925b0	4	SerializeClass	SerializeClass	
AutoArrayWithID<RStringCT<char>,int,MemAllocD>::Item	.?AUItem@?$AutoArrayWithID@V?$RStringCT@D@@HVMemAllocD@@@@	0x1a7d078	4	SerializeClass	SerializeClass	
AutoComplete	.?AVAutoComplete@@	0x1cb6110	8	IntAutoComplete	IntAutoComplete;BaseRefCount<1>;RefCountBaseT<1>	
AutoReloadFunc	.?AVAutoReloadFunc@@	0x1c51048	2	ITurretFunc	ITurretFunc	
AvoidBeInWithFunc	.?AVAvoidBeInWithFunc@@	0x1cb4488	2	ITurretFunc	ITurretFunc	
BankArray<AIBrainType,AIBrainTypeBankTraits,AIBrainTypeBankTraitsExt>	.?AV?$BankArray@VAIBrainType@@UAIBrainTypeBankTraits@@UAIBrainTypeBankTraitsExt@@@@					no-col
BankArray<EntitySimpleType,EntitySimpleTypeTraits,EntitySimpleTypeTraitsExt>	.?AV?$BankArray@VEntitySimpleType@@UEntitySimpleTypeTraits@@UEntitySimpleTypeTraitsExt@@@@					no-col
BankArray<EntityType,VehicleTypeBankTraits,VehicleTypeBankTraitsExt>	.?AV?$BankArray@VEntityType@@UVehicleTypeBankTraits@@UVehicleTypeBankTraitsExt@@@@					no-col
BankArray<LODShapeWithShadow,BankTraits<LODShapeWithShadow>,BankTraitsExt<BankTraits<LODShapeWithShadow>>>	.?AV?$BankArray@VLODShapeWithShadow@@U?$BankTraits@VLODShapeWithShadow@@@@U?$BankTraitsExt@U?$BankTraits@VLODShapeWithShadow@@@@@@@@					no-col
BankArray<TexMaterial,BankTraits<TexMaterial>,BankTraitsExt<BankTraits<TexMaterial>>>	.?AV?$BankArray@VTexMaterial@@U?$BankTraits@VTexMaterial@@@@U?$BankTraitsExt@U?$BankTraits@VTexMaterial@@@@@@@@					no-col
BankArrayCached<AIBrainType,AIBrainTypeBankTraits,AIBrainTypeBankTraitsExt>	.?AV?$BankArrayCached@VAIBrainType@@UAIBrainTypeBankTraits@@UAIBrainTypeBankTraitsExt@@@@	0x1b1e8f0	10	BankArray<AIBrainType,AIBrainTypeBankTraits,AIBrainTypeBankTraitsExt>;MemoryFreeOnDemandHelper	BankArray<AIBrainType,AIBrainTypeBankTraits,AIBrainTypeBankTraitsExt>;MapStringToClass<Ref<AIBrainType>,AutoArray<Ref<AIBrainType>,MemAllocD>,AIBrainTypeBankTraits::AIBrainTypeMapHashTraits,MemAllocD>;MemAllocD;AIBrainTypeBankTraitsExt;MemoryFreeOnDemandHelper;IMemoryFreeOnDemand;TLinkBidir<0>;NoCopy	MI
BankArrayCached<EntitySimpleType,EntitySimpleTypeTraits,EntitySimpleTypeTraitsExt>	.?AV?$BankArrayCached@VEntitySimpleType@@UEntitySimpleTypeTraits@@UEntitySimpleTypeTraitsExt@@@@	0x1b8d7e8	10	BankArray<EntitySimpleType,EntitySimpleTypeTraits,EntitySimpleTypeTraitsExt>;MemoryFreeOnDemandHelper	BankArray<EntitySimpleType,EntitySimpleTypeTraits,EntitySimpleTypeTraitsExt>;MapStringToClass<Ref<EntitySimpleType>,AutoArray<Ref<EntitySimpleType>,MemAllocD>,EntitySimpleTypeTraits::EntitySimpleTypeMapHashTraits,MemAllocD>;MemAllocD;EntitySimpleTypeTraitsExt;MemoryFreeOnDemandHelper;IMemoryFreeOnDemand;TLinkBidir<0>;NoCopy	MI
BankArrayCached<EntityType,VehicleTypeBankTraits,VehicleTypeBankTraitsExt>	.?AV?$BankArrayCached@VEntityType@@UVehicleTypeBankTraits@@UVehicleTypeBankTraitsExt@@@@	0x1c53850	10	BankArray<EntityType,VehicleTypeBankTraits,VehicleTypeBankTraitsExt>;MemoryFreeOnDemandHelper	BankArray<EntityType,VehicleTypeBankTraits,VehicleTypeBankTraitsExt>;MapStringToClass<LLink<EntityType,DefLLinkTraits<EntityType>>,LLinkArray<EntityType,MemAllocD>,VehicleTypeBankTraits::EntityMapHashTraits,MemAllocD>;MemAllocD;VehicleTypeBankTraitsExt;MemoryFreeOnDemandHelper;IMemoryFreeOnDemand;TLinkBidir<0>;NoCopy	MI
BankArrayCached<TexMaterial,BankTraits<TexMaterial>,BankTraitsExt<BankTraits<TexMaterial>>>	.?AV?$BankArrayCached@VTexMaterial@@U?$BankTraits@VTexMaterial@@@@U?$BankTraitsExt@U?$BankTraits@VTexMaterial@@@@@@@@	0x1ce1638	10	BankArray<TexMaterial,BankTraits<TexMaterial>,BankTraitsExt<BankTraits<TexMaterial>>>;MemoryFreeOnDemandHelper	BankArray<TexMaterial,BankTraits<TexMaterial>,BankTraitsExt<BankTraits<TexMaterial>>>;MapStringToClass<LLink<TexMaterial,DefLLinkTraits<TexMaterial>>,LLinkArray<TexMaterial,MemAllocD>,BankTraits<TexMaterial>::TexMaterialHashTraits,MemAllocD>;MemAllocD;BankTraitsExt<BankTraits<TexMaterial>>;MemoryFreeOnDemandHelper;IMemoryFreeOnDemand;TLinkBidir<0>;NoCopy	MI
BankContextBase	.?AVBankContextBase@@					no-col
BankHashesCalculatorThread	.?AVBankHashesCalculatorThread@@	0x1aac930	2	enf::CThread	enf::CThread	
BankHashesCalculatorThreadItem	.?AVBankHashesCalculatorThreadItem@@	0x1aac8f0	3	BaseRefCount<1>	BaseRefCount<1>;RefCountBaseT<1>	
BankHashResult	.?AUBankHashResult@@	0x1aac910	3	BaseRefCount<1>	BaseRefCount<1>;RefCountBaseT<1>	
BankPreprocessor	.?AVBankPreprocessor@@	0x1aa5880,0x1aa58b0@216	5,4	FilePreprocessor	FilePreprocessor;Preproc;NoCopy;DebugLogContext::internal::IDebugLogContext	MI
BankSignatureCheckAsync	.?AVBankSignatureCheckAsync@@	0x1aac8d8	2	Job;NoCopy	Job;NoCopy	MI
BankTraitsExt<BankTraits<LODShapeWithShadow>>	.?AU?$BankTraitsExt@U?$BankTraits@VLODShapeWithShadow@@@@@@					no-col
BankTraitsExt<BankTraits<TexMaterial>>	.?AU?$BankTraitsExt@U?$BankTraits@VTexMaterial@@@@@@					no-col
BaseRefCount<0>	.?AV?$BaseRefCount@$0A@@@	0x1b5a3c0	3	RefCountBaseT<0>	RefCountBaseT<0>	
BaseRefCount<1>	.?AV?$BaseRefCount@$00@@	0x1a77950	3	RefCountBaseT<1>	RefCountBaseT<1>	
BaseSubmixGroup<SoundParsEx>	.?AU?$BaseSubmixGroup@USoundParsEx@@@@	0x1c448e0	1			
BasicGunnerSimulation	.?AVBasicGunnerSimulation@@	0x1c465f8	2	ITurretFuncV	ITurretFuncV	
BasicSpeaker	.?AVBasicSpeaker@@	0x1c70418	3	BaseRefCount<1>	BaseRefCount<1>;RefCountBaseT<1>	
BattlEyeClient::BEIntegrityCheckPacketReceived()::`14'::<lambda_1>	.?AV<lambda_1>@?O@??BEIntegrityCheckPacketReceived@BattlEyeClient@@QEAAXPEAD_K@Z@					no-col
BattlEyeClient::BEIntegrityCheckPacketReceived()::`14'::<lambda_2>	.?AV<lambda_2>@?O@??BEIntegrityCheckPacketReceived@BattlEyeClient@@QEAAXPEAD_K@Z@					no-col
BattlEyeClient::BEIntegrityCheckPacketReceived()::`14'::<lambda_3>	.?AV<lambda_3>@?O@??BEIntegrityCheckPacketReceived@BattlEyeClient@@QEAAXPEAD_K@Z@					no-col
BattlEyeClient::BEIntegrityCheckPacketReceived()::`14'::<lambda_4>	.?AV<lambda_4>@?O@??BEIntegrityCheckPacketReceived@BattlEyeClient@@QEAAXPEAD_K@Z@					no-col
BattlEyeClient::BEIntegrityCheckPacketReceived()::`25'::<lambda_10>	.?AV<lambda_10>@?BJ@??BEIntegrityCheckPacketReceived@BattlEyeClient@@QEAAXPEAD_K@Z@					no-col
BattlEyeLicenceMsgBox	.?AVBattlEyeLicenceMsgBox@@	0x1cb78f0,0x1cb7b00@24,0x1cb7b18@552	65,2,4	MsgBox	MsgBox;ControlsContainer;RemoveLLinks;BaseRefCount<1>;RefCountBaseT<1>;EventHandlerGroupContainer_Simple<EventHandlerContainer_UI,13,enum DisplayEvent>;IUICollectibleControls;IHasGameVarSpace	MI
BattlEyeNetClient	.?AVBattlEyeNetClient@@	0x1b413d0	6	NetClientBase	NetClientBase;NetComponentBase	
BattlEyeNetServer	.?AVBattlEyeNetServer@@	0x1b414c8	7	NetServerBase	NetServerBase;NetComponentBase	
BenchmarkBase	.?AVBenchmarkBase@@	0x1b2bc50	2			
BestFireResultForTurret	.?AVBestFireResultForTurret@@	0x1b205b0	2	ITurretFuncV	ITurretFuncV	
BIDebugEngineFunctions	.?AVBIDebugEngineFunctions@@	0x1aac238,0x1aac288@8	9,2	DebugEngineFunctions;IToApp	DebugEngineFunctions;IToApp	MI
BinActionMapData	.?AVBinActionMapData@@	0x1b20a68	1			
BinaryOperator	.?AVBinaryOperator@@	0x1a9d310	3	BaseRefCount<1>	BaseRefCount<1>;RefCountBaseT<1>	
BinMakeFunctions	.?AVBinMakeFunctions@@					no-col
BISAccount::PlayerGroup	.?AUPlayerGroup@BISAccount@@	0x1ac1c08	3	BaseRefCount<1>	BaseRefCount<1>;RefCountBaseT<1>	
BISAccount::RequestCommonData	.?AVRequestCommonData@BISAccount@@	0x1ac2090	9	HttpManager::RequestJson	HttpManager::RequestJson;HttpManager::RequestSimple;HttpManager::Request;BaseRefCount<1>;RefCountBaseT<1>	
BISAccount::RequestPlayerGroups	.?AVRequestPlayerGroups@BISAccount@@	0x1ac20e0	9	HttpManager::RequestJson	HttpManager::RequestJson;HttpManager::RequestSimple;HttpManager::Request;BaseRefCount<1>;RefCountBaseT<1>	
BISManagerUpdateJob	.?AVBISManagerUpdateJob@@	0x1ac1af0	2	Job	Job	
BitMask	.?AVBitMask@@	0x1aae670	5	BaseRefCount<1>	BaseRefCount<1>;RefCountBaseT<1>	
BitMaskMTS	.?AVBitMaskMTS@@	0x1aae6a0	5	BitMask	BitMask;BaseRefCount<1>;RefCountBaseT<1>	
boost::basic_regex<char,boost::regex_traits<char,boost::w32_regex_traits<char>>>	.?AV?$basic_regex@DU?$regex_traits@DV?$w32_regex_traits@D@boost@@@boost@@@boost@@					no-col
boost::basic_regex<wchar_t,boost::regex_traits<wchar_t,boost::w32_regex_traits<wchar_t>>>	.?AV?$basic_regex@_WU?$regex_traits@_WV?$w32_regex_traits@_W@boost@@@boost@@@boost@@					no-col
boost::regbase	.?AVregbase@boost@@					no-col
boost::regex_error	.?AVregex_error@boost@@	0x1b4de20	3	std::runtime_error	std::runtime_error;stdext::exception	
Botan::`anonymous namespace'::Serialized_PRNG	.?AVSerialized_PRNG@?A0x3c20feab@Botan@@	0x1ab5dd0	8	Botan::RandomNumberGenerator	Botan::RandomNumberGenerator	
Botan::AES_128	.?AVAES_128@Botan@@	0x1ab4eb0	10	Botan::Block_Cipher_Fixed_Params<16,16,0,1>	Botan::Block_Cipher_Fixed_Params<16,16,0,1>;Botan::BlockCipher;Botan::SymmetricAlgorithm;Botan::Algorithm	
Botan::AES_192	.?AVAES_192@Botan@@	0x1ab4f68	10	Botan::Block_Cipher_Fixed_Params<16,24,0,1>	Botan::Block_Cipher_Fixed_Params<16,24,0,1>;Botan::BlockCipher;Botan::SymmetricAlgorithm;Botan::Algorithm	
Botan::AES_256	.?AVAES_256@Botan@@	0x1ab5020	10	Botan::Block_Cipher_Fixed_Params<16,32,0,1>	Botan::Block_Cipher_Fixed_Params<16,32,0,1>;Botan::BlockCipher;Botan::SymmetricAlgorithm;Botan::Algorithm	
Botan::Algorithm	.?AVAlgorithm@Botan@@	0x1ab45c0	3			
Botan::Algorithm_Not_Found	.?AUAlgorithm_Not_Found@Botan@@	0x1ab43b0	3	Botan::Lookup_Error	Botan::Lookup_Error;std::runtime_error;stdext::exception	
Botan::Allocator	.?AVAllocator@Botan@@	0x1ab4180	6			
Botan::ANSI_X923_Padding	.?AVANSI_X923_Padding@Botan@@	0x1ab47c8	6	Botan::BlockCipherModePaddingMethod	Botan::BlockCipherModePaddingMethod	
Botan::BigInt::DivideByZero	.?AUDivideByZero@BigInt@Botan@@	0x1ab4538	3	std::runtime_error	std::runtime_error;stdext::exception	
Botan::Block_Cipher_Fixed_Params<16,16,0,1>	.?AV?$Block_Cipher_Fixed_Params@$0BA@$0BA@$0A@$00@Botan@@	0x1ab4e58	10	Botan::BlockCipher	Botan::BlockCipher;Botan::SymmetricAlgorithm;Botan::Algorithm	
Botan::Block_Cipher_Fixed_Params<16,24,0,1>	.?AV?$Block_Cipher_Fixed_Params@$0BA@$0BI@$0A@$00@Botan@@	0x1ab4f10	10	Botan::BlockCipher	Botan::BlockCipher;Botan::SymmetricAlgorithm;Botan::Algorithm	
Botan::Block_Cipher_Fixed_Params<16,32,0,1>	.?AV?$Block_Cipher_Fixed_Params@$0BA@$0CA@$0A@$00@Botan@@	0x1ab4fc8	10	Botan::BlockCipher	Botan::BlockCipher;Botan::SymmetricAlgorithm;Botan::Algorithm	
Botan::BlockCipher	.?AVBlockCipher@Botan@@	0x1ab4668	10	Botan::SymmetricAlgorithm	Botan::SymmetricAlgorithm;Botan::Algorithm	
Botan::BlockCipherModePaddingMethod	.?AVBlockCipherModePaddingMethod@Botan@@	0x1ab4750	6			
Botan::Buffered_Computation	.?AVBuffered_Computation@Botan@@	0x1ab41b8	4			
Botan::Buffered_Filter	.?AVBuffered_Filter@Botan@@	0x1ab4898	3			
Botan::CBC_Decryption	.?AVCBC_Decryption@Botan@@	0x1ab4930,0x1ab4988@88	10,3	Botan::Keyed_Filter;Botan::Buffered_Filter	Botan::Keyed_Filter;Botan::Filter;Botan::Buffered_Filter	MI
Botan::CBC_Encryption	.?AVCBC_Encryption@Botan@@	0x1ab48b8,0x1ab4910@88	10,3	Botan::Keyed_Filter;Botan::Buffered_Filter	Botan::Keyed_Filter;Botan::Filter;Botan::Buffered_Filter	MI
Botan::Core_Engine	.?AVCore_Engine@Botan@@	0x1ab5528	14	Botan::Engine	Botan::Engine	
Botan::Decoding_Error	.?AUDecoding_Error@Botan@@	0x1ab4470	3	std::invalid_argument	std::invalid_argument;std::logic_error;stdext::exception	
Botan::Encoding_Error	.?AUEncoding_Error@Botan@@	0x1ab4438	3	std::invalid_argument	std::invalid_argument;std::logic_error;stdext::exception	
Botan::Engine	.?AVEngine@Botan@@	0x1ab4b30	14			
Botan::Entropy_Accumulator	.?AVEntropy_Accumulator@Botan@@	0x1ab41e0	2			
Botan::Entropy_Accumulator_BufferedComputation	.?AVEntropy_Accumulator_BufferedComputation@Botan@@	0x1ab41f8	2	Botan::Entropy_Accumulator	Botan::Entropy_Accumulator	
Botan::EntropySource	.?AVEntropySource@Botan@@	0x1ab4210	3			
Botan::Filter	.?AVFilter@Botan@@	0x1ab46c0	6			
Botan::Fixed_Exponent_Power_Mod	.?AVFixed_Exponent_Power_Mod@Botan@@	0x1ab45b0	1	Botan::Power_Mod	Botan::Power_Mod	
Botan::Fixed_Window_Exponentiator	.?AVFixed_Window_Exponentiator@Botan@@	0x1ab55c0	5	Botan::Modular_Exponentiator	Botan::Modular_Exponentiator	
Botan::HashFunction	.?AVHashFunction@Botan@@	0x1ab45e0,0x1ab4618@8	6,3	Botan::Buffered_Computation;Botan::Algorithm	Botan::Buffered_Computation;Botan::Algorithm	MI
Botan::HMAC	.?AVHMAC@Botan@@	0x1ab51b8,0x1ab51f0@8	6,5	Botan::MessageAuthenticationCode	Botan::MessageAuthenticationCode;Botan::Buffered_Computation;Botan::SymmetricAlgorithm;Botan::Algorithm	MI
Botan::HMAC_RNG	.?AVHMAC_RNG@Botan@@	0x1ab5170	8	Botan::RandomNumberGenerator	Botan::RandomNumberGenerator	
Botan::Internal_Error	.?AUInternal_Error@Botan@@	0x1ab4270	3	std::runtime_error	std::runtime_error;stdext::exception	
Botan::Invalid_Algorithm_Name	.?AUInvalid_Algorithm_Name@Botan@@	0x1ab43f8	3	std::invalid_argument	std::invalid_argument;std::logic_error;stdext::exception	
Botan::Invalid_Block_Size	.?AUInvalid_Block_Size@Botan@@	0x1ab42e8	3	std::invalid_argument	std::invalid_argument;std::logic_error;stdext::exception	
Botan::Invalid_IV_Length	.?AUInvalid_IV_Length@Botan@@	0x1ab4330	3	std::invalid_argument	std::invalid_argument;std::logic_error;stdext::exception	
Botan::Invalid_Key_Length	.?AUInvalid_Key_Length@Botan@@	0x1ab42a8	3	std::invalid_argument	std::invalid_argument;std::logic_error;stdext::exception	
Botan::Invalid_State	.?AUInvalid_State@Botan@@	0x1ab4230	3	std::runtime_error	std::runtime_error;stdext::exception	
Botan::Keyed_Filter	.?AVKeyed_Filter@Botan@@	0x1ab46f8	10	Botan::Filter	Botan::Filter	
Botan::Locking_Allocator	.?AVLocking_Allocator@Botan@@	0x1ab54a0	8	Botan::Pooling_Allocator	Botan::Pooling_Allocator;Botan::Allocator	
Botan::Lookup_Error	.?AULookup_Error@Botan@@	0x1ab4250	3	std::runtime_error	std::runtime_error;stdext::exception	
Botan::Malloc_Allocator	.?AVMalloc_Allocator@Botan@@	0x1ab5460	6	Botan::Allocator	Botan::Allocator	
Botan::MDx_HashFunction	.?AVMDx_HashFunction@Botan@@	0x1ab4d08,0x1ab4d58@8	9,3	Botan::HashFunction	Botan::HashFunction;Botan::Buffered_Computation;Botan::Algorithm	MI
Botan::Memory_Exhaustion	.?AUMemory_Exhaustion@Botan@@	0x1ab44a8	3	stdext::bad_alloc	stdext::bad_alloc;stdext::exception	
Botan::MessageAuthenticationCode	.?AVMessageAuthenticationCode@Botan@@	0x1ab49a8,0x1ab49e0@8	6,5	Botan::Buffered_Computation;Botan::SymmetricAlgorithm	Botan::Buffered_Computation;Botan::SymmetricAlgorithm;Botan::Algorithm	MI
Botan::Modular_Exponentiator	.?AVModular_Exponentiator@Botan@@	0x1ab4570	5			
Botan::Montgomery_Exponentiator	.?AVMontgomery_Exponentiator@Botan@@	0x1ab55f0	5	Botan::Modular_Exponentiator	Botan::Modular_Exponentiator	
Botan::Mutex	.?AVMutex@Botan@@	0x1ab53c0	3			
Botan::Mutex_Factory	.?AVMutex_Factory@Botan@@	0x1ab53e0	2			
Botan::Noop_Mutex_Factory	.?AVNoop_Mutex_Factory@Botan@@	0x1ab55a8	2	Botan::Mutex_Factory	Botan::Mutex_Factory	
Botan::Noop_Mutex_Factory::make()::`2'::Noop_Mutex	.?AVNoop_Mutex@?1??make@Noop_Mutex_Factory@Botan@@UEAAPEAVMutex@3@XZ@	0x1abeec0	3	Botan::Mutex	Botan::Mutex	
Botan::Noop_Mutex_Factory::make()::`2'::Noop_Mutex::Mutex_State_Error	.?AVMutex_State_Error@Noop_Mutex@?1??make@Noop_Mutex_Factory@Botan@@UEAAPEAVMutex@4@XZ@	0x1abeea0	3	Botan::Internal_Error	Botan::Internal_Error;std::runtime_error;stdext::exception	
Botan::Null_Padding	.?AVNull_Padding@Botan@@	0x1ab4850	6	Botan::BlockCipherModePaddingMethod	Botan::BlockCipherModePaddingMethod	
Botan::OneAndZeros_Padding	.?AVOneAndZeros_Padding@Botan@@	0x1ab4808	6	Botan::BlockCipherModePaddingMethod	Botan::BlockCipherModePaddingMethod	
Botan::PBKDF	.?AVPBKDF@Botan@@	0x1ab4a10	5	Botan::Algorithm	Botan::Algorithm	
Botan::PK_Ops::Decryption	.?AVDecryption@PK_Ops@Botan@@	0x1ab4a60	3			
Botan::PK_Ops::Encryption	.?AVEncryption@PK_Ops@Botan@@	0x1ab4a40	3			
Botan::PK_Ops::Signature	.?AVSignature@PK_Ops@Botan@@	0x1ab4a80	5			
Botan::PK_Ops::Verification	.?AVVerification@PK_Ops@Botan@@	0x1ab4ab0	7			
Botan::PKCS5_PBKDF1	.?AVPKCS5_PBKDF1@Botan@@	0x1ab5310	5	Botan::PBKDF	Botan::PBKDF;Botan::Algorithm	
Botan::PKCS5_PBKDF2	.?AVPKCS5_PBKDF2@Botan@@	0x1ab4cd0	5	Botan::PBKDF	Botan::PBKDF;Botan::Algorithm	
Botan::PKCS7_Padding	.?AVPKCS7_Padding@Botan@@	0x1ab4788	6	Botan::BlockCipherModePaddingMethod	Botan::BlockCipherModePaddingMethod	
Botan::Pooling_Allocator	.?AVPooling_Allocator@Botan@@	0x1ab5418	8	Botan::Allocator	Botan::Allocator	
Botan::Power_Mod	.?AVPower_Mod@Botan@@	0x1ab45a0	1			
Botan::Private_Key	.?AVPrivate_Key@Botan@@					no-col
Botan::PRNG_Unseeded	.?AUPRNG_Unseeded@Botan@@	0x1ab4378	3	Botan::Invalid_State	Botan::Invalid_State;std::runtime_error;stdext::exception	
Botan::Public_Key	.?AVPublic_Key@Botan@@					no-col
Botan::RandomNumberGenerator	.?AVRandomNumberGenerator@Botan@@	0x1ab44f0	8			
Botan::RSA_Private_Operation	.?AVRSA_Private_Operation@Botan@@	0x1ab4d80,0x1ab4db0@8	5,3	Botan::PK_Ops::Signature;Botan::PK_Ops::Decryption	Botan::PK_Ops::Signature;Botan::PK_Ops::Decryption	MI
Botan::RSA_PrivateKey	.?AVRSA_PrivateKey@Botan@@					no-col
Botan::RSA_Public_Operation	.?AVRSA_Public_Operation@Botan@@	0x1ab4dd0,0x1ab4e10@8	7,3	Botan::PK_Ops::Verification;Botan::PK_Ops::Encryption	Botan::PK_Ops::Verification;Botan::PK_Ops::Encryption	MI
Botan::RSA_PublicKey	.?AVRSA_PublicKey@Botan@@					no-col
Botan::SHA_160	.?AVSHA_160@Botan@@	0x1ab5348,0x1ab5398@8	9,3	Botan::MDx_HashFunction	Botan::MDx_HashFunction;Botan::HashFunction;Botan::Buffered_Computation;Botan::Algorithm	MI
Botan::SHA_224	.?AVSHA_224@Botan@@	0x1ab5080,0x1ab50d0@8	9,3	Botan::MDx_HashFunction	Botan::MDx_HashFunction;Botan::HashFunction;Botan::Buffered_Computation;Botan::Algorithm	MI
Botan::SHA_256	.?AVSHA_256@Botan@@	0x1ab50f8,0x1ab5148@8	9,3	Botan::MDx_HashFunction	Botan::MDx_HashFunction;Botan::HashFunction;Botan::Buffered_Computation;Botan::Algorithm	MI
Botan::SHA_384	.?AVSHA_384@Botan@@	0x1ab5220,0x1ab5270@8	9,3	Botan::MDx_HashFunction	Botan::MDx_HashFunction;Botan::HashFunction;Botan::Buffered_Computation;Botan::Algorithm	MI
Botan::SHA_512	.?AVSHA_512@Botan@@	0x1ab5298,0x1ab52e8@8	9,3	Botan::MDx_HashFunction	Botan::MDx_HashFunction;Botan::HashFunction;Botan::Buffered_Computation;Botan::Algorithm	MI
Botan::StreamCipher_Filter	.?AVStreamCipher_Filter@Botan@@	0x1ab4ba8	10	Botan::Keyed_Filter	Botan::Keyed_Filter;Botan::Filter	
Botan::SymmetricAlgorithm	.?AVSymmetricAlgorithm@Botan@@	0x1ab4638	5	Botan::Algorithm	Botan::Algorithm	
Botan::Win32_EntropySource	.?AVWin32_EntropySource@Botan@@	0x1ab54f0	3	Botan::EntropySource	Botan::EntropySource	
BoundingMine	.?AVBoundingMine@@	0x1b3f688,0x1b403a8@24,0x1b403d0@48	419,4,23	Mine	Mine;Shot;Entity;ObjectTyped;Object;NetworkObject;RemoveSoftLinks<SoftLinkIdTraits<ObjectId,ObjectIdAutoDestroy>>;BaseRefCount<1>;RefCountBaseT<1>;NetworkSimpleObject;CountInstances<Object>;EPEItem;TLinkBidir<1>;NoCopy;Animated	MI
Buffer<AutoArray<PlateInfo,MemAllocD>>	.?AV?$Buffer@V?$AutoArray@VPlateInfo@@VMemAllocD@@@@@@	0x1abf2f8	3	BaseRefCount<1>	BaseRefCount<1>;RefCountBaseT<1>	
Buffer<AutoArray<WoundTextureSelection<TexMaterial>,MemAllocD>>	.?AV?$Buffer@V?$AutoArray@V?$WoundTextureSelection@VTexMaterial@@@@VMemAllocD@@@@@@	0x1b398e0	3	BaseRefCount<1>	BaseRefCount<1>;RefCountBaseT<1>	
Buffer<AutoArray<WoundTextureSelection<Texture>,MemAllocD>>	.?AV?$Buffer@V?$AutoArray@V?$WoundTextureSelection@VTexture@@@@VMemAllocD@@@@@@	0x1b398c0	3	BaseRefCount<1>	BaseRefCount<1>;RefCountBaseT<1>	
Buffer<char>	.?AV?$Buffer@D@@	0x1a7ab48	3	BaseRefCount<1>	BaseRefCount<1>;RefCountBaseT<1>	
Buffer<DampedSpring>	.?AV?$Buffer@VDampedSpring@@@@	0x1bc87e0	3	BaseRefCount<1>	BaseRefCount<1>;RefCountBaseT<1>	
Buffer<DoorInfo>	.?AV?$Buffer@UDoorInfo@@@@	0x1b28498	3	BaseRefCount<1>	BaseRefCount<1>;RefCountBaseT<1>	
Buffer<float>	.?AV?$Buffer@M@@	0x1bc8800	3	BaseRefCount<1>	BaseRefCount<1>;RefCountBaseT<1>	
Buffer<int>	.?AV?$Buffer@H@@	0x1bc8560	3	BaseRefCount<1>	BaseRefCount<1>;RefCountBaseT<1>	
Buffer<LevelProxies>	.?AV?$Buffer@ULevelProxies@@@@	0x1c42340	3	BaseRefCount<1>	BaseRefCount<1>;RefCountBaseT<1>	
Buffer<ManProxy>	.?AV?$Buffer@UManProxy@@@@	0x1c47b00	3	BaseRefCount<1>	BaseRefCount<1>;RefCountBaseT<1>	
Buffer<RefArray<ProxyObjectTyped,MemAllocD>>	.?AV?$Buffer@V?$RefArray@UProxyObjectTyped@@VMemAllocD@@@@@@	0x1b74480	3	BaseRefCount<1>	BaseRefCount<1>;RefCountBaseT<1>	
Buffer<short>	.?AV?$Buffer@F@@	0x1ca2528	3	BaseRefCount<1>	BaseRefCount<1>;RefCountBaseT<1>	
Buffer<unsigned char>	.?AV?$Buffer@E@@	0x1b61290	3	BaseRefCount<1>	BaseRefCount<1>;RefCountBaseT<1>	
Building	.?AVBuilding@@	0x1be4f20,0x1be6340@24,0x1be6368@48,0x1be6428@1464,0x1be6448@1472,0x1be6460@2152	643,4,23,3,2,3	EntityAI;IPaths	EntityAI;Entity;ObjectTyped;Object;NetworkObject;RemoveSoftLinks<SoftLinkIdTraits<ObjectId,ObjectIdAutoDestroy>>;BaseRefCount<1>;RefCountBaseT<1>;NetworkSimpleObject;CountInstances<Object>;EPEItem;TLinkBidir<1>;NoCopy;Animated;JoinedObject;IHasParentContainer;IPaths	MI
BuildingType	.?AVBuildingType@@	0x1be3708,0x1be3990@24,0x1be39c8@32,0x1be39e0@752	80,6,2,4	EntityAIType	EntityAIType;EntityType;RemoveLLinks;BaseRefCount<1>;RefCountBaseT<1>;LODShapeLoadHandler;AnimatedType;LinkBidirWithFrameStoreT<FrameStoreTraits>;TLinkBidir<2>;NoCopy;ComponentHolderType<ComponentType>	MI
BuldozerBinMakeFunctions	.?AVBuldozerBinMakeFunctions@@	0x1ce05b8	2	BinMakeFunctions	BinMakeFunctions;FileMakeFunctions	
BuldozerHUDDisplay	.?AVBuldozerHUDDisplay@@	0x1ce3e20,0x1ce4030@24,0x1ce4048@552,0x1ce4070@1672	65,2,4,26	Display	Display;ControlsContainer;RemoveLLinks;BaseRefCount<1>;RefCountBaseT<1>;EventHandlerGroupContainer_Simple<EventHandlerContainer_UI,13,enum DisplayEvent>;IUICollectibleControls;IHasGameVarSpace;AbstractOptionsUI	MI
BuldozerQuickPalette	.?AVBuldozerQuickPalette@@	0x1ce3e00	3	RemoveLLinks	RemoveLLinks;BaseRefCount<1>;RefCountBaseT<1>	
BulletSoundManager	.?AVBulletSoundManager@@	0x1b5a800	1			
BuoyancyType	.?AVBuoyancyType@@	0x1ce19e8	10	BaseRefCount<1>	BaseRefCount<1>;RefCountBaseT<1>	
BuoyancyTypeIteration	.?AVBuoyancyTypeIteration@@	0x1ce1a40	10	BuoyancyType	BuoyancyType;BaseRefCount<1>;RefCountBaseT<1>	
BuoyancyTypeSpheres	.?AVBuoyancyTypeSpheres@@	0x1ce1a98	10	BuoyancyType	BuoyancyType;BaseRefCount<1>;RefCountBaseT<1>	
ButtonBase	.?AVButtonBase@@	0x1ccb8b0,0x1ccb918@24	12,76	Control	Control;RemoveLLinks;BaseRefCount<1>;RefCountBaseT<1>;IControl;EventHandlerGroupContainer_DynArray<EventHandlerContainer_UI,enum ControlEvent>;IUICollectibleControls;IHasGameVarSpace	MI
C2DKeys	.?AVC2DKeys@@	0x1b7ed90,0x1b7eea8@24	34,76	CListBox;CKeys	CListBox;CListBoxContainer;Control;RemoveLLinks;BaseRefCount<1>;RefCountBaseT<1>;IControl;EventHandlerGroupContainer_DynArray<EventHandlerContainer_UI,enum ControlEvent>;IUICollectibleControls;IHasGameVarSpace;CListBoxItems;AutoArray<CListBoxItem,MemAllocD>;Array<CListBoxItem>;MemAllocD;CKeys	MI
C2DMPRoles	.?AVC2DMPRoles@@	0x1b7aa68,0x1b7ab80@24	34,76	CListBox	CListBox;CListBoxContainer;Control;RemoveLLinks;BaseRefCount<1>;RefCountBaseT<1>;IControl;EventHandlerGroupContainer_DynArray<EventHandlerContainer_UI,enum ControlEvent>;IUICollectibleControls;IHasGameVarSpace;CListBoxItems;AutoArray<CListBoxItem,MemAllocD>;Array<CListBoxItem>;MemAllocD	MI
C2DMPSideButton	.?AVC2DMPSideButton@@	0x1b7ae28,0x1b7ae80@24,0x1b7b0e8@568	10,76,8	CActiveText;CMPSideButton	CActiveText;Control;RemoveLLinks;BaseRefCount<1>;RefCountBaseT<1>;IControl;EventHandlerGroupContainer_DynArray<EventHandlerContainer_UI,enum ControlEvent>;IUICollectibleControls;IHasGameVarSpace;CTextContainer;ITextContainer;CMPSideButton	MI
C2DSessions	.?AVC2DSessions@@	0x1b853d8,0x1b854f0@24,0x1b85758@952	34,76,7	CListBox;CSessionsContainer	CListBox;CListBoxContainer;Control;RemoveLLinks;BaseRefCount<1>;RefCountBaseT<1>;IControl;EventHandlerGroupContainer_DynArray<EventHandlerContainer_UI,enum ControlEvent>;IUICollectibleControls;IHasGameVarSpace;CListBoxItems;AutoArray<CListBoxItem,MemAllocD>;Array<CListBoxItem>;MemAllocD;CSessionsContainer	MI
CacheContainer<MapObjectListFull,CacheTraits<MapObjectListFull>>	.?AV?$CacheContainer@VMapObjectListFull@@U?$CacheTraits@VMapObjectListFull@@@@@@	0x1c5e158	11	MemoryFreeOnDemandHelper	MemoryFreeOnDemandHelper;IMemoryFreeOnDemand;TLinkBidir<0>;NoCopy	
CacheContainer<ObjectListAgg,CacheTraits<ObjectListAgg>>	.?AV?$CacheContainer@VObjectListAgg@@U?$CacheTraits@VObjectListAgg@@@@@@	0x1c5daf8	11	MemoryFreeOnDemandHelper	MemoryFreeOnDemandHelper;IMemoryFreeOnDemand;TLinkBidir<0>;NoCopy	
CacheContainer<ObjectListFull,CacheTraits<ObjectListFull>>	.?AV?$CacheContainer@VObjectListFull@@U?$CacheTraits@VObjectListFull@@@@@@	0x1c5da00	11	MemoryFreeOnDemandHelper	MemoryFreeOnDemandHelper;IMemoryFreeOnDemand;TLinkBidir<0>;NoCopy	
CActiveText	.?AVCActiveText@@	0x1ccc178,0x1ccc1d0@24,0x1ccc438@568	10,76,8	Control;CTextContainer	Control;RemoveLLinks;BaseRefCount<1>;RefCountBaseT<1>;IControl;EventHandlerGroupContainer_DynArray<EventHandlerContainer_UI,enum ControlEvent>;IUICollectibleControls;IHasGameVarSpace;CTextContainer;ITextContainer	MI
CallStackArrayItemWithCode	.?AVCallStackArrayItemWithCode@@	0x1aa3008,0x1aa3058@16,0x1aa3098@88	9,7,2	CallStackItem;ICallStackItemLoop	CallStackItem;BaseRefCount<1>;RefCountBaseT<1>;IDebugScope;ICallStackItemLoop	MI
CallStackItem	.?AVCallStackItem@@	0x1aa2cb8,0x1aa2d08@16	9,7	BaseRefCount<1>;IDebugScope	BaseRefCount<1>;RefCountBaseT<1>;IDebugScope	MI
CallStackItemApply	.?AVCallStackItemApply@@	0x1aa3158,0x1aa31a8@16,0x1aa31e8@88	9,7,2	CallStackArrayItemWithCode	CallStackArrayItemWithCode;CallStackItem;BaseRefCount<1>;RefCountBaseT<1>;IDebugScope;ICallStackItemLoop	MI
CallStackItemArrayCount	.?AVCallStackItemArrayCount@@	0x1a9d928,0x1a9d978@16,0x1a9d9b8@88	9,7,2	CallStackItem;ICallStackItemLoop	CallStackItem;BaseRefCount<1>;RefCountBaseT<1>;IDebugScope;ICallStackItemLoop	MI
CallStackItemArrayFindCond	.?AVCallStackItemArrayFindCond@@	0x1a9d9d0,0x1a9da20@16,0x1a9da60@88	9,7,2	CallStackItem;ICallStackItemLoop	CallStackItem;BaseRefCount<1>;RefCountBaseT<1>;IDebugScope;ICallStackItemLoop	MI
CallStackItemArrayForEach	.?AVCallStackItemArrayForEach@@	0x1a7d738,0x1a7d788@16,0x1a7d7c8@88	9,7,2	CallStackItem;ICallStackItemLoop	CallStackItem;BaseRefCount<1>;RefCountBaseT<1>;IDebugScope;ICallStackItemLoop	MI
CallStackItemArrayForEachReversed	.?AVCallStackItemArrayForEachReversed@@	0x1a9da78,0x1a9dac8@16,0x1a9db08@88	9,7,2	CallStackItem;ICallStackItemLoop	CallStackItem;BaseRefCount<1>;RefCountBaseT<1>;IDebugScope;ICallStackItemLoop	MI
CallStackItemConditionSelect	.?AVCallStackItemConditionSelect@@	0x1aa30b0,0x1aa3100@16,0x1aa3140@88	9,7,2	CallStackArrayItemWithCode	CallStackArrayItemWithCode;CallStackItem;BaseRefCount<1>;RefCountBaseT<1>;IDebugScope;ICallStackItemLoop	MI
CallStackItemData	.?AVCallStackItemData@@	0x1a9d6d0,0x1a9d720@16	9,7	CallStackItem	CallStackItem;BaseRefCount<1>;RefCountBaseT<1>;IDebugScope	MI
CallStackItemDataBool	.?AVCallStackItemDataBool@@	0x1a9d760,0x1a9d7b0@16	9,7	CallStackItemData	CallStackItemData;CallStackItem;BaseRefCount<1>;RefCountBaseT<1>;IDebugScope	MI
CallStackItemExitWith	.?AVCallStackItemExitWith@@	0x1a9dd90,0x1a9dde0@16	9,7	CallStackItem	CallStackItem;BaseRefCount<1>;RefCountBaseT<1>;IDebugScope	MI
CallStackItemForBASIC	.?AVCallStackItemForBASIC@@	0x1a9db20,0x1a9db70@16,0x1a9dbb0@88	9,7,2	CallStackItem;ICallStackItemLoop	CallStackItem;BaseRefCount<1>;RefCountBaseT<1>;IDebugScope;ICallStackItemLoop	MI
CallStackItemForC	.?AVCallStackItemForC@@	0x1a9dbc8,0x1a9dc18@16,0x1a9dc58@88	9,7,2	CallStackItem;ICallStackItemLoop	CallStackItem;BaseRefCount<1>;RefCountBaseT<1>;IDebugScope;ICallStackItemLoop	MI
CallStackItemHashMapApply	.?AVCallStackItemHashMapApply@@	0x1b4b838,0x1b4b888@16,0x1b4b8c8@88	9,7,2	CallStackItem;ICallStackItemLoop	CallStackItem;BaseRefCount<1>;RefCountBaseT<1>;IDebugScope;ICallStackItemLoop	MI
CallStackItemHashMapConstruct	.?AVCallStackItemHashMapConstruct@@	0x1b4b900,0x1b4b950@16	9,7	CallStackItemData	CallStackItemData;CallStackItem;BaseRefCount<1>;RefCountBaseT<1>;IDebugScope	MI
CallStackItemHashMapForEach	.?AVCallStackItemHashMapForEach@@	0x1b4b758,0x1b4b7a8@16,0x1b4b7e8@88	9,7,2	CallStackItem;ICallStackItemLoop	CallStackItem;BaseRefCount<1>;RefCountBaseT<1>;IDebugScope;ICallStackItemLoop	MI
CallStackItemRepeat	.?AVCallStackItemRepeat@@	0x1a9d880,0x1a9d8d0@16,0x1a9d910@88	9,7,2	CallStackItem;ICallStackItemLoop	CallStackItem;BaseRefCount<1>;RefCountBaseT<1>;IDebugScope;ICallStackItemLoop	MI
CallStackItemSimple	.?AVCallStackItemSimple@@	0x1a9d640,0x1a9d690@16	9,7	CallStackItem	CallStackItem;BaseRefCount<1>;RefCountBaseT<1>;IDebugScope	MI
CallStackItemSleep	.?AVCallStackItemSleep@@	0x1ace440,0x1ace490@16	9,7	CallStackItem	CallStackItem;BaseRefCount<1>;RefCountBaseT<1>;IDebugScope	MI
CallStackItemSwitch	.?AVCallStackItemSwitch@@	0x1a9dc70,0x1a9dcc0@16	9,7	CallStackItem	CallStackItem;BaseRefCount<1>;RefCountBaseT<1>;IDebugScope	MI
CallStackItemTry	.?AVCallStackItemTry@@	0x1a9dd00,0x1a9dd50@16	9,7	CallStackItem	CallStackItem;BaseRefCount<1>;RefCountBaseT<1>;IDebugScope	MI
CallStackItemUISleep	.?AVCallStackItemUISleep@@	0x1ace4d0,0x1ace520@16	9,7	CallStackItem	CallStackItem;BaseRefCount<1>;RefCountBaseT<1>;IDebugScope	MI
CallStackItemWaitUntil	.?AVCallStackItemWaitUntil@@	0x1aa3200,0x1aa3250@16,0x1aa3290@88	9,7,2	CallStackItem;ICallStackItemLoop	CallStackItem;BaseRefCount<1>;RefCountBaseT<1>;IDebugScope;ICallStackItemLoop	MI
CallStackItemWaitUntilHandle	.?AVCallStackItemWaitUntilHandle@@	0x1aa4048,0x1aa4098@16	9,7	CallStackItem	CallStackItem;BaseRefCount<1>;RefCountBaseT<1>;IDebugScope	MI
CallStackItemWaitUntilWithTimeout	.?AVCallStackItemWaitUntilWithTimeout@@	0x1ace570,0x1ace5c0@16,0x1ace600@88	9,7,2	CallStackItemWaitUntil	CallStackItemWaitUntil;CallStackItem;BaseRefCount<1>;RefCountBaseT<1>;IDebugScope;ICallStackItemLoop	MI
CallStackItemWith	.?AVCallStackItemWith@@	0x1a9d7f0,0x1a9d840@16	9,7	CallStackItemData	CallStackItemData;CallStackItem;BaseRefCount<1>;RefCountBaseT<1>;IDebugScope	MI
Camera	.?AVCamera@@	0x1b4ad38	15	FrameBase	FrameBase;Frame;Matrix4P	
CameraComponent	.?AVCameraComponent@@	0x1ac4a90	22	PylonComponentWithVehicle	PylonComponentWithVehicle;PylonComponent;Component;BaseRefCount<1>;RefCountBaseT<1>	
CameraComponentType	.?AVCameraComponentType@@	0x1ac4a28	12	PylonComponentType	PylonComponentType;ComponentType;BaseRefCount<1>;RefCountBaseT<1>	
CameraConstruct	.?AVCameraConstruct@@	0x1bc62e0,0x1bc7018@24,0x1bc7040@48	422,4,23	CameraHolder	CameraHolder;Entity;ObjectTyped;Object;NetworkObject;RemoveSoftLinks<SoftLinkIdTraits<ObjectId,ObjectIdAutoDestroy>>;BaseRefCount<1>;RefCountBaseT<1>;NetworkSimpleObject;CountInstances<Object>;EPEItem;TLinkBidir<1>;NoCopy;Animated	MI
CameraCurator	.?AVCameraCurator@@	0x1bc7100,0x1bc7e40@24,0x1bc7e68@48	423,4,23	CameraConstruct	CameraConstruct;CameraHolder;Entity;ObjectTyped;Object;NetworkObject;RemoveSoftLinks<SoftLinkIdTraits<ObjectId,ObjectIdAutoDestroy>>;BaseRefCount<1>;RefCountBaseT<1>;NetworkSimpleObject;CountInstances<Object>;EPEItem;TLinkBidir<1>;NoCopy;Animated	MI
CameraEffect	.?AVCameraEffect@@	0x1c7a528	14	RemoveLinks	RemoveLinks;BaseRefCount<1>;RefCountBaseT<1>;SList<BaseLink,TLink<0>>;TLink<0>	MI
CameraEffectChained	.?AVCameraEffectChained@@	0x1c55880	14	CameraEffect	CameraEffect;RemoveLinks;BaseRefCount<1>;RefCountBaseT<1>;SList<BaseLink,TLink<0>>;TLink<0>	MI
CameraEffectInternal	.?AVCameraEffectInternal@@	0x1c556f8	14	CameraEffectTimed	CameraEffectTimed;CameraEffect;RemoveLinks;BaseRefCount<1>;RefCountBaseT<1>;SList<BaseLink,TLink<0>>;TLink<0>	MI
CameraEffectInterpolated	.?AVCameraEffectInterpolated@@	0x1c55798	14	CameraEffectTimed	CameraEffectTimed;CameraEffect;RemoveLinks;BaseRefCount<1>;RefCountBaseT<1>;SList<BaseLink,TLink<0>>;TLink<0>	MI
CameraEffectStatic	.?AVCameraEffectStatic@@	0x1c55608	14	CameraEffectTimed	CameraEffectTimed;CameraEffect;RemoveLinks;BaseRefCount<1>;RefCountBaseT<1>;SList<BaseLink,TLink<0>>;TLink<0>	MI
CameraEffectTimed	.?AVCameraEffectTimed@@					no-col
CameraEffectTracking	.?AVCameraEffectTracking@@	0x1c55680	14	CameraEffectStatic	CameraEffectStatic;CameraEffectTimed;CameraEffect;RemoveLinks;BaseRefCount<1>;RefCountBaseT<1>;SList<BaseLink,TLink<0>>;TLink<0>	MI
CameraHolder	.?AVCameraHolder@@	0x1bc4698,0x1bc53d0@24,0x1bc53f8@48	422,4,23	Entity	Entity;ObjectTyped;Object;NetworkObject;RemoveSoftLinks<SoftLinkIdTraits<ObjectId,ObjectIdAutoDestroy>>;BaseRefCount<1>;RefCountBaseT<1>;NetworkSimpleObject;CountInstances<Object>;EPEItem;TLinkBidir<1>;NoCopy;Animated	MI
CameraHolder::Pars	.?AUPars@CameraHolder@@	0x1bc4648	4	SerializeClass	SerializeClass	
CameraHolder::Set	.?AUSet@CameraHolder@@	0x1bc4670	4	SerializeClass	SerializeClass	
CameraVehicle	.?AVCameraVehicle@@	0x1bc54b8,0x1bc61f8@24,0x1bc6220@48	423,4,23	CameraHolder	CameraHolder;Entity;ObjectTyped;Object;NetworkObject;RemoveSoftLinks<SoftLinkIdTraits<ObjectId,ObjectIdAutoDestroy>>;BaseRefCount<1>;RefCountBaseT<1>;NetworkSimpleObject;CountInstances<Object>;EPEItem;TLinkBidir<1>;NoCopy;Animated	MI
CameraViewer	.?AVCameraViewer@@	0x1c72740,0x1c733c0@24,0x1c733e8@48	399,4,23	Entity	Entity;ObjectTyped;Object;NetworkObject;RemoveSoftLinks<SoftLinkIdTraits<ObjectId,ObjectIdAutoDestroy>>;BaseRefCount<1>;RefCountBaseT<1>;NetworkSimpleObject;CountInstances<Object>;EPEItem;TLinkBidir<1>;NoCopy;Animated	MI
CampaignHistory	.?AUCampaignHistory@@	0x1b2c6a8	4	SerializeClass	SerializeClass	
CampaignPackageGroupFilter	.?AUCampaignPackageGroupFilter@@	0x1b76530	4	CCampaignManager::PackageFilter	CCampaignManager::PackageFilter;BaseRefCount<1>;RefCountBaseT<1>	
CanGetInSomeTurret	.?AVCanGetInSomeTurret@@	0x1c46868	2	ITurretFunc	ITurretFunc	
CanHideGunner	.?AVCanHideGunner@@	0x1c448b0	2	ITurretTypeFunc	ITurretTypeFunc	
CAnimatedTexture	.?AVCAnimatedTexture@@	0x1ccd250,0x1ccd2a8@24	10,76	Control	Control;RemoveLLinks;BaseRefCount<1>;RefCountBaseT<1>;IControl;EventHandlerGroupContainer_DynArray<EventHandlerContainer_UI,enum ControlEvent>;IUICollectibleControls;IHasGameVarSpace	MI
Car	.?AVCar@@	0x1bc8c40,0x1bcaa40@24,0x1bcaa68@48,0x1bcab28@1464,0x1bcab48@1472,0x1bcab60@2152	959,4,23,3,2,7	TankOrCar	TankOrCar;Transport;EntityAIFull;EntityAI;Entity;ObjectTyped;Object;NetworkObject;RemoveSoftLinks<SoftLinkIdTraits<ObjectId,ObjectIdAutoDestroy>>;BaseRefCount<1>;RefCountBaseT<1>;NetworkSimpleObject;CountInstances<Object>;EPEItem;TLinkBidir<1>;NoCopy;Animated;JoinedObject;IHasParentContainer;ComponentHolder<EntityAIFull,Component>	MI
CarCollisionsContactResolver	.?AVCarCollisionsContactResolver@@	0x1bcabd8	6	DantzigAlgorithm	DantzigAlgorithm	
CarCollisionsResolverMaxImpulse	.?AVCarCollisionsResolverMaxImpulse@@	0x1bcac10	6	CarCollisionsContactResolver	CarCollisionsContactResolver;DantzigAlgorithm	
CarEPE	.?AVCarEPE@@	0x1bcb650,0x1bcd458@24,0x1bcd480@48,0x1bcd540@1464,0x1bcd560@1472,0x1bcd578@2152	960,4,23,3,2,7	Car	Car;TankOrCar;Transport;EntityAIFull;EntityAI;Entity;ObjectTyped;Object;NetworkObject;RemoveSoftLinks<SoftLinkIdTraits<ObjectId,ObjectIdAutoDestroy>>;BaseRefCount<1>;RefCountBaseT<1>;NetworkSimpleObject;CountInstances<Object>;EPEItem;TLinkBidir<1>;NoCopy;Animated;JoinedObject;IHasParentContainer;ComponentHolder<EntityAIFull,Component>	MI
CarEPEType	.?AVCarEPEType@@	0x1bcb318,0x1bcb5d8@24,0x1bcb610@32,0x1bcb628@752	87,6,2,4	CarType	CarType;TankOrCarType;TransportType;EntityAIType;EntityType;RemoveLLinks;BaseRefCount<1>;RefCountBaseT<1>;LODShapeLoadHandler;AnimatedType;LinkBidirWithFrameStoreT<FrameStoreTraits>;TLinkBidir<2>;NoCopy;ComponentHolderType<ComponentType>	MI
CarEPEVisualState	.?AVCarEPEVisualState@@	0x1bcb230,0x1bcb2f8@64	24,3	CarVisualState	CarVisualState;TankOrCarVisualState;TransportVisualState;EntityVisualState;ObjectVisualState;FrameBase;Frame;Matrix4P;BaseRefCount<1>;RefCountBaseT<1>	MI
CArgument	.?AVCArgument@@	0x1b43a90	4	RemoveLinks	RemoveLinks;BaseRefCount<1>;RefCountBaseT<1>;SList<BaseLink,TLink<0>>;TLink<0>	MI
CArgumentType	.?AVCArgumentType@@	0x1b43a68	4	RemoveLinks	RemoveLinks;BaseRefCount<1>;RefCountBaseT<1>;SList<BaseLink,TLink<0>>;TLink<0>	MI
CarType	.?AVCarType@@	0x1bc8908,0x1bc8bc8@24,0x1bc8c00@32,0x1bc8c18@752	87,6,2,4	TankOrCarType	TankOrCarType;TransportType;EntityAIType;EntityType;RemoveLLinks;BaseRefCount<1>;RefCountBaseT<1>;LODShapeLoadHandler;AnimatedType;LinkBidirWithFrameStoreT<FrameStoreTraits>;TLinkBidir<2>;NoCopy;ComponentHolderType<ComponentType>	MI
CarVisualState	.?AVCarVisualState@@	0x1bc8820,0x1bc88e8@64	24,3	TankOrCarVisualState	TankOrCarVisualState;TransportVisualState;EntityVisualState;ObjectVisualState;FrameBase;Frame;Matrix4P;BaseRefCount<1>;RefCountBaseT<1>	MI
CastGunnerShadow	.?AVCastGunnerShadow@@	0x1c46670	2	ITurretFuncV	ITurretFuncV	
CBackground3D	.?AVCBackground3D@@	0x1cba9d8,0x1cbaaf0@24	34,76	CListBox	CListBox;CListBoxContainer;Control;RemoveLLinks;BaseRefCount<1>;RefCountBaseT<1>;IControl;EventHandlerGroupContainer_DynArray<EventHandlerContainer_UI,enum ControlEvent>;IUICollectibleControls;IHasGameVarSpace;CListBoxItems;AutoArray<CListBoxItem,MemAllocD>;Array<CListBoxItem>;MemAllocD	MI
CBackGround3dArcade	.?AVCBackGround3dArcade@@	0x1cdbc88,0x1cdbda0@24	34,76	CListBox	CListBox;CListBoxContainer;Control;RemoveLLinks;BaseRefCount<1>;RefCountBaseT<1>;IControl;EventHandlerGroupContainer_DynArray<EventHandlerContainer_UI,enum ControlEvent>;IUICollectibleControls;IHasGameVarSpace;CListBoxItems;AutoArray<CListBoxItem,MemAllocD>;Array<CListBoxItem>;MemAllocD	MI
CBackpack2SlotItem	.?AVCBackpack2SlotItem@@	0x1cec6e0,0x1cec7e0@16,0x1cec800@40,0x1cec828@72	31,3,4,2	CCommonItem	CCommonItem;IInventorySlotItem;IInventoryObjectBase;CMassObject;RemoveLinks;BaseRefCount<1>;RefCountBaseT<1>;SList<BaseLink,TLink<0>>;TLink<0>;SerializeClass;IHasParentContainer	MI
CBackpackItem	.?AVCBackpackItem@@	0x1cebbd8,0x1cebcd8@16,0x1cebcf8@40,0x1cebd20@72	31,3,4,2	IInventoryContainterSlotItem	IInventoryContainterSlotItem;IInventorySlotItem;IInventoryObjectBase;CMassObject;RemoveLinks;BaseRefCount<1>;RefCountBaseT<1>;SList<BaseLink,TLink<0>>;TLink<0>;SerializeClass;IHasParentContainer	MI
CBicubicFilter	.?AVCBicubicFilter@@	0x1d706c8	2	CGenericFilter	CGenericFilter	
CBilinearFilter	.?AVCBilinearFilter@@	0x1d706b0	2	CGenericFilter	CGenericFilter	
CBinocularSlotItem	.?AVCBinocularSlotItem@@	0x1ced700,0x1ced800@16,0x1ced820@40,0x1ced848@72	31,3,4,2	CCommonItem	CCommonItem;IInventorySlotItem;IInventoryObjectBase;CMassObject;RemoveLinks;BaseRefCount<1>;RefCountBaseT<1>;SList<BaseLink,TLink<0>>;TLink<0>;SerializeClass;IHasParentContainer	MI
CBoxFilter	.?AVCBoxFilter@@	0x1d70698	2	CGenericFilter	CGenericFilter	
CBSplineFilter	.?AVCBSplineFilter@@	0x1d70710	2	CGenericFilter	CGenericFilter	
CButton	.?AVCButton@@	0x1ccbe60,0x1ccbec8@24,0x1ccc130@752	12,76,8	ButtonBase;CTextContainer	ButtonBase;Control;RemoveLLinks;BaseRefCount<1>;RefCountBaseT<1>;IControl;EventHandlerGroupContainer_DynArray<EventHandlerContainer_UI,enum ControlEvent>;IUICollectibleControls;IHasGameVarSpace;CTextContainer;ITextContainer	MI
CCallback<CheckSquadObject,ValidateAuthTicketResponse_t,1>	.?AV?$CCallback@VCheckSquadObject@@UValidateAuthTicketResponse_t@@$00@@	0x1a7af48	4	CCallbackImpl<20>	CCallbackImpl<20>;CCallbackBase	
CCallback<NetworkClient,GetAuthSessionTicketResponse_t,0>	.?AV?$CCallback@VNetworkClient@@UGetAuthSessionTicketResponse_t@@$0A@@@					no-col
CCallback<NetworkServer,GSPolicyResponse_t,1>	.?AV?$CCallback@VNetworkServer@@UGSPolicyResponse_t@@$00@@	0x1bb45e0	4	CCallbackImpl<1>	CCallbackImpl<1>;CCallbackBase	
CCallback<NetworkServer,SteamServersConnected_t,1>	.?AV?$CCallback@VNetworkServer@@USteamServersConnected_t@@$00@@	0x1bb4590	4	CCallbackImpl<1>	CCallbackImpl<1>;CCallbackBase	
CCallback<NetworkServer,SteamServersDisconnected_t,1>	.?AV?$CCallback@VNetworkServer@@USteamServersDisconnected_t@@$00@@	0x1bb45b8	4	CCallbackImpl<4>	CCallbackImpl<4>;CCallbackBase	
CCallback<NetworkServer,ValidateAuthTicketResponse_t,1>	.?AV?$CCallback@VNetworkServer@@UValidateAuthTicketResponse_t@@$00@@	0x1bb4540	4	CCallbackImpl<20>	CCallbackImpl<20>;CCallbackBase	
CCallback<SessionStatistics,UserAchievementStored_t,0>	.?AV?$CCallback@VSessionStatistics@@UUserAchievementStored_t@@$0A@@@	0x1a854f0	4	CCallbackImpl<152>	CCallbackImpl<152>;CCallbackBase	
CCallback<SessionStatistics,UserStatsReceived_t,0>	.?AV?$CCallback@VSessionStatistics@@UUserStatsReceived_t@@$0A@@@	0x1a85478	4	CCallbackImpl<24>	CCallbackImpl<24>;CCallbackBase	
CCallback<SessionStatistics,UserStatsStored_t,0>	.?AV?$CCallback@VSessionStatistics@@UUserStatsStored_t@@$0A@@@	0x1a854a0	4	CCallbackImpl<16>	CCallbackImpl<16>;CCallbackBase	
CCallback<Steam::Callback::DlcInstalled,DlcInstalled_t,0>	.?AV?$CCallback@VDlcInstalled@Callback@Steam@@UDlcInstalled_t@@$0A@@@					no-col
CCallback<Steam::Callback::MPJoin,GameRichPresenceJoinRequested_t,0>	.?AV?$CCallback@VMPJoin@Callback@Steam@@UGameRichPresenceJoinRequested_t@@$0A@@@					no-col
CCallback<Steam::Callback::MPJoin,GameServerChangeRequested_t,0>	.?AV?$CCallback@VMPJoin@Callback@Steam@@UGameServerChangeRequested_t@@$0A@@@					no-col
CCallback<Steam::Callback::OverlayActive,GameOverlayActivated_t,0>	.?AV?$CCallback@VOverlayActive@Callback@Steam@@UGameOverlayActivated_t@@$0A@@@					no-col
CCallback<Steam::Callback::PersonaStateChange,PersonaStateChange_t,0>	.?AV?$CCallback@VPersonaStateChange@Callback@Steam@@UPersonaStateChange_t@@$0A@@@					no-col
CCallback<Steam::Callback::RichPresenceUpdated,FriendRichPresenceUpdate_t,0>	.?AV?$CCallback@VRichPresenceUpdated@Callback@Steam@@UFriendRichPresenceUpdate_t@@$0A@@@					no-col
CCallback<Steam::Callback::StatsChanged,UserAchievementStored_t,0>	.?AV?$CCallback@VStatsChanged@Callback@Steam@@UUserAchievementStored_t@@$0A@@@					no-col
CCallback<Steam::Callback::StatsChanged,UserStatsReceived_t,0>	.?AV?$CCallback@VStatsChanged@Callback@Steam@@UUserStatsReceived_t@@$0A@@@					no-col
CCallback<Steam::Callback::StatsChanged,UserStatsStored_t,0>	.?AV?$CCallback@VStatsChanged@Callback@Steam@@UUserStatsStored_t@@$0A@@@					no-col
CCallbackBase	.?AVCCallbackBase@@					no-col
CCallbackImpl<128>	.?AV?$CCallbackImpl@$0IA@@@	0x1b615b0	4	CCallbackBase	CCallbackBase	
CCallbackImpl<12>	.?AV?$CCallbackImpl@$0M@@@	0x1b61648	4	CCallbackBase	CCallbackBase	
CCallbackImpl<136>	.?AV?$CCallbackImpl@$0II@@@	0x1a7ccf8	4	CCallbackBase	CCallbackBase	
CCallbackImpl<152>	.?AV?$CCallbackImpl@$0JI@@@	0x1a854c8	4	CCallbackBase	CCallbackBase	
CCallbackImpl<16>	.?AV?$CCallbackImpl@$0BA@@@	0x1a852c0	4	CCallbackBase	CCallbackBase	
CCallbackImpl<1>	.?AV?$CCallbackImpl@$00@@	0x1bb4568	4	CCallbackBase	CCallbackBase	
CCallbackImpl<20>	.?AV?$CCallbackImpl@$0BE@@@	0x1a7adc8	4	CCallbackBase	CCallbackBase	
CCallbackImpl<24>	.?AV?$CCallbackImpl@$0BI@@@	0x1a85450	4	CCallbackBase	CCallbackBase	
CCallbackImpl<264>	.?AV?$CCallbackImpl@$0BAI@@@	0x1b61560	4	CCallbackBase	CCallbackBase	
CCallbackImpl<40>	.?AV?$CCallbackImpl@$0CI@@@	0x1a870c8	4	CCallbackBase	CCallbackBase	
CCallbackImpl<4>	.?AV?$CCallbackImpl@$03@@	0x1a870a0	4	CCallbackBase	CCallbackBase	
CCallbackImpl<56>	.?AV?$CCallbackImpl@$0DI@@@	0x1a87190	4	CCallbackBase	CCallbackBase	
CCallbackImpl<696>	.?AV?$CCallbackImpl@$0CLI@@@	0x1a7cd48	4	CCallbackBase	CCallbackBase	
CCallbackImpl<8>	.?AV?$CCallbackImpl@$07@@	0x1a87078	4	CCallbackBase	CCallbackBase	
CCallbackManual<NetworkClient,GetAuthSessionTicketResponse_t,0>	.?AV?$CCallbackManual@VNetworkClient@@UGetAuthSessionTicketResponse_t@@$0A@@@	0x1ba8c60	4	CCallback<NetworkClient,GetAuthSessionTicketResponse_t,0>	CCallback<NetworkClient,GetAuthSessionTicketResponse_t,0>;CCallbackImpl<8>;CCallbackBase	
CCallbackManual<Steam::Callback::DlcInstalled,DlcInstalled_t,0>	.?AV?$CCallbackManual@VDlcInstalled@Callback@Steam@@UDlcInstalled_t@@$0A@@@	0x1b61528	4	CCallback<Steam::Callback::DlcInstalled,DlcInstalled_t,0>	CCallback<Steam::Callback::DlcInstalled,DlcInstalled_t,0>;CCallbackImpl<4>;CCallbackBase	
CCallbackManual<Steam::Callback::MPJoin,GameRichPresenceJoinRequested_t,0>	.?AV?$CCallbackManual@VMPJoin@Callback@Steam@@UGameRichPresenceJoinRequested_t@@$0A@@@	0x1b61588	4	CCallback<Steam::Callback::MPJoin,GameRichPresenceJoinRequested_t,0>	CCallback<Steam::Callback::MPJoin,GameRichPresenceJoinRequested_t,0>;CCallbackImpl<264>;CCallbackBase	
CCallbackManual<Steam::Callback::MPJoin,GameServerChangeRequested_t,0>	.?AV?$CCallbackManual@VMPJoin@Callback@Steam@@UGameServerChangeRequested_t@@$0A@@@	0x1b615d8	4	CCallback<Steam::Callback::MPJoin,GameServerChangeRequested_t,0>	CCallback<Steam::Callback::MPJoin,GameServerChangeRequested_t,0>;CCallbackImpl<128>;CCallbackBase	
CCallbackManual<Steam::Callback::OverlayActive,GameOverlayActivated_t,0>	.?AV?$CCallbackManual@VOverlayActive@Callback@Steam@@UGameOverlayActivated_t@@$0A@@@	0x1b61670	4	CCallback<Steam::Callback::OverlayActive,GameOverlayActivated_t,0>	CCallback<Steam::Callback::OverlayActive,GameOverlayActivated_t,0>;CCallbackImpl<12>;CCallbackBase	
CCallbackManual<Steam::Callback::PersonaStateChange,PersonaStateChange_t,0>	.?AV?$CCallbackManual@VPersonaStateChange@Callback@Steam@@UPersonaStateChange_t@@$0A@@@	0x1b616a8	4	CCallback<Steam::Callback::PersonaStateChange,PersonaStateChange_t,0>	CCallback<Steam::Callback::PersonaStateChange,PersonaStateChange_t,0>;CCallbackImpl<16>;CCallbackBase	
CCallbackManual<Steam::Callback::RichPresenceUpdated,FriendRichPresenceUpdate_t,0>	.?AV?$CCallbackManual@VRichPresenceUpdated@Callback@Steam@@UFriendRichPresenceUpdate_t@@$0A@@@	0x1b616f0	4	CCallback<Steam::Callback::RichPresenceUpdated,FriendRichPresenceUpdate_t,0>	CCallback<Steam::Callback::RichPresenceUpdated,FriendRichPresenceUpdate_t,0>;CCallbackImpl<12>;CCallbackBase	
CCallbackManual<Steam::Callback::StatsChanged,UserAchievementStored_t,0>	.?AV?$CCallbackManual@VStatsChanged@Callback@Steam@@UUserAchievementStored_t@@$0A@@@	0x1b61778	4	CCallback<Steam::Callback::StatsChanged,UserAchievementStored_t,0>	CCallback<Steam::Callback::StatsChanged,UserAchievementStored_t,0>;CCallbackImpl<152>;CCallbackBase	
CCallbackManual<Steam::Callback::StatsChanged,UserStatsReceived_t,0>	.?AV?$CCallbackManual@VStatsChanged@Callback@Steam@@UUserStatsReceived_t@@$0A@@@	0x1b61728	4	CCallback<Steam::Callback::StatsChanged,UserStatsReceived_t,0>	CCallback<Steam::Callback::StatsChanged,UserStatsReceived_t,0>;CCallbackImpl<24>;CCallbackBase	
CCallbackManual<Steam::Callback::StatsChanged,UserStatsStored_t,0>	.?AV?$CCallbackManual@VStatsChanged@Callback@Steam@@UUserStatsStored_t@@$0A@@@	0x1b61750	4	CCallback<Steam::Callback::StatsChanged,UserStatsStored_t,0>	CCallback<Steam::Callback::StatsChanged,UserStatsStored_t,0>;CCallbackImpl<16>;CCallbackBase	
CCallResult<CWebBrowser,HTML_BrowserReady_t>	.?AV?$CCallResult@VCWebBrowser@@UHTML_BrowserReady_t@@@@	0x1a87258	3	CCallbackBase	CCallbackBase	
CCallResult<Steam::Callback::StatsChanged,GlobalStatsReceived_t>	.?AV?$CCallResult@VStatsChanged@Callback@Steam@@UGlobalStatsReceived_t@@@@	0x1b617a0	3	CCallbackBase	CCallbackBase	
CCallResult<Steam::LeaderboardInfo,LeaderboardFindResult_t>	.?AV?$CCallResult@VLeaderboardInfo@Steam@@ULeaderboardFindResult_t@@@@	0x1b61fc8	3	CCallbackBase	CCallbackBase	
CCallResult<Steam::LeaderboardInfo,LeaderboardScoresDownloaded_t>	.?AV?$CCallResult@VLeaderboardInfo@Steam@@ULeaderboardScoresDownloaded_t@@@@	0x1b61fe8	3	CCallbackBase	CCallbackBase	
CCallResult<Steam::LeaderboardInfo,LeaderboardScoreUploaded_t>	.?AV?$CCallResult@VLeaderboardInfo@Steam@@ULeaderboardScoreUploaded_t@@@@	0x1b62008	3	CCallbackBase	CCallbackBase	
CCallResult<Steam::Query::CallbackQuery<Steam::Query::CreateItemArgs,Steam::Query::QueryArgs,CreateItemResult_t,Steam::Query::CreateItem,Steam::Utils::DefaultResultChecker>,CreateItemResult_t>	.?AV?$CCallResult@V?$CallbackQuery@VCreateItemArgs@Query@Steam@@VQueryArgs@23@UCreateItemResult_t@@VCreateItem@23@UDefaultResultChecker@Utils@3@@Query@Steam@@UCreateItemResult_t@@@@	0x1b6f7b0	3	CCallbackBase	CCallbackBase	
CCallResult<Steam::Query::CallbackQuery<Steam::Query::DeleteItemArgs,Steam::Query::QueryArgs,DeleteItemResult_t,Steam::Query::DeleteItem,Steam::Utils::DefaultResultChecker>,DeleteItemResult_t>	.?AV?$CCallResult@V?$CallbackQuery@VDeleteItemArgs@Query@Steam@@VQueryArgs@23@UDeleteItemResult_t@@VDeleteItem@23@UDefaultResultChecker@Utils@3@@Query@Steam@@UDeleteItemResult_t@@@@	0x1b6f878	3	CCallbackBase	CCallbackBase	
CCallResult<Steam::Query::CallbackQuery<Steam::Query::QueryArgs,Steam::Query::QueryArgs,SubmitItemUpdateResult_t,Steam::Query::SubmitUpdate,Steam::Utils::DefaultResultChecker>,SubmitItemUpdateResult_t>	.?AV?$CCallResult@V?$CallbackQuery@VQueryArgs@Query@Steam@@V123@USubmitItemUpdateResult_t@@VSubmitUpdate@23@UDefaultResultChecker@Utils@3@@Query@Steam@@USubmitItemUpdateResult_t@@@@	0x1b62f50	3	CCallbackBase	CCallbackBase	
CCallResult<Steam::Query::CallbackQuery<Steam::Query::UGCDetailsArgs,Steam::Query::QueryArgs,SteamUGCQueryCompleted_t,Steam::Query::UGCDetails,Steam::Utils::DefaultResultChecker>,SteamUGCQueryCompleted_t>	.?AV?$CCallResult@V?$CallbackQuery@VUGCDetailsArgs@Query@Steam@@VQueryArgs@23@USteamUGCQueryCompleted_t@@VUGCDetails@23@UDefaultResultChecker@Utils@3@@Query@Steam@@USteamUGCQueryCompleted_t@@@@	0x1b62e18	3	CCallbackBase	CCallbackBase	
CCallResult<Steam::Query::CallbackQuery<Steam::Query::UserContentListArgs,Steam::Query::QueryArgs,SteamUGCQueryCompleted_t,Steam::Query::UserContentList,Steam::Utils::DefaultResultChecker>,SteamUGCQueryCompleted_t>	.?AV?$CCallResult@V?$CallbackQuery@VUserContentListArgs@Query@Steam@@VQueryArgs@23@USteamUGCQueryCompleted_t@@VUserContentList@23@UDefaultResultChecker@Utils@3@@Query@Steam@@USteamUGCQueryCompleted_t@@@@	0x1b63118	3	CCallbackBase	CCallbackBase	
CCallResult<Steam::Query::UnsubscribeQuery,RemoteStorageUnsubscribePublishedFileResult_t>	.?AV?$CCallResult@VUnsubscribeQuery@Query@Steam@@URemoteStorageUnsubscribePublishedFileResult_t@@@@	0x1b63078	3	CCallbackBase	CCallbackBase	
CCallResult<SteamFileDelete,RemoteStorageDeletePublishedFileResult_t>	.?AV?$CCallResult@VSteamFileDelete@@URemoteStorageDeletePublishedFileResult_t@@@@	0x1b6fea8	3	CCallbackBase	CCallbackBase	
CCallResult<SteamFilePublisher,RemoteStorageFileShareResult_t>	.?AV?$CCallResult@VSteamFilePublisher@@URemoteStorageFileShareResult_t@@@@	0x1b6fd38	3	CCallbackBase	CCallbackBase	
CCallResult<SteamFilePublisher,RemoteStoragePublishFileResult_t>	.?AV?$CCallResult@VSteamFilePublisher@@URemoteStoragePublishFileResult_t@@@@	0x1b6fd58	3	CCallbackBase	CCallbackBase	
CCallResult<SteamFileUpdater,RemoteStorageFileShareResult_t>	.?AV?$CCallResult@VSteamFileUpdater@@URemoteStorageFileShareResult_t@@@@	0x1b6fdf0	3	CCallbackBase	CCallbackBase	
CCallResult<SteamFileUpdater,RemoteStorageUpdatePublishedFileResult_t>	.?AV?$CCallResult@VSteamFileUpdater@@URemoteStorageUpdatePublishedFileResult_t@@@@	0x1b6fe10	3	CCallbackBase	CCallbackBase	
CCallResult<SteamUGCFileDownload,RemoteStorageDownloadUGCResult_t>	.?AV?$CCallResult@VSteamUGCFileDownload@@URemoteStorageDownloadUGCResult_t@@@@	0x1b6ff38	3	CCallbackBase	CCallbackBase	
CCampaignManager	.?AVCCampaignManager@@	0x1c7a700	3	BaseRefCount<1>	BaseRefCount<1>;RefCountBaseT<1>	
CCampaignManager::PackageFilter	.?AUPackageFilter@CCampaignManager@@					no-col
CCatmullRomFilter	.?AVCCatmullRomFilter@@	0x1d706e0	2	CGenericFilter	CGenericFilter	
CCheckBoxes	.?AVCCheckBoxes@@	0x1cce998,0x1ccea10@24	14,76	CToolBox	CToolBox;Control;RemoveLLinks;BaseRefCount<1>;RefCountBaseT<1>;IControl;EventHandlerGroupContainer_DynArray<EventHandlerContainer_UI,enum ControlEvent>;IUICollectibleControls;IHasGameVarSpace	MI
CCombo	.?AVCCombo@@	0x1a8f738,0x1a8f840@24	32,76	CListBoxContainer	CListBoxContainer;Control;RemoveLLinks;BaseRefCount<1>;RefCountBaseT<1>;IControl;EventHandlerGroupContainer_DynArray<EventHandlerContainer_UI,enum ControlEvent>;IUICollectibleControls;IHasGameVarSpace;CListBoxItems;AutoArray<CListBoxItem,MemAllocD>;Array<CListBoxItem>;MemAllocD	MI
CCommonItem	.?AVCCommonItem@@	0x1cebea0,0x1cebfa0@16,0x1cebfc0@40,0x1cebfe8@72	31,3,4,2	IInventorySlotItem	IInventorySlotItem;IInventoryObjectBase;CMassObject;RemoveLinks;BaseRefCount<1>;RefCountBaseT<1>;SList<BaseLink,TLink<0>>;TLink<0>;SerializeClass;IHasParentContainer	MI
CCompassSlotItem	.?AVCCompassSlotItem@@	0x1cec2c0,0x1cec3c0@16,0x1cec3e0@40,0x1cec408@72	31,3,4,2	CCommonItem	CCommonItem;IInventorySlotItem;IInventoryObjectBase;CMassObject;RemoveLinks;BaseRefCount<1>;RefCountBaseT<1>;SList<BaseLink,TLink<0>>;TLink<0>;SerializeClass;IHasParentContainer	MI
CContainersManipulator	.?AVCContainersManipulator@@	0x1a899d0	1			
CContainersRange	.?AVCContainersRange@@	0x1b59070	1			
CContextMenu	.?AVCContextMenu@@	0x1cb7228,0x1cb7280@24	10,76	Control	Control;RemoveLLinks;BaseRefCount<1>;RefCountBaseT<1>;IControl;EventHandlerGroupContainer_DynArray<EventHandlerContainer_UI,enum ControlEvent>;IUICollectibleControls;IHasGameVarSpace	MI
CContextMenuEx	.?AVCContextMenuEx@@	0x1cb74e8,0x1cb7548@24	11,76	Control	Control;RemoveLLinks;BaseRefCount<1>;RefCountBaseT<1>;IControl;EventHandlerGroupContainer_DynArray<EventHandlerContainer_UI,enum ControlEvent>;IUICollectibleControls;IHasGameVarSpace	MI
CControlsGroup	.?AVCControlsGroup@@	0x1ccec78,0x1ccecd8@24	11,76	Control	Control;RemoveLLinks;BaseRefCount<1>;RefCountBaseT<1>;IControl;EventHandlerGroupContainer_DynArray<EventHandlerContainer_UI,enum ControlEvent>;IUICollectibleControls;IHasGameVarSpace	MI
CControlsTable	.?AVCControlsTable@@	0x1b72640,0x1b72698@24	10,76	Control	Control;RemoveLLinks;BaseRefCount<1>;RefCountBaseT<1>;IControl;EventHandlerGroupContainer_DynArray<EventHandlerContainer_UI,enum ControlEvent>;IUICollectibleControls;IHasGameVarSpace	MI
CDeadSoldierContRange	.?AVCDeadSoldierContRange@@	0x1b59690	1	CContainersRange	CContainersRange	
CDndItemSlot	.?AVCDndItemSlot@@	0x1a8a000,0x1a8a058@24,0x1a8a2c0@568	10,76,8	CItemSlot	CItemSlot;Control;RemoveLLinks;BaseRefCount<1>;RefCountBaseT<1>;IControl;EventHandlerGroupContainer_DynArray<EventHandlerContainer_UI,enum ControlEvent>;IUICollectibleControls;IHasGameVarSpace;CTextContainer;ITextContainer;IGroupHelper;IAdditionalDataHandler	MI
CEdit	.?AVCEdit@@	0x1ccb578,0x1ccb5d0@24,0x1ccb838@568	10,76,14	Control;CEditContainer	Control;RemoveLLinks;BaseRefCount<1>;RefCountBaseT<1>;IControl;EventHandlerGroupContainer_DynArray<EventHandlerContainer_UI,enum ControlEvent>;IUICollectibleControls;IHasGameVarSpace;CEditContainer;ITextContainer	MI
CEditContainer	.?AVCEditContainer@@	0x1ccb500	14	ITextContainer	ITextContainer	
CEditorMenuButton	.?AVCEditorMenuButton@@	0x1cba3e8,0x1cba450@24,0x1cba6b8@752	12,76,8	CButton	CButton;ButtonBase;Control;RemoveLLinks;BaseRefCount<1>;RefCountBaseT<1>;IControl;EventHandlerGroupContainer_DynArray<EventHandlerContainer_UI,enum ControlEvent>;IUICollectibleControls;IHasGameVarSpace;CTextContainer;ITextContainer	MI
CExtendedContainerManipulator	.?AVCExtendedContainerManipulator@@	0x1ced050	1	CContainersManipulator	CContainersManipulator	
CExtendedProgressBar	.?AVCExtendedProgressBar@@	0x1cccf88,0x1cccfe8@24	11,76	CProgressBar	CProgressBar;Control;RemoveLLinks;BaseRefCount<1>;RefCountBaseT<1>;IControl;EventHandlerGroupContainer_DynArray<EventHandlerContainer_UI,enum ControlEvent>;IUICollectibleControls;IHasGameVarSpace	MI
CExtendedToolTip	.?AVCExtendedToolTip@@	0x1a85c48,0x1a85cb0@24,0x1a85f18@568	12,76,8	CStructuredText	CStructuredText;Control;RemoveLLinks;BaseRefCount<1>;RefCountBaseT<1>;IControl;EventHandlerGroupContainer_DynArray<EventHandlerContainer_UI,enum ControlEvent>;IUICollectibleControls;IHasGameVarSpace;ITextContainer	MI
CExtensionControl	.?AVCExtensionControl@@	0x1a85fc8,0x1a86028@24	11,76	Control	Control;RemoveLLinks;BaseRefCount<1>;RefCountBaseT<1>;IControl;EventHandlerGroupContainer_DynArray<EventHandlerContainer_UI,enum ControlEvent>;IUICollectibleControls;IHasGameVarSpace	MI
CfgDestroyInfo	.?AVCfgDestroyInfo@@	0x1c55d58	3	BaseRefCount<1>	BaseRefCount<1>;RefCountBaseT<1>	
CFirstAidKitSlotItem	.?AVCFirstAidKitSlotItem@@	0x1cebd48,0x1cebe40@16,0x1cebe60@40,0x1cebe88@72	30,3,4,2	IInventorySlotItem	IInventorySlotItem;IInventoryObjectBase;CMassObject;RemoveLinks;BaseRefCount<1>;RefCountBaseT<1>;SList<BaseLink,TLink<0>>;TLink<0>;SerializeClass;IHasParentContainer	MI
CFlashlightSlotItem	.?AVCFlashlightSlotItem@@	0x1ced0a8,0x1ced1a0@16,0x1ced1c0@40,0x1ced1e8@72	30,3,4,2	IWeaponSlotItem;IFlashlightLaserHolder	IWeaponSlotItem;IInventorySlotItem;IInventoryObjectBase;CMassObject;RemoveLinks;BaseRefCount<1>;RefCountBaseT<1>;SList<BaseLink,TLink<0>>;TLink<0>;SerializeClass;IHasParentContainer;IFlashlightLaserHolder	MI
CGearTooltip	.?AVCGearTooltip@@	0x1a89ce8,0x1a89d50@24,0x1a89fb8@568	12,76,8	CExtendedToolTip	CExtendedToolTip;CStructuredText;Control;RemoveLLinks;BaseRefCount<1>;RefCountBaseT<1>;IControl;EventHandlerGroupContainer_DynArray<EventHandlerContainer_UI,enum ControlEvent>;IUICollectibleControls;IHasGameVarSpace;ITextContainer	MI
CGenericFilter	.?AVCGenericFilter@@	0x1d70680	2			
CGlassesItem	.?AVCGlassesItem@@	0x1bba0c8,0x1bba1c0@16,0x1bba1e0@40,0x1bba208@72	30,3,4,2	IInventorySlotItem	IInventorySlotItem;IInventoryObjectBase;CMassObject;RemoveLinks;BaseRefCount<1>;RefCountBaseT<1>;SList<BaseLink,TLink<0>>;TLink<0>;SerializeClass;IHasParentContainer	MI
CGogglesSlotItem	.?AVCGogglesSlotItem@@	0x1cec840,0x1cec940@16,0x1cec960@40,0x1cec988@72	31,3,4,2	CCommonItem	CCommonItem;IInventorySlotItem;IInventoryObjectBase;CMassObject;RemoveLinks;BaseRefCount<1>;RefCountBaseT<1>;SList<BaseLink,TLink<0>>;TLink<0>;SerializeClass;IHasParentContainer	MI
CGPSSlotItem	.?AVCGPSSlotItem@@	0x1b59dd0,0x1b59ed0@16,0x1b59ef0@40,0x1b59f18@72	31,3,4,2	CCommonItem	CCommonItem;IInventorySlotItem;IInventoryObjectBase;CMassObject;RemoveLinks;BaseRefCount<1>;RefCountBaseT<1>;SList<BaseLink,TLink<0>>;TLink<0>;SerializeClass;IHasParentContainer	MI
CGraphicalListBox	.?AVCGraphicalListBox@@	0x1a86778,0x1a86890@24,0x1a86af8@952	34,76,2	CListBox;IObserver;IObserverMgr;IAdditionalDataHandler	CListBox;CListBoxContainer;Control;RemoveLLinks;BaseRefCount<1>;RefCountBaseT<1>;IControl;EventHandlerGroupContainer_DynArray<EventHandlerContainer_UI,enum ControlEvent>;IUICollectibleControls;IHasGameVarSpace;CListBoxItems;AutoArray<CListBoxItem,MemAllocD>;Array<CListBoxItem>;MemAllocD;IObserver;IObserverMgr;IAdditionalDataHandler	MI
ChangeLeaderUndo	.?AUChangeLeaderUndo@@	0x1b22698,0x1b226b8@32	3,3	Editor3D::UndoRedoItem	Editor3D::UndoRedoItem;BaseRefCount<1>;RefCountBaseT<1>	
ChangeMarkerTypeUndo	.?AUChangeMarkerTypeUndo@@	0x1b22878,0x1b22898@72	3,3	Editor3D::UndoRedoItem	Editor3D::UndoRedoItem;BaseRefCount<1>;RefCountBaseT<1>	
ChangeWaypointTypeUndo	.?AUChangeWaypointTypeUndo@@	0x1b22830,0x1b22850@72	3,3	Editor3D::UndoRedoItem	Editor3D::UndoRedoItem;BaseRefCount<1>;RefCountBaseT<1>	
ChannelSupport	.?AVChannelSupport@@	0x1b414a8	3	BaseRefCount<1>	BaseRefCount<1>;RefCountBaseT<1>	
charNode	.?AVcharNode@@	0x1d9e5d0	4	DNameNode	DNameNode	
CharSetInfo	.?AUCharSetInfo@@	0x1c59288	3	BaseRefCount<1>	BaseRefCount<1>;RefCountBaseT<1>	
CHead	.?AVCHead@@	0x1b744a0,0x1b75138@24,0x1b75160@48,0x1b75220@1464,0x1b75488@1728	402,4,23,76,6	ControlObject;LODShapeLoadHandler	ControlObject;Entity;ObjectTyped;Object;NetworkObject;RemoveSoftLinks<SoftLinkIdTraits<ObjectId,ObjectIdAutoDestroy>>;BaseRefCount<1>;RefCountBaseT<1>;NetworkSimpleObject;CountInstances<Object>;EPEItem;TLinkBidir<1>;NoCopy;Animated;IControl;EventHandlerGroupContainer_DynArray<EventHandlerContainer_UI,enum ControlEvent>;IUICollectibleControls;IHasGameVarSpace;LODShapeLoadHandler	MI
CHeadgearItem	.?AVCHeadgearItem@@	0x1bba240,0x1bba338@16,0x1bba358@40,0x1bba380@72	30,3,4,2	IInventorySlotItem;HasHitpointProtectionInfo	IInventorySlotItem;IInventoryObjectBase;CMassObject;RemoveLinks;BaseRefCount<1>;RefCountBaseT<1>;SList<BaseLink,TLink<0>>;TLink<0>;SerializeClass;IHasParentContainer;HasHitpointProtectionInfo	MI
CheckAddonContext	.?AUCheckAddonContext@@	0x1a77d50	3	BankContextBase	BankContextBase;BaseRefCount<1>;RefCountBaseT<1>	
CheckAmmoHitFunc	.?AVCheckAmmoHitFunc@@	0x1c529d8	2	ITurretFunc	ITurretFunc	
CheckAttackResultFunc	.?AVCheckAttackResultFunc@@	0x1b20568	2	ITurretFunc	ITurretFunc	
CheckBox	.?AVCheckBox@@	0x1ccbb80,0x1ccbbf8@24	14,76	ButtonBase	ButtonBase;Control;RemoveLLinks;BaseRefCount<1>;RefCountBaseT<1>;IControl;EventHandlerGroupContainer_DynArray<EventHandlerContainer_UI,enum ControlEvent>;IUICollectibleControls;IHasGameVarSpace	MI
CheckBoxPylonOwner	.?AVCheckBoxPylonOwner@@	0x1a8fb20,0x1a8fb88@24,0x1a8fdf0@752	12,76,8	CButton	CButton;ButtonBase;Control;RemoveLLinks;BaseRefCount<1>;RefCountBaseT<1>;IControl;EventHandlerGroupContainer_DynArray<EventHandlerContainer_UI,enum ControlEvent>;IUICollectibleControls;IHasGameVarSpace;CTextContainer;ITextContainer	MI
CheckCrewIfCanDoEdit	.?AUCheckCrewIfCanDoEdit@@	0x1b88c80	2	ICrewFunc	ICrewFunc	
CheckFreeTurrets	.?AVCheckFreeTurrets@@	0x1c7f608	2	ITurretFunc	ITurretFunc	
CheckIsPlayer	.?AUCheckIsPlayer@@	0x1bd0d28	2	ICrewFunc	ICrewFunc	
CheckSignatureTimeoutFunc	.?AVCheckSignatureTimeoutFunc@@	0x1bb44b0	2			
CheckSquadObject::RequestSquadLogo	.?AVRequestSquadLogo@CheckSquadObject@@	0x1a7b5f8	9	HttpManager::RequestSimpleFile	HttpManager::RequestSimpleFile;HttpManager::Request;BaseRefCount<1>;RefCountBaseT<1>	
CheckSquadObject::RequestSquadXML	.?AVRequestSquadXML@CheckSquadObject@@	0x1a7b5a8	9	HttpManager::RequestSimple	HttpManager::RequestSimple;HttpManager::Request;BaseRefCount<1>;RefCountBaseT<1>	
CHitzones	.?AVCHitzones@@	0x1b83bb8,0x1b83c10@24	10,76	Control	Control;RemoveLLinks;BaseRefCount<1>;RefCountBaseT<1>;IControl;EventHandlerGroupContainer_DynArray<EventHandlerContainer_UI,enum ControlEvent>;IUICollectibleControls;IHasGameVarSpace	MI
CHMDItem	.?AVCHMDItem@@	0x1bba3b8,0x1bba4b0@16,0x1bba4d0@40,0x1bba4f8@72	30,3,4,2	IInventorySlotItem	IInventorySlotItem;IInventoryObjectBase;CMassObject;RemoveLinks;BaseRefCount<1>;RefCountBaseT<1>;SList<BaseLink,TLink<0>>;TLink<0>;SerializeClass;IHasParentContainer	MI
CHTML	.?AVCHTML@@	0x1cd0828,0x1cd08b0@24,0x1cd0b18@568	16,76,3	CHTMLContainer	CHTMLContainer;Control;RemoveLLinks;BaseRefCount<1>;RefCountBaseT<1>;IControl;EventHandlerGroupContainer_DynArray<EventHandlerContainer_UI,enum ControlEvent>;IUICollectibleControls;IHasGameVarSpace;HTMLContent	MI
CHTMLContainer	.?AVCHTMLContainer@@	0x1cd0518,0x1cd05a0@24,0x1cd0808@568	16,76,3	Control;HTMLContent	Control;RemoveLLinks;BaseRefCount<1>;RefCountBaseT<1>;IControl;EventHandlerGroupContainer_DynArray<EventHandlerContainer_UI,enum ControlEvent>;IUICollectibleControls;IHasGameVarSpace;HTMLContent	MI
Church	.?AVChurch@@	0x1be6480,0x1be78a0@24,0x1be78c8@48,0x1be7988@1464,0x1be79a8@1472,0x1be79c0@2152	643,4,23,3,2,3	Building	Building;EntityAI;Entity;ObjectTyped;Object;NetworkObject;RemoveSoftLinks<SoftLinkIdTraits<ObjectId,ObjectIdAutoDestroy>>;BaseRefCount<1>;RefCountBaseT<1>;NetworkSimpleObject;CountInstances<Object>;EPEItem;TLinkBidir<1>;NoCopy;Animated;JoinedObject;IHasParentContainer;IPaths	MI
ChurchType	.?AVChurchType@@	0x1be3d08,0x1be3f90@24,0x1be3fc8@32,0x1be3fe0@752	80,6,2,4	BuildingType	BuildingType;EntityAIType;EntityType;RemoveLLinks;BaseRefCount<1>;RefCountBaseT<1>;LODShapeLoadHandler;AnimatedType;LinkBidirWithFrameStoreT<FrameStoreTraits>;TLinkBidir<2>;NoCopy;ComponentHolderType<ComponentType>	MI
CircleFilter	.?AVCircleFilter@@	0x1cea7b8	1	simul::math::NoiseFilter	simul::math::NoiseFilter	
CItemSlot	.?AVCItemSlot@@	0x1a899e0,0x1a89a38@24,0x1a89ca0@568	10,76,8	Control;CTextContainer;IGroupHelper;IAdditionalDataHandler	Control;RemoveLLinks;BaseRefCount<1>;RefCountBaseT<1>;IControl;EventHandlerGroupContainer_DynArray<EventHandlerContainer_UI,enum ControlEvent>;IUICollectibleControls;IHasGameVarSpace;CTextContainer;ITextContainer;IGroupHelper;IAdditionalDataHandler	MI
CKeys	.?AVCKeys@@					no-col
CLanczos3Filter	.?AVCLanczos3Filter@@	0x1d706f8	2	CGenericFilter	CGenericFilter	
ClassArrayItem	.?AVClassArrayItem@@	0x1a977a0	6			
ClassDb	.?AVClassDb@@	0x1a978b8	9	BaseRefCount<1>	BaseRefCount<1>;RefCountBaseT<1>	
ClassDbFunctions	.?AVClassDbFunctions@@	0x1aaa7e8	4			
ClassEntry	.?AVClassEntry@@	0x1a977d8	27			
Cleanup	.?AVCleanup@@	0x1b40ca8	2	Job	Job	
CleanUpGunner	.?AVCleanUpGunner@@	0x1c463a8	2	ITurretFunc	ITurretFunc	
ClearGunnerMapFunc	.?AVClearGunnerMapFunc@@	0x1cb4648	2	ITurretFunc	ITurretFunc	
ClientCameraPositionObject	.?AVClientCameraPositionObject@@	0x1ba5e70,0x1ba5f50@24	27,4	NetworkObject	NetworkObject;RemoveSoftLinks<SoftLinkIdTraits<ObjectId,ObjectIdAutoDestroy>>;BaseRefCount<1>;RefCountBaseT<1>;NetworkSimpleObject	MI
ClientInfoObject	.?AVClientInfoObject@@	0x1ba8b58,0x1ba8c38@24	27,4	NetworkObject	NetworkObject;RemoveSoftLinks<SoftLinkIdTraits<ObjectId,ObjectIdAutoDestroy>>;BaseRefCount<1>;RefCountBaseT<1>;NetworkSimpleObject	MI
ClientQueueItem	.?AUClientQueueItem@@	0x1ba8b30	4	NetworkMessageQueueItem	NetworkMessageQueueItem;BaseRefCount<1>;RefCountBaseT<1>	
CLineBreak	.?AVCLineBreak@@	0x1cc9c60,0x1cc9cb8@24	10,76	Control	Control;RemoveLLinks;BaseRefCount<1>;RefCountBaseT<1>;IControl;EventHandlerGroupContainer_DynArray<EventHandlerContainer_UI,enum ControlEvent>;IUICollectibleControls;IHasGameVarSpace	MI
CListBox	.?AVCListBox@@	0x1ccd510,0x1ccd628@24	34,76	CListBoxContainer	CListBoxContainer;Control;RemoveLLinks;BaseRefCount<1>;RefCountBaseT<1>;IControl;EventHandlerGroupContainer_DynArray<EventHandlerContainer_UI,enum ControlEvent>;IUICollectibleControls;IHasGameVarSpace;CListBoxItems;AutoArray<CListBoxItem,MemAllocD>;Array<CListBoxItem>;MemAllocD	MI
CListBoxContainer	.?AVCListBoxContainer@@	0x1a863f8,0x1a864f8@24	31,76	Control;CListBoxItems	Control;RemoveLLinks;BaseRefCount<1>;RefCountBaseT<1>;IControl;EventHandlerGroupContainer_DynArray<EventHandlerContainer_UI,enum ControlEvent>;IUICollectibleControls;IHasGameVarSpace;CListBoxItems;AutoArray<CListBoxItem,MemAllocD>;Array<CListBoxItem>;MemAllocD	MI
CListBoxItems	.?AUCListBoxItems@@					no-col
CListNBox	.?AVCListNBox@@	0x1ccd890,0x1ccd9d8@24	40,76	CListBox	CListBox;CListBoxContainer;Control;RemoveLLinks;BaseRefCount<1>;RefCountBaseT<1>;IControl;EventHandlerGroupContainer_DynArray<EventHandlerContainer_UI,enum ControlEvent>;IUICollectibleControls;IHasGameVarSpace;CListBoxItems;AutoArray<CListBoxItem,MemAllocD>;Array<CListBoxItem>;MemAllocD	MI
CListNBoxCheckable	.?AVCListNBoxCheckable@@	0x1ccdc40,0x1ccdd88@24	40,76	CListNBox	CListNBox;CListBox;CListBoxContainer;Control;RemoveLLinks;BaseRefCount<1>;RefCountBaseT<1>;IControl;EventHandlerGroupContainer_DynArray<EventHandlerContainer_UI,enum ControlEvent>;IUICollectibleControls;IHasGameVarSpace;CListBoxItems;AutoArray<CListBoxItem,MemAllocD>;Array<CListBoxItem>;MemAllocD	MI
Clock	.?AVClock@@	0x1b31938	4	SerializeClass	SerializeClass	
Cloudlet	.?AVCloudlet@@	0x1c22ba8,0x1c23828@24,0x1c23850@48	399,4,23	Smoke	Smoke;Entity;ObjectTyped;Object;NetworkObject;RemoveSoftLinks<SoftLinkIdTraits<ObjectId,ObjectIdAutoDestroy>>;BaseRefCount<1>;RefCountBaseT<1>;NetworkSimpleObject;CountInstances<Object>;EPEItem;TLinkBidir<1>;NoCopy;Animated	MI
CloudletsForDrawing	.?AVCloudletsForDrawing@@	0x1c7c410	2	enf::Job	enf::Job;enf::JobCommon;enf::JobCore	
CloudletSource	.?AVCloudletSource@@	0x1c23910	4	SerializeClass	SerializeClass	
CloudletsSimulatorTask	.?AVCloudletsSimulatorTask@@	0x1c7b6a8	3	IMicroJob	IMicroJob;enf::Job;enf::JobCommon;enf::JobCore	
CloudletsVisibilityCheckTask	.?AVCloudletsVisibilityCheckTask@@	0x1ca2b78	2	enf::Job	enf::Job;enf::JobCommon;enf::JobCore	
CloudletTTable	.?AVCloudletTTable@@	0x1c22b68	3	BaseRefCount<1>;AutoArray<CloudletTItem,MemAllocD>	BaseRefCount<1>;RefCountBaseT<1>;AutoArray<CloudletTItem,MemAllocD>;Array<CloudletTItem>;MemAllocD	MI
CloudletType	.?AVCloudletType@@	0x1c22b88	3	RemoveLLinks	RemoveLLinks;BaseRefCount<1>;RefCountBaseT<1>	
CMagazineItem	.?AVCMagazineItem@@	0x1ced918,0x1ced9f8@16,0x1ceda18@40	27,3,4	IInventoryObjectBase	IInventoryObjectBase;CMassObject;RemoveLinks;BaseRefCount<1>;RefCountBaseT<1>;SList<BaseLink,TLink<0>>;TLink<0>;SerializeClass	MI
CMapCGroup	.?AVCMapCGroup@@	0x1cd6b48,0x1cd6ba8@24	11,76	CControlsGroup	CControlsGroup;Control;RemoveLLinks;BaseRefCount<1>;RefCountBaseT<1>;IControl;EventHandlerGroupContainer_DynArray<EventHandlerContainer_UI,enum ControlEvent>;IUICollectibleControls;IHasGameVarSpace	MI
CMapListNBox	.?AVCMapListNBox@@	0x1cd6798,0x1cd68e0@24	40,76	CListNBoxCheckable	CListNBoxCheckable;CListNBox;CListBox;CListBoxContainer;Control;RemoveLLinks;BaseRefCount<1>;RefCountBaseT<1>;IControl;EventHandlerGroupContainer_DynArray<EventHandlerContainer_UI,enum ControlEvent>;IUICollectibleControls;IHasGameVarSpace;CListBoxItems;AutoArray<CListBoxItem,MemAllocD>;Array<CListBoxItem>;MemAllocD	MI
CMapSlotItem	.?AVCMapSlotItem@@	0x1cec580,0x1cec680@16,0x1cec6a0@40,0x1cec6c8@72	31,3,4,2	CCommonItem	CCommonItem;IInventorySlotItem;IInventoryObjectBase;CMassObject;RemoveLinks;BaseRefCount<1>;RefCountBaseT<1>;SList<BaseLink,TLink<0>>;TLink<0>;SerializeClass;IHasParentContainer	MI
CMapText	.?AVCMapText@@	0x1cd6e10,0x1cd6e88@24,0x1cd70f0@568	14,76,8	CStatic	CStatic;Control;RemoveLLinks;BaseRefCount<1>;RefCountBaseT<1>;IControl;EventHandlerGroupContainer_DynArray<EventHandlerContainer_UI,enum ControlEvent>;IUICollectibleControls;IHasGameVarSpace;CTextContainer;ITextContainer	MI
CMassObject	.?AVCMassObject@@	0x1c55040	2			
cmdline::CmdDataPair	.?AUCmdDataPair@cmdline@@	0x1aaea50	3	BaseRefCount<1>	BaseRefCount<1>;RefCountBaseT<1>	
CMedikitSlotItem	.?AVCMedikitSlotItem@@	0x1cedac8,0x1cedbc0@16,0x1cedbe0@40,0x1cedc08@72	30,3,4,2	IInventorySlotItem	IInventorySlotItem;IInventoryObjectBase;CMassObject;RemoveLinks;BaseRefCount<1>;RefCountBaseT<1>;SList<BaseLink,TLink<0>>;TLink<0>;SerializeClass;IHasParentContainer	MI
CMenuStrip	.?AVCMenuStrip@@	0x1b3d388,0x1b3d3e0@24	10,76	Control	Control;RemoveLLinks;BaseRefCount<1>;RefCountBaseT<1>;IControl;EventHandlerGroupContainer_DynArray<EventHandlerContainer_UI,enum ControlEvent>;IUICollectibleControls;IHasGameVarSpace	MI
CMineDetectorSlotItem	.?AVCMineDetectorSlotItem@@	0x1cec160,0x1cec260@16,0x1cec280@40,0x1cec2a8@72	31,3,4,2	CCommonItem	CCommonItem;IInventorySlotItem;IInventoryObjectBase;CMassObject;RemoveLinks;BaseRefCount<1>;RefCountBaseT<1>;SList<BaseLink,TLink<0>>;TLink<0>;SerializeClass;IHasParentContainer	MI
CMPSideButton	.?AVCMPSideButton@@					no-col
CMuzzleSlotItem	.?AVCMuzzleSlotItem@@	0x1cedc30,0x1cedd28@16,0x1cedd48@40,0x1cedd70@72	30,3,4,2	IWeaponSlotItem	IWeaponSlotItem;IInventorySlotItem;IInventoryObjectBase;CMassObject;RemoveLinks;BaseRefCount<1>;RefCountBaseT<1>;SList<BaseLink,TLink<0>>;TLink<0>;SerializeClass;IHasParentContainer	MI
CNVGSlotItem	.?AVCNVGSlotItem@@	0x1cec9a0,0x1cecaa0@16,0x1cecac0@40,0x1cecae8@72	31,3,4,2	CCommonItem	CCommonItem;IInventorySlotItem;IInventoryObjectBase;CMassObject;RemoveLinks;BaseRefCount<1>;RefCountBaseT<1>;SList<BaseLink,TLink<0>>;TLink<0>;SerializeClass;IHasParentContainer	MI
CObjectBrowser	.?AVCObjectBrowser@@	0x1cba700,0x1cba770@24	13,76	CTree	CTree;Control;RemoveLLinks;BaseRefCount<1>;RefCountBaseT<1>;IControl;EventHandlerGroupContainer_DynArray<EventHandlerContainer_UI,enum ControlEvent>;IUICollectibleControls;IHasGameVarSpace	MI
CollectNearTargets	.?AVCollectNearTargets@@	0x1a85710	2	TargetFunctor	TargetFunctor	
CollectTargetCandidates	.?AVCollectTargetCandidates@@	0x1ce0400	2	TargetFunctor	TargetFunctor	
CollimatorInfo	.?AVCollimatorInfo@@	0x1ce19c8	3	BaseRefCount<1>	BaseRefCount<1>;RefCountBaseT<1>	
CollisionCapsule	.?AVCollisionCapsule@@	0x1b2ad60	3	RemoveLinks	RemoveLinks;BaseRefCount<1>;RefCountBaseT<1>;SList<BaseLink,TLink<0>>;TLink<0>	MI
CombineTransformOp	.?AVCombineTransformOp@@	0x1b2ab48	2	IMaskedOperation	IMaskedOperation	
Command	.?AVCommand@@	0x1a7ce48,0x1a7cf28@24,0x1a7cf50@48	27,4,4	NetworkObject;SerializeClass	NetworkObject;RemoveSoftLinks<SoftLinkIdTraits<ObjectId,ObjectIdAutoDestroy>>;BaseRefCount<1>;RefCountBaseT<1>;NetworkSimpleObject;SerializeClass	MI
Compass	.?AVCompass@@	0x1cd3930,0x1cd45c8@24,0x1cd45f0@48,0x1cd46b0@1464,0x1cd4918@1728,0x1cd4940@1928,0x1cd4978@1944	402,4,23,76,4,6,2	ControlObjectAnimated;IControlObject	ControlObjectAnimated;ControlObjectWithZoom;ControlObject;Entity;ObjectTyped;Object;NetworkObject;RemoveSoftLinks<SoftLinkIdTraits<ObjectId,ObjectIdAutoDestroy>>;BaseRefCount<1>;RefCountBaseT<1>;NetworkSimpleObject;CountInstances<Object>;EPEItem;TLinkBidir<1>;NoCopy;Animated;IControl;EventHandlerGroupContainer_DynArray<EventHandlerContainer_UI,enum ControlEvent>;IUICollectibleControls;IHasGameVarSpace;SerializeClass;LODShapeLoadHandler;IControlObject	MI
CompassType	.?AVCompassType@@	0x1cd37a0,0x1cd38e0@24,0x1cd3918@32	39,6,2	ControlObjectType	ControlObjectType;EntityType;RemoveLLinks;BaseRefCount<1>;RefCountBaseT<1>;LODShapeLoadHandler;AnimatedType;LinkBidirWithFrameStoreT<FrameStoreTraits>;TLinkBidir<2>;NoCopy	MI
CompatibleBitmap	.?AVCompatibleBitmap@@	0x1b706a8	2	GdiImage	GdiImage;GdiObject<HBITMAP__*>	
CompatibleContext	.?AVCompatibleContext@@	0x1b705c8	2	DeviceContextBase	DeviceContextBase;GdiObject<HDC__*>	
Component	.?AVComponent@@	0x1ac3e60	17	BaseRefCount<1>	BaseRefCount<1>;RefCountBaseT<1>	
ComponentHolder<AIBrain,Component>	.?AV?$ComponentHolder@VAIBrain@@VComponent@@@@	0x1cb38f0	7			
ComponentHolder<EntityAIFull,Component>	.?AV?$ComponentHolder@VEntityAIFull@@VComponent@@@@	0x1c47ac0	7			
ComponentHolder<ProxyPylonPodGenericType,PylonComponent>	.?AV?$ComponentHolder@VProxyPylonPodGenericType@@VPylonComponent@@@@	0x1ac9348	7			
ComponentHolder<SensorsManagerComponent,SensorBaseComponent>	.?AV?$ComponentHolder@VSensorsManagerComponent@@VSensorBaseComponent@@@@	0x1ac5b60	7			
ComponentHolder<VehicleSystemsDisplayManager,VehicleSystemDisplayBase>	.?AV?$ComponentHolder@VVehicleSystemsDisplayManager@@VVehicleSystemDisplayBase@@@@	0x1acb448	7			
ComponentHolderType<ComponentType>	.?AV?$ComponentHolderType@VComponentType@@@@	0x1b1e9a0	4			
ComponentHolderType<PylonComponentType>	.?AV?$ComponentHolderType@VPylonComponentType@@@@	0x1ac9168	4			
ComponentHolderType<SensorBaseComponentType>	.?AV?$ComponentHolderType@VSensorBaseComponentType@@@@	0x1ac4788	4			
ComponentHolderType<VehicleSystemDisplayBaseType>	.?AV?$ComponentHolderType@VVehicleSystemDisplayBaseType@@@@	0x1acb398	4			
ComponentType	.?AVComponentType@@					no-col
ComponentValidation	.?AVComponentValidation@@	0x1b41c10	7	ModelVerification	ModelVerification;VisualComponent	
CompoundGameType	.?AVCompoundGameType@@	0x1a94050	4	FindArrayKey<const GameTypeType*,FindArrayKeyTraits<const GameTypeType*>,MemAllocD>;SerializeClass;CountInstances<CompoundGameType>	FindArrayKey<const GameTypeType*,FindArrayKeyTraits<const GameTypeType*>,MemAllocD>;AutoArray<const GameTypeType*,MemAllocD>;Array<const GameTypeType*>;MemAllocD;SerializeClass;CountInstances<CompoundGameType>	MI
CompressorAPO	.?AVCompressorAPO@@	0x1b5fa10,0x1b5faa8@48	18,5	CSampleXAPOBase<CompressorAPO,CompressorAPOParams>	CSampleXAPOBase<CompressorAPO,CompressorAPOParams>;CXAPOParametersBase;CXAPOBase;IXAPO;IUnknown;IXAPOParameters;IUnknown;XAPOBaseHelpers	MI
ConfigCurve3D	.?AVConfigCurve3D@@	0x1c36370	4	Curve3D<LinCurve1D>	Curve3D<LinCurve1D>;BaseRefCount<1>;RefCountBaseT<1>	
ConfigTemplatePrinter	.?AVConfigTemplatePrinter@@	0x1a858e8	3			
ConfigTemplatePrinter::TemplateItem	.?AVTemplateItem@ConfigTemplatePrinter@@	0x1a858c8	3	BaseRefCount<1>	BaseRefCount<1>;RefCountBaseT<1>	
ConnectOperationWithHistory	.?AUConnectOperationWithHistory@@	0x1b49258,0x1b49280@32,0x1b492a0@104	4,3,3	Editor3D::EditOperation;Editor3D::UndoRedoItem	Editor3D::EditOperation;BaseRefCount<1>;RefCountBaseT<1>;Editor3D::UndoRedoItem;BaseRefCount<1>;RefCountBaseT<1>	MI,VI
ConsoleUILoggerBuffer	.?AVConsoleUILoggerBuffer@@	0x1d2c648	2	AsyncLogger<LocklessRingbufferStaticSize<AsyncLoggerBufferString<1024>*,32>,32,1024>	AsyncLogger<LocklessRingbufferStaticSize<AsyncLoggerBufferString<1024>*,32>,32,1024>	
ConstantRPMEngineArma	.?AVConstantRPMEngineArma@@	0x1be0440,0x1be0510@24,0x1be0538@2272,0x1be0560@2288	25,4,4,12	RTD::ConstantRPMEngine	RTD::ConstantRPMEngine;RTD::EngineModelBase;RTD::ModelComponentBase;RTD::SimulationVariableUser;RTD::Named;RTD::Base;RTD::TraitDriveTrainConnection	MI,VI
ConstMembFunc1<Airplane,float,const ObjectVisualState&,Animated,AnimatedMemberFuncVisualState>	.?AV?$ConstMembFunc1@VAirplane@@MAEBVObjectVisualState@@VAnimated@@VAnimatedMemberFuncVisualState@@@@	0x1bbf5d8	2	AnimatedMemberFuncVisualState	AnimatedMemberFuncVisualState	
ConstMembFunc1<Car,float,const ObjectVisualState&,Animated,AnimatedMemberFuncVisualState>	.?AV?$ConstMembFunc1@VCar@@MAEBVObjectVisualState@@VAnimated@@VAnimatedMemberFuncVisualState@@@@	0x1bcb1a0	2	AnimatedMemberFuncVisualState	AnimatedMemberFuncVisualState	
ConstMembFunc1<CarEPE,float,const ObjectVisualState&,Animated,AnimatedMemberFuncVisualState>	.?AV?$ConstMembFunc1@VCarEPE@@MAEBVObjectVisualState@@VAnimated@@VAnimatedMemberFuncVisualState@@@@	0x1bcd5c8	2	AnimatedMemberFuncVisualState	AnimatedMemberFuncVisualState	
ConstMembFunc1<Compass,float,const ObjectVisualState&,Animated,AnimatedMemberFuncVisualState>	.?AV?$ConstMembFunc1@VCompass@@MAEBVObjectVisualState@@VAnimated@@VAnimatedMemberFuncVisualState@@@@	0x1cdaf40	2	AnimatedMemberFuncVisualState	AnimatedMemberFuncVisualState	
ConstMembFunc1<CWeaponInstance,float,const ObjectVisualState&,Animated,AnimatedMemberFuncVisualState>	.?AV?$ConstMembFunc1@VCWeaponInstance@@MAEBVObjectVisualState@@VAnimated@@VAnimatedMemberFuncVisualState@@@@	0x1c79e88	2	AnimatedMemberFuncVisualState	AnimatedMemberFuncVisualState	
ConstMembFunc1<Entity,float,const ObjectVisualState&,Animated,AnimatedMemberFuncVisualState>	.?AV?$ConstMembFunc1@VEntity@@MAEBVObjectVisualState@@VAnimated@@VAnimatedMemberFuncVisualState@@@@	0x1c21d58	2	AnimatedMemberFuncVisualState	AnimatedMemberFuncVisualState	
ConstMembFunc1<FlagCarrier,float,const ObjectVisualState&,Animated,AnimatedMemberFuncVisualState>	.?AV?$ConstMembFunc1@VFlagCarrier@@MAEBVObjectVisualState@@VAnimated@@VAnimatedMemberFuncVisualState@@@@	0x1bd0ec0	2	AnimatedMemberFuncVisualState	AnimatedMemberFuncVisualState	
ConstMembFunc1<Helicopter,float,const ObjectVisualState&,Animated,AnimatedMemberFuncVisualState>	.?AV?$ConstMembFunc1@VHelicopter@@MAEBVObjectVisualState@@VAnimated@@VAnimatedMemberFuncVisualState@@@@	0x1bdcd80	2	AnimatedMemberFuncVisualState	AnimatedMemberFuncVisualState	
ConstMembFunc1<HelicopterRTD,float,const ObjectVisualState&,Animated,AnimatedMemberFuncVisualState>	.?AV?$ConstMembFunc1@VHelicopterRTD@@MAEBVObjectVisualState@@VAnimated@@VAnimatedMemberFuncVisualState@@@@	0x1be3650	2	AnimatedMemberFuncVisualState	AnimatedMemberFuncVisualState	
ConstMembFunc1<MagazineObject,float,const ObjectVisualState&,Animated,AnimatedMemberFuncVisualState>	.?AV?$ConstMembFunc1@VMagazineObject@@MAEBVObjectVisualState@@VAnimated@@VAnimatedMemberFuncVisualState@@@@	0x1c79e58	2	AnimatedMemberFuncVisualState	AnimatedMemberFuncVisualState	
ConstMembFunc1<Missile,float,const ObjectVisualState&,Animated,AnimatedMemberFuncVisualState>	.?AV?$ConstMembFunc1@VMissile@@MAEBVObjectVisualState@@VAnimated@@VAnimatedMemberFuncVisualState@@@@	0x1c7a058	2	AnimatedMemberFuncVisualState	AnimatedMemberFuncVisualState	
ConstMembFunc1<Motorcycle,float,const ObjectVisualState&,Animated,AnimatedMemberFuncVisualState>	.?AV?$ConstMembFunc1@VMotorcycle@@MAEBVObjectVisualState@@VAnimated@@VAnimatedMemberFuncVisualState@@@@	0x1bf6ec0	2	AnimatedMemberFuncVisualState	AnimatedMemberFuncVisualState	
ConstMembFunc1<ProxyPylonPodWeapon,float,const ObjectVisualState&,Animated,AnimatedMemberFuncVisualState>	.?AV?$ConstMembFunc1@VProxyPylonPodWeapon@@MAEBVObjectVisualState@@VAnimated@@VAnimatedMemberFuncVisualState@@@@	0x1aca640	2	AnimatedMemberFuncVisualState	AnimatedMemberFuncVisualState	
ConstMembFunc1<Ship,float,const ObjectVisualState&,Animated,AnimatedMemberFuncVisualState>	.?AV?$ConstMembFunc1@VShip@@MAEBVObjectVisualState@@VAnimated@@VAnimatedMemberFuncVisualState@@@@	0x1c0d598	2	AnimatedMemberFuncVisualState	AnimatedMemberFuncVisualState	
ConstMembFunc1<Tank,float,const ObjectVisualState&,Animated,AnimatedMemberFuncVisualState>	.?AV?$ConstMembFunc1@VTank@@MAEBVObjectVisualState@@VAnimated@@VAnimatedMemberFuncVisualState@@@@	0x1c34248	2	AnimatedMemberFuncVisualState	AnimatedMemberFuncVisualState	
ConstMembFunc1<TankOrCar,float,const ObjectVisualState&,Animated,AnimatedMemberFuncVisualState>	.?AV?$ConstMembFunc1@VTankOrCar@@MAEBVObjectVisualState@@VAnimated@@VAnimatedMemberFuncVisualState@@@@	0x1c36308	2	AnimatedMemberFuncVisualState	AnimatedMemberFuncVisualState	
ConstMembFunc1<Transport,float,const ObjectVisualState&,Animated,AnimatedMemberFuncVisualState>	.?AV?$ConstMembFunc1@VTransport@@MAEBVObjectVisualState@@VAnimated@@VAnimatedMemberFuncVisualState@@@@	0x1c478b0	2	AnimatedMemberFuncVisualState	AnimatedMemberFuncVisualState	
ConstMembFunc1<UnderbarrelObject,float,const ObjectVisualState&,Animated,AnimatedMemberFuncVisualState>	.?AV?$ConstMembFunc1@VUnderbarrelObject@@MAEBVObjectVisualState@@VAnimated@@VAnimatedMemberFuncVisualState@@@@	0x1c79e70	2	AnimatedMemberFuncVisualState	AnimatedMemberFuncVisualState	
ConstMembFunc1Par1<CWeaponInstance,float,int,const ObjectVisualState&,Animated,AnimatedMemberFuncVisualState>	.?AV?$ConstMembFunc1Par1@VCWeaponInstance@@MHAEBVObjectVisualState@@VAnimated@@VAnimatedMemberFuncVisualState@@@@	0x1c79ea0	2	AnimatedMemberFuncVisualState	AnimatedMemberFuncVisualState	
ConstMembFunc1Par1<ProxyPylonPodComponentsAnimated,float,TransportPylonsComponentAnimInfo,const ObjectVisualState&,Animated,AnimatedMemberFuncVisualState>	.?AV?$ConstMembFunc1Par1@VProxyPylonPodComponentsAnimated@@MVTransportPylonsComponentAnimInfo@@AEBVObjectVisualState@@VAnimated@@VAnimatedMemberFuncVisualState@@@@	0x1aca658	2	AnimatedMemberFuncVisualState	AnimatedMemberFuncVisualState	
ConstMembFunc1Par1<Transport,float,TransportPylonsAnimInfo,const ObjectVisualState&,Animated,AnimatedMemberFuncVisualState>	.?AV?$ConstMembFunc1Par1@VTransport@@MVTransportPylonsAnimInfo@@AEBVObjectVisualState@@VAnimated@@VAnimatedMemberFuncVisualState@@@@	0x1aca670	2	AnimatedMemberFuncVisualState	AnimatedMemberFuncVisualState	
ConstMembFunc1Par1<Transport,float,TransportPylonsComponentAnimInfo,const ObjectVisualState&,Animated,AnimatedMemberFuncVisualState>	.?AV?$ConstMembFunc1Par1@VTransport@@MVTransportPylonsComponentAnimInfo@@AEBVObjectVisualState@@VAnimated@@VAnimatedMemberFuncVisualState@@@@	0x1aca628	2	AnimatedMemberFuncVisualState	AnimatedMemberFuncVisualState	
ConstMembFunc3<Entity,float,const FSMEntity*,const float*,int,Entity,FSMEntityConditionFunc>	.?AV?$ConstMembFunc3@VEntity@@MPEBVFSMEntity@@PEBMHV1@VFSMEntityConditionFunc@@@@	0x1bd5180	3	FSMEntityConditionFunc	FSMEntityConditionFunc	
ConstMembFunc3<Man,float,const FSMEntity*,const float*,int,Entity,FSMEntityConditionFunc>	.?AV?$ConstMembFunc3@VMan@@MPEBVFSMEntity@@PEBMHVEntity@@VFSMEntityConditionFunc@@@@	0x1b3a968	3	FSMEntityConditionFunc	FSMEntityConditionFunc	
ConstMembFunc3<SeaGullAuto,float,const FSMEntity*,const float*,int,Entity,FSMEntityConditionFunc>	.?AV?$ConstMembFunc3@VSeaGullAuto@@MPEBVFSMEntity@@PEBMHVEntity@@VFSMEntityConditionFunc@@@@	0x1c08f18	3	FSMEntityConditionFunc	FSMEntityConditionFunc	
ContainerRawData	.?AVContainerRawData@@	0x1b59418,0x1b59440@8	4,3	SerializeClass;BaseRefCount<1>	SerializeClass;BaseRefCount<1>;RefCountBaseT<1>	MI
ContainerSplitter	.?AVContainerSplitter@@	0x1cece40	4	ISplitter	ISplitter;BaseRefCount<1>;RefCountBaseT<1>	
Control	.?AVControl@@	0x1a8f478,0x1a8f4d0@24	10,76	RemoveLLinks;IControl	RemoveLLinks;BaseRefCount<1>;RefCountBaseT<1>;IControl;EventHandlerGroupContainer_DynArray<EventHandlerContainer_UI,enum ControlEvent>;IUICollectibleControls;IHasGameVarSpace	MI
ControllerRemovedMsgBox	.?AVControllerRemovedMsgBox@@	0x1cb93e0,0x1cb95f0@24,0x1cb9608@552	65,2,4	MsgBox	MsgBox;ControlsContainer;RemoveLLinks;BaseRefCount<1>;RefCountBaseT<1>;EventHandlerGroupContainer_Simple<EventHandlerContainer_UI,13,enum DisplayEvent>;IUICollectibleControls;IHasGameVarSpace	MI
ControlObject	.?AVControlObject@@	0x1cc5c10,0x1cc68a8@24,0x1cc68d0@48,0x1cc6990@1464	402,4,23,76	Entity;IControl	Entity;ObjectTyped;Object;NetworkObject;RemoveSoftLinks<SoftLinkIdTraits<ObjectId,ObjectIdAutoDestroy>>;BaseRefCount<1>;RefCountBaseT<1>;NetworkSimpleObject;CountInstances<Object>;EPEItem;TLinkBidir<1>;NoCopy;Animated;IControl;EventHandlerGroupContainer_DynArray<EventHandlerContainer_UI,enum ControlEvent>;IUICollectibleControls;IHasGameVarSpace	MI
ControlObjectAnimated	.?AVControlObjectAnimated@@	0x1cd2758,0x1cd33f0@24,0x1cd3418@48,0x1cd34d8@1464,0x1cd3740@1728,0x1cd3768@1928	402,4,23,76,4,6	ControlObjectWithZoom;LODShapeLoadHandler	ControlObjectWithZoom;ControlObject;Entity;ObjectTyped;Object;NetworkObject;RemoveSoftLinks<SoftLinkIdTraits<ObjectId,ObjectIdAutoDestroy>>;BaseRefCount<1>;RefCountBaseT<1>;NetworkSimpleObject;CountInstances<Object>;EPEItem;TLinkBidir<1>;NoCopy;Animated;IControl;EventHandlerGroupContainer_DynArray<EventHandlerContainer_UI,enum ControlEvent>;IUICollectibleControls;IHasGameVarSpace;SerializeClass;LODShapeLoadHandler	MI
ControlObjectContainer	.?AVControlObjectContainer@@	0x1cc7c08,0x1cc88a0@24,0x1cc88c8@48,0x1cc8988@1464,0x1cc8bf0@1728	402,4,23,76,4	ControlObjectWithZoom	ControlObjectWithZoom;ControlObject;Entity;ObjectTyped;Object;NetworkObject;RemoveSoftLinks<SoftLinkIdTraits<ObjectId,ObjectIdAutoDestroy>>;BaseRefCount<1>;RefCountBaseT<1>;NetworkSimpleObject;CountInstances<Object>;EPEItem;TLinkBidir<1>;NoCopy;Animated;IControl;EventHandlerGroupContainer_DynArray<EventHandlerContainer_UI,enum ControlEvent>;IUICollectibleControls;IHasGameVarSpace;SerializeClass	MI
ControlObjectContainerAnim	.?AVControlObjectContainerAnim@@	0x1cc8c18,0x1cc98b0@24,0x1cc98d8@48,0x1cc9998@1464,0x1cc9c00@1728,0x1cc9c28@1992	402,4,23,76,4,6	ControlObjectContainer;LODShapeLoadHandler	ControlObjectContainer;ControlObjectWithZoom;ControlObject;Entity;ObjectTyped;Object;NetworkObject;RemoveSoftLinks<SoftLinkIdTraits<ObjectId,ObjectIdAutoDestroy>>;BaseRefCount<1>;RefCountBaseT<1>;NetworkSimpleObject;CountInstances<Object>;EPEItem;TLinkBidir<1>;NoCopy;Animated;IControl;EventHandlerGroupContainer_DynArray<EventHandlerContainer_UI,enum ControlEvent>;IUICollectibleControls;IHasGameVarSpace;SerializeClass;LODShapeLoadHandler	MI
ControlObjectType	.?AVControlObjectType@@	0x1cc5a80,0x1cc5bc0@24,0x1cc5bf8@32	39,6,2	EntityType	EntityType;RemoveLLinks;BaseRefCount<1>;RefCountBaseT<1>;LODShapeLoadHandler;AnimatedType;LinkBidirWithFrameStoreT<FrameStoreTraits>;TLinkBidir<2>;NoCopy	MI
ControlObjectWithZoom	.?AVControlObjectWithZoom@@	0x1cc6bf8,0x1cc7890@24,0x1cc78b8@48,0x1cc7978@1464,0x1cc7be0@1728	402,4,23,76,4	ControlObject;SerializeClass	ControlObject;Entity;ObjectTyped;Object;NetworkObject;RemoveSoftLinks<SoftLinkIdTraits<ObjectId,ObjectIdAutoDestroy>>;BaseRefCount<1>;RefCountBaseT<1>;NetworkSimpleObject;CountInstances<Object>;EPEItem;TLinkBidir<1>;NoCopy;Animated;IControl;EventHandlerGroupContainer_DynArray<EventHandlerContainer_UI,enum ControlEvent>;IUICollectibleControls;IHasGameVarSpace;SerializeClass	MI
ControlsContainer	.?AVControlsContainer@@	0x1cc3c00,0x1cc3e10@24,0x1cc3e28@552	65,2,4	RemoveLLinks;EventHandlerGroupContainer_Simple<EventHandlerContainer_UI,13,enum DisplayEvent>;IUICollectibleControls;IHasGameVarSpace	RemoveLLinks;BaseRefCount<1>;RefCountBaseT<1>;EventHandlerGroupContainer_Simple<EventHandlerContainer_UI,13,enum DisplayEvent>;IUICollectibleControls;IHasGameVarSpace	MI
ConvexComponent	.?AVConvexComponent@@	0x1ce0680	3	BaseRefCount<1>;NoCopy	BaseRefCount<1>;RefCountBaseT<1>;NoCopy	MI
ConvexComponents	.?AVConvexComponents@@	0x1ce06a0	3	BaseRefCount<1>;RefArray<ConvexComponent,MemAllocD>	BaseRefCount<1>;RefCountBaseT<1>;RefArray<ConvexComponent,MemAllocD>;FindArrayKey<Ref<ConvexComponent>,RefArrayKeyTraits<ConvexComponent>,MemAllocD>;AutoArray<Ref<ConvexComponent>,MemAllocD>;Array<Ref<ConvexComponent>>;MemAllocD	MI
COpticsSlotItem	.?AVCOpticsSlotItem@@	0x1cedef0,0x1cedfe8@16,0x1cee008@40,0x1cee030@72	30,3,4,2	IWeaponSlotItem;IFlashlightLaserHolder	IWeaponSlotItem;IInventorySlotItem;IInventoryObjectBase;CMassObject;RemoveLinks;BaseRefCount<1>;RefCountBaseT<1>;SList<BaseLink,TLink<0>>;TLink<0>;SerializeClass;IHasParentContainer;IFlashlightLaserHolder	MI
CountedMagazinesString	.?AUCountedMagazinesString@@	0x1b593c0,0x1b593f8@8	6,3	CountedString	CountedString;SerializeClass;BaseRefCount<1>;RefCountBaseT<1>	MI
CountedString	.?AUCountedString@@	0x1b59080,0x1b590b8@8	6,3	SerializeClass;BaseRefCount<1>	SerializeClass;BaseRefCount<1>;RefCountBaseT<1>	MI
CountedWeaponsString	.?AUCountedWeaponsString@@	0x1b592a8,0x1b592e0@8	6,3	CountedString	CountedString;SerializeClass;BaseRefCount<1>;RefCountBaseT<1>	MI
CountEmptyTurrets	.?AVCountEmptyTurrets@@	0x1acd810	2	ITurretFunc	ITurretFunc	
CounterMessure	.?AVCounterMessure@@	0x1c193e0,0x1c1a108@24,0x1c1a130@48	420,4,23	ShotShell	ShotShell;Shot;Entity;ObjectTyped;Object;NetworkObject;RemoveSoftLinks<SoftLinkIdTraits<ObjectId,ObjectIdAutoDestroy>>;BaseRefCount<1>;RefCountBaseT<1>;NetworkSimpleObject;CountInstances<Object>;EPEItem;TLinkBidir<1>;NoCopy;Animated	MI
CountGunnerProxy	.?AVCountGunnerProxy@@	0x1c46688	2	ITurretFunc	ITurretFunc	
CountInstances<AIAgent>	.?AV?$CountInstances@VAIAgent@@@@					no-col
CountInstances<AITask>	.?AV?$CountInstances@VAITask@@@@					no-col
CountInstances<AITaskType>	.?AV?$CountInstances@VAITaskType@@@@					no-col
CountInstances<AITeam>	.?AV?$CountInstances@VAITeam@@@@					no-col
CountInstances<AITeamMember>	.?AV?$CountInstances@VAITeamMember@@@@					no-col
CountInstances<CompoundGameType>	.?AV?$CountInstances@VCompoundGameType@@@@					no-col
CountInstances<FileRequest>	.?AV?$CountInstances@VFileRequest@@@@					no-col
CountInstances<GameDataTask>	.?AV?$CountInstances@VGameDataTask@@@@					no-col
CountInstances<GroundClutterPosMap>	.?AV?$CountInstances@VGroundClutterPosMap@@@@					no-col
CountInstances<Object>	.?AV?$CountInstances@VObject@@@@					no-col
CountInstances<ParamClass>	.?AV?$CountInstances@VParamClass@@@@					no-col
CountInstances<Person>	.?AV?$CountInstances@VPerson@@@@					no-col
CountInstances<QIStreamBufferMapped>	.?AV?$CountInstances@VQIStreamBufferMapped@@@@					no-col
CountInstances<RadioMessageTask>	.?AV?$CountInstances@VRadioMessageTask@@@@					no-col
CountInstances<RadioMessageTaskReceived>	.?AV?$CountInstances@VRadioMessageTaskReceived@@@@					no-col
CountInstances<RadioMessageTaskResult>	.?AV?$CountInstances@VRadioMessageTaskResult@@@@					no-col
CountInstances<TargetList>	.?AV?$CountInstances@VTargetList@@@@					no-col
CountInstances<TargetMinimal>	.?AV?$CountInstances@VTargetMinimal@@@@					no-col
CountInstances<TargetNormal>	.?AV?$CountInstances@VTargetNormal@@@@					no-col
CoverVars	.?AUCoverVars@@	0x1b357d8,0x1b357f8@16	3,4	BaseRefCount<1>;SerializeClass	BaseRefCount<1>;RefCountBaseT<1>;SerializeClass	MI
CParaSlotItem	.?AVCParaSlotItem@@	0x1cecb00,0x1cecc00@16,0x1cecc20@40,0x1cecc48@72	31,3,4,2	CCommonItem	CCommonItem;IInventorySlotItem;IInventoryObjectBase;CMassObject;RemoveLinks;BaseRefCount<1>;RefCountBaseT<1>;SList<BaseLink,TLink<0>>;TLink<0>;SerializeClass;IHasParentContainer	MI
CParticle	.?AVCParticle@@	0x1c1cea0,0x1c1db20@24,0x1c1db48@48	399,4,23	Entity	Entity;ObjectTyped;Object;NetworkObject;RemoveSoftLinks<SoftLinkIdTraits<ObjectId,ObjectIdAutoDestroy>>;BaseRefCount<1>;RefCountBaseT<1>;NetworkSimpleObject;CountInstances<Object>;EPEItem;TLinkBidir<1>;NoCopy;Animated	MI
CParticleRandomization	.?AUCParticleRandomization@@	0x1c1ce78	4	SerializeClass	SerializeClass	
CParticleSource	.?AVCParticleSource@@	0x1c27150,0x1c27dd0@24,0x1c27df8@48,0x1c27eb8@1464	399,4,23,3	Entity;CParticleSourceBase	Entity;ObjectTyped;Object;NetworkObject;RemoveSoftLinks<SoftLinkIdTraits<ObjectId,ObjectIdAutoDestroy>>;BaseRefCount<1>;RefCountBaseT<1>;NetworkSimpleObject;CountInstances<Object>;EPEItem;TLinkBidir<1>;NoCopy;Animated;CParticleSourceBase	MI
CParticleSourceBase	.?AVCParticleSourceBase@@	0x1c0f8d8	3			
CParticleType	.?AUCParticleType@@	0x1c27108,0x1c27128@16	3,4	BaseRefCount<1>;SerializeClass	BaseRefCount<1>;RefCountBaseT<1>;SerializeClass	MI
CPPEventSource<enum E3DMouseEvents,1>	.?AV?$CPPEventSource@W4E3DMouseEvents@@$00@@					no-col
CPPEventSource<enum E3DMouseEvents,1>::Handler<Editor3D::MoveUnitOp::`1'()::`2'::<lambda_1>>	.?AU?$Handler@V<lambda_1>@?1???0MoveUnitOp@Editor3D@@QEAA@PEAUS3DMouseControls@@PEAVE3DItem@3@AEBV?$RefArray@VE3DItem@Editor3D@@VMemAllocD@@@@@Z@@?$CPPEventSource@W4E3DMouseEvents@@$00@@	0x1a90c38	5	IHandler	IHandler;BaseRefCount<1>;RefCountBaseT<1>	
CPPEventSource<enum Editor3D::CustomCompositionManagerEvents,1>::Handler<Editor3D::MainDisplay::`1'()::`2'::<lambda_1>>	.?AU?$Handler@V<lambda_1>@?1???0MainDisplay@Editor3D@@QEAA@PEAVControlsContainer@@@Z@@?$CPPEventSource@W4CustomCompositionManagerEvents@Editor3D@@$00@@	0x1b26ec0	5	IHandler	IHandler;BaseRefCount<1>;RefCountBaseT<1>	
CPPEventSource<enum Editor3D::SteamCompositionManagerEvents,1>::Handler<Editor3D::MainDisplay::`1'()::`2'::<lambda_2>>	.?AU?$Handler@V<lambda_2>@?1???0MainDisplay@Editor3D@@QEAA@PEAVControlsContainer@@@Z@@?$CPPEventSource@W4SteamCompositionManagerEvents@Editor3D@@$00@@	0x1b26ef0	5	IHandler	IHandler;BaseRefCount<1>;RefCountBaseT<1>	
CPreprocessorFunctions	.?AVCPreprocessorFunctions@@	0x1a9bfa8	3	PreprocessorFunctions	PreprocessorFunctions	
CProgressBar	.?AVCProgressBar@@	0x1ccccc0,0x1cccd20@24	11,76	Control	Control;RemoveLLinks;BaseRefCount<1>;RefCountBaseT<1>;IControl;EventHandlerGroupContainer_DynArray<EventHandlerContainer_UI,enum ControlEvent>;IUICollectibleControls;IHasGameVarSpace	MI
CPUBenchmark	.?AVCPUBenchmark@@	0x1b2c890	2	BenchmarkBase	BenchmarkBase	
CPylonsControlsGroup	.?AVCPylonsControlsGroup@@	0x1b27300,0x1b27360@24	11,76	CControlsGroup	CControlsGroup;Control;RemoveLLinks;BaseRefCount<1>;RefCountBaseT<1>;IControl;EventHandlerGroupContainer_DynArray<EventHandlerContainer_UI,enum ControlEvent>;IUICollectibleControls;IHasGameVarSpace	MI
CPylonWeaponParticleEffect	.?AVCPylonWeaponParticleEffect@@	0x1aca348	5	CWeaponParticleEffect	CWeaponParticleEffect;BaseRefCount<1>;RefCountBaseT<1>	
CRadioSlotItem	.?AVCRadioSlotItem@@	0x1cec420,0x1cec520@16,0x1cec540@40,0x1cec568@72	31,3,4,2	CCommonItem	CCommonItem;IInventorySlotItem;IInventoryObjectBase;CMassObject;RemoveLinks;BaseRefCount<1>;RefCountBaseT<1>;SList<BaseLink,TLink<0>>;TLink<0>;SerializeClass;IHasParentContainer	MI
Crater	.?AVCrater@@	0x1c299f0,0x1c2a670@24,0x1c2a698@48	399,4,23	Smoke	Smoke;Entity;ObjectTyped;Object;NetworkObject;RemoveSoftLinks<SoftLinkIdTraits<ObjectId,ObjectIdAutoDestroy>>;BaseRefCount<1>;RefCountBaseT<1>;NetworkSimpleObject;CountInstances<Object>;EPEItem;TLinkBidir<1>;NoCopy;Animated	MI
CraterOnVehicle	.?AVCraterOnVehicle@@	0x1c2a758,0x1c2b3d8@24,0x1c2b400@48,0x1c2b4c0@1656	399,4,23,4	Crater;AttachedOnVehicle	Crater;Smoke;Entity;ObjectTyped;Object;NetworkObject;RemoveSoftLinks<SoftLinkIdTraits<ObjectId,ObjectIdAutoDestroy>>;BaseRefCount<1>;RefCountBaseT<1>;NetworkSimpleObject;CountInstances<Object>;EPEItem;TLinkBidir<1>;NoCopy;Animated;AttachedOnVehicle;JoinedObject;Frame;Matrix4P	MI,VI
CRCSumCalculator	.?AVCRCSumCalculator@@	0x1a9bfe8	4	SumCalculator	SumCalculator	
CRCSumCalculatorFunctions	.?AVCRCSumCalculatorFunctions@@	0x1a9c010	2	SumCalculatorFunctions	SumCalculatorFunctions	
CreateCommentUndo	.?AUCreateCommentUndo@@	0x1b22650,0x1b22670@24	3,3	Editor3D::UndoRedoItem	Editor3D::UndoRedoItem;BaseRefCount<1>;RefCountBaseT<1>	
CreateGunner	.?AVCreateGunner@@	0x1caba10	2	ITurretFunc	ITurretFunc	
CreateLocalObjectUpdateInfoTask	.?AVCreateLocalObjectUpdateInfoTask@@	0x1b42f38	3	IMicroJob	IMicroJob;enf::Job;enf::JobCommon;enf::JobCore	
CreateLogicUndo	.?AUCreateLogicUndo@@	0x1b22608,0x1b22628@24	3,3	Editor3D::UndoRedoItem	Editor3D::UndoRedoItem;BaseRefCount<1>;RefCountBaseT<1>	
CreateObjectUndo	.?AUCreateObjectUndo@@	0x1b225c0,0x1b225e0@24	3,3	Editor3D::UndoRedoItem	Editor3D::UndoRedoItem;BaseRefCount<1>;RefCountBaseT<1>	
CreateObjectUpdateInfoTask	.?AVCreateObjectUpdateInfoTask@@	0x1b42f60	3	IMicroJob	IMicroJob;enf::Job;enf::JobCommon;enf::JobCore	
CreateOperation	.?AUCreateOperation@@	0x1b49348,0x1b49370@32,0x1b49390@120	4,3,3	Editor3D::EditOperation;Editor3D::CreateItemsUndo	Editor3D::EditOperation;BaseRefCount<1>;RefCountBaseT<1>;Editor3D::CreateItemsUndo;Editor3D::UndoRedoItem;BaseRefCount<1>;RefCountBaseT<1>	MI,VI
CResizeEngine	.?AVCResizeEngine@@	0x1d70728	1			
CrewDisplayComponent	.?AVCrewDisplayComponent@@	0x1acb0f8	23	VehicleSystemDisplayBase	VehicleSystemDisplayBase;Component;BaseRefCount<1>;RefCountBaseT<1>	
CrewDisplayComponentType	.?AVCrewDisplayComponentType@@	0x1acab38	7	VehicleSystemDisplayBaseType	VehicleSystemDisplayBaseType;ComponentType;BaseRefCount<1>;RefCountBaseT<1>	
CrewInfo	.?AVCrewInfo@@	0x1b82e50	2	ITurretFunc	ITurretFunc	
CrewInTurretFunc	.?AVCrewInTurretFunc@@	0x1c463c0	2	ITurretFunc	ITurretFunc	
CrewSoundFunc	.?AVCrewSoundFunc@@	0x1c46960	2	ICrewFunc	ICrewFunc	
CSampleXAPOBase<CompressorAPO,CompressorAPOParams>	.?AV?$CSampleXAPOBase@VCompressorAPO@@UCompressorAPOParams@@@@	0x1b5f948,0x1b5f9e0@48	18,5	CXAPOParametersBase;XAPOBaseHelpers	CXAPOParametersBase;CXAPOBase;IXAPO;IUnknown;IXAPOParameters;IUnknown;XAPOBaseHelpers	MI
CSampleXAPOBase<Discretizer256APO,Discretizer256Pars>	.?AV?$CSampleXAPOBase@VDiscretizer256APO@@UDiscretizer256Pars@@@@	0x1b5c668,0x1b5c700@48	18,5	CXAPOParametersBase;XAPOBaseHelpers	CXAPOParametersBase;CXAPOBase;IXAPO;IUnknown;IXAPOParameters;IUnknown;XAPOBaseHelpers	MI
CSampleXAPOBase<LimiterAPO,LimiterAPOPars>	.?AV?$CSampleXAPOBase@VLimiterAPO@@ULimiterAPOPars@@@@	0x1b5c4d8,0x1b5c570@48	18,5	CXAPOParametersBase;XAPOBaseHelpers	CXAPOParametersBase;CXAPOBase;IXAPO;IUnknown;IXAPOParameters;IUnknown;XAPOBaseHelpers	MI
CSampleXAPOBase<MonoAPO,MonoAPOParams>	.?AV?$CSampleXAPOBase@VMonoAPO@@UMonoAPOParams@@@@	0x1b5fad8,0x1b5fb70@48	18,5	CXAPOParametersBase;XAPOBaseHelpers	CXAPOParametersBase;CXAPOBase;IXAPO;IUnknown;IXAPOParameters;IUnknown;XAPOBaseHelpers	MI
CSampleXAPOBase<Stereo3DEffectAPO,Stereo3DEffectPars>	.?AV?$CSampleXAPOBase@VStereo3DEffectAPO@@UStereo3DEffectPars@@@@	0x1b5fc68,0x1b5fd00@48	18,5	CXAPOParametersBase;XAPOBaseHelpers	CXAPOParametersBase;CXAPOBase;IXAPO;IUnknown;IXAPOParameters;IUnknown;XAPOBaseHelpers	MI
CScubaSlotItem	.?AVCScubaSlotItem@@	0x1cecc60,0x1cecd60@16,0x1cecd80@40,0x1cecda8@72	31,3,4,2	CCommonItem	CCommonItem;IInventorySlotItem;IInventoryObjectBase;CMassObject;RemoveLinks;BaseRefCount<1>;RefCountBaseT<1>;SList<BaseLink,TLink<0>>;TLink<0>;SerializeClass;IHasParentContainer	MI
CSecondaryTextItem	.?AVCSecondaryTextItem@@					no-col
CSelection	.?AVCSelection@@	0x1ce3de0	3	BaseRefCount<1>	BaseRefCount<1>;RefCountBaseT<1>	
CSessionsContainer	.?AVCSessionsContainer@@	0x1b85398	7			
CShortcutButton	.?AVCShortcutButton@@	0x1ccb178,0x1ccb1e0@24,0x1ccb448@568,0x1ccb490@592	12,76,8,13	CStructuredText;CSecondaryTextItem	CStructuredText;Control;RemoveLLinks;BaseRefCount<1>;RefCountBaseT<1>;IControl;EventHandlerGroupContainer_DynArray<EventHandlerContainer_UI,enum ControlEvent>;IUICollectibleControls;IHasGameVarSpace;ITextContainer;CSecondaryTextItem	MI
CSkewStatic	.?AVCSkewStatic@@	0x1cca570,0x1cca5c8@24	10,76	Control	Control;RemoveLLinks;BaseRefCount<1>;RefCountBaseT<1>;IControl;EventHandlerGroupContainer_DynArray<EventHandlerContainer_UI,enum ControlEvent>;IUICollectibleControls;IHasGameVarSpace	MI
CSlider	.?AVCSlider@@	0x1ccc740,0x1ccc798@24	10,76	CSliderContainer	CSliderContainer;Control;RemoveLLinks;BaseRefCount<1>;RefCountBaseT<1>;IControl;EventHandlerGroupContainer_DynArray<EventHandlerContainer_UI,enum ControlEvent>;IUICollectibleControls;IHasGameVarSpace	MI
CSliderContainer	.?AVCSliderContainer@@	0x1ccc480,0x1ccc4d8@24	10,76	Control	Control;RemoveLLinks;BaseRefCount<1>;RefCountBaseT<1>;IControl;EventHandlerGroupContainer_DynArray<EventHandlerContainer_UI,enum ControlEvent>;IUICollectibleControls;IHasGameVarSpace	MI
CSoldierUniform	.?AVCSoldierUniform@@	0x1ceea88	3	RemoveLinks	RemoveLinks;BaseRefCount<1>;RefCountBaseT<1>;SList<BaseLink,TLink<0>>;TLink<0>	MI
CStanceIndicator	.?AVCStanceIndicator@@	0x1b836c8,0x1b83740@24,0x1b839a8@568	14,76,8	CStatic	CStatic;Control;RemoveLLinks;BaseRefCount<1>;RefCountBaseT<1>;IControl;EventHandlerGroupContainer_DynArray<EventHandlerContainer_UI,enum ControlEvent>;IUICollectibleControls;IHasGameVarSpace;CTextContainer;ITextContainer	MI
CStatic	.?AVCStatic@@	0x1cc9f20,0x1cc9f98@24,0x1cca200@568	14,76,8	Control;CTextContainer	Control;RemoveLLinks;BaseRefCount<1>;RefCountBaseT<1>;IControl;EventHandlerGroupContainer_DynArray<EventHandlerContainer_UI,enum ControlEvent>;IUICollectibleControls;IHasGameVarSpace;CTextContainer;ITextContainer	MI
CStaticAzimut	.?AVCStaticAzimut@@	0x1cc1f28,0x1cc1fa0@24,0x1cc2208@568	14,76,8	CStatic	CStatic;Control;RemoveLLinks;BaseRefCount<1>;RefCountBaseT<1>;IControl;EventHandlerGroupContainer_DynArray<EventHandlerContainer_UI,enum ControlEvent>;IUICollectibleControls;IHasGameVarSpace;CTextContainer;ITextContainer	MI
CStaticDlcItem	.?AVCStaticDlcItem@@	0x1b72b50,0x1b72bc8@24,0x1b72e30@568	14,76,8	CStaticModItem	CStaticModItem;CStatic;Control;RemoveLLinks;BaseRefCount<1>;RefCountBaseT<1>;IControl;EventHandlerGroupContainer_DynArray<EventHandlerContainer_UI,enum ControlEvent>;IUICollectibleControls;IHasGameVarSpace;CTextContainer;ITextContainer	MI
CStaticLadder	.?AVCStaticLadder@@	0x1cca248,0x1cca2c0@24,0x1cca528@568	14,76,8	CStatic	CStatic;Control;RemoveLLinks;BaseRefCount<1>;RefCountBaseT<1>;IControl;EventHandlerGroupContainer_DynArray<EventHandlerContainer_UI,enum ControlEvent>;IUICollectibleControls;IHasGameVarSpace;CTextContainer;ITextContainer	MI
CStaticMap	.?AVCStaticMap@@	0x1cd59f0,0x1cd5ac0@24,0x1cd5d28@568	25,76,8	CStatic	CStatic;Control;RemoveLLinks;BaseRefCount<1>;RefCountBaseT<1>;IControl;EventHandlerGroupContainer_DynArray<EventHandlerContainer_UI,enum ControlEvent>;IUICollectibleControls;IHasGameVarSpace;CTextContainer;ITextContainer	MI
CStaticMap::DrawBackground()::`79'::DrawMapObjectsMapTask	.?AUDrawMapObjectsMapTask@?EP@??DrawBackground@CStaticMap@@MEAAXXZ@	0x1cd9c48	3	IMicroJob	IMicroJob;enf::Job;enf::JobCommon;enf::JobCore	
CStaticMap::DrawBackground()::`79'::MapObjectsPrepTask	.?AUMapObjectsPrepTask@?EP@??DrawBackground@CStaticMap@@MEAAXXZ@	0x1cd9bf8	3	IMicroJob	IMicroJob;enf::Job;enf::JobCommon;enf::JobCore	
CStaticMap::DrawBackground()::`79'::PreloadLocationsListTask	.?AUPreloadLocationsListTask@?EP@??DrawBackground@CStaticMap@@MEAAXXZ@	0x1cd9bd0	3	IMicroJob	IMicroJob;enf::Job;enf::JobCommon;enf::JobCore	
CStaticMap::DrawBackground()::`79'::PreloadMapObjectsTask	.?AUPreloadMapObjectsTask@?EP@??DrawBackground@CStaticMap@@MEAAXXZ@	0x1cd9c20	3	IMicroJob	IMicroJob;enf::Job;enf::JobCommon;enf::JobCore	
CStaticMap::SeaAndShadedPrep()::`2'::DrawSeaRowTask	.?AUDrawSeaRowTask@?1??SeaAndShadedPrep@CStaticMap@@IEAAXAEAV?$AutoArray@V?$SRef@VIMicroJob@@U?$SRefTraits@VIMicroJob@@@@@@V?$MemAllocLocal@V?$SRef@VIMicroJob@@U?$SRefTraits@VIMicroJob@@@@@@$0EA@HVMemAllocD@@@@@@@Z@	0x1cd9b80	3	IMicroJob	IMicroJob;enf::Job;enf::JobCommon;enf::JobCore	
CStaticMapArcade	.?AVCStaticMapArcade@@	0x1cdb8f8,0x1cdb9d8@24,0x1cdbc40@568	27,76,8	CStaticMapArcadeViewer	CStaticMapArcadeViewer;CStaticMap;CStatic;Control;RemoveLLinks;BaseRefCount<1>;RefCountBaseT<1>;IControl;EventHandlerGroupContainer_DynArray<EventHandlerContainer_UI,enum ControlEvent>;IUICollectibleControls;IHasGameVarSpace;CTextContainer;ITextContainer	MI
CStaticMapArcadeViewer	.?AVCStaticMapArcadeViewer@@					no-col
CStaticMapEditor	.?AVCStaticMapEditor@@	0x1cba068,0x1cba138@24,0x1cba3a0@568	25,76,8	CStaticMap	CStaticMap;CStatic;Control;RemoveLLinks;BaseRefCount<1>;RefCountBaseT<1>;IControl;EventHandlerGroupContainer_DynArray<EventHandlerContainer_UI,enum ControlEvent>;IUICollectibleControls;IHasGameVarSpace;CTextContainer;ITextContainer	MI
CStaticMapMain	.?AVCStaticMapMain@@	0x1cd5d98,0x1cd5e78@24,0x1cd60e0@568	27,76,8	CStaticMap	CStaticMap;CStatic;Control;RemoveLLinks;BaseRefCount<1>;RefCountBaseT<1>;IControl;EventHandlerGroupContainer_DynArray<EventHandlerContainer_UI,enum ControlEvent>;IUICollectibleControls;IHasGameVarSpace;CTextContainer;ITextContainer	MI
CStaticModItem	.?AVCStaticModItem@@	0x1b72e78,0x1b72ef0@24,0x1b73158@568	14,76,8	CStatic	CStatic;Control;RemoveLLinks;BaseRefCount<1>;RefCountBaseT<1>;IControl;EventHandlerGroupContainer_DynArray<EventHandlerContainer_UI,enum ControlEvent>;IUICollectibleControls;IHasGameVarSpace;CTextContainer;ITextContainer	MI
CStaticTime	.?AVCStaticTime@@	0x1b8a7d8,0x1b8a850@24,0x1b8aab8@568	14,76,8	CStatic	CStatic;Control;RemoveLLinks;BaseRefCount<1>;RefCountBaseT<1>;IControl;EventHandlerGroupContainer_DynArray<EventHandlerContainer_UI,enum ControlEvent>;IUICollectibleControls;IHasGameVarSpace;CTextContainer;ITextContainer	MI
CStructuredText	.?AVCStructuredText@@	0x1cca830,0x1cca898@24,0x1ccab00@568	12,76,8	Control;ITextContainer	Control;RemoveLLinks;BaseRefCount<1>;RefCountBaseT<1>;IControl;EventHandlerGroupContainer_DynArray<EventHandlerContainer_UI,enum ControlEvent>;IUICollectibleControls;IHasGameVarSpace;ITextContainer	MI
CTextContainer	.?AVCTextContainer@@	0x1a89970	8	ITextContainer	ITextContainer	
CToggles	.?AVCToggles@@	0x1b83e78,0x1b83ed0@24	10,76	Control	Control;RemoveLLinks;BaseRefCount<1>;RefCountBaseT<1>;IControl;EventHandlerGroupContainer_DynArray<EventHandlerContainer_UI,enum ControlEvent>;IUICollectibleControls;IHasGameVarSpace	MI
CToolBox	.?AVCToolBox@@	0x1cce6c8,0x1cce730@24	12,76	Control	Control;RemoveLLinks;BaseRefCount<1>;RefCountBaseT<1>;IControl;EventHandlerGroupContainer_DynArray<EventHandlerContainer_UI,enum ControlEvent>;IUICollectibleControls;IHasGameVarSpace	MI
CToolkitSlotItem	.?AVCToolkitSlotItem@@	0x1cece88,0x1cecf80@16,0x1cecfa0@40,0x1cecfc8@72	30,3,4,2	IInventorySlotItem	IInventorySlotItem;IInventoryObjectBase;CMassObject;RemoveLinks;BaseRefCount<1>;RefCountBaseT<1>;SList<BaseLink,TLink<0>>;TLink<0>;SerializeClass;IHasParentContainer	MI
CTree	.?AVCTree@@	0x1cd0b88,0x1cd0bf8@24	13,76	Control	Control;RemoveLLinks;BaseRefCount<1>;RefCountBaseT<1>;IControl;EventHandlerGroupContainer_DynArray<EventHandlerContainer_UI,enum ControlEvent>;IUICollectibleControls;IHasGameVarSpace	MI
CTree::ApplyFilter()::`2'::CTree_FunctorJob	.?AVCTree_FunctorJob@?1??ApplyFilter@CTree@@IEAAXV?$RStringCT@D@@@Z@	0x1cd15c0	3	IMicroJob	IMicroJob;enf::Job;enf::JobCommon;enf::JobCore	
CTreeItem	.?AUCTreeItem@@	0x1cd0b38	9	RemoveLLinks	RemoveLLinks;BaseRefCount<1>;RefCountBaseT<1>	
CTreeItemCuratorComposition	.?AVCTreeItemCuratorComposition@@	0x1b89730	9	CTreeItem	CTreeItem;RemoveLLinks;BaseRefCount<1>;RefCountBaseT<1>	
CTreeMissionItem	.?AUCTreeMissionItem@@	0x1b81950	9	CTreeItem	CTreeItem;RemoveLLinks;BaseRefCount<1>;RefCountBaseT<1>	
CTreeMPMissionItem	.?AUCTreeMPMissionItem@@	0x1b87310	9	CTreeItem	CTreeItem;RemoveLLinks;BaseRefCount<1>;RefCountBaseT<1>	
CTreeRecentItem	.?AVCTreeRecentItem@@	0x1b896b0	9	CTreeItem	CTreeItem;RemoveLLinks;BaseRefCount<1>;RefCountBaseT<1>	
CTreeUnitItem	.?AUCTreeUnitItem@@	0x1b88c30	9	CTreeItem	CTreeItem;RemoveLLinks;BaseRefCount<1>;RefCountBaseT<1>	
CUavTerminalCombo	.?AVCUavTerminalCombo@@	0x1cd8438,0x1cd8540@24	32,76	CCombo	CCombo;CListBoxContainer;Control;RemoveLLinks;BaseRefCount<1>;RefCountBaseT<1>;IControl;EventHandlerGroupContainer_DynArray<EventHandlerContainer_UI,enum ControlEvent>;IUICollectibleControls;IHasGameVarSpace;CListBoxItems;AutoArray<CListBoxItem,MemAllocD>;Array<CListBoxItem>;MemAllocD	MI
CUavTerminalSlotItem	.?AVCUavTerminalSlotItem@@	0x1b59f30,0x1b5a030@16,0x1b5a050@40,0x1b5a078@72	31,3,4,2	CGPSSlotItem	CGPSSlotItem;CCommonItem;IInventorySlotItem;IInventoryObjectBase;CMassObject;RemoveLinks;BaseRefCount<1>;RefCountBaseT<1>;SList<BaseLink,TLink<0>>;TLink<0>;SerializeClass;IHasParentContainer	MI
CUavTerminalTooltip	.?AVCUavTerminalTooltip@@	0x1cd8120,0x1cd8188@24,0x1cd83f0@568	12,76,8	CExtendedToolTip	CExtendedToolTip;CStructuredText;Control;RemoveLLinks;BaseRefCount<1>;RefCountBaseT<1>;IControl;EventHandlerGroupContainer_DynArray<EventHandlerContainer_UI,enum ControlEvent>;IUICollectibleControls;IHasGameVarSpace;ITextContainer	MI
CUnderBarrelSlotItem	.?AVCUnderBarrelSlotItem@@	0x1b5a0e0,0x1b5a1d8@16,0x1b5a1f8@40,0x1b5a220@72	30,3,4,2	IWeaponSlotItem	IWeaponSlotItem;IInventorySlotItem;IInventoryObjectBase;CMassObject;RemoveLinks;BaseRefCount<1>;RefCountBaseT<1>;SList<BaseLink,TLink<0>>;TLink<0>;SerializeClass;IHasParentContainer	MI
CUniformItem	.?AVCUniformItem@@	0x1ceeab0,0x1ceebb0@16,0x1ceebd0@40,0x1ceebf8@72	31,3,4,2	IInventoryContainterSlotItem	IInventoryContainterSlotItem;IInventorySlotItem;IInventoryObjectBase;CMassObject;RemoveLinks;BaseRefCount<1>;RefCountBaseT<1>;SList<BaseLink,TLink<0>>;TLink<0>;SerializeClass;IHasParentContainer	MI
CUniformSlot	.?AVCUniformSlot@@	0x1ceec78	3	RemoveLLinks	RemoveLLinks;BaseRefCount<1>;RefCountBaseT<1>	
CUniformTypeSlotsManager	.?AVCUniformTypeSlotsManager@@	0x1ceed20	3	RemoveLLinks	RemoveLLinks;BaseRefCount<1>;RefCountBaseT<1>	
CuratorCommander	.?AVCuratorCommander@@	0x1b2d168,0x1b2efa8@24,0x1b2efd0@48,0x1b2f090@1464,0x1b2f0b0@1472,0x1b2f0c8@2152	967,4,23,3,2,7	InvisibleVehicle	InvisibleVehicle;Person;EntityAIFull;EntityAI;Entity;ObjectTyped;Object;NetworkObject;RemoveSoftLinks<SoftLinkIdTraits<ObjectId,ObjectIdAutoDestroy>>;BaseRefCount<1>;RefCountBaseT<1>;NetworkSimpleObject;CountInstances<Object>;EPEItem;TLinkBidir<1>;NoCopy;Animated;JoinedObject;IHasParentContainer;ComponentHolder<EntityAIFull,Component>;CountInstances<Person>	MI
CuratorCommander::CuratorAssignedUnitsFunctor	.?AUCuratorAssignedUnitsFunctor@CuratorCommander@@					no-col
CuratorCommanderType	.?AVCuratorCommanderType@@	0x1b2ce10,0x1b2d0a0@24,0x1b2d0d8@32,0x1b2d0f0@752	81,6,2,4	InvisibleVehicleType	InvisibleVehicleType;PersonType;EntityAIType;EntityType;RemoveLLinks;BaseRefCount<1>;RefCountBaseT<1>;LODShapeLoadHandler;AnimatedType;LinkBidirWithFrameStoreT<FrameStoreTraits>;TLinkBidir<2>;NoCopy;ComponentHolderType<ComponentType>	MI
CuratorCPMemory::ClipBoardEntity	.?AUClipBoardEntity@CuratorCPMemory@@	0x1b88b70	7	CuratorCPMemory::ClipboardItem	CuratorCPMemory::ClipboardItem;BaseRefCount<1>;RefCountBaseT<1>	
CuratorCPMemory::ClipBoardGroup	.?AUClipBoardGroup@CuratorCPMemory@@	0x1b88b30	7	CuratorCPMemory::ClipboardItem	CuratorCPMemory::ClipboardItem;BaseRefCount<1>;RefCountBaseT<1>	
CuratorCPMemory::ClipboardItem	.?AUClipboardItem@CuratorCPMemory@@					no-col
CuratorCPMemory::ClipBoardMarker	.?AUClipBoardMarker@CuratorCPMemory@@	0x1b88bf0	7	CuratorCPMemory::ClipboardItem	CuratorCPMemory::ClipboardItem;BaseRefCount<1>;RefCountBaseT<1>	
CuratorCPMemory::ClipBoardWaypoint	.?AUClipBoardWaypoint@CuratorCPMemory@@	0x1b88bb0	7	CuratorCPMemory::ClipboardItem	CuratorCPMemory::ClipboardItem;BaseRefCount<1>;RefCountBaseT<1>	
CuratorMouseArea	.?AVCuratorMouseArea@@	0x1b88ff8,0x1b89070@24,0x1b892d8@568	14,76,8	CStatic	CStatic;Control;RemoveLLinks;BaseRefCount<1>;RefCountBaseT<1>;IControl;EventHandlerGroupContainer_DynArray<EventHandlerContainer_UI,enum ControlEvent>;IUICollectibleControls;IHasGameVarSpace;CTextContainer;ITextContainer	MI
CuratorStaticMapMain	.?AVCuratorStaticMapMain@@	0x1b89320,0x1b89400@24,0x1b89668@568	27,76,8	CStaticMapMain	CStaticMapMain;CStaticMap;CStatic;Control;RemoveLLinks;BaseRefCount<1>;RefCountBaseT<1>;IControl;EventHandlerGroupContainer_DynArray<EventHandlerContainer_UI,enum ControlEvent>;IUICollectibleControls;IHasGameVarSpace;CTextContainer;ITextContainer	MI
Curve3D<LinCurve1D>	.?AV?$Curve3D@VLinCurve1D@@@@	0x1c36348	4	BaseRefCount<1>	BaseRefCount<1>;RefCountBaseT<1>	
CustomData	.?AUCustomData@@	0x1b88730	3	BaseRefCount<1>	BaseRefCount<1>;RefCountBaseT<1>	
CustomDisplayComponent	.?AVCustomDisplayComponent@@	0x1acb1b8	23	VehicleSystemDisplayBase	VehicleSystemDisplayBase;Component;BaseRefCount<1>;RefCountBaseT<1>	
CustomDisplayComponentType	.?AVCustomDisplayComponentType@@	0x1acab78	7	VehicleSystemDisplayBaseType	VehicleSystemDisplayBaseType;ComponentType;BaseRefCount<1>;RefCountBaseT<1>	
CVehicleArgumentsManager	.?AVCVehicleArgumentsManager@@	0x1b43ab8	3	RemoveLinks	RemoveLinks;BaseRefCount<1>;RefCountBaseT<1>;SList<BaseLink,TLink<0>>;TLink<0>	MI
CVestItem	.?AVCVestItem@@	0x1ceed60,0x1ceee60@16,0x1ceee80@40,0x1ceeea8@72	31,3,4,2	IInventoryContainterSlotItem;HasHitpointProtectionInfo	IInventoryContainterSlotItem;IInventorySlotItem;IInventoryObjectBase;CMassObject;RemoveLinks;BaseRefCount<1>;RefCountBaseT<1>;SList<BaseLink,TLink<0>>;TLink<0>;SerializeClass;IHasParentContainer;HasHitpointProtectionInfo	MI
CWarrant	.?AVCWarrant@@	0x1cd6128,0x1cd6180@24	10,76	Control	Control;RemoveLLinks;BaseRefCount<1>;RefCountBaseT<1>;IControl;EventHandlerGroupContainer_DynArray<EventHandlerContainer_UI,enum ControlEvent>;IUICollectibleControls;IHasGameVarSpace	MI
CWatchSlotItem	.?AVCWatchSlotItem@@	0x1cec000,0x1cec100@16,0x1cec120@40,0x1cec148@72	31,3,4,2	CCommonItem	CCommonItem;IInventorySlotItem;IInventoryObjectBase;CMassObject;RemoveLinks;BaseRefCount<1>;RefCountBaseT<1>;SList<BaseLink,TLink<0>>;TLink<0>;SerializeClass;IHasParentContainer	MI
CWeaponInstance	.?AVCWeaponInstance@@	0x1ceeed0,0x1ceefa0@16,0x1ceefc0@40	25,3,4	Animated;IInventoryObjectBase	Animated;IInventoryObjectBase;CMassObject;RemoveLinks;BaseRefCount<1>;RefCountBaseT<1>;SList<BaseLink,TLink<0>>;TLink<0>;SerializeClass	MI
CWeaponParticleEffect	.?AVCWeaponParticleEffect@@	0x1b5a258	5	BaseRefCount<1>	BaseRefCount<1>;RefCountBaseT<1>	
CWeaponSlot	.?AVCWeaponSlot@@	0x1cef288	3	RemoveLLinks	RemoveLLinks;BaseRefCount<1>;RefCountBaseT<1>	
CWeaponSlotsDataProvider	.?AVCWeaponSlotsDataProvider@@	0x1cee4f0	5			
CWeaponSlotsManager	.?AVCWeaponSlotsManager@@	0x1cee520,0x1cee540@24	3,5	RemoveLLinks;CWeaponSlotsDataProvider	RemoveLLinks;BaseRefCount<1>;RefCountBaseT<1>;CWeaponSlotsDataProvider	MI
CWeaponTypeSlotsManager	.?AVCWeaponTypeSlotsManager@@	0x1cee978	3	RemoveLLinks	RemoveLLinks;BaseRefCount<1>;RefCountBaseT<1>	
CWebBrowser	.?AVCWebBrowser@@	0x1a87278,0x1a872d8@24	11,76	Control	Control;RemoveLLinks;BaseRefCount<1>;RefCountBaseT<1>;IControl;EventHandlerGroupContainer_DynArray<EventHandlerContainer_UI,enum ControlEvent>;IUICollectibleControls;IHasGameVarSpace	MI
CWebBrowser::CCallbackInternal_OnBrowserRestarted	.?AUCCallbackInternal_OnBrowserRestarted@CWebBrowser@@	0x1a87230	4	CCallbackImpl<8>	CCallbackImpl<8>;CCallbackBase	
CWebBrowser::CCallbackInternal_OnCloseBrowser	.?AUCCallbackInternal_OnCloseBrowser@CWebBrowser@@	0x1a871e0	4	CCallbackImpl<4>	CCallbackImpl<4>;CCallbackBase	
CWebBrowser::CCallbackInternal_OnFinishedRequest	.?AUCCallbackInternal_OnFinishedRequest@CWebBrowser@@	0x1a87208	4	CCallbackImpl<24>	CCallbackImpl<24>;CCallbackBase	
CWebBrowser::CCallbackInternal_OnJSAlert	.?AUCCallbackInternal_OnJSAlert@CWebBrowser@@	0x1a87118	4	CCallbackImpl<16>	CCallbackImpl<16>;CCallbackBase	
CWebBrowser::CCallbackInternal_OnJSConfirm	.?AUCCallbackInternal_OnJSConfirm@CWebBrowser@@	0x1a87140	4	CCallbackImpl<16>	CCallbackImpl<16>;CCallbackBase	
CWebBrowser::CCallbackInternal_OnNeedsPaint	.?AUCCallbackInternal_OnNeedsPaint@CWebBrowser@@	0x1a871b8	4	CCallbackImpl<56>	CCallbackImpl<56>;CCallbackBase	
CWebBrowser::CCallbackInternal_OnStartRequest	.?AUCCallbackInternal_OnStartRequest@CWebBrowser@@	0x1a870f0	4	CCallbackImpl<40>	CCallbackImpl<40>;CCallbackBase	
CWebBrowser::CCallbackInternal_OnUploadLocalFile	.?AUCCallbackInternal_OnUploadLocalFile@CWebBrowser@@	0x1a87168	4	CCallbackImpl<24>	CCallbackImpl<24>;CCallbackBase	
CXAPOBase	.?AVCXAPOBase@@					no-col
CXAPOParametersBase	.?AVCXAPOParametersBase@@					no-col
CXButton	.?AVCXButton@@	0x1ccae60,0x1ccaec8@24,0x1ccb130@568	12,76,8	CStructuredText	CStructuredText;Control;RemoveLLinks;BaseRefCount<1>;RefCountBaseT<1>;IControl;EventHandlerGroupContainer_DynArray<EventHandlerContainer_UI,enum ControlEvent>;IUICollectibleControls;IHasGameVarSpace;ITextContainer	MI
CXCombo	.?AVCXCombo@@	0x1cce358,0x1cce460@24	32,76	CListBoxContainer	CListBoxContainer;Control;RemoveLLinks;BaseRefCount<1>;RefCountBaseT<1>;IControl;EventHandlerGroupContainer_DynArray<EventHandlerContainer_UI,enum ControlEvent>;IUICollectibleControls;IHasGameVarSpace;CListBoxItems;AutoArray<CListBoxItem,MemAllocD>;Array<CListBoxItem>;MemAllocD	MI
CXKeyDesc	.?AVCXKeyDesc@@	0x1ccab48,0x1ccabb0@24,0x1ccae18@568	12,76,8	CStructuredText	CStructuredText;Control;RemoveLLinks;BaseRefCount<1>;RefCountBaseT<1>;IControl;EventHandlerGroupContainer_DynArray<EventHandlerContainer_UI,enum ControlEvent>;IUICollectibleControls;IHasGameVarSpace;ITextContainer	MI
CXListBox	.?AVCXListBox@@	0x1ccdff0,0x1cce0f0@24	31,76	CListBoxContainer	CListBoxContainer;Control;RemoveLLinks;BaseRefCount<1>;RefCountBaseT<1>;IControl;EventHandlerGroupContainer_DynArray<EventHandlerContainer_UI,enum ControlEvent>;IUICollectibleControls;IHasGameVarSpace;CListBoxItems;AutoArray<CListBoxItem,MemAllocD>;Array<CListBoxItem>;MemAllocD	MI
CXSlider	.?AVCXSlider@@	0x1ccca00,0x1ccca58@24	10,76	CSliderContainer	CSliderContainer;Control;RemoveLLinks;BaseRefCount<1>;RefCountBaseT<1>;IControl;EventHandlerGroupContainer_DynArray<EventHandlerContainer_UI,enum ControlEvent>;IUICollectibleControls;IHasGameVarSpace	MI
CXSliderSpecial	.?AVCXSliderSpecial@@	0x1cc1680,0x1cc16d8@24	10,76	CXSlider	CXSlider;CSliderContainer;Control;RemoveLLinks;BaseRefCount<1>;RefCountBaseT<1>;IControl;EventHandlerGroupContainer_DynArray<EventHandlerContainer_UI,enum ControlEvent>;IUICollectibleControls;IHasGameVarSpace	MI
CXSliderTime	.?AVCXSliderTime@@	0x1cc1940,0x1cc1998@24	10,76	CXSlider	CXSlider;CSliderContainer;Control;RemoveLLinks;BaseRefCount<1>;RefCountBaseT<1>;IControl;EventHandlerGroupContainer_DynArray<EventHandlerContainer_UI,enum ControlEvent>;IUICollectibleControls;IHasGameVarSpace	MI
D::AEBV?$RStringCT::ExtendedResult<bool,0,AutoArray<RStringCT<char>,MemAllocD>,AutoArrayTrait<RStringCT<char>>,&AutoArrayTrait<RStringCT<char>>::StoreInfo>	.?AV?$ExtendedResult@_N$0A@V?$AutoArray@V?$RStringCT@D@@VMemAllocD@@@@U?$AutoArrayTrait@V?$RStringCT@D@@@@$1?StoreInfo@2@SAIAEAV1@AEBV?$RStringCT@D@@@Z@@	0x1b39d28	4	IStringifyPolicy<AutoArrayTrait<RStringCT<char>>,RStringCT<char>>	IStringifyPolicy<AutoArrayTrait<RStringCT<char>>,RStringCT<char>>	
DamageEffect	.?AVDamageEffect@@	0x1c55ad8	9	BaseRefCount<1>	BaseRefCount<1>;RefCountBaseT<1>	
DammageGunner	.?AVDammageGunner@@	0x1c462e8	2	ITurretFunc	ITurretFunc	
DantzigAlgorithm	.?AVDantzigAlgorithm@@	0x1bcaba0	6			
DataIntegrityInfo	.?AVDataIntegrityInfo@@	0x1a92970	3	BaseRefCount<1>	BaseRefCount<1>;RefCountBaseT<1>	
DataIntegrityMonitorThread	.?AVDataIntegrityMonitorThread@@	0x1a92990	2	enf::CThread	enf::CThread	
DebugEngineFunctions	.?AVDebugEngineFunctions@@	0x1aac1d0	9			
DebugLogContext::CString	.?AVCString@DebugLogContext@@	0x1a9c068	4	DebugLogContext::internal::IDebugLogContext	DebugLogContext::internal::IDebugLogContext	
DebugLogContext::internal::IDebugLogContext	.?AVIDebugLogContext@internal@DebugLogContext@@	0x1aaa810	4			
DebugLogContext::String	.?AVString@DebugLogContext@@	0x1a77a80	4	DebugLogContext::internal::IDebugLogContext	DebugLogContext::internal::IDebugLogContext	
DebugLogContext::StringRef	.?AVStringRef@DebugLogContext@@	0x1a77aa8	4	DebugLogContext::internal::IDebugLogContext	DebugLogContext::internal::IDebugLogContext	
DebugLogContext::StringView	.?AVStringView@DebugLogContext@@	0x1c7a1b8	4	DebugLogContext::internal::IDebugLogContext	DebugLogContext::internal::IDebugLogContext	
DebugLogContext_HashKey	.?AVDebugLogContext_HashKey@@	0x1b4b6a0	4	DebugLogContext::internal::IDebugLogContext	DebugLogContext::internal::IDebugLogContext	
DebugLogContext_SerializeGameVariable	.?AVDebugLogContext_SerializeGameVariable@@	0x1aa23c0	4	DebugLogContext::internal::IDebugLogContext	DebugLogContext::internal::IDebugLogContext	
DebugLogContext_ShapeLoad	.?AVDebugLogContext_ShapeLoad@@	0x1ce2ab0	4	DebugLogContext::internal::IDebugLogContext	DebugLogContext::internal::IDebugLogContext	
DebugLogContext_VMContext	.?AVDebugLogContext_VMContext@@	0x1aa3828	4	DebugLogContext::internal::IDebugLogContext	DebugLogContext::internal::IDebugLogContext	
DefBankTraitsExt<BankTraits<LODShapeWithShadow>>	.?AU?$DefBankTraitsExt@U?$BankTraits@VLODShapeWithShadow@@@@@@					no-col
Delaunay::Point2d	.?AVPoint2d@Delaunay@@	0x1c59858	3	BaseRefCount<1>	BaseRefCount<1>;RefCountBaseT<1>	
DelayedMessageInfo	.?AUDelayedMessageInfo@@	0x1bb44c8	3	BaseRefCount<1>	BaseRefCount<1>;RefCountBaseT<1>	
DeleteCrew	.?AVDeleteCrew@@	0x1b88fe0	2	ICrewFunc	ICrewFunc	
DeleteDeadCrewFunc	.?AVDeleteDeadCrewFunc@@	0x1acdf58	2	ICrewFunc	ICrewFunc	
DeleteOperation	.?AUDeleteOperation@@	0x1b492d0,0x1b492f8@32,0x1b49318@184	4,3,3	Editor3D::EditOperation;Editor3D::DeleteOperationUndo	Editor3D::EditOperation;BaseRefCount<1>;RefCountBaseT<1>;Editor3D::DeleteOperationUndo;Editor3D::UndoRedoItem;BaseRefCount<1>;RefCountBaseT<1>	MI,VI
DescriptionParser	.?AVDescriptionParser@@	0x1aa2508	6	SAXParser	SAXParser	
DestructionEffects	.?AVDestructionEffects@@	0x1c27ef8,0x1c28b78@24,0x1c28ba0@48,0x1c28c60@1464	399,4,23,4	Entity;IExplosion	Entity;ObjectTyped;Object;NetworkObject;RemoveSoftLinks<SoftLinkIdTraits<ObjectId,ObjectIdAutoDestroy>>;BaseRefCount<1>;RefCountBaseT<1>;NetworkSimpleObject;CountInstances<Object>;EPEItem;TLinkBidir<1>;NoCopy;Animated;IExplosion	MI
Detector	.?AVDetector@@	0x1bce588,0x1bcf210@24,0x1bcf238@48	400,4,23	Entity	Entity;ObjectTyped;Object;NetworkObject;RemoveSoftLinks<SoftLinkIdTraits<ObjectId,ObjectIdAutoDestroy>>;BaseRefCount<1>;RefCountBaseT<1>;NetworkSimpleObject;CountInstances<Object>;EPEItem;TLinkBidir<1>;NoCopy;Animated	MI
DeviceContext	.?AVDeviceContext@@	0x1b705b0	2	DeviceContextBase	DeviceContextBase;GdiObject<HDC__*>	
DeviceContextBase	.?AVDeviceContextBase@@					no-col
Diary	.?AVDiary@@	0x1beba08	4	SerializeClass	SerializeClass	
DiaryLinkParser	.?AVDiaryLinkParser@@	0x1becfd8	6	SAXParser	SAXParser	
DiaryPage	.?AVDiaryPage@@	0x1beb9b0	10	BaseRefCount<1>	BaseRefCount<1>;RefCountBaseT<1>	
DiaryPageConversation	.?AVDiaryPageConversation@@	0x1bec788	10	DiaryPage	DiaryPage;BaseRefCount<1>;RefCountBaseT<1>	
DiaryPageDiary	.?AVDiaryPageDiary@@	0x1bec6b8	10	DiaryPage	DiaryPage;BaseRefCount<1>;RefCountBaseT<1>	
DiaryPageGroup	.?AVDiaryPageGroup@@	0x1bec818	10	DiaryPage	DiaryPage;BaseRefCount<1>;RefCountBaseT<1>	
DiaryPagePlayable	.?AVDiaryPagePlayable@@	0x1bec890	10	DiaryPage	DiaryPage;BaseRefCount<1>;RefCountBaseT<1>	
DiaryPagePlayers	.?AVDiaryPagePlayers@@	0x1bec9c8	10	DiaryPage	DiaryPage;BaseRefCount<1>;RefCountBaseT<1>	
DiaryPageStatistics	.?AVDiaryPageStatistics@@	0x1beca58	10	DiaryPage	DiaryPage;BaseRefCount<1>;RefCountBaseT<1>	
DiaryPageTasks	.?AVDiaryPageTasks@@	0x1bec720	10	DiaryPage	DiaryPage;BaseRefCount<1>;RefCountBaseT<1>	
DiaryPageUnits	.?AVDiaryPageUnits@@	0x1bec900	10	DiaryPage	DiaryPage;BaseRefCount<1>;RefCountBaseT<1>	
DiaryParser	.?AVDiaryParser@@	0x1cda6c8	6	SAXParser	SAXParser	
DiaryRecord	.?AVDiaryRecord@@	0x1beb990	3	RemoveLLinks	RemoveLLinks;BaseRefCount<1>;RefCountBaseT<1>	
DifficultyOptionsGroup	.?AVDifficultyOptionsGroup@@	0x1b731a0,0x1b73200@24	11,76	CControlsGroup	CControlsGroup;Control;RemoveLLinks;BaseRefCount<1>;RefCountBaseT<1>;IControl;EventHandlerGroupContainer_DynArray<EventHandlerContainer_UI,enum ControlEvent>;IUICollectibleControls;IHasGameVarSpace	MI
DirectChannel	.?AVDirectChannel@@	0x1aa6298	36	NetChannel	NetChannel;BaseRefCount<1>;RefCountBaseT<1>	
DirectionalBomb	.?AVDirectionalBomb@@	0x1b3e880,0x1b3f5a0@24,0x1b3f5c8@48	419,4,23	Mine	Mine;Shot;Entity;ObjectTyped;Object;NetworkObject;RemoveSoftLinks<SoftLinkIdTraits<ObjectId,ObjectIdAutoDestroy>>;BaseRefCount<1>;RefCountBaseT<1>;NetworkSimpleObject;CountInstances<Object>;EPEItem;TLinkBidir<1>;NoCopy;Animated	MI
Discretizer256APO	.?AVDiscretizer256APO@@	0x1b5c730,0x1b5c7c8@48	18,5	CSampleXAPOBase<Discretizer256APO,Discretizer256Pars>	CSampleXAPOBase<Discretizer256APO,Discretizer256Pars>;CXAPOParametersBase;CXAPOBase;IXAPO;IUnknown;IXAPOParameters;IUnknown;XAPOBaseHelpers	MI
Display	.?AVDisplay@@	0x1cc4e88,0x1cc5098@24,0x1cc50b0@552,0x1cc50d8@1672	65,2,4,26	ControlsContainer;AbstractOptionsUI	ControlsContainer;RemoveLLinks;BaseRefCount<1>;RefCountBaseT<1>;EventHandlerGroupContainer_Simple<EventHandlerContainer_UI,13,enum DisplayEvent>;IUICollectibleControls;IHasGameVarSpace;AbstractOptionsUI	MI
DisplayAddonActions	.?AVDisplayAddonActions@@	0x1cb9b70,0x1cb9d80@24,0x1cb9d98@552,0x1cb9dc0@1672	65,2,4,26	Display	Display;ControlsContainer;RemoveLLinks;BaseRefCount<1>;RefCountBaseT<1>;EventHandlerGroupContainer_Simple<EventHandlerContainer_UI,13,enum DisplayEvent>;IUICollectibleControls;IHasGameVarSpace;AbstractOptionsUI	MI
DisplayArcadeEffects	.?AVDisplayArcadeEffects@@	0x1cc2ef0,0x1cc3100@24,0x1cc3118@552,0x1cc3140@1672	65,2,4,26	Display	Display;ControlsContainer;RemoveLLinks;BaseRefCount<1>;RefCountBaseT<1>;EventHandlerGroupContainer_Simple<EventHandlerContainer_UI,13,enum DisplayEvent>;IUICollectibleControls;IHasGameVarSpace;AbstractOptionsUI	MI
DisplayArcadeGroup	.?AVDisplayArcadeGroup@@	0x1cc28a0,0x1cc2ab0@24,0x1cc2ac8@552,0x1cc2af0@1672	65,2,4,26	Display	Display;ControlsContainer;RemoveLLinks;BaseRefCount<1>;RefCountBaseT<1>;EventHandlerGroupContainer_Simple<EventHandlerContainer_UI,13,enum DisplayEvent>;IUICollectibleControls;IHasGameVarSpace;AbstractOptionsUI	MI
DisplayArcadeMap	.?AVDisplayArcadeMap@@	0x1cdc008,0x1cdc238@24,0x1cdc250@552,0x1cdc278@1672,0x1cdc350@1808	69,2,4,26,4	DisplayMapEditor;MissionEditCursorContainer	DisplayMapEditor;DisplayNotebook;Display;ControlsContainer;RemoveLLinks;BaseRefCount<1>;RefCountBaseT<1>;EventHandlerGroupContainer_Simple<EventHandlerContainer_UI,13,enum DisplayEvent>;IUICollectibleControls;IHasGameVarSpace;AbstractOptionsUI;MissionEditCursorContainer	MI
DisplayArcadeMarker	.?AVDisplayArcadeMarker@@	0x1cdc378,0x1cdc588@24,0x1cdc5a0@552,0x1cdc5c8@1672	65,2,4,26	Display	Display;ControlsContainer;RemoveLLinks;BaseRefCount<1>;RefCountBaseT<1>;EventHandlerGroupContainer_Simple<EventHandlerContainer_UI,13,enum DisplayEvent>;IUICollectibleControls;IHasGameVarSpace;AbstractOptionsUI	MI
DisplayArcadeModules	.?AVDisplayArcadeModules@@	0x1cc2578,0x1cc2788@24,0x1cc27a0@552,0x1cc27c8@1672	65,2,4,26	Display	Display;ControlsContainer;RemoveLLinks;BaseRefCount<1>;RefCountBaseT<1>;EventHandlerGroupContainer_Simple<EventHandlerContainer_UI,13,enum DisplayEvent>;IUICollectibleControls;IHasGameVarSpace;AbstractOptionsUI	MI
DisplayArcadeSensor	.?AVDisplayArcadeSensor@@	0x1cdc6b8,0x1cdc8c8@24,0x1cdc8e0@552,0x1cdc908@1672	65,2,4,26	Display	Display;ControlsContainer;RemoveLLinks;BaseRefCount<1>;RefCountBaseT<1>;EventHandlerGroupContainer_Simple<EventHandlerContainer_UI,13,enum DisplayEvent>;IUICollectibleControls;IHasGameVarSpace;AbstractOptionsUI	MI
DisplayArcadeSite	.?AVDisplayArcadeSite@@	0x1cc2bc8,0x1cc2dd8@24,0x1cc2df0@552,0x1cc2e18@1672	65,2,4,26	Display	Display;ControlsContainer;RemoveLLinks;BaseRefCount<1>;RefCountBaseT<1>;EventHandlerGroupContainer_Simple<EventHandlerContainer_UI,13,enum DisplayEvent>;IUICollectibleControls;IHasGameVarSpace;AbstractOptionsUI	MI
DisplayArcadeUnit	.?AVDisplayArcadeUnit@@	0x1cc2250,0x1cc2460@24,0x1cc2478@552,0x1cc24a0@1672	65,2,4,26	Display	Display;ControlsContainer;RemoveLLinks;BaseRefCount<1>;RefCountBaseT<1>;EventHandlerGroupContainer_Simple<EventHandlerContainer_UI,13,enum DisplayEvent>;IUICollectibleControls;IHasGameVarSpace;AbstractOptionsUI	MI
DisplayArcadeWaypoint	.?AVDisplayArcadeWaypoint@@	0x1cc1c00,0x1cc1e10@24,0x1cc1e28@552,0x1cc1e50@1672	65,2,4,26	Display	Display;ControlsContainer;RemoveLLinks;BaseRefCount<1>;RefCountBaseT<1>;EventHandlerGroupContainer_Simple<EventHandlerContainer_UI,13,enum DisplayEvent>;IUICollectibleControls;IHasGameVarSpace;AbstractOptionsUI	MI
DisplayArtilleryComputer	.?AVDisplayArtilleryComputer@@	0x1cd7df8,0x1cd8008@24,0x1cd8020@552,0x1cd8048@1672	65,2,4,26	MarkerSupportForDisplayWithMap;Display	MarkerSupportForDisplayWithMap;Display;ControlsContainer;RemoveLLinks;BaseRefCount<1>;RefCountBaseT<1>;EventHandlerGroupContainer_Simple<EventHandlerContainer_UI,13,enum DisplayEvent>;IUICollectibleControls;IHasGameVarSpace;AbstractOptionsUI	MI
DisplayAward	.?AVDisplayAward@@	0x1b772f8,0x1b77510@24,0x1b77528@552,0x1b77550@1672	66,2,4,26	DisplayCutscene	DisplayCutscene;Display;ControlsContainer;RemoveLLinks;BaseRefCount<1>;RefCountBaseT<1>;EventHandlerGroupContainer_Simple<EventHandlerContainer_UI,13,enum DisplayEvent>;IUICollectibleControls;IHasGameVarSpace;AbstractOptionsUI	MI
DisplayCampaignIntro	.?AVDisplayCampaignIntro@@	0x1b77648,0x1b77860@24,0x1b77878@552,0x1b778a0@1672	66,2,4,26	DisplayCutscene	DisplayCutscene;Display;ControlsContainer;RemoveLLinks;BaseRefCount<1>;RefCountBaseT<1>;EventHandlerGroupContainer_Simple<EventHandlerContainer_UI,13,enum DisplayEvent>;IUICollectibleControls;IHasGameVarSpace;AbstractOptionsUI	MI
DisplayCampaignLoad	.?AVDisplayCampaignLoad@@	0x1b819a0,0x1b81bb0@24,0x1b81bc8@552,0x1b81bf0@1672	65,2,4,26	DisplayMissionList	DisplayMissionList;Display;ControlsContainer;RemoveLLinks;BaseRefCount<1>;RefCountBaseT<1>;EventHandlerGroupContainer_Simple<EventHandlerContainer_UI,13,enum DisplayEvent>;IUICollectibleControls;IHasGameVarSpace;AbstractOptionsUI	MI
DisplayCampaignMPLoad	.?AVDisplayCampaignMPLoad@@	0x1cc03d8,0x1cc05e8@24,0x1cc0600@552,0x1cc0628@1672	65,2,4,26	DisplayMissionList	DisplayMissionList;Display;ControlsContainer;RemoveLLinks;BaseRefCount<1>;RefCountBaseT<1>;EventHandlerGroupContainer_Simple<EventHandlerContainer_UI,13,enum DisplayEvent>;IUICollectibleControls;IHasGameVarSpace;AbstractOptionsUI	MI
DisplayChannel	.?AVDisplayChannel@@	0x1cb6718,0x1cb6928@24,0x1cb6940@552,0x1cb6968@1672	65,2,4,26	Display	Display;ControlsContainer;RemoveLLinks;BaseRefCount<1>;RefCountBaseT<1>;EventHandlerGroupContainer_Simple<EventHandlerContainer_UI,13,enum DisplayEvent>;IUICollectibleControls;IHasGameVarSpace;AbstractOptionsUI	MI
DisplayChatLine	.?AVDisplayChatLine@@	0x1cb6a80,0x1cb6c90@24,0x1cb6ca8@552,0x1cb6cd0@1672	65,2,4,26	Display	Display;ControlsContainer;RemoveLLinks;BaseRefCount<1>;RefCountBaseT<1>;EventHandlerGroupContainer_Simple<EventHandlerContainer_UI,13,enum DisplayEvent>;IUICollectibleControls;IHasGameVarSpace;AbstractOptionsUI	MI
DisplayChooseEditorLayout	.?AVDisplayChooseEditorLayout@@	0x1cc3540,0x1cc3750@24,0x1cc3768@552,0x1cc3790@1672	65,2,4,26	Display	Display;ControlsContainer;RemoveLLinks;BaseRefCount<1>;RefCountBaseT<1>;EventHandlerGroupContainer_Simple<EventHandlerContainer_UI,13,enum DisplayEvent>;IUICollectibleControls;IHasGameVarSpace;AbstractOptionsUI	MI
DisplayClient	.?AVDisplayClient@@	0x1b7b1c8,0x1b7b3d8@24,0x1b7b3f0@552,0x1b7b418@1672	65,2,4,26	Display	Display;ControlsContainer;RemoveLLinks;BaseRefCount<1>;RefCountBaseT<1>;EventHandlerGroupContainer_Simple<EventHandlerContainer_UI,13,enum DisplayEvent>;IUICollectibleControls;IHasGameVarSpace;AbstractOptionsUI	MI
DisplayClientDebriefing	.?AVDisplayClientDebriefing@@	0x1cb8418,0x1cb8628@24,0x1cb8640@552,0x1cb8668@1672	65,2,4,26	DisplayDebriefing	DisplayDebriefing;Display;ControlsContainer;RemoveLLinks;BaseRefCount<1>;RefCountBaseT<1>;EventHandlerGroupContainer_Simple<EventHandlerContainer_UI,13,enum DisplayEvent>;IUICollectibleControls;IHasGameVarSpace;AbstractOptionsUI	MI
DisplayClientGetReady	.?AVDisplayClientGetReady@@	0x1b7b518,0x1b7b738@24,0x1b7b750@552,0x1b7b778@1672	67,2,4,26	DisplayGetReady	DisplayGetReady;DisplayMap;MarkerSupportForDisplayWithMap;Display;ControlsContainer;RemoveLLinks;BaseRefCount<1>;RefCountBaseT<1>;EventHandlerGroupContainer_Simple<EventHandlerContainer_UI,13,enum DisplayEvent>;IUICollectibleControls;IHasGameVarSpace;AbstractOptionsUI	MI
DisplayConfigure	.?AVDisplayConfigure@@	0x1b7f138,0x1b7f348@24,0x1b7f360@552,0x1b7f388@1672	65,2,4,26	Display	Display;ControlsContainer;RemoveLLinks;BaseRefCount<1>;RefCountBaseT<1>;EventHandlerGroupContainer_Simple<EventHandlerContainer_UI,13,enum DisplayEvent>;IUICollectibleControls;IHasGameVarSpace;AbstractOptionsUI	MI
DisplayConfigureAction	.?AVDisplayConfigureAction@@	0x1b7f5a0,0x1b7f7b0@24,0x1b7f7c8@552,0x1b7f7f0@1672	65,2,4,26	Display	Display;ControlsContainer;RemoveLLinks;BaseRefCount<1>;RefCountBaseT<1>;EventHandlerGroupContainer_Simple<EventHandlerContainer_UI,13,enum DisplayEvent>;IUICollectibleControls;IHasGameVarSpace;AbstractOptionsUI	MI
DisplayConfigureAction::ActiveKeyItem	.?AVActiveKeyItem@DisplayConfigureAction@@	0x1b7f580	3	BaseRefCount<1>;TLinkBidir<1>	BaseRefCount<1>;RefCountBaseT<1>;TLinkBidir<1>;NoCopy	MI
DisplayConfigureControllers	.?AVDisplayConfigureControllers@@	0x1b7f8e8,0x1b7faf8@24,0x1b7fb10@552,0x1b7fb38@1672	65,2,4,26	Display	Display;ControlsContainer;RemoveLLinks;BaseRefCount<1>;RefCountBaseT<1>;EventHandlerGroupContainer_Simple<EventHandlerContainer_UI,13,enum DisplayEvent>;IUICollectibleControls;IHasGameVarSpace;AbstractOptionsUI	MI
DisplayControlSchemes	.?AVDisplayControlSchemes@@	0x1b7fca0,0x1b7feb0@24,0x1b7fec8@552,0x1b7fef0@1672	65,2,4,26	Display	Display;ControlsContainer;RemoveLLinks;BaseRefCount<1>;RefCountBaseT<1>;EventHandlerGroupContainer_Simple<EventHandlerContainer_UI,13,enum DisplayEvent>;IUICollectibleControls;IHasGameVarSpace;AbstractOptionsUI	MI
DisplayCredits	.?AVDisplayCredits@@	0x1b761f0,0x1b76400@24,0x1b76418@552,0x1b76440@1672	65,2,4,26	Display	Display;ControlsContainer;RemoveLLinks;BaseRefCount<1>;RefCountBaseT<1>;EventHandlerGroupContainer_Simple<EventHandlerContainer_UI,13,enum DisplayEvent>;IUICollectibleControls;IHasGameVarSpace;AbstractOptionsUI	MI
DisplayCrew	.?AVDisplayCrew@@	0x1b82b28,0x1b82d38@24,0x1b82d50@552,0x1b82d78@1672	65,2,4,26	Display	Display;ControlsContainer;RemoveLLinks;BaseRefCount<1>;RefCountBaseT<1>;EventHandlerGroupContainer_Simple<EventHandlerContainer_UI,13,enum DisplayEvent>;IUICollectibleControls;IHasGameVarSpace;AbstractOptionsUI	MI
DisplayCurator	.?AVDisplayCurator@@	0x1b88c98,0x1b88eb0@24,0x1b88ec8@552,0x1b88ef0@1672	66,2,4,26	Display	Display;ControlsContainer;RemoveLLinks;BaseRefCount<1>;RefCountBaseT<1>;EventHandlerGroupContainer_Simple<EventHandlerContainer_UI,13,enum DisplayEvent>;IUICollectibleControls;IHasGameVarSpace;AbstractOptionsUI	MI
DisplayCurator::CuratorCreateEdenComposition()::`2'::IgnoreFlagRemoveEvent	.?AVIgnoreFlagRemoveEvent@?1??CuratorCreateEdenComposition@DisplayCurator@@QEAAXAEBVVector3P@@HV?$RStringCT@D@@@Z@	0x1b89fc0	4	IPostponedEvent	IPostponedEvent;BaseRefCount<1>;RefCountBaseT<1>	
DisplayCurator::OnDraw()::`51'::FindHighlightedCrew	.?AUFindHighlightedCrew@?DD@??OnDraw@DisplayCurator@@UEAAXPEAVEntityAI@@MPEAVUIViewport@@@Z@	0x1b89cb8	2	ICrewFunc	ICrewFunc	
DisplayCustomArcade	.?AVDisplayCustomArcade@@	0x1b75588,0x1b75798@24,0x1b757b0@552,0x1b757d8@1672	65,2,4,26	Display	Display;ControlsContainer;RemoveLLinks;BaseRefCount<1>;RefCountBaseT<1>;EventHandlerGroupContainer_Simple<EventHandlerContainer_UI,13,enum DisplayEvent>;IUICollectibleControls;IHasGameVarSpace;AbstractOptionsUI	MI
DisplayCustomizeController	.?AVDisplayCustomizeController@@	0x1b7ffe8,0x1b801f8@24,0x1b80210@552,0x1b80238@1672	65,2,4,26	Display	Display;ControlsContainer;RemoveLLinks;BaseRefCount<1>;RefCountBaseT<1>;EventHandlerGroupContainer_Simple<EventHandlerContainer_UI,13,enum DisplayEvent>;IUICollectibleControls;IHasGameVarSpace;AbstractOptionsUI	MI
DisplayCutscene	.?AVDisplayCutscene@@	0x1b77990,0x1b77ba8@24,0x1b77bc0@552,0x1b77be8@1672	66,2,4,26	Display	Display;ControlsContainer;RemoveLLinks;BaseRefCount<1>;RefCountBaseT<1>;EventHandlerGroupContainer_Simple<EventHandlerContainer_UI,13,enum DisplayEvent>;IUICollectibleControls;IHasGameVarSpace;AbstractOptionsUI	MI
DisplayCutsceneInterrupt	.?AVDisplayCutsceneInterrupt@@	0x1b77cf8,0x1b77f08@24,0x1b77f20@552,0x1b77f48@1672	65,2,4,26	Display	Display;ControlsContainer;RemoveLLinks;BaseRefCount<1>;RefCountBaseT<1>;EventHandlerGroupContainer_Simple<EventHandlerContainer_UI,13,enum DisplayEvent>;IUICollectibleControls;IHasGameVarSpace;AbstractOptionsUI	MI
DisplayDebriefing	.?AVDisplayDebriefing@@	0x1cd77a8,0x1cd79b8@24,0x1cd79d0@552,0x1cd79f8@1672	65,2,4,26	Display	Display;ControlsContainer;RemoveLLinks;BaseRefCount<1>;RefCountBaseT<1>;EventHandlerGroupContainer_Simple<EventHandlerContainer_UI,13,enum DisplayEvent>;IUICollectibleControls;IHasGameVarSpace;AbstractOptionsUI	MI
DisplayDiary	.?AVDisplayDiary@@	0x1cd7ad0,0x1cd7ce0@24,0x1cd7cf8@552,0x1cd7d20@1672	65,2,4,26	Display	Display;ControlsContainer;RemoveLLinks;BaseRefCount<1>;RefCountBaseT<1>;EventHandlerGroupContainer_Simple<EventHandlerContainer_UI,13,enum DisplayEvent>;IUICollectibleControls;IHasGameVarSpace;AbstractOptionsUI	MI
DisplayDlcAmmoMessage	.?AVDisplayDlcAmmoMessage@@	0x1cb90b8,0x1cb92c8@24,0x1cb92e0@552,0x1cb9308@1672	65,2,4,26	DisplayDlcUsageMessage	DisplayDlcUsageMessage;Display;ControlsContainer;RemoveLLinks;BaseRefCount<1>;RefCountBaseT<1>;EventHandlerGroupContainer_Simple<EventHandlerContainer_UI,13,enum DisplayEvent>;IUICollectibleControls;IHasGameVarSpace;AbstractOptionsUI	MI
DisplayDlcUsageMessage	.?AVDisplayDlcUsageMessage@@	0x1cb8740,0x1cb8950@24,0x1cb8968@552,0x1cb8990@1672	65,2,4,26	Display	Display;ControlsContainer;RemoveLLinks;BaseRefCount<1>;RefCountBaseT<1>;EventHandlerGroupContainer_Simple<EventHandlerContainer_UI,13,enum DisplayEvent>;IUICollectibleControls;IHasGameVarSpace;AbstractOptionsUI	MI
DisplayDlcVehicleEntryMessage	.?AVDisplayDlcVehicleEntryMessage@@	0x1cb8a68,0x1cb8c78@24,0x1cb8c90@552,0x1cb8cb8@1672	65,2,4,26	DisplayDlcUsageMessage	DisplayDlcUsageMessage;Display;ControlsContainer;RemoveLLinks;BaseRefCount<1>;RefCountBaseT<1>;EventHandlerGroupContainer_Simple<EventHandlerContainer_UI,13,enum DisplayEvent>;IUICollectibleControls;IHasGameVarSpace;AbstractOptionsUI	MI
DisplayDlcWeaponMessage	.?AVDisplayDlcWeaponMessage@@	0x1cb8d90,0x1cb8fa0@24,0x1cb8fb8@552,0x1cb8fe0@1672	65,2,4,26	DisplayDlcUsageMessage	DisplayDlcUsageMessage;Display;ControlsContainer;RemoveLLinks;BaseRefCount<1>;RefCountBaseT<1>;EventHandlerGroupContainer_Simple<EventHandlerContainer_UI,13,enum DisplayEvent>;IUICollectibleControls;IHasGameVarSpace;AbstractOptionsUI	MI
DisplayDSInterface	.?AVDisplayDSInterface@@	0x1b7b8c8,0x1b7bad8@24,0x1b7baf0@552,0x1b7bb18@1672	65,2,4,26	Display	Display;ControlsContainer;RemoveLLinks;BaseRefCount<1>;RefCountBaseT<1>;EventHandlerGroupContainer_Simple<EventHandlerContainer_UI,13,enum DisplayEvent>;IUICollectibleControls;IHasGameVarSpace;AbstractOptionsUI	MI
DisplayEditDiaryRecord	.?AVDisplayEditDiaryRecord@@	0x1cda210,0x1cda420@24,0x1cda438@552,0x1cda460@1672	65,2,4,26	Display	Display;ControlsContainer;RemoveLLinks;BaseRefCount<1>;RefCountBaseT<1>;EventHandlerGroupContainer_Simple<EventHandlerContainer_UI,13,enum DisplayEvent>;IUICollectibleControls;IHasGameVarSpace;AbstractOptionsUI	MI
DisplayEditObject	.?AVDisplayEditObject@@	0x1cbb4b0,0x1cbb6c0@24,0x1cbb6d8@552,0x1cbb700@1672	65,2,4,26	Display	Display;ControlsContainer;RemoveLLinks;BaseRefCount<1>;RefCountBaseT<1>;EventHandlerGroupContainer_Simple<EventHandlerContainer_UI,13,enum DisplayEvent>;IUICollectibleControls;IHasGameVarSpace;AbstractOptionsUI	MI
DisplayEditorInterrupt	.?AVDisplayEditorInterrupt@@	0x1b734f8,0x1b73708@24,0x1b73720@552,0x1b73748@1672	65,2,4,26	Display	Display;ControlsContainer;RemoveLLinks;BaseRefCount<1>;RefCountBaseT<1>;EventHandlerGroupContainer_Simple<EventHandlerContainer_UI,13,enum DisplayEvent>;IUICollectibleControls;IHasGameVarSpace;AbstractOptionsUI	MI
DisplayFieldManual	.?AVDisplayFieldManual@@	0x1b75908,0x1b75b18@24,0x1b75b30@552,0x1b75b58@1672	65,2,4,26	Display	Display;ControlsContainer;RemoveLLinks;BaseRefCount<1>;RefCountBaseT<1>;EventHandlerGroupContainer_Simple<EventHandlerContainer_UI,13,enum DisplayEvent>;IUICollectibleControls;IHasGameVarSpace;AbstractOptionsUI	MI
DisplayFileSelect	.?AVDisplayFileSelect@@	0x1cc4c30,0x1cc4e48@24,0x1cc4e60@552	66,2,4	ControlsContainer	ControlsContainer;RemoveLLinks;BaseRefCount<1>;RefCountBaseT<1>;EventHandlerGroupContainer_Simple<EventHandlerContainer_UI,13,enum DisplayEvent>;IUICollectibleControls;IHasGameVarSpace	MI
DisplayGameOptions	.?AVDisplayGameOptions@@	0x1b880a0,0x1b882b0@24,0x1b882c8@552,0x1b882f0@1672	65,2,4,26	Display	Display;ControlsContainer;RemoveLLinks;BaseRefCount<1>;RefCountBaseT<1>;EventHandlerGroupContainer_Simple<EventHandlerContainer_UI,13,enum DisplayEvent>;IUICollectibleControls;IHasGameVarSpace;AbstractOptionsUI	MI
DisplayGearFutura	.?AVDisplayGearFutura@@	0x1a8a9f8,0x1a8ac68@24,0x1a8ac80@552,0x1a8aca8@1672	77,2,4,26	GearSupplyHelper;DisplayGearFuturaBase	GearSupplyHelper;DisplayGearFuturaBase;IDisplayGear;Display;ControlsContainer;RemoveLLinks;BaseRefCount<1>;RefCountBaseT<1>;EventHandlerGroupContainer_Simple<EventHandlerContainer_UI,13,enum DisplayEvent>;IUICollectibleControls;IHasGameVarSpace;AbstractOptionsUI	MI
DisplayGearFuturaBase	.?AVDisplayGearFuturaBase@@	0x1a8a670,0x1a8a8e0@24,0x1a8a8f8@552,0x1a8a920@1672	77,2,4,26	IDisplayGear	IDisplayGear;Display;ControlsContainer;RemoveLLinks;BaseRefCount<1>;RefCountBaseT<1>;EventHandlerGroupContainer_Simple<EventHandlerContainer_UI,13,enum DisplayEvent>;IUICollectibleControls;IHasGameVarSpace;AbstractOptionsUI	MI
DisplayGearFuturaBase::ConfigValidator	.?AVConfigValidator@DisplayGearFuturaBase@@	0x1a8a650	3	RefArray<DisplayGearFuturaBase::SPtrInfo<Control*>,MemAllocD>;BaseRefCount<1>	RefArray<DisplayGearFuturaBase::SPtrInfo<Control*>,MemAllocD>;FindArrayKey<Ref<DisplayGearFuturaBase::SPtrInfo<Control*>>,RefArrayKeyTraits<DisplayGearFuturaBase::SPtrInfo<Control*>>,MemAllocD>;AutoArray<Ref<DisplayGearFuturaBase::SPtrInfo<Control*>>,MemAllocD>;Array<Ref<DisplayGearFuturaBase::SPtrInfo<Control*>>>;MemAllocD;BaseRefCount<1>;RefCountBaseT<1>	MI
DisplayGearFuturaBase::SPtrInfo<Control*>	.?AU?$SPtrInfo@PEAVControl@@@DisplayGearFuturaBase@@	0x1a8aec8	3	BaseRefCount<1>	BaseRefCount<1>;RefCountBaseT<1>	
DisplayGearFuturaBriefing	.?AVDisplayGearFuturaBriefing@@	0x1a8b4e8,0x1a8b758@24,0x1a8b770@552,0x1a8b798@1672	77,2,4,26	DisplayGearFuturaBase	DisplayGearFuturaBase;IDisplayGear;Display;ControlsContainer;RemoveLLinks;BaseRefCount<1>;RefCountBaseT<1>;EventHandlerGroupContainer_Simple<EventHandlerContainer_UI,13,enum DisplayEvent>;IUICollectibleControls;IHasGameVarSpace;AbstractOptionsUI	MI
DisplayGetReady	.?AVDisplayGetReady@@	0x1cd7470,0x1cd7690@24,0x1cd76a8@552,0x1cd76d0@1672	67,2,4,26	DisplayMap	DisplayMap;MarkerSupportForDisplayWithMap;Display;ControlsContainer;RemoveLLinks;BaseRefCount<1>;RefCountBaseT<1>;EventHandlerGroupContainer_Simple<EventHandlerContainer_UI,13,enum DisplayEvent>;IUICollectibleControls;IHasGameVarSpace;AbstractOptionsUI	MI
DisplayGPSDisplay	.?AVDisplayGPSDisplay@@	0x1b8b4a8,0x1b8b6b8@24,0x1b8b6d0@552,0x1b8b6f8@1672	65,2,4,26	Display	Display;ControlsContainer;RemoveLLinks;BaseRefCount<1>;RefCountBaseT<1>;EventHandlerGroupContainer_Simple<EventHandlerContainer_UI,13,enum DisplayEvent>;IUICollectibleControls;IHasGameVarSpace;AbstractOptionsUI	MI
DisplayHint	.?AVDisplayHint@@	0x1c7e6d0,0x1c7e8e0@24,0x1c7e8f8@552,0x1c7e920@1672	65,2,4,26	Display	Display;ControlsContainer;RemoveLLinks;BaseRefCount<1>;RefCountBaseT<1>;EventHandlerGroupContainer_Simple<EventHandlerContainer_UI,13,enum DisplayEvent>;IUICollectibleControls;IHasGameVarSpace;AbstractOptionsUI	MI
DisplayHintC	.?AVDisplayHintC@@	0x1b78030,0x1b78240@24,0x1b78258@552,0x1b78280@1672	65,2,4,26	Display	Display;ControlsContainer;RemoveLLinks;BaseRefCount<1>;RefCountBaseT<1>;EventHandlerGroupContainer_Simple<EventHandlerContainer_UI,13,enum DisplayEvent>;IUICollectibleControls;IHasGameVarSpace;AbstractOptionsUI	MI
DisplayHintCEx	.?AVDisplayHintCEx@@	0x1b78378,0x1b78588@24,0x1b785a0@552,0x1b785c8@1672	65,2,4,26	Display	Display;ControlsContainer;RemoveLLinks;BaseRefCount<1>;RefCountBaseT<1>;EventHandlerGroupContainer_Simple<EventHandlerContainer_UI,13,enum DisplayEvent>;IUICollectibleControls;IHasGameVarSpace;AbstractOptionsUI	MI
DisplayHostSettings	.?AVDisplayHostSettings@@	0x1b859a8,0x1b85bb8@24,0x1b85bd0@552,0x1b85bf8@1672	65,2,4,26	Display	Display;ControlsContainer;RemoveLLinks;BaseRefCount<1>;RefCountBaseT<1>;EventHandlerGroupContainer_Simple<EventHandlerContainer_UI,13,enum DisplayEvent>;IUICollectibleControls;IHasGameVarSpace;AbstractOptionsUI	MI
DisplayInsertMarker	.?AVDisplayInsertMarker@@	0x1b82e90,0x1b830a0@24,0x1b830b8@552,0x1b830e0@1672	65,2,4,26	Display	Display;ControlsContainer;RemoveLLinks;BaseRefCount<1>;RefCountBaseT<1>;EventHandlerGroupContainer_Simple<EventHandlerContainer_UI,13,enum DisplayEvent>;IUICollectibleControls;IHasGameVarSpace;AbstractOptionsUI	MI
DisplayIntel	.?AVDisplayIntel@@	0x1cdcd38,0x1cdcf48@24,0x1cdcf60@552,0x1cdcf88@1672	65,2,4,26	Display	Display;ControlsContainer;RemoveLLinks;BaseRefCount<1>;RefCountBaseT<1>;EventHandlerGroupContainer_Simple<EventHandlerContainer_UI,13,enum DisplayEvent>;IUICollectibleControls;IHasGameVarSpace;AbstractOptionsUI	MI
DisplayInterrupt	.?AVDisplayInterrupt@@	0x1b786c0,0x1b788d0@24,0x1b788e8@552,0x1b78910@1672	65,2,4,26	Display	Display;ControlsContainer;RemoveLLinks;BaseRefCount<1>;RefCountBaseT<1>;EventHandlerGroupContainer_Simple<EventHandlerContainer_UI,13,enum DisplayEvent>;IUICollectibleControls;IHasGameVarSpace;AbstractOptionsUI	MI
DisplayInterruptRevert	.?AVDisplayInterruptRevert@@	0x1b78a30,0x1b78c40@24,0x1b78c58@552,0x1b78c80@1672	65,2,4,26	Display	Display;ControlsContainer;RemoveLLinks;BaseRefCount<1>;RefCountBaseT<1>;EventHandlerGroupContainer_Simple<EventHandlerContainer_UI,13,enum DisplayEvent>;IUICollectibleControls;IHasGameVarSpace;AbstractOptionsUI	MI
DisplayIntro	.?AVDisplayIntro@@	0x1b78d88,0x1b78fa0@24,0x1b78fb8@552,0x1b78fe0@1672	66,2,4,26	DisplayCutscene	DisplayCutscene;Display;ControlsContainer;RemoveLLinks;BaseRefCount<1>;RefCountBaseT<1>;EventHandlerGroupContainer_Simple<EventHandlerContainer_UI,13,enum DisplayEvent>;IUICollectibleControls;IHasGameVarSpace;AbstractOptionsUI	MI
DisplayIPAddress	.?AVDisplayIPAddress@@	0x1b85ce0,0x1b85ef0@24,0x1b85f08@552,0x1b85f30@1672	65,2,4,26	Display	Display;ControlsContainer;RemoveLLinks;BaseRefCount<1>;RefCountBaseT<1>;EventHandlerGroupContainer_Simple<EventHandlerContainer_UI,13,enum DisplayEvent>;IUICollectibleControls;IHasGameVarSpace;AbstractOptionsUI	MI
DisplayJoystickSchemes	.?AVDisplayJoystickSchemes@@	0x1b80398,0x1b805a8@24,0x1b805c0@552,0x1b805e8@1672	65,2,4,26	Display	Display;ControlsContainer;RemoveLLinks;BaseRefCount<1>;RefCountBaseT<1>;EventHandlerGroupContainer_Simple<EventHandlerContainer_UI,13,enum DisplayEvent>;IUICollectibleControls;IHasGameVarSpace;AbstractOptionsUI	MI
DisplayLogin	.?AVDisplayLogin@@	0x1b75c58,0x1b75e68@24,0x1b75e80@552,0x1b75ea8@1672	65,2,4,26	Display	Display;ControlsContainer;RemoveLLinks;BaseRefCount<1>;RefCountBaseT<1>;EventHandlerGroupContainer_Simple<EventHandlerContainer_UI,13,enum DisplayEvent>;IUICollectibleControls;IHasGameVarSpace;AbstractOptionsUI	MI
DisplayMain	.?AVDisplayMain@@	0x1b76558,0x1b76768@24,0x1b76780@552,0x1b767a8@1672	65,2,4,26	Display	Display;ControlsContainer;RemoveLLinks;BaseRefCount<1>;RefCountBaseT<1>;EventHandlerGroupContainer_Simple<EventHandlerContainer_UI,13,enum DisplayEvent>;IUICollectibleControls;IHasGameVarSpace;AbstractOptionsUI	MI
DisplayMainMap	.?AVDisplayMainMap@@	0x1cd7138,0x1cd7358@24,0x1cd7370@552,0x1cd7398@1672	67,2,4,26	DisplayMap	DisplayMap;MarkerSupportForDisplayWithMap;Display;ControlsContainer;RemoveLLinks;BaseRefCount<1>;RefCountBaseT<1>;EventHandlerGroupContainer_Simple<EventHandlerContainer_UI,13,enum DisplayEvent>;IUICollectibleControls;IHasGameVarSpace;AbstractOptionsUI	MI
DisplayMap	.?AVDisplayMap@@	0x1cd6460,0x1cd6680@24,0x1cd6698@552,0x1cd66c0@1672	67,2,4,26	MarkerSupportForDisplayWithMap;Display	MarkerSupportForDisplayWithMap;Display;ControlsContainer;RemoveLLinks;BaseRefCount<1>;RefCountBaseT<1>;EventHandlerGroupContainer_Simple<EventHandlerContainer_UI,13,enum DisplayEvent>;IUICollectibleControls;IHasGameVarSpace;AbstractOptionsUI	MI
DisplayMapEditor	.?AVDisplayMapEditor@@	0x1cb80d0,0x1cb8300@24,0x1cb8318@552,0x1cb8340@1672	69,2,4,26	DisplayNotebook	DisplayNotebook;Display;ControlsContainer;RemoveLLinks;BaseRefCount<1>;RefCountBaseT<1>;EventHandlerGroupContainer_Simple<EventHandlerContainer_UI,13,enum DisplayEvent>;IUICollectibleControls;IHasGameVarSpace;AbstractOptionsUI	MI
DisplayMineDetector	.?AVDisplayMineDetector@@	0x1b8b170,0x1b8b390@24,0x1b8b3a8@552,0x1b8b3d0@1672	67,2,4,26	DisplaySensorsBase	DisplaySensorsBase;Display;ControlsContainer;RemoveLLinks;BaseRefCount<1>;RefCountBaseT<1>;EventHandlerGroupContainer_Simple<EventHandlerContainer_UI,13,enum DisplayEvent>;IUICollectibleControls;IHasGameVarSpace;AbstractOptionsUI	MI
DisplayMission	.?AVDisplayMission@@	0x1b790c8,0x1b792d8@24,0x1b792f0@552,0x1b79318@1672	65,2,4,26	Display	Display;ControlsContainer;RemoveLLinks;BaseRefCount<1>;RefCountBaseT<1>;EventHandlerGroupContainer_Simple<EventHandlerContainer_UI,13,enum DisplayEvent>;IUICollectibleControls;IHasGameVarSpace;AbstractOptionsUI	MI
DisplayMissionEditor	.?AVDisplayMissionEditor@@	0x1cbad58,0x1cbaf78@24,0x1cbaf90@552,0x1cbafb8@1672,0x1cbb090@1720	67,2,4,26,4	Display;MissionEditCursorContainer	Display;ControlsContainer;RemoveLLinks;BaseRefCount<1>;RefCountBaseT<1>;EventHandlerGroupContainer_Simple<EventHandlerContainer_UI,13,enum DisplayEvent>;IUICollectibleControls;IHasGameVarSpace;AbstractOptionsUI;MissionEditCursorContainer	MI
DisplayMissionEditorNormal	.?AVDisplayMissionEditorNormal@@	0x1cbb0b8,0x1cbb2d8@24,0x1cbb2f0@552,0x1cbb318@1672,0x1cbb3f0@1720	67,2,4,26,4	DisplayMissionEditor	DisplayMissionEditor;Display;ControlsContainer;RemoveLLinks;BaseRefCount<1>;RefCountBaseT<1>;EventHandlerGroupContainer_Simple<EventHandlerContainer_UI,13,enum DisplayEvent>;IUICollectibleControls;IHasGameVarSpace;AbstractOptionsUI;MissionEditCursorContainer	MI
DisplayMissionEnd	.?AVDisplayMissionEnd@@	0x1b79548,0x1b79758@24,0x1b79770@552,0x1b79798@1672	65,2,4,26	Display	Display;ControlsContainer;RemoveLLinks;BaseRefCount<1>;RefCountBaseT<1>;EventHandlerGroupContainer_Simple<EventHandlerContainer_UI,13,enum DisplayEvent>;IUICollectibleControls;IHasGameVarSpace;AbstractOptionsUI	MI
DisplayMissionFail	.?AVDisplayMissionFail@@	0x1b79870,0x1b79a80@24,0x1b79a98@552,0x1b79ac0@1672	65,2,4,26	Display	Display;ControlsContainer;RemoveLLinks;BaseRefCount<1>;RefCountBaseT<1>;EventHandlerGroupContainer_Simple<EventHandlerContainer_UI,13,enum DisplayEvent>;IUICollectibleControls;IHasGameVarSpace;AbstractOptionsUI	MI
DisplayMissionList	.?AVDisplayMissionList@@	0x1b81e50,0x1b82060@24,0x1b82078@552,0x1b820a0@1672	65,2,4,26	Display	Display;ControlsContainer;RemoveLLinks;BaseRefCount<1>;RefCountBaseT<1>;EventHandlerGroupContainer_Simple<EventHandlerContainer_UI,13,enum DisplayEvent>;IUICollectibleControls;IHasGameVarSpace;AbstractOptionsUI	MI
DisplayMissionLoad	.?AVDisplayMissionLoad@@	0x1cbba70,0x1cbbc80@24,0x1cbbc98@552,0x1cbbcc0@1672	65,2,4,26	Display	Display;ControlsContainer;RemoveLLinks;BaseRefCount<1>;RefCountBaseT<1>;EventHandlerGroupContainer_Simple<EventHandlerContainer_UI,13,enum DisplayEvent>;IUICollectibleControls;IHasGameVarSpace;AbstractOptionsUI	MI
DisplayMissionSave	.?AVDisplayMissionSave@@	0x1cbbdc0,0x1cbbfd0@24,0x1cbbfe8@552,0x1cbc010@1672	65,2,4,26	Display	Display;ControlsContainer;RemoveLLinks;BaseRefCount<1>;RefCountBaseT<1>;EventHandlerGroupContainer_Simple<EventHandlerContainer_UI,13,enum DisplayEvent>;IUICollectibleControls;IHasGameVarSpace;AbstractOptionsUI	MI
DisplayModLauncher	.?AVDisplayModLauncher@@	0x1b76bf8,0x1b76e08@24,0x1b76e20@552,0x1b76e48@1672	65,2,4,26	Display	Display;ControlsContainer;RemoveLLinks;BaseRefCount<1>;RefCountBaseT<1>;EventHandlerGroupContainer_Simple<EventHandlerContainer_UI,13,enum DisplayEvent>;IUICollectibleControls;IHasGameVarSpace;AbstractOptionsUI	MI
DisplayMPPlayers	.?AVDisplayMPPlayers@@	0x1b7bc00,0x1b7be10@24,0x1b7be28@552,0x1b7be50@1672	65,2,4,26	Display	Display;ControlsContainer;RemoveLLinks;BaseRefCount<1>;RefCountBaseT<1>;EventHandlerGroupContainer_Simple<EventHandlerContainer_UI,13,enum DisplayEvent>;IUICollectibleControls;IHasGameVarSpace;AbstractOptionsUI	MI
DisplayMultiplayer	.?AVDisplayMultiplayer@@	0x1b860e8,0x1b862f8@24,0x1b86310@552,0x1b86338@1672	65,2,4,26	Display	Display;ControlsContainer;RemoveLLinks;BaseRefCount<1>;RefCountBaseT<1>;EventHandlerGroupContainer_Simple<EventHandlerContainer_UI,13,enum DisplayEvent>;IUICollectibleControls;IHasGameVarSpace;AbstractOptionsUI	MI
DisplayMultiplayerHostMission	.?AVDisplayMultiplayerHostMission@@	0x1b865c0,0x1b867d0@24,0x1b867e8@552,0x1b86810@1672	65,2,4,26	DisplayMultiplayer	DisplayMultiplayer;Display;ControlsContainer;RemoveLLinks;BaseRefCount<1>;RefCountBaseT<1>;EventHandlerGroupContainer_Simple<EventHandlerContainer_UI,13,enum DisplayEvent>;IUICollectibleControls;IHasGameVarSpace;AbstractOptionsUI	MI
DisplayMultiplayerHostSoloMission	.?AVDisplayMultiplayerHostSoloMission@@	0x1b7bf80,0x1b7c190@24,0x1b7c1a8@552,0x1b7c1d0@1672	65,2,4,26	DisplayMultiplayerHostMission	DisplayMultiplayerHostMission;DisplayMultiplayer;Display;ControlsContainer;RemoveLLinks;BaseRefCount<1>;RefCountBaseT<1>;EventHandlerGroupContainer_Simple<EventHandlerContainer_UI,13,enum DisplayEvent>;IUICollectibleControls;IHasGameVarSpace;AbstractOptionsUI	MI
DisplayMultiplayerParameter	.?AVDisplayMultiplayerParameter@@	0x1b7c2b8,0x1b7c4c8@24,0x1b7c4e0@552,0x1b7c508@1672	65,2,4,26	Display	Display;ControlsContainer;RemoveLLinks;BaseRefCount<1>;RefCountBaseT<1>;EventHandlerGroupContainer_Simple<EventHandlerContainer_UI,13,enum DisplayEvent>;IUICollectibleControls;IHasGameVarSpace;AbstractOptionsUI	MI
DisplayMultiplayerParams	.?AVDisplayMultiplayerParams@@	0x1b7c618,0x1b7c828@24,0x1b7c840@552,0x1b7c868@1672	65,2,4,26	Display	Display;ControlsContainer;RemoveLLinks;BaseRefCount<1>;RefCountBaseT<1>;EventHandlerGroupContainer_Simple<EventHandlerContainer_UI,13,enum DisplayEvent>;IUICollectibleControls;IHasGameVarSpace;AbstractOptionsUI	MI
DisplayMultiplayerSetup	.?AVDisplayMultiplayerSetup@@	0x1b7c978,0x1b7cb88@24,0x1b7cba0@552,0x1b7cbc8@1672	65,2,4,26	Display	Display;ControlsContainer;RemoveLLinks;BaseRefCount<1>;RefCountBaseT<1>;EventHandlerGroupContainer_Simple<EventHandlerContainer_UI,13,enum DisplayEvent>;IUICollectibleControls;IHasGameVarSpace;AbstractOptionsUI	MI
DisplayMultiplayerSetup_Proxy	.?AVDisplayMultiplayerSetup_Proxy@@	0x1b7cf18,0x1b7d128@24,0x1b7d140@552,0x1b7d168@1672	65,2,4,26	Display	Display;ControlsContainer;RemoveLLinks;BaseRefCount<1>;RefCountBaseT<1>;EventHandlerGroupContainer_Simple<EventHandlerContainer_UI,13,enum DisplayEvent>;IUICollectibleControls;IHasGameVarSpace;AbstractOptionsUI	MI
DisplayNewMod	.?AVDisplayNewMod@@	0x1cb9830,0x1cb9a40@24,0x1cb9a58@552,0x1cb9a80@1672	65,2,4,26	Display	Display;ControlsContainer;RemoveLLinks;BaseRefCount<1>;RefCountBaseT<1>;EventHandlerGroupContainer_Simple<EventHandlerContainer_UI,13,enum DisplayEvent>;IUICollectibleControls;IHasGameVarSpace;AbstractOptionsUI	MI
DisplayNotebook	.?AVDisplayNotebook@@	0x1cb7d90,0x1cb7fb8@24,0x1cb7fd0@552,0x1cb7ff8@1672	68,2,4,26	Display	Display;ControlsContainer;RemoveLLinks;BaseRefCount<1>;RefCountBaseT<1>;EventHandlerGroupContainer_Simple<EventHandlerContainer_UI,13,enum DisplayEvent>;IUICollectibleControls;IHasGameVarSpace;AbstractOptionsUI	MI
DisplayOnTexture	.?AVDisplayOnTexture@@	0x1acb910,0x1acbb20@24,0x1acbb38@552,0x1acbb60@1672	65,2,4,26	Display	Display;ControlsContainer;RemoveLLinks;BaseRefCount<1>;RefCountBaseT<1>;EventHandlerGroupContainer_Simple<EventHandlerContainer_UI,13,enum DisplayEvent>;IUICollectibleControls;IHasGameVarSpace;AbstractOptionsUI	MI
DisplayOptions	.?AVDisplayOptions@@	0x1b806e8,0x1b808f8@24,0x1b80910@552,0x1b80938@1672	65,2,4,26	Display	Display;ControlsContainer;RemoveLLinks;BaseRefCount<1>;RefCountBaseT<1>;EventHandlerGroupContainer_Simple<EventHandlerContainer_UI,13,enum DisplayEvent>;IUICollectibleControls;IHasGameVarSpace;AbstractOptionsUI	MI
DisplayOptionsAudio	.?AVDisplayOptionsAudio@@	0x1b80a80,0x1b80c90@24,0x1b80ca8@552,0x1b80cd0@1672	65,2,4,26	Display	Display;ControlsContainer;RemoveLLinks;BaseRefCount<1>;RefCountBaseT<1>;EventHandlerGroupContainer_Simple<EventHandlerContainer_UI,13,enum DisplayEvent>;IUICollectibleControls;IHasGameVarSpace;AbstractOptionsUI	MI
DisplayOptionsMicAutoAdj	.?AVDisplayOptionsMicAutoAdj@@	0x1b80dc0,0x1b80fd0@24,0x1b80fe8@552,0x1b81010@1672	65,2,4,26	Display	Display;ControlsContainer;RemoveLLinks;BaseRefCount<1>;RefCountBaseT<1>;EventHandlerGroupContainer_Simple<EventHandlerContainer_UI,13,enum DisplayEvent>;IUICollectibleControls;IHasGameVarSpace;AbstractOptionsUI	MI
DisplayOptionsVideo	.?AVDisplayOptionsVideo@@	0x1b81110,0x1b81320@24,0x1b81338@552,0x1b81360@1672	65,2,4,26	Display	Display;ControlsContainer;RemoveLLinks;BaseRefCount<1>;RefCountBaseT<1>;EventHandlerGroupContainer_Simple<EventHandlerContainer_UI,13,enum DisplayEvent>;IUICollectibleControls;IHasGameVarSpace;AbstractOptionsUI	MI
DisplayOutro	.?AVDisplayOutro@@	0x1b79d88,0x1b79fa0@24,0x1b79fb8@552,0x1b79fe0@1672	66,2,4,26	DisplayCutscene	DisplayCutscene;Display;ControlsContainer;RemoveLLinks;BaseRefCount<1>;RefCountBaseT<1>;EventHandlerGroupContainer_Simple<EventHandlerContainer_UI,13,enum DisplayEvent>;IUICollectibleControls;IHasGameVarSpace;AbstractOptionsUI	MI
DisplayOverlayCreate	.?AVDisplayOverlayCreate@@	0x1cbc100,0x1cbc310@24,0x1cbc328@552,0x1cbc350@1672	65,2,4,26	Display	Display;ControlsContainer;RemoveLLinks;BaseRefCount<1>;RefCountBaseT<1>;EventHandlerGroupContainer_Simple<EventHandlerContainer_UI,13,enum DisplayEvent>;IUICollectibleControls;IHasGameVarSpace;AbstractOptionsUI	MI
DisplayOverlayLoad	.?AVDisplayOverlayLoad@@	0x1cbc4a8,0x1cbc6b8@24,0x1cbc6d0@552,0x1cbc6f8@1672	65,2,4,26	Display	Display;ControlsContainer;RemoveLLinks;BaseRefCount<1>;RefCountBaseT<1>;EventHandlerGroupContainer_Simple<EventHandlerContainer_UI,13,enum DisplayEvent>;IUICollectibleControls;IHasGameVarSpace;AbstractOptionsUI	MI
DisplayPassword	.?AVDisplayPassword@@	0x1b868f8,0x1b86b08@24,0x1b86b20@552,0x1b86b48@1672	65,2,4,26	Display	Display;ControlsContainer;RemoveLLinks;BaseRefCount<1>;RefCountBaseT<1>;EventHandlerGroupContainer_Simple<EventHandlerContainer_UI,13,enum DisplayEvent>;IUICollectibleControls;IHasGameVarSpace;AbstractOptionsUI	MI
DisplayPlayerVehicleCameraView	.?AVDisplayPlayerVehicleCameraView@@	0x1b8c478,0x1b8c6a8@24,0x1b8c6c0@552,0x1b8c6e8@1672	69,2,4,26	DisplayTransportCameraView	DisplayTransportCameraView;Display;ControlsContainer;RemoveLLinks;BaseRefCount<1>;RefCountBaseT<1>;EventHandlerGroupContainer_Simple<EventHandlerContainer_UI,13,enum DisplayEvent>;IUICollectibleControls;IHasGameVarSpace;AbstractOptionsUI	MI
DisplayPort	.?AVDisplayPort@@	0x1b7d278,0x1b7d488@24,0x1b7d4a0@552,0x1b7d4c8@1672	65,2,4,26	Display	Display;ControlsContainer;RemoveLLinks;BaseRefCount<1>;RefCountBaseT<1>;EventHandlerGroupContainer_Simple<EventHandlerContainer_UI,13,enum DisplayEvent>;IUICollectibleControls;IHasGameVarSpace;AbstractOptionsUI	MI
DisplayProfileController	.?AVDisplayProfileController@@	0x1b81478,0x1b81688@24,0x1b816a0@552,0x1b816c8@1672	65,2,4,26	Display	Display;ControlsContainer;RemoveLLinks;BaseRefCount<1>;RefCountBaseT<1>;EventHandlerGroupContainer_Simple<EventHandlerContainer_UI,13,enum DisplayEvent>;IUICollectibleControls;IHasGameVarSpace;AbstractOptionsUI	MI
DisplayPublish	.?AVDisplayPublish@@	0x1b73820,0x1b73a70@24,0x1b73a88@552,0x1b73ab0@1672	73,2,4,26	Display	Display;ControlsContainer;RemoveLLinks;BaseRefCount<1>;RefCountBaseT<1>;EventHandlerGroupContainer_Simple<EventHandlerContainer_UI,13,enum DisplayEvent>;IUICollectibleControls;IHasGameVarSpace;AbstractOptionsUI	MI
DisplayPublishMission	.?AVDisplayPublishMission@@	0x1b73bd8,0x1b73e28@24,0x1b73e40@552,0x1b73e68@1672	73,2,4,26	DisplayPublish	DisplayPublish;Display;ControlsContainer;RemoveLLinks;BaseRefCount<1>;RefCountBaseT<1>;EventHandlerGroupContainer_Simple<EventHandlerContainer_UI,13,enum DisplayEvent>;IUICollectibleControls;IHasGameVarSpace;AbstractOptionsUI	MI
DisplayPublishMissionTags	.?AVDisplayPublishMissionTags@@	0x1b73f40,0x1b74150@24,0x1b74168@552,0x1b74190@1672	65,2,4,26	Display	Display;ControlsContainer;RemoveLLinks;BaseRefCount<1>;RefCountBaseT<1>;EventHandlerGroupContainer_Simple<EventHandlerContainer_UI,13,enum DisplayEvent>;IUICollectibleControls;IHasGameVarSpace;AbstractOptionsUI	MI
DisplayQuickPlay	.?AVDisplayQuickPlay@@	0x1b86c68,0x1b86e78@24,0x1b86e90@552,0x1b86eb8@1672	65,2,4,26	Display	Display;ControlsContainer;RemoveLLinks;BaseRefCount<1>;RefCountBaseT<1>;EventHandlerGroupContainer_Simple<EventHandlerContainer_UI,13,enum DisplayEvent>;IUICollectibleControls;IHasGameVarSpace;AbstractOptionsUI	MI
DisplayRemoteMissions	.?AVDisplayRemoteMissions@@	0x1b7d5c0,0x1b7d7d0@24,0x1b7d7e8@552,0x1b7d810@1672	65,2,4,26	Display	Display;ControlsContainer;RemoveLLinks;BaseRefCount<1>;RefCountBaseT<1>;EventHandlerGroupContainer_Simple<EventHandlerContainer_UI,13,enum DisplayEvent>;IUICollectibleControls;IHasGameVarSpace;AbstractOptionsUI	MI
DisplayScoretable	.?AVDisplayScoretable@@	0x1b8a420,0x1b8a630@24,0x1b8a648@552,0x1b8a670@1672	65,2,4,26	Display	Display;ControlsContainer;RemoveLLinks;BaseRefCount<1>;RefCountBaseT<1>;EventHandlerGroupContainer_Simple<EventHandlerContainer_UI,13,enum DisplayEvent>;IUICollectibleControls;IHasGameVarSpace;AbstractOptionsUI	MI
DisplayScriptingHelp	.?AVDisplayScriptingHelp@@	0x1ccf768,0x1ccf978@24,0x1ccf990@552,0x1ccf9b8@1672	65,2,4,26	Display	Display;ControlsContainer;RemoveLLinks;BaseRefCount<1>;RefCountBaseT<1>;EventHandlerGroupContainer_Simple<EventHandlerContainer_UI,13,enum DisplayEvent>;IUICollectibleControls;IHasGameVarSpace;AbstractOptionsUI	MI
DisplaySelectIsland	.?AVDisplaySelectIsland@@	0x1b76f78,0x1b77188@24,0x1b771a0@552,0x1b771c8@1672	65,2,4,26	Display	Display;ControlsContainer;RemoveLLinks;BaseRefCount<1>;RefCountBaseT<1>;EventHandlerGroupContainer_Simple<EventHandlerContainer_UI,13,enum DisplayEvent>;IUICollectibleControls;IHasGameVarSpace;AbstractOptionsUI	MI
DisplaySelectUserSave	.?AVDisplaySelectUserSave@@	0x1b7a0d8,0x1b7a2e8@24,0x1b7a300@552,0x1b7a328@1672	65,2,4,26	Display	Display;ControlsContainer;RemoveLLinks;BaseRefCount<1>;RefCountBaseT<1>;EventHandlerGroupContainer_Simple<EventHandlerContainer_UI,13,enum DisplayEvent>;IUICollectibleControls;IHasGameVarSpace;AbstractOptionsUI	MI
DisplaySensors	.?AVDisplaySensors@@	0x1b8ae38,0x1b8b058@24,0x1b8b070@552,0x1b8b098@1672	67,2,4,26	DisplaySensorsBase	DisplaySensorsBase;Display;ControlsContainer;RemoveLLinks;BaseRefCount<1>;RefCountBaseT<1>;EventHandlerGroupContainer_Simple<EventHandlerContainer_UI,13,enum DisplayEvent>;IUICollectibleControls;IHasGameVarSpace;AbstractOptionsUI	MI
DisplaySensorsBase	.?AVDisplaySensorsBase@@	0x1b8ab00,0x1b8ad20@24,0x1b8ad38@552,0x1b8ad60@1672	67,2,4,26	Display	Display;ControlsContainer;RemoveLLinks;BaseRefCount<1>;RefCountBaseT<1>;EventHandlerGroupContainer_Simple<EventHandlerContainer_UI,13,enum DisplayEvent>;IUICollectibleControls;IHasGameVarSpace;AbstractOptionsUI	MI
DisplayServer	.?AVDisplayServer@@	0x1b86fe0,0x1b871f8@24,0x1b87210@552,0x1b87238@1672	66,2,4,26	Display	Display;ControlsContainer;RemoveLLinks;BaseRefCount<1>;RefCountBaseT<1>;EventHandlerGroupContainer_Simple<EventHandlerContainer_UI,13,enum DisplayEvent>;IUICollectibleControls;IHasGameVarSpace;AbstractOptionsUI	MI
DisplayServerFound	.?AVDisplayServerFound@@	0x1b7d940,0x1b7db50@24,0x1b7db68@552,0x1b7db90@1672	65,2,4,26	Display	Display;ControlsContainer;RemoveLLinks;BaseRefCount<1>;RefCountBaseT<1>;EventHandlerGroupContainer_Simple<EventHandlerContainer_UI,13,enum DisplayEvent>;IUICollectibleControls;IHasGameVarSpace;AbstractOptionsUI	MI
DisplayServerGetReady	.?AVDisplayServerGetReady@@	0x1b7dcd8,0x1b7def8@24,0x1b7df10@552,0x1b7df38@1672	67,2,4,26	DisplayGetReady	DisplayGetReady;DisplayMap;MarkerSupportForDisplayWithMap;Display;ControlsContainer;RemoveLLinks;BaseRefCount<1>;RefCountBaseT<1>;EventHandlerGroupContainer_Simple<EventHandlerContainer_UI,13,enum DisplayEvent>;IUICollectibleControls;IHasGameVarSpace;AbstractOptionsUI	MI
DisplayServerHostMission	.?AVDisplayServerHostMission@@	0x1b875a8,0x1b877c0@24,0x1b877d8@552,0x1b87800@1672	66,2,4,26	DisplayServer	DisplayServer;Display;ControlsContainer;RemoveLLinks;BaseRefCount<1>;RefCountBaseT<1>;EventHandlerGroupContainer_Simple<EventHandlerContainer_UI,13,enum DisplayEvent>;IUICollectibleControls;IHasGameVarSpace;AbstractOptionsUI	MI
DisplayServerSearch	.?AVDisplayServerSearch@@	0x1b7e038,0x1b7e248@24,0x1b7e260@552,0x1b7e288@1672,0x1b7e360@1720	65,2,4,26,2	Display;Steam::IMatchmakingResultProcessor	Display;ControlsContainer;RemoveLLinks;BaseRefCount<1>;RefCountBaseT<1>;EventHandlerGroupContainer_Simple<EventHandlerContainer_UI,13,enum DisplayEvent>;IUICollectibleControls;IHasGameVarSpace;AbstractOptionsUI;Steam::IMatchmakingResultProcessor	MI
DisplaySessionFilter	.?AVDisplaySessionFilter@@	0x1b878e8,0x1b87af8@24,0x1b87b10@552,0x1b87b38@1672	65,2,4,26	Display	Display;ControlsContainer;RemoveLLinks;BaseRefCount<1>;RefCountBaseT<1>;EventHandlerGroupContainer_Simple<EventHandlerContainer_UI,13,enum DisplayEvent>;IUICollectibleControls;IHasGameVarSpace;AbstractOptionsUI	MI
DisplaySetupServer	.?AVDisplaySetupServer@@	0x1b87c38,0x1b87e48@24,0x1b87e60@552,0x1b87e88@1672	65,2,4,26	DisplayHostSettings	DisplayHostSettings;Display;ControlsContainer;RemoveLLinks;BaseRefCount<1>;RefCountBaseT<1>;EventHandlerGroupContainer_Simple<EventHandlerContainer_UI,13,enum DisplayEvent>;IUICollectibleControls;IHasGameVarSpace;AbstractOptionsUI	MI
DisplaySingleMission	.?AVDisplaySingleMission@@	0x1b82198,0x1b823a8@24,0x1b823c0@552,0x1b823e8@1672	65,2,4,26	DisplayMissionList	DisplayMissionList;Display;ControlsContainer;RemoveLLinks;BaseRefCount<1>;RefCountBaseT<1>;EventHandlerGroupContainer_Simple<EventHandlerContainer_UI,13,enum DisplayEvent>;IUICollectibleControls;IHasGameVarSpace;AbstractOptionsUI	MI
DisplaySlingLoadManager	.?AVDisplaySlingLoadManager@@	0x1b8bd98,0x1b8bfa8@24,0x1b8bfc0@552,0x1b8bfe8@1672	65,2,4,26	Display	Display;ControlsContainer;RemoveLLinks;BaseRefCount<1>;RefCountBaseT<1>;EventHandlerGroupContainer_Simple<EventHandlerContainer_UI,13,enum DisplayEvent>;IUICollectibleControls;IHasGameVarSpace;AbstractOptionsUI	MI
DisplayStaminaInfo	.?AVDisplayStaminaInfo@@	0x1c7e080,0x1c7e290@24,0x1c7e2a8@552,0x1c7e2d0@1672	65,2,4,26	Display	Display;ControlsContainer;RemoveLLinks;BaseRefCount<1>;RefCountBaseT<1>;EventHandlerGroupContainer_Simple<EventHandlerContainer_UI,13,enum DisplayEvent>;IUICollectibleControls;IHasGameVarSpace;AbstractOptionsUI	MI
DisplayStanceInfo	.?AVDisplayStanceInfo@@	0x1c7dd58,0x1c7df68@24,0x1c7df80@552,0x1c7dfa8@1672	65,2,4,26	Display	Display;ControlsContainer;RemoveLLinks;BaseRefCount<1>;RefCountBaseT<1>;EventHandlerGroupContainer_Simple<EventHandlerContainer_UI,13,enum DisplayEvent>;IUICollectibleControls;IHasGameVarSpace;AbstractOptionsUI	MI
DisplayTaskHint	.?AVDisplayTaskHint@@	0x1c7e9f8,0x1c7ec08@24,0x1c7ec20@552,0x1c7ec48@1672	65,2,4,26	Display	Display;ControlsContainer;RemoveLLinks;BaseRefCount<1>;RefCountBaseT<1>;EventHandlerGroupContainer_Simple<EventHandlerContainer_UI,13,enum DisplayEvent>;IUICollectibleControls;IHasGameVarSpace;AbstractOptionsUI	MI
DisplayTeamSwitch	.?AVDisplayTeamSwitch@@	0x1b7a428,0x1b7a638@24,0x1b7a650@552,0x1b7a678@1672	65,2,4,26	Display	Display;ControlsContainer;RemoveLLinks;BaseRefCount<1>;RefCountBaseT<1>;EventHandlerGroupContainer_Simple<EventHandlerContainer_UI,13,enum DisplayEvent>;IUICollectibleControls;IHasGameVarSpace;AbstractOptionsUI	MI
DisplayTemplateLoad	.?AVDisplayTemplateLoad@@	0x1cc3218,0x1cc3428@24,0x1cc3440@552,0x1cc3468@1672	65,2,4,26	Display	Display;ControlsContainer;RemoveLLinks;BaseRefCount<1>;RefCountBaseT<1>;EventHandlerGroupContainer_Simple<EventHandlerContainer_UI,13,enum DisplayEvent>;IUICollectibleControls;IHasGameVarSpace;AbstractOptionsUI	MI
DisplayTemplateSave	.?AVDisplayTemplateSave@@	0x1cdc9f8,0x1cdcc08@24,0x1cdcc20@552,0x1cdcc48@1672	65,2,4,26	Display	Display;ControlsContainer;RemoveLLinks;BaseRefCount<1>;RefCountBaseT<1>;EventHandlerGroupContainer_Simple<EventHandlerContainer_UI,13,enum DisplayEvent>;IUICollectibleControls;IHasGameVarSpace;AbstractOptionsUI	MI
DisplayTitle	.?AVDisplayTitle@@	0x1c706c8,0x1c708d8@24,0x1c708f0@552,0x1c70918@1672	65,2,4,26	Display	Display;ControlsContainer;RemoveLLinks;BaseRefCount<1>;RefCountBaseT<1>;EventHandlerGroupContainer_Simple<EventHandlerContainer_UI,13,enum DisplayEvent>;IUICollectibleControls;IHasGameVarSpace;AbstractOptionsUI	MI
DisplayTransportCameraView	.?AVDisplayTransportCameraView@@	0x1b8c130,0x1b8c360@24,0x1b8c378@552,0x1b8c3a0@1672	69,2,4,26	Display	Display;ControlsContainer;RemoveLLinks;BaseRefCount<1>;RefCountBaseT<1>;EventHandlerGroupContainer_Simple<EventHandlerContainer_UI,13,enum DisplayEvent>;IUICollectibleControls;IHasGameVarSpace;AbstractOptionsUI	MI
DisplayUavCameraView	.?AVDisplayUavCameraView@@	0x1b8c7c0,0x1b8c9f0@24,0x1b8ca08@552,0x1b8ca30@1672	69,2,4,26	DisplayPlayerVehicleCameraView	DisplayPlayerVehicleCameraView;DisplayTransportCameraView;Display;ControlsContainer;RemoveLLinks;BaseRefCount<1>;RefCountBaseT<1>;EventHandlerGroupContainer_Simple<EventHandlerContainer_UI,13,enum DisplayEvent>;IUICollectibleControls;IHasGameVarSpace;AbstractOptionsUI	MI
DisplayUavTerminal	.?AVDisplayUavTerminal@@	0x1cd87a8,0x1cd89c0@24,0x1cd89d8@552,0x1cd8a00@1672	66,2,4,26	MarkerSupportForDisplayWithMap;Display	MarkerSupportForDisplayWithMap;Display;ControlsContainer;RemoveLLinks;BaseRefCount<1>;RefCountBaseT<1>;EventHandlerGroupContainer_Simple<EventHandlerContainer_UI,13,enum DisplayEvent>;IUICollectibleControls;IHasGameVarSpace;AbstractOptionsUI	MI
DisplayUnitInfo	.?AVDisplayUnitInfo@@	0x1c7da30,0x1c7dc40@24,0x1c7dc58@552,0x1c7dc80@1672	65,2,4,26	Display	Display;ControlsContainer;RemoveLLinks;BaseRefCount<1>;RefCountBaseT<1>;EventHandlerGroupContainer_Simple<EventHandlerContainer_UI,13,enum DisplayEvent>;IUICollectibleControls;IHasGameVarSpace;AbstractOptionsUI	MI
DisplayVoiceChat	.?AVDisplayVoiceChat@@	0x1cb6db8,0x1cb6fc8@24,0x1cb6fe0@552,0x1cb7008@1672	65,2,4,26	Display	Display;ControlsContainer;RemoveLLinks;BaseRefCount<1>;RefCountBaseT<1>;EventHandlerGroupContainer_Simple<EventHandlerContainer_UI,13,enum DisplayEvent>;IUICollectibleControls;IHasGameVarSpace;AbstractOptionsUI	MI
DisplayVotedMissions	.?AVDisplayVotedMissions@@	0x1b7e3a0,0x1b7e5b0@24,0x1b7e5c8@552,0x1b7e5f0@1672	65,2,4,26	Display	Display;ControlsContainer;RemoveLLinks;BaseRefCount<1>;RefCountBaseT<1>;EventHandlerGroupContainer_Simple<EventHandlerContainer_UI,13,enum DisplayEvent>;IUICollectibleControls;IHasGameVarSpace;AbstractOptionsUI	MI
DisplayWeaponInfo	.?AVDisplayWeaponInfo@@	0x1c7e3a8,0x1c7e5b8@24,0x1c7e5d0@552,0x1c7e5f8@1672	65,2,4,26	Display	Display;ControlsContainer;RemoveLLinks;BaseRefCount<1>;RefCountBaseT<1>;EventHandlerGroupContainer_Simple<EventHandlerContainer_UI,13,enum DisplayEvent>;IUICollectibleControls;IHasGameVarSpace;AbstractOptionsUI	MI
DlcAsset	.?AVDlcAsset@@	0x1a77c40	2			
DlcContentBrowser	.?AVDlcContentBrowser@@	0x1b30e18,0x1b31028@24,0x1b31040@552,0x1b31068@1672	65,2,4,26	Display	Display;ControlsContainer;RemoveLLinks;BaseRefCount<1>;RefCountBaseT<1>;EventHandlerGroupContainer_Simple<EventHandlerContainer_UI,13,enum DisplayEvent>;IUICollectibleControls;IHasGameVarSpace;AbstractOptionsUI	MI
DlcDisconnectMPMsgBox	.?AVDlcDisconnectMPMsgBox@@	0x1cc4540,0x1cc4750@24,0x1cc4768@552	65,2,4	MsgBox	MsgBox;ControlsContainer;RemoveLLinks;BaseRefCount<1>;RefCountBaseT<1>;EventHandlerGroupContainer_Simple<EventHandlerContainer_UI,13,enum DisplayEvent>;IUICollectibleControls;IHasGameVarSpace	MI
DlcItem	.?AUDlcItem@@	0x1b312d0	3	RemoveLLinks	RemoveLLinks;BaseRefCount<1>;RefCountBaseT<1>	
DlcMessages::DlcMsgPopup	.?AUDlcMsgPopup@DlcMessages@@	0x1b31300	6	DlcMessages::IDlcMsg	DlcMessages::IDlcMsg;BaseRefCount<1>;RefCountBaseT<1>	
DlcMessages::DlcMsgWatermark	.?AUDlcMsgWatermark@DlcMessages@@	0x1b313e8	6	DlcMessages::IDlcMsg	DlcMessages::IDlcMsg;BaseRefCount<1>;RefCountBaseT<1>	
DlcMessages::DlcPopupItemChess	.?AUDlcPopupItemChess@DlcMessages@@	0x1b31390	10	DlcMessages::IDlcPopupItem	DlcMessages::IDlcPopupItem;BaseRefCount<1>;RefCountBaseT<1>	
DlcMessages::DlcPopupItemMessage	.?AUDlcPopupItemMessage@DlcMessages@@	0x1b31338	10	DlcMessages::IDlcPopupItem	DlcMessages::IDlcPopupItem;BaseRefCount<1>;RefCountBaseT<1>	
DlcMessages::IDlcMsg	.?AUIDlcMsg@DlcMessages@@	0x1b31430	6	BaseRefCount<1>	BaseRefCount<1>;RefCountBaseT<1>	
DlcMessages::IDlcPopupItem	.?AUIDlcPopupItem@DlcMessages@@					no-col
DlcOwnershipCheck::DlcAssetInfo	.?AUDlcAssetInfo@DlcOwnershipCheck@@	0x1b31548	3	RemoveLLinks	RemoveLLinks;BaseRefCount<1>;RefCountBaseT<1>	
DlcPurchaseMsgBox	.?AVDlcPurchaseMsgBox@@	0x1cc42f0,0x1cc4500@24,0x1cc4518@552	65,2,4	MsgBox	MsgBox;ControlsContainer;RemoveLLinks;BaseRefCount<1>;RefCountBaseT<1>;EventHandlerGroupContainer_Simple<EventHandlerContainer_UI,13,enum DisplayEvent>;IUICollectibleControls;IHasGameVarSpace	MI
DlcTemplatePrinter	.?AVDlcTemplatePrinter@@	0x1a85908	3	ConfigTemplatePrinter	ConfigTemplatePrinter	
DlcUsage	.?AVDlcUsage@@	0x1b31578	3	BaseRefCount<1>	BaseRefCount<1>;RefCountBaseT<1>	
DNameNode	.?AVDNameNode@@					no-col
DNameStatusNode	.?AVDNameStatusNode@@	0x1d9e648	4	DNameNode	DNameNode	
DNSRemoteConfig	.?AVDNSRemoteConfig@@	0x1b318e8	3	DNSRequest	DNSRequest;BaseRefCount<1>;RefCountBaseT<1>	
DNSRequest	.?AVDNSRequest@@	0x1b41828	3	BaseRefCount<1>	BaseRefCount<1>;RefCountBaseT<1>	
DoHRequest	.?AVDoHRequest@@	0x1b41998	3	BaseRefCount<1>	BaseRefCount<1>;RefCountBaseT<1>	
Door	.?AVDoor@@	0x1bd1250,0x1bd3030@24,0x1bd3058@48,0x1bd3118@1464,0x1bd3138@1472,0x1bd3150@2152	955,4,23,3,2,7	Transport	Transport;EntityAIFull;EntityAI;Entity;ObjectTyped;Object;NetworkObject;RemoveSoftLinks<SoftLinkIdTraits<ObjectId,ObjectIdAutoDestroy>>;BaseRefCount<1>;RefCountBaseT<1>;NetworkSimpleObject;CountInstances<Object>;EPEItem;TLinkBidir<1>;NoCopy;Animated;JoinedObject;IHasParentContainer;ComponentHolder<EntityAIFull,Component>	MI
DoorType	.?AVDoorType@@	0x1bd0f18,0x1bd11d8@24,0x1bd1210@32,0x1bd1228@752	87,6,2,4	TransportType	TransportType;EntityAIType;EntityType;RemoveLLinks;BaseRefCount<1>;RefCountBaseT<1>;LODShapeLoadHandler;AnimatedType;LinkBidirWithFrameStoreT<FrameStoreTraits>;TLinkBidir<2>;NoCopy;ComponentHolderType<ComponentType>	MI
DrawBitmap	.?AVDrawBitmap@@	0x1b706c0	2	GdiImage	GdiImage;GdiObject<HBITMAP__*>	
DrawClutter	.?AUDrawClutter@@	0x1ce64a8	3	IMicroJob	IMicroJob;enf::Job;enf::JobCommon;enf::JobCore	
DrawMapObjectsTask	.?AUDrawMapObjectsTask@@	0x1cd9ba8	3	IMicroJob	IMicroJob;enf::Job;enf::JobCommon;enf::JobCore	
DrawMFDsTask	.?AUDrawMFDsTask@@	0x1c46640	2	Engine::MainThreadRenderTask	Engine::MainThreadRenderTask	
DroppedSlotableWeaponObject	.?AVDroppedSlotableWeaponObject@@	0x1c51e78,0x1c528c0@24,0x1c528e8@48	328,4,23	WeaponInstanceObject	WeaponInstanceObject;WeaponObject;ObjectTyped;Object;NetworkObject;RemoveSoftLinks<SoftLinkIdTraits<ObjectId,ObjectIdAutoDestroy>>;BaseRefCount<1>;RefCountBaseT<1>;NetworkSimpleObject;CountInstances<Object>;EPEItem;TLinkBidir<1>;NoCopy	MI
DroppedWeaponObject	.?AVDroppedWeaponObject@@	0x1c51350,0x1c51d90@24,0x1c51db8@48	327,4,23	Object	Object;NetworkObject;RemoveSoftLinks<SoftLinkIdTraits<ObjectId,ObjectIdAutoDestroy>>;BaseRefCount<1>;RefCountBaseT<1>;NetworkSimpleObject;CountInstances<Object>;EPEItem;TLinkBidir<1>;NoCopy	MI
DummyDescriptionExt	.?AVDummyDescriptionExt@@	0x1b24c78	7	IDescriptionExt	IDescriptionExt;BaseRefCount<1>;RefCountBaseT<1>	
DustSource	.?AVDustSource@@	0x1c23938	4	CloudletSource	CloudletSource;SerializeClass	
DX11::AddShapeIndicesOp	.?AVAddShapeIndicesOp@DX11@@	0x1b30678	2	DX11::AddShapeIndicesOpBase	DX11::AddShapeIndicesOpBase;VirtDelegate0<void>	
DX11::AddShapeIndicesOpBase	.?AVAddShapeIndicesOpBase@DX11@@	0x1b30660	2	VirtDelegate0<void>	VirtDelegate0<void>	
DX11::AddShapeIndicesPointOp	.?AVAddShapeIndicesPointOp@DX11@@	0x1b306a8	2	DX11::AddShapeIndicesOpBase	DX11::AddShapeIndicesOpBase;VirtDelegate0<void>	
DX11::AddShapeIndicesSpriteOp	.?AVAddShapeIndicesSpriteOp@DX11@@	0x1b30690	2	DX11::AddShapeIndicesOpBase	DX11::AddShapeIndicesOpBase;VirtDelegate0<void>	
DX11::AddShapeOp<10>	.?AV?$AddShapeOp@$09@DX11@@	0x1b30850	2	DX11::AddShapeOpBase<10,DX11::SVertexSkinnedUV2>	DX11::AddShapeOpBase<10,DX11::SVertexSkinnedUV2>;VirtDelegate0<void>	
DX11::AddShapeOp<11>	.?AV?$AddShapeOp@$0L@@DX11@@	0x1b30880	2	DX11::AddShapeOpBase<11,DX11::SVertexNormalSkinnedUV2>	DX11::AddShapeOpBase<11,DX11::SVertexNormalSkinnedUV2>;VirtDelegate0<void>	
DX11::AddShapeOp<12>	.?AV?$AddShapeOp@$0M@@DX11@@	0x1b30a00	2	DX11::AddShapeOpBase<12,DX11::SVertexShadowVolume>	DX11::AddShapeOpBase<12,DX11::SVertexShadowVolume>;VirtDelegate0<void>	
DX11::AddShapeOp<13>	.?AV?$AddShapeOp@$0N@@DX11@@	0x1b308b0	2	DX11::AddShapeOpBase<13,DX11::SVertexShadowVolumeSkinned>	DX11::AddShapeOpBase<13,DX11::SVertexShadowVolumeSkinned>;VirtDelegate0<void>	
DX11::AddShapeOp<1>	.?AV?$AddShapeOp@$00@DX11@@	0x1b30910	2	DX11::AddShapeOpBase<1,DX11::SVertexWater>	DX11::AddShapeOpBase<1,DX11::SVertexWater>;VirtDelegate0<void>	
DX11::AddShapeOp<3>	.?AV?$AddShapeOp@$02@DX11@@	0x1b308e0	2	DX11::AddShapeOpBase<3,DX11::SVertex>	DX11::AddShapeOpBase<3,DX11::SVertex>;VirtDelegate0<void>	
DX11::AddShapeOp<4>	.?AV?$AddShapeOp@$03@DX11@@	0x1b30940	2	DX11::AddShapeOpBase<4,DX11::SVertexNormal>	DX11::AddShapeOpBase<4,DX11::SVertexNormal>;VirtDelegate0<void>	
DX11::AddShapeOp<5>	.?AV?$AddShapeOp@$04@DX11@@	0x1b30970	2	DX11::AddShapeOpBase<5,DX11::SVertexUV2>	DX11::AddShapeOpBase<5,DX11::SVertexUV2>;VirtDelegate0<void>	
DX11::AddShapeOp<6>	.?AV?$AddShapeOp@$05@DX11@@	0x1b309a0	2	DX11::AddShapeOpBase<6,DX11::SVertexNormalUV2>	DX11::AddShapeOpBase<6,DX11::SVertexNormalUV2>;VirtDelegate0<void>	
DX11::AddShapeOp<7>	.?AV?$AddShapeOp@$06@DX11@@	0x1b309d0	2	DX11::AddShapeOpBase<7,DX11::SVertexNormalCustom>	DX11::AddShapeOpBase<7,DX11::SVertexNormalCustom>;VirtDelegate0<void>	
DX11::AddShapeOp<8>	.?AV?$AddShapeOp@$07@DX11@@	0x1b307f0	2	DX11::AddShapeOpBase<8,DX11::SVertexSkinned>	DX11::AddShapeOpBase<8,DX11::SVertexSkinned>;VirtDelegate0<void>	
DX11::AddShapeOp<9>	.?AV?$AddShapeOp@$08@DX11@@	0x1b30820	2	DX11::AddShapeOpBase<9,DX11::SVertexNormalSkinned>	DX11::AddShapeOpBase<9,DX11::SVertexNormalSkinned>;VirtDelegate0<void>	
DX11::AddShapeOpBase<1,DX11::SVertexWater>	.?AV?$AddShapeOpBase@$00USVertexWater@DX11@@@DX11@@	0x1b308f8	2	VirtDelegate0<void>	VirtDelegate0<void>	
DX11::AddShapeOpBase<10,DX11::SVertexSkinnedUV2>	.?AV?$AddShapeOpBase@$09USVertexSkinnedUV2@DX11@@@DX11@@	0x1b30838	2	VirtDelegate0<void>	VirtDelegate0<void>	
DX11::AddShapeOpBase<11,DX11::SVertexNormalSkinnedUV2>	.?AV?$AddShapeOpBase@$0L@USVertexNormalSkinnedUV2@DX11@@@DX11@@	0x1b30868	2	VirtDelegate0<void>	VirtDelegate0<void>	
DX11::AddShapeOpBase<12,DX11::SVertexShadowVolume>	.?AV?$AddShapeOpBase@$0M@USVertexShadowVolume@DX11@@@DX11@@	0x1b309e8	2	VirtDelegate0<void>	VirtDelegate0<void>	
DX11::AddShapeOpBase<13,DX11::SVertexShadowVolumeSkinned>	.?AV?$AddShapeOpBase@$0N@USVertexShadowVolumeSkinned@DX11@@@DX11@@	0x1b30898	2	VirtDelegate0<void>	VirtDelegate0<void>	
DX11::AddShapeOpBase<3,DX11::SVertex>	.?AV?$AddShapeOpBase@$02USVertex@DX11@@@DX11@@	0x1b308c8	2	VirtDelegate0<void>	VirtDelegate0<void>	
DX11::AddShapeOpBase<4,DX11::SVertexNormal>	.?AV?$AddShapeOpBase@$03USVertexNormal@DX11@@@DX11@@	0x1b30928	2	VirtDelegate0<void>	VirtDelegate0<void>	
DX11::AddShapeOpBase<5,DX11::SVertexUV2>	.?AV?$AddShapeOpBase@$04USVertexUV2@DX11@@@DX11@@	0x1b30958	2	VirtDelegate0<void>	VirtDelegate0<void>	
DX11::AddShapeOpBase<6,DX11::SVertexNormalUV2>	.?AV?$AddShapeOpBase@$05USVertexNormalUV2@DX11@@@DX11@@	0x1b30988	2	VirtDelegate0<void>	VirtDelegate0<void>	
DX11::AddShapeOpBase<7,DX11::SVertexNormalCustom>	.?AV?$AddShapeOpBase@$06USVertexNormalCustom@DX11@@@DX11@@	0x1b309b8	2	VirtDelegate0<void>	VirtDelegate0<void>	
DX11::AddShapeOpBase<8,DX11::SVertexSkinned>	.?AV?$AddShapeOpBase@$07USVertexSkinned@DX11@@@DX11@@	0x1b307d8	2	VirtDelegate0<void>	VirtDelegate0<void>	
DX11::AddShapeOpBase<9,DX11::SVertexNormalSkinned>	.?AV?$AddShapeOpBase@$08USVertexNormalSkinned@DX11@@@DX11@@	0x1b30808	2	VirtDelegate0<void>	VirtDelegate0<void>	
DX11::AddShapePointOp	.?AVAddShapePointOp@DX11@@	0x1b306d8	2	VirtDelegate0<void>	VirtDelegate0<void>	
DX11::AddShapeSpriteOp	.?AVAddShapeSpriteOp@DX11@@	0x1b306c0	2	VirtDelegate0<void>	VirtDelegate0<void>	
DX11::ChromAberPar	.?AUChromAberPar@DX11@@					no-col
DX11::ColorInversionPar	.?AUColorInversionPar@DX11@@					no-col
DX11::ColorPar	.?AUColorPar@DX11@@					no-col
DX11::D3DMipCacheRoot11FreeOnDemand	.?AVD3DMipCacheRoot11FreeOnDemand@DX11@@	0x1d2ad08	10	MemoryFreeOnDemandHelper	MemoryFreeOnDemandHelper;IMemoryFreeOnDemand;TLinkBidir<0>;NoCopy	
DX11::DestroyPPHndlFunc	.?AVDestroyPPHndlFunc@DX11@@	0x1cf9b68	2	DX11::IPPHndlFunc	DX11::IPPHndlFunc	
DX11::DynamicBlurPar	.?AUDynamicBlurPar@DX11@@					no-col
DX11::DynamicBuffer11	.?AVDynamicBuffer11@DX11@@	0x1b303d8	3	BaseRefCount<1>	BaseRefCount<1>;RefCountBaseT<1>	
DX11::EngineDD11	.?AVEngineDD11@DX11@@	0x1cf4f60	475	Engine	Engine	
DX11::EngineDD11::DrawText3DCenteredAsyncPars	.?AUDrawText3DCenteredAsyncPars@EngineDD11@DX11@@	0x1cfa458	2	Engine::MainThreadRenderTask	Engine::MainThreadRenderTask	
DX11::EngineDD11::FireSpecEffect	.?AVFireSpecEffect@EngineDD11@DX11@@	0x1cf85a0,0x1cf85d8@16	6,4	DX11::EngineDD11::ISpecialEffect	DX11::EngineDD11::ISpecialEffect;BaseRefCount<1>;RefCountBaseT<1>;SerializeClass	MI
DX11::EngineDD11::HitSpecEffect	.?AVHitSpecEffect@EngineDD11@DX11@@	0x1cf8600,0x1cf8638@16	6,4	DX11::EngineDD11::ISpecialEffect	DX11::EngineDD11::ISpecialEffect;BaseRefCount<1>;RefCountBaseT<1>;SerializeClass	MI
DX11::EngineDD11::ISpecialEffect	.?AVISpecialEffect@EngineDD11@DX11@@	0x1cf8540,0x1cf8578@16	6,4	BaseRefCount<1>;SerializeClass	BaseRefCount<1>;RefCountBaseT<1>;SerializeClass	MI
DX11::EngineDD11::MovementSpecEffect	.?AVMovementSpecEffect@EngineDD11@DX11@@	0x1cf8660,0x1cf8698@16	6,4	DX11::EngineDD11::ISpecialEffect	DX11::EngineDD11::ISpecialEffect;BaseRefCount<1>;RefCountBaseT<1>;SerializeClass	MI
DX11::EngineDD11::PostProcess	.?AVPostProcess@EngineDD11@DX11@@	0x1d27120,0x1d271c8@16	20,4	BaseRefCount<1>;SerializeClass	BaseRefCount<1>;RefCountBaseT<1>;SerializeClass	MI
DX11::EngineDD11::PostProcessCustomEdge	.?AVPostProcessCustomEdge@EngineDD11@DX11@@	0x1cf5f18,0x1cf5fc0@16	20,4	DX11::EngineDD11::PostProcess	DX11::EngineDD11::PostProcess;BaseRefCount<1>;RefCountBaseT<1>;SerializeClass	MI
DX11::EngineDD11::PPAA	.?AVPPAA@EngineDD11@DX11@@	0x1cf7e80,0x1cf7f28@16	20,4	DX11::EngineDD11::PostProcess	DX11::EngineDD11::PostProcess;BaseRefCount<1>;RefCountBaseT<1>;SerializeClass	MI
DX11::EngineDD11::PPBloom	.?AVPPBloom@EngineDD11@DX11@@	0x1cf6670,0x1cf6718@16	20,4	DX11::EngineDD11::PostProcess	DX11::EngineDD11::PostProcess;BaseRefCount<1>;RefCountBaseT<1>;SerializeClass	MI
DX11::EngineDD11::PPCalculateHistogram	.?AVPPCalculateHistogram@EngineDD11@DX11@@	0x1d271f0,0x1d27298@16	20,4	DX11::EngineDD11::PostProcess	DX11::EngineDD11::PostProcess;BaseRefCount<1>;RefCountBaseT<1>;SerializeClass	MI
DX11::EngineDD11::PPCaustics	.?AVPPCaustics@EngineDD11@DX11@@	0x1cf6258,0x1cf6300@16	20,4	DX11::EngineDD11::PostProcessCustomEdge	DX11::EngineDD11::PostProcessCustomEdge;DX11::EngineDD11::PostProcess;BaseRefCount<1>;RefCountBaseT<1>;SerializeClass	MI
DX11::EngineDD11::PPChromAber	.?AVPPChromAber@EngineDD11@DX11@@	0x1cf7560,0x1cf7620@16	23,4	DX11::EngineDD11::PPSimpleExt	DX11::EngineDD11::PPSimpleExt;DX11::EngineDD11::PostProcess;BaseRefCount<1>;RefCountBaseT<1>;SerializeClass	MI
DX11::EngineDD11::PPCMAA	.?AVPPCMAA@EngineDD11@DX11@@	0x1d27a08,0x1d27ab0@16	20,4	DX11::EngineDD11::PPAA	DX11::EngineDD11::PPAA;DX11::EngineDD11::PostProcess;BaseRefCount<1>;RefCountBaseT<1>;SerializeClass	MI
DX11::EngineDD11::PPColorResources	.?AVPPColorResources@EngineDD11@DX11@@	0x1d275b8	4	DX11::EngineDD11::PPResources	DX11::EngineDD11::PPResources;BaseRefCount<1>;RefCountBaseT<1>	
DX11::EngineDD11::PPColors	.?AVPPColors@EngineDD11@DX11@@	0x1cf72e8,0x1cf73a0@16	22,4	DX11::EngineDD11::PostProcess	DX11::EngineDD11::PostProcess;BaseRefCount<1>;RefCountBaseT<1>;SerializeClass	MI
DX11::EngineDD11::PPColorsInversion	.?AVPPColorsInversion@EngineDD11@DX11@@	0x1cf7698,0x1cf7750@16	22,4	DX11::EngineDD11::PPSimpleExt	DX11::EngineDD11::PPSimpleExt;DX11::EngineDD11::PostProcess;BaseRefCount<1>;RefCountBaseT<1>;SerializeClass	MI
DX11::EngineDD11::PPColorsSimple	.?AVPPColorsSimple@EngineDD11@DX11@@	0x1d275e0,0x1d27690@16	21,4	DX11::EngineDD11::PPSimple	DX11::EngineDD11::PPSimple;DX11::EngineDD11::PostProcess;BaseRefCount<1>;RefCountBaseT<1>;SerializeClass	MI
DX11::EngineDD11::PPDecimate	.?AVPPDecimate@EngineDD11@DX11@@	0x1cf6aa0,0x1cf6b48@16	20,4	DX11::EngineDD11::PostProcess	DX11::EngineDD11::PostProcess;BaseRefCount<1>;RefCountBaseT<1>;SerializeClass	MI
DX11::EngineDD11::PPDepthResolve	.?AVPPDepthResolve@EngineDD11@DX11@@	0x1cf64c8,0x1cf6570@16	20,4	DX11::EngineDD11::PostProcessCustomEdge	DX11::EngineDD11::PostProcessCustomEdge;DX11::EngineDD11::PostProcess;BaseRefCount<1>;RefCountBaseT<1>;SerializeClass	MI
DX11::EngineDD11::PPDiagDepthBuffer	.?AVPPDiagDepthBuffer@EngineDD11@DX11@@	0x1cf6188,0x1cf6230@16	20,4	DX11::EngineDD11::PostProcessCustomEdge	DX11::EngineDD11::PostProcessCustomEdge;DX11::EngineDD11::PostProcess;BaseRefCount<1>;RefCountBaseT<1>;SerializeClass	MI
DX11::EngineDD11::PPDistanceDOF	.?AVPPDistanceDOF@EngineDD11@DX11@@	0x1cf69c8,0x1cf6a78@16	21,4	DX11::EngineDD11::PPDOF	DX11::EngineDD11::PPDOF;DX11::EngineDD11::PPSimple;DX11::EngineDD11::PostProcess;BaseRefCount<1>;RefCountBaseT<1>;SerializeClass	MI
DX11::EngineDD11::PPDOF	.?AVPPDOF@EngineDD11@DX11@@	0x1cf68f0,0x1cf69a0@16	21,4	DX11::EngineDD11::PPSimple	DX11::EngineDD11::PPSimple;DX11::EngineDD11::PostProcess;BaseRefCount<1>;RefCountBaseT<1>;SerializeClass	MI
DX11::EngineDD11::PPDOFCustom	.?AVPPDOFCustom@EngineDD11@DX11@@	0x1cf8340,0x1cf83e8@16	20,4	DX11::EngineDD11::PostProcess	DX11::EngineDD11::PostProcess;BaseRefCount<1>;RefCountBaseT<1>;SerializeClass	MI
DX11::EngineDD11::PPDOFCustom::DOFPar	.?AUDOFPar@PPDOFCustom@EngineDD11@DX11@@					no-col
DX11::EngineDD11::PPDynamicBlur	.?AVPPDynamicBlur@EngineDD11@DX11@@	0x1cf7c08,0x1cf7cb0@16	20,4	DX11::EngineDD11::PostProcess	DX11::EngineDD11::PostProcess;BaseRefCount<1>;RefCountBaseT<1>;SerializeClass	MI
DX11::EngineDD11::PPDynBlurResources	.?AVPPDynBlurResources@EngineDD11@DX11@@	0x1d279e0	4	DX11::EngineDD11::PPResources	DX11::EngineDD11::PPResources;BaseRefCount<1>;RefCountBaseT<1>	
DX11::EngineDD11::PPFilmGrain	.?AVPPFilmGrain@EngineDD11@DX11@@	0x1cf7ae8,0x1cf7b90@16	20,4	DX11::EngineDD11::PostProcess	DX11::EngineDD11::PostProcess;BaseRefCount<1>;RefCountBaseT<1>;SerializeClass	MI
DX11::EngineDD11::PPFilmGrainResources	.?AVPPFilmGrainResources@EngineDD11@DX11@@	0x1d279b8	4	DX11::EngineDD11::PPResources	DX11::EngineDD11::PPResources;BaseRefCount<1>;RefCountBaseT<1>	
DX11::EngineDD11::PPFinal	.?AVPPFinal@EngineDD11@DX11@@	0x1cf60b8,0x1cf6160@16	20,4	DX11::EngineDD11::PostProcessCustomEdge	DX11::EngineDD11::PostProcessCustomEdge;DX11::EngineDD11::PostProcess;BaseRefCount<1>;RefCountBaseT<1>;SerializeClass	MI
DX11::EngineDD11::PPFinalThermal	.?AVPPFinalThermal@EngineDD11@DX11@@	0x1cf6b70,0x1cf6c28@16	22,4	DX11::EngineDD11::PPSimple	DX11::EngineDD11::PPSimple;DX11::EngineDD11::PostProcess;BaseRefCount<1>;RefCountBaseT<1>;SerializeClass	MI
DX11::EngineDD11::PPFisheye	.?AVPPFisheye@EngineDD11@DX11@@	0x1cf8460,0x1cf8518@16	22,4	DX11::EngineDD11::PPSimpleExt	DX11::EngineDD11::PPSimpleExt;DX11::EngineDD11::PostProcess;BaseRefCount<1>;RefCountBaseT<1>;SerializeClass	MI
DX11::EngineDD11::PPFisheye::FisheyePar	.?AUFisheyePar@PPFisheye@EngineDD11@DX11@@					no-col
DX11::EngineDD11::PPFlareIntensity	.?AVPPFlareIntensity@EngineDD11@DX11@@	0x1cf6e00,0x1cf6ea8@16	20,4	DX11::EngineDD11::PostProcess	DX11::EngineDD11::PostProcess;BaseRefCount<1>;RefCountBaseT<1>;SerializeClass	MI
DX11::EngineDD11::PPFXAA	.?AVPPFXAA@EngineDD11@DX11@@	0x1cf7f50,0x1cf7ff8@16	20,4	DX11::EngineDD11::PPAA	DX11::EngineDD11::PPAA;DX11::EngineDD11::PostProcess;BaseRefCount<1>;RefCountBaseT<1>;SerializeClass	MI
DX11::EngineDD11::PPGaussianBlur	.?AVPPGaussianBlur@EngineDD11@DX11@@	0x1cf5fe8,0x1cf6090@16	20,4	DX11::EngineDD11::PostProcessCustomEdge	DX11::EngineDD11::PostProcessCustomEdge;DX11::EngineDD11::PostProcess;BaseRefCount<1>;RefCountBaseT<1>;SerializeClass	MI
DX11::EngineDD11::PPGlow	.?AVPPGlow@EngineDD11@DX11@@	0x1cf6c50,0x1cf6d00@16	21,4	DX11::EngineDD11::PostProcess	DX11::EngineDD11::PostProcess;BaseRefCount<1>;RefCountBaseT<1>;SerializeClass	MI
DX11::EngineDD11::PPGlowNew	.?AVPPGlowNew@EngineDD11@DX11@@	0x1d272c0,0x1d27368@16	20,4	DX11::EngineDD11::PostProcess	DX11::EngineDD11::PostProcess;BaseRefCount<1>;RefCountBaseT<1>;SerializeClass	MI
DX11::EngineDD11::PPGodRays	.?AVPPGodRays@EngineDD11@DX11@@	0x1d27ad8,0x1d27b80@16	20,4	DX11::EngineDD11::PostProcessCustomEdge	DX11::EngineDD11::PostProcessCustomEdge;DX11::EngineDD11::PostProcess;BaseRefCount<1>;RefCountBaseT<1>;SerializeClass	MI
DX11::EngineDD11::PPHBAOPlus	.?AVPPHBAOPlus@EngineDD11@DX11@@	0x1d278e0,0x1d27990@16	21,4	DX11::EngineDD11::PPSimple	DX11::EngineDD11::PPSimple;DX11::EngineDD11::PostProcess;BaseRefCount<1>;RefCountBaseT<1>;SerializeClass	MI
DX11::EngineDD11::PPHDAO	.?AVPPHDAO@EngineDD11@DX11@@	0x1d27730,0x1d277e0@16	21,4	DX11::EngineDD11::PPSimple	DX11::EngineDD11::PPSimple;DX11::EngineDD11::PostProcess;BaseRefCount<1>;RefCountBaseT<1>;SerializeClass	MI
DX11::EngineDD11::PPHDRColorLimit	.?AVPPHDRColorLimit@EngineDD11@DX11@@	0x1cf6d28,0x1cf6dd8@16	21,4	DX11::EngineDD11::PPSimple	DX11::EngineDD11::PPSimple;DX11::EngineDD11::PostProcess;BaseRefCount<1>;RefCountBaseT<1>;SerializeClass	MI
DX11::EngineDD11::PPOcclusionQueries	.?AVPPOcclusionQueries@EngineDD11@DX11@@	0x1cf80f0,0x1cf8198@16	20,4	DX11::EngineDD11::PostProcess	DX11::EngineDD11::PostProcess;BaseRefCount<1>;RefCountBaseT<1>;SerializeClass	MI
DX11::EngineDD11::PPPrepareSSReflectionRenderTargets	.?AVPPPrepareSSReflectionRenderTargets@EngineDD11@DX11@@	0x1cf7da8,0x1cf7e58@16	21,4	DX11::EngineDD11::PPSimple	DX11::EngineDD11::PPSimple;DX11::EngineDD11::PostProcess;BaseRefCount<1>;RefCountBaseT<1>;SerializeClass	MI
DX11::EngineDD11::PPRadialBlur	.?AVPPRadialBlur@EngineDD11@DX11@@	0x1cf71b0,0x1cf7270@16	23,4	DX11::EngineDD11::PPSimpleExt	DX11::EngineDD11::PPSimpleExt;DX11::EngineDD11::PostProcess;BaseRefCount<1>;RefCountBaseT<1>;SerializeClass	MI
DX11::EngineDD11::PPRain3D	.?AVPPRain3D@EngineDD11@DX11@@	0x1cf6fa0,0x1cf7058@16	22,4	DX11::EngineDD11::PPSimpleExt	DX11::EngineDD11::PPSimpleExt;DX11::EngineDD11::PostProcess;BaseRefCount<1>;RefCountBaseT<1>;SerializeClass	MI
DX11::EngineDD11::PPRain3DResources	.?AVPPRain3DResources@EngineDD11@DX11@@	0x1d273b8	4	DX11::EngineDD11::PPResources	DX11::EngineDD11::PPResources;BaseRefCount<1>;RefCountBaseT<1>	
DX11::EngineDD11::PPRainOccluderGrow	.?AVPPRainOccluderGrow@EngineDD11@DX11@@	0x1d273e0,0x1d27490@16	21,4	DX11::EngineDD11::PPSimple	DX11::EngineDD11::PPSimple;DX11::EngineDD11::PostProcess;BaseRefCount<1>;RefCountBaseT<1>;SerializeClass	MI
DX11::EngineDD11::PPRainParticles	.?AVPPRainParticles@EngineDD11@DX11@@	0x1cf7080,0x1cf7138@16	22,4	DX11::EngineDD11::PPSimpleExt	DX11::EngineDD11::PPSimpleExt;DX11::EngineDD11::PostProcess;BaseRefCount<1>;RefCountBaseT<1>;SerializeClass	MI
DX11::EngineDD11::PPRainParticlesResources	.?AVPPRainParticlesResources@EngineDD11@DX11@@	0x1d27590	4	DX11::EngineDD11::PPResources	DX11::EngineDD11::PPResources;BaseRefCount<1>;RefCountBaseT<1>	
DX11::EngineDD11::PPRainRefractAdjust	.?AVPPRainRefractAdjust@EngineDD11@DX11@@	0x1d274b8,0x1d27568@16	21,4	DX11::EngineDD11::PPSimple	DX11::EngineDD11::PPSimple;DX11::EngineDD11::PostProcess;BaseRefCount<1>;RefCountBaseT<1>;SerializeClass	MI
DX11::EngineDD11::PPRescaleBicubic	.?AVPPRescaleBicubic@EngineDD11@DX11@@	0x1cf6598,0x1cf6648@16	21,4	DX11::EngineDD11::PPSimple	DX11::EngineDD11::PPSimple;DX11::EngineDD11::PostProcess;BaseRefCount<1>;RefCountBaseT<1>;SerializeClass	MI
DX11::EngineDD11::PPResolution	.?AVPPResolution@EngineDD11@DX11@@	0x1cf77c8,0x1cf7870@16	20,4	DX11::EngineDD11::PostProcess	DX11::EngineDD11::PostProcess;BaseRefCount<1>;RefCountBaseT<1>;SerializeClass	MI
DX11::EngineDD11::PPResolutionResources	.?AVPPResolutionResources@EngineDD11@DX11@@	0x1d276e0	4	DX11::EngineDD11::PPResources	DX11::EngineDD11::PPResources;BaseRefCount<1>;RefCountBaseT<1>	
DX11::EngineDD11::PPResources	.?AVPPResources@EngineDD11@DX11@@					no-col
DX11::EngineDD11::PPResourcesExt	.?AVPPResourcesExt@EngineDD11@DX11@@	0x1d27390	4	DX11::EngineDD11::PPResources	DX11::EngineDD11::PPResources;BaseRefCount<1>;RefCountBaseT<1>	
DX11::EngineDD11::PPRotBlur	.?AVPPRotBlur@EngineDD11@DX11@@	0x1cf6ed0,0x1cf6f78@16	20,4	DX11::EngineDD11::PostProcess	DX11::EngineDD11::PostProcess;BaseRefCount<1>;RefCountBaseT<1>;SerializeClass	MI
DX11::EngineDD11::PPSharpen	.?AVPPSharpen@EngineDD11@DX11@@	0x1cf8210,0x1cf82c8@16	22,4	DX11::EngineDD11::PPSimpleExt	DX11::EngineDD11::PPSimpleExt;DX11::EngineDD11::PostProcess;BaseRefCount<1>;RefCountBaseT<1>;SerializeClass	MI
DX11::EngineDD11::PPSharpen::SharpenPar	.?AUSharpenPar@PPSharpen@EngineDD11@DX11@@					no-col
DX11::EngineDD11::PPSimple	.?AVPPSimple@EngineDD11@DX11@@	0x1cf5e40,0x1cf5ef0@16	21,4	DX11::EngineDD11::PostProcess	DX11::EngineDD11::PostProcess;BaseRefCount<1>;RefCountBaseT<1>;SerializeClass	MI
DX11::EngineDD11::PPSimpleExt	.?AVPPSimpleExt@EngineDD11@DX11@@					no-col
DX11::EngineDD11::PPSimulWeather	.?AVPPSimulWeather@EngineDD11@DX11@@	0x1cf6328,0x1cf63d0@16	20,4	DX11::EngineDD11::PostProcessCustomEdge	DX11::EngineDD11::PostProcessCustomEdge;DX11::EngineDD11::PostProcess;BaseRefCount<1>;RefCountBaseT<1>;SerializeClass	MI
DX11::EngineDD11::PPSimulWeatherDepthDecimate	.?AVPPSimulWeatherDepthDecimate@EngineDD11@DX11@@	0x1cf63f8,0x1cf64a0@16	20,4	DX11::EngineDD11::PostProcessCustomEdge	DX11::EngineDD11::PostProcessCustomEdge;DX11::EngineDD11::PostProcess;BaseRefCount<1>;RefCountBaseT<1>;SerializeClass	MI
DX11::EngineDD11::PPSMAA	.?AVPPSMAA@EngineDD11@DX11@@	0x1cf8020,0x1cf80c8@16	20,4	DX11::EngineDD11::PPAA	DX11::EngineDD11::PPAA;DX11::EngineDD11::PostProcess;BaseRefCount<1>;RefCountBaseT<1>;SerializeClass	MI
DX11::EngineDD11::PPSSAO	.?AVPPSSAO@EngineDD11@DX11@@	0x1cf7978,0x1cf7a20@16	20,4	DX11::EngineDD11::PostProcess	DX11::EngineDD11::PostProcess;BaseRefCount<1>;RefCountBaseT<1>;SerializeClass	MI
DX11::EngineDD11::PPSSAONew	.?AVPPSSAONew@EngineDD11@DX11@@	0x1d27808,0x1d278b8@16	21,4	DX11::EngineDD11::PPSimple	DX11::EngineDD11::PPSimple;DX11::EngineDD11::PostProcess;BaseRefCount<1>;RefCountBaseT<1>;SerializeClass	MI
DX11::EngineDD11::PPSSAOResources	.?AVPPSSAOResources@EngineDD11@DX11@@	0x1d27708	4	DX11::EngineDD11::PPResources	DX11::EngineDD11::PPResources;BaseRefCount<1>;RefCountBaseT<1>	
DX11::EngineDD11::PPSSSM	.?AVPPSSSM@EngineDD11@DX11@@	0x1cf6740,0x1cf67f0@16	21,4	DX11::EngineDD11::PPSimple	DX11::EngineDD11::PPSimple;DX11::EngineDD11::PostProcess;BaseRefCount<1>;RefCountBaseT<1>;SerializeClass	MI
DX11::EngineDD11::PPSSSMStencil	.?AVPPSSSMStencil@EngineDD11@DX11@@	0x1cf6818,0x1cf68c8@16	21,4	DX11::EngineDD11::PPSimple	DX11::EngineDD11::PPSimple;DX11::EngineDD11::PostProcess;BaseRefCount<1>;RefCountBaseT<1>;SerializeClass	MI
DX11::EngineDD11::PPStretchRect	.?AVPPStretchRect@EngineDD11@DX11@@	0x1cf7cd8,0x1cf7d80@16	20,4	DX11::EngineDD11::PostProcessCustomEdge	DX11::EngineDD11::PostProcessCustomEdge;DX11::EngineDD11::PostProcess;BaseRefCount<1>;RefCountBaseT<1>;SerializeClass	MI
DX11::EngineDD11::PPWetDistort	.?AVPPWetDistort@EngineDD11@DX11@@	0x1cf7418,0x1cf74c0@16	20,4	DX11::EngineDD11::PostProcess	DX11::EngineDD11::PostProcess;BaseRefCount<1>;RefCountBaseT<1>;SerializeClass	MI
DX11::EngineDD11::PPWetDistortResources	.?AVPPWetDistortResources@EngineDD11@DX11@@	0x1d276b8	4	DX11::EngineDD11::PPResources	DX11::EngineDD11::PPResources;BaseRefCount<1>;RefCountBaseT<1>	
DX11::EngineDD11::R2TChromAberPars	.?AUR2TChromAberPars@EngineDD11@DX11@@	0x1cf4e50	3	BaseRefCount<1>	BaseRefCount<1>;RefCountBaseT<1>	
DX11::EngineDD11::R2TColorsPars	.?AUR2TColorsPars@EngineDD11@DX11@@	0x1cf4e30	3	BaseRefCount<1>	BaseRefCount<1>;RefCountBaseT<1>	
DX11::EngineDD11::R2TFilmGrainPars	.?AUR2TFilmGrainPars@EngineDD11@DX11@@	0x1cf4e70	3	BaseRefCount<1>	BaseRefCount<1>;RefCountBaseT<1>	
DX11::EngineDD11::R2THDRPars	.?AUR2THDRPars@EngineDD11@DX11@@	0x1cf4df0	3	BaseRefCount<1>	BaseRefCount<1>;RefCountBaseT<1>	
DX11::EngineDD11::R2TTiPars	.?AUR2TTiPars@EngineDD11@DX11@@	0x1cf4e10	3	BaseRefCount<1>	BaseRefCount<1>;RefCountBaseT<1>	
DX11::EngineDD11::TiredSpecEffect	.?AVTiredSpecEffect@EngineDD11@DX11@@	0x1cf86c0,0x1cf86f8@16	6,4	DX11::EngineDD11::ISpecialEffect	DX11::EngineDD11::ISpecialEffect;BaseRefCount<1>;RefCountBaseT<1>;SerializeClass	MI
DX11::EngineDD11::UnderwaterSpecEffect	.?AVUnderwaterSpecEffect@EngineDD11@DX11@@	0x1cf8720,0x1cf8758@16	6,4	DX11::EngineDD11::ISpecialEffect	DX11::EngineDD11::ISpecialEffect;BaseRefCount<1>;RefCountBaseT<1>;SerializeClass	MI
DX11::EngineDD11::VisWorkerThreadImpl	.?AVVisWorkerThreadImpl@EngineDD11@DX11@@	0x1cf4dd8	2	ActiveObject<DX11::VisualServant,1>;enf::CThread	ActiveObject<DX11::VisualServant,1>;DX11::VisualServant;enf::CThread	MI
DX11::EngineDD11::WorkerThread<DX11::EngineDD11::RenderCBToPlay,65536,3>	.?AU?$WorkerThread@URenderCBToPlay@EngineDD11@DX11@@$0BAAAA@$02@EngineDD11@DX11@@	0x1cf4f50	1			
DX11::FilmGrainPar	.?AUFilmGrainPar@DX11@@					no-col
DX11::GPUBenchmark	.?AVGPUBenchmark@DX11@@	0x1b2fe98	2	BenchmarkBase	BenchmarkBase	
DX11::HashTableWithHistory<D3D11_BLEND_DESC,ComRef<ID3D11BlendState>,3840>::TableItem	.?AUTableItem@?$HashTableWithHistory@UD3D11_BLEND_DESC@@V?$ComRef@UID3D11BlendState@@@@$0PAA@@DX11@@	0x1b8f3c8	3	BaseRefCount<1>;TLinkBidir<0>	BaseRefCount<1>;RefCountBaseT<1>;TLinkBidir<0>;NoCopy	MI
DX11::HashTableWithHistory<D3D11_DEPTH_STENCIL_DESC,ComRef<ID3D11DepthStencilState>,3840>::TableItem	.?AUTableItem@?$HashTableWithHistory@UD3D11_DEPTH_STENCIL_DESC@@V?$ComRef@UID3D11DepthStencilState@@@@$0PAA@@DX11@@	0x1b8f388	3	BaseRefCount<1>;TLinkBidir<0>	BaseRefCount<1>;RefCountBaseT<1>;TLinkBidir<0>;NoCopy	MI
DX11::HashTableWithHistory<D3D11_RASTERIZER_DESC,ComRef<ID3D11RasterizerState>,3840>::TableItem	.?AUTableItem@?$HashTableWithHistory@UD3D11_RASTERIZER_DESC@@V?$ComRef@UID3D11RasterizerState@@@@$0PAA@@DX11@@	0x1b8f408	3	BaseRefCount<1>;TLinkBidir<0>	BaseRefCount<1>;RefCountBaseT<1>;TLinkBidir<0>;NoCopy	MI
DX11::HashTableWithHistory<D3D11_SAMPLER_DESC,ComRef<ID3D11SamplerState>,3840>::TableItem	.?AUTableItem@?$HashTableWithHistory@UD3D11_SAMPLER_DESC@@V?$ComRef@UID3D11SamplerState@@@@$0PAA@@DX11@@	0x1b8f428	3	BaseRefCount<1>;TLinkBidir<0>	BaseRefCount<1>;RefCountBaseT<1>;TLinkBidir<0>;NoCopy	MI
DX11::HLSLInclude	.?AVHLSLInclude@DX11@@	0x1b30118	2	ID3DInclude	ID3DInclude	
DX11::HLSLIncludeCacheItem	.?AUHLSLIncludeCacheItem@DX11@@	0x1b301f8	3	BaseRefCount<1>	BaseRefCount<1>;RefCountBaseT<1>	
DX11::IndexStaticData11	.?AVIndexStaticData11@DX11@@	0x1b303f8	3	BaseRefCount<1>	BaseRefCount<1>;RefCountBaseT<1>	
DX11::InitPPHndlFunc	.?AVInitPPHndlFunc@DX11@@	0x1cfa330	2	DX11::IPPHndlFunc	DX11::IPPHndlFunc	
DX11::IPPHndlFunc	.?AVIPPHndlFunc@DX11@@	0x1cf4dc0	2			
DX11::MultiCoreCompileData	.?AUMultiCoreCompileData@DX11@@	0x1b30198	3	BaseRefCount<1>	BaseRefCount<1>;RefCountBaseT<1>	
DX11::ParsExt<DX11::ChromAberPar>	.?AU?$ParsExt@UChromAberPar@DX11@@@DX11@@	0x1cf7510	4	DX11::ChromAberPar;SerializeClass	DX11::ChromAberPar;SerializeClass	MI
DX11::ParsExt<DX11::ColorInversionPar>	.?AU?$ParsExt@UColorInversionPar@DX11@@@DX11@@	0x1cf7648	4	DX11::ColorInversionPar;SerializeClass	DX11::ColorInversionPar;SerializeClass	MI
DX11::ParsExt<DX11::ColorPar>	.?AU?$ParsExt@UColorPar@DX11@@@DX11@@	0x1cf7298	4	DX11::ColorPar;SerializeClass	DX11::ColorPar;SerializeClass	MI
DX11::ParsExt<DX11::DynamicBlurPar>	.?AU?$ParsExt@UDynamicBlurPar@DX11@@@DX11@@	0x1cf7bb8	4	DX11::DynamicBlurPar;SerializeClass	DX11::DynamicBlurPar;SerializeClass	MI
DX11::ParsExt<DX11::EngineDD11::PPDOFCustom::DOFPar>	.?AU?$ParsExt@UDOFPar@PPDOFCustom@EngineDD11@DX11@@@DX11@@	0x1cf82f0	4	DX11::EngineDD11::PPDOFCustom::DOFPar;SerializeClass	DX11::EngineDD11::PPDOFCustom::DOFPar;SerializeClass	MI
DX11::ParsExt<DX11::EngineDD11::PPFisheye::FisheyePar>	.?AU?$ParsExt@UFisheyePar@PPFisheye@EngineDD11@DX11@@@DX11@@	0x1cf8410	4	DX11::EngineDD11::PPFisheye::FisheyePar;SerializeClass	DX11::EngineDD11::PPFisheye::FisheyePar;SerializeClass	MI
DX11::ParsExt<DX11::EngineDD11::PPSharpen::SharpenPar>	.?AU?$ParsExt@USharpenPar@PPSharpen@EngineDD11@DX11@@@DX11@@	0x1cf81c0	4	DX11::EngineDD11::PPSharpen::SharpenPar;SerializeClass	DX11::EngineDD11::PPSharpen::SharpenPar;SerializeClass	MI
DX11::ParsExt<DX11::FilmGrainPar>	.?AU?$ParsExt@UFilmGrainPar@DX11@@@DX11@@	0x1cf7a98	4	DX11::FilmGrainPar;SerializeClass	DX11::FilmGrainPar;SerializeClass	MI
DX11::ParsExt<DX11::PPResolutionPar>	.?AU?$ParsExt@UPPResolutionPar@DX11@@@DX11@@	0x1cf7778	4	DX11::PPResolutionPar;SerializeClass	DX11::PPResolutionPar;SerializeClass	MI
DX11::ParsExt<DX11::RadBlurPar>	.?AU?$ParsExt@URadBlurPar@DX11@@@DX11@@	0x1cf7160	4	DX11::RadBlurPar;SerializeClass	DX11::RadBlurPar;SerializeClass	MI
DX11::ParsExt<DX11::SSAOPar>	.?AU?$ParsExt@USSAOPar@DX11@@@DX11@@	0x1cf7928	4	DX11::SSAOPar;SerializeClass	DX11::SSAOPar;SerializeClass	MI
DX11::ParsExt<DX11::WetDistortPar>	.?AU?$ParsExt@UWetDistortPar@DX11@@@DX11@@	0x1cf73c8	4	DX11::WetDistortPar;SerializeClass	DX11::WetDistortPar;SerializeClass	MI
DX11::PostProcessHndl	.?AUPostProcessHndl@DX11@@	0x1a7e908	4	SerializeClass	SerializeClass	
DX11::PPEParsInterpolator<DX11::ChromAberPar>	.?AV?$PPEParsInterpolator@UChromAberPar@DX11@@@DX11@@	0x1cf7538	4	SerializeClass	SerializeClass	
DX11::PPEParsInterpolator<DX11::ColorInversionPar>	.?AV?$PPEParsInterpolator@UColorInversionPar@DX11@@@DX11@@	0x1cf7670	4	SerializeClass	SerializeClass	
DX11::PPEParsInterpolator<DX11::ColorPar>	.?AV?$PPEParsInterpolator@UColorPar@DX11@@@DX11@@	0x1cf72c0	4	SerializeClass	SerializeClass	
DX11::PPEParsInterpolator<DX11::DynamicBlurPar>	.?AV?$PPEParsInterpolator@UDynamicBlurPar@DX11@@@DX11@@	0x1cf7be0	4	SerializeClass	SerializeClass	
DX11::PPEParsInterpolator<DX11::EngineDD11::PPDOFCustom::DOFPar>	.?AV?$PPEParsInterpolator@UDOFPar@PPDOFCustom@EngineDD11@DX11@@@DX11@@	0x1cf8318	4	SerializeClass	SerializeClass	
DX11::PPEParsInterpolator<DX11::EngineDD11::PPFisheye::FisheyePar>	.?AV?$PPEParsInterpolator@UFisheyePar@PPFisheye@EngineDD11@DX11@@@DX11@@	0x1cf8438	4	SerializeClass	SerializeClass	
DX11::PPEParsInterpolator<DX11::EngineDD11::PPSharpen::SharpenPar>	.?AV?$PPEParsInterpolator@USharpenPar@PPSharpen@EngineDD11@DX11@@@DX11@@	0x1cf81e8	4	SerializeClass	SerializeClass	
DX11::PPEParsInterpolator<DX11::FilmGrainPar>	.?AV?$PPEParsInterpolator@UFilmGrainPar@DX11@@@DX11@@	0x1cf7ac0	4	SerializeClass	SerializeClass	
DX11::PPEParsInterpolator<DX11::PPResolutionPar>	.?AV?$PPEParsInterpolator@UPPResolutionPar@DX11@@@DX11@@	0x1cf77a0	4	SerializeClass	SerializeClass	
DX11::PPEParsInterpolator<DX11::RadBlurPar>	.?AV?$PPEParsInterpolator@URadBlurPar@DX11@@@DX11@@	0x1cf7188	4	SerializeClass	SerializeClass	
DX11::PPEParsInterpolator<DX11::SSAOPar>	.?AV?$PPEParsInterpolator@USSAOPar@DX11@@@DX11@@	0x1cf7950	4	SerializeClass	SerializeClass	
DX11::PPEParsInterpolator<DX11::WetDistortPar>	.?AV?$PPEParsInterpolator@UWetDistortPar@DX11@@@DX11@@	0x1cf73f0	4	SerializeClass	SerializeClass	
DX11::PPResolutionPar	.?AUPPResolutionPar@DX11@@					no-col
DX11::RadBlurPar	.?AURadBlurPar@DX11@@					no-col
DX11::RenderContext	.?AVRenderContext@DX11@@	0x1b8f248	3	BaseRefCount<1>	BaseRefCount<1>;RefCountBaseT<1>	
DX11::RenderTargetCacheItem	.?AVRenderTargetCacheItem@DX11@@	0x1b30088	3	RemoveLLinks	RemoveLLinks;BaseRefCount<1>;RefCountBaseT<1>	
DX11::RenderTargetDepthStencil	.?AVRenderTargetDepthStencil@DX11@@	0x1b8f228	3	RemoveLLinks	RemoveLLinks;BaseRefCount<1>;RefCountBaseT<1>	
DX11::ShaderCacheItem	.?AUShaderCacheItem@DX11@@	0x1b301b8	3	BaseRefCount<1>	BaseRefCount<1>;RefCountBaseT<1>	
DX11::ShaderCreatedOnDemand<ID3D11ComputeShader,3>	.?AV?$ShaderCreatedOnDemand@UID3D11ComputeShader@@$02@DX11@@	0x1cf4f10	7	DX11::ShaderCreatedOnDemandBase	DX11::ShaderCreatedOnDemandBase	
DX11::ShaderCreatedOnDemand<ID3D11GeometryShader,2>	.?AV?$ShaderCreatedOnDemand@UID3D11GeometryShader@@$01@DX11@@	0x1cf4ed0	7	DX11::ShaderCreatedOnDemandBase	DX11::ShaderCreatedOnDemandBase	
DX11::ShaderCreatedOnDemand<ID3D11PixelShader,1>	.?AV?$ShaderCreatedOnDemand@UID3D11PixelShader@@$00@DX11@@	0x1cf4e90	7	DX11::ShaderCreatedOnDemandBase	DX11::ShaderCreatedOnDemandBase	
DX11::ShaderCreatedOnDemand<ID3D11VertexShader,0>	.?AV?$ShaderCreatedOnDemand@UID3D11VertexShader@@$0A@@DX11@@					no-col
DX11::ShaderCreatedOnDemandBase	.?AVShaderCreatedOnDemandBase@DX11@@	0x1cf4d40	7			
DX11::ShaderFileCacheItem	.?AUShaderFileCacheItem@DX11@@	0x1b301d8	3	BaseRefCount<1>	BaseRefCount<1>;RefCountBaseT<1>	
DX11::SimulCloudRendererDX11	.?AVSimulCloudRendererDX11@DX11@@	0x1ceabc0,0x1ceac78@8,0x1ceaca8@16	22,5,22	SimulCloudRendererBase	SimulCloudRendererBase;simul::clouds::BaseCloudRenderer;simul::clouds::CloudRenderCallback;simul::clouds::CloudShadowCallback;simul::graph::meta::Group;simul::graph::meta::Node;simul::base::Referenced	MI
DX11::SimulSkyRendererDX11	.?AVSimulSkyRendererDX11@DX11@@	0x1ceb1e8,0x1ceb270@8	16,22	SimulSkyRendererBase	SimulSkyRendererBase;simul::sky::BaseSkyRenderer;simul::sky::SkyTexturesCallback;simul::graph::meta::Group;simul::graph::meta::Node;simul::base::Referenced	MI
DX11::SimulWeatherDX11	.?AVSimulWeatherDX11@DX11@@	0x1ceb5c8,0x1ceb638@16	13,4	SimulWeatherBase	SimulWeatherBase;BaseRefCount<1>;RefCountBaseT<1>;SerializeClass	MI
DX11::SSAOPar	.?AUSSAOPar@DX11@@					no-col
DX11::StateListsHash	.?AVStateListsHash@DX11@@	0x1cf4d20	3	BaseRefCount<1>	BaseRefCount<1>;RefCountBaseT<1>	
DX11::TextBankD3D11	.?AVTextBankD3D11@DX11@@	0x1d2aed0,0x1d2aef0@16	3,43	BaseRefCount<1>;AbstractTextBank	BaseRefCount<1>;RefCountBaseT<1>;AbstractTextBank;MHInstanceTexCache;MemoryFreeOnDemandHelper;IMemoryFreeOnDemand;TLinkBidir<0>;NoCopy	MI
DX11::TextureD3D11	.?AVTextureD3D11@DX11@@	0x1d2ad60,0x1d2aec0@32	43,1	Texture	Texture;RequestableObject;RemoveLLinks;BaseRefCount<1>;RefCountBaseT<1>;LinkBidirWithFrameStoreT<FrameStoreTraits>;TLinkBidir<2>;NoCopy;SListControlled;_SLIST_ENTRY	MI
DX11::TextureD3D11::LoadLevelsJob	.?AVLoadLevelsJob@TextureD3D11@DX11@@	0x1d2b050	2	Job;NoCopy	Job;NoCopy	MI
DX11::TextureSourceNotLoaded	.?AVTextureSourceNotLoaded@DX11@@	0x1d2b0c8	25	ITextureSource	ITextureSource	
DX11::TextureSysGPUDX11	.?AVTextureSysGPUDX11@DX11@@	0x1ceaf60	3	BaseRefCount<1>;NoCopy	BaseRefCount<1>;RefCountBaseT<1>;NoCopy	MI
DX11::TextureSysGPUDX11::LockedData	.?AVLockedData@TextureSysGPUDX11@DX11@@	0x1ceaf40	3	BaseRefCount<1>;NoCopy	BaseRefCount<1>;RefCountBaseT<1>;NoCopy	MI
DX11::TextureSysGPUDX11::SysMemTex	.?AVSysMemTex@TextureSysGPUDX11@DX11@@	0x1ceaf20	3	BaseRefCount<1>;NoCopy	BaseRefCount<1>;RefCountBaseT<1>;NoCopy	MI
DX11::VertexBufferD3D11	.?AVVertexBufferD3D11@DX11@@	0x1b30418,0x1b30468@16	9,2	VertexBuffer;DX11::VertexBufferD3D11LRUItem	VertexBuffer;BaseRefCount<1>;RefCountBaseT<1>;DX11::VertexBufferD3D11LRUItem;LinkBidirWithFrameStoreT<FrameStoreTraits>;TLinkBidir<2>;NoCopy;SListControlled;_SLIST_ENTRY	MI
DX11::VertexBufferD3D11LRUItem	.?AVVertexBufferD3D11LRUItem@DX11@@					no-col
DX11::VertexBufferManager	.?AVVertexBufferManager@DX11@@	0x1b30480	10	MemoryFreeOnDemandHelper	MemoryFreeOnDemandHelper;IMemoryFreeOnDemand;TLinkBidir<0>;NoCopy	
DX11::VertexShaderInfoCreatedOnDemand	.?AUVertexShaderInfoCreatedOnDemand@DX11@@	0x1cf4d80	7	DX11::ShaderCreatedOnDemand<ID3D11VertexShader,0>	DX11::ShaderCreatedOnDemand<ID3D11VertexShader,0>;DX11::ShaderCreatedOnDemandBase	
DX11::VertexStaticData11	.?AVVertexStaticData11@DX11@@	0x1b303b8	3	BaseRefCount<1>	BaseRefCount<1>;RefCountBaseT<1>	
DX11::VisualServant	.?AVVisualServant@DX11@@					no-col
DX11::WetDistortPar	.?AUWetDistortPar@DX11@@					no-col
DynamicLimitsCacheObj	.?AUDynamicLimitsCacheObj@@	0x1c47e70	4	SerializeClass	SerializeClass	
DynamicLocation	.?AUDynamicLocation@@	0x1bb91f0	7	Location	Location;RemoveLLinks;BaseRefCount<1>;RefCountBaseT<1>	
DynamicSimulationSettings	.?AUDynamicSimulationSettings@@	0x1acc5b8	4	SerializeClass	SerializeClass	
DynSound	.?AVDynSound@@	0x1bd3318	3	RemoveLinks	RemoveLinks;BaseRefCount<1>;RefCountBaseT<1>;SList<BaseLink,TLink<0>>;TLink<0>	MI
DynSoundObject	.?AVDynSoundObject@@	0x1bd40c0	3	BaseRefCount<1>	BaseRefCount<1>;RefCountBaseT<1>	
DynSoundSource	.?AVDynSoundSource@@	0x1bd40e0,0x1bd4d60@24,0x1bd4d88@48	399,4,23	Entity	Entity;ObjectTyped;Object;NetworkObject;RemoveSoftLinks<SoftLinkIdTraits<ObjectId,ObjectIdAutoDestroy>>;BaseRefCount<1>;RefCountBaseT<1>;NetworkSimpleObject;CountInstances<Object>;EPEItem;TLinkBidir<1>;NoCopy;Animated	MI
EditArgument	.?AUEditArgument@@	0x1cbb450	3	BaseRefCount<1>	BaseRefCount<1>;RefCountBaseT<1>	
EditCursor	.?AVEditCursor@@	0x1ce4270,0x1ce4ef0@24,0x1ce4f18@48	399,4,23	Entity	Entity;ObjectTyped;Object;NetworkObject;RemoveSoftLinks<SoftLinkIdTraits<ObjectId,ObjectIdAutoDestroy>>;BaseRefCount<1>;RefCountBaseT<1>;NetworkSimpleObject;CountInstances<Object>;EPEItem;TLinkBidir<1>;NoCopy;Animated	MI
EditCursor::EditCursorVisitorExchangeWrapper	.?AVEditCursorVisitorExchangeWrapper@EditCursor@@	0x1ce4148	36	IVisViewerExchangeDocView	IVisViewerExchangeDocView	
Editor3D::AddonsMetaData	.?AVAddonsMetaData@Editor3D@@	0x1a8cae0	4	SerializeClass	SerializeClass	
Editor3D::AddonsMetaData::AddonData	.?AUAddonData@AddonsMetaData@Editor3D@@	0x1a8cab8	4	SerializeClass	SerializeClass	
Editor3D::AddToLayerUndo	.?AUAddToLayerUndo@Editor3D@@	0x1b1a2c8,0x1b1a2e8@72	3,3	Editor3D::UndoRedoItem	Editor3D::UndoRedoItem;BaseRefCount<1>;RefCountBaseT<1>	
Editor3D::AreaForE3DItem	.?AVAreaForE3DItem@Editor3D@@	0x1a8cc18	1			
Editor3D::AttachDetachOperation	.?AUAttachDetachOperation@Editor3D@@	0x1a8d8a8,0x1a8d8d8@32,0x1a8d8f8@104	5,3,3	Editor3D::UIEditOperation;Editor3D::UndoRedoItem	Editor3D::UIEditOperation;Editor3D::EditOperation;BaseRefCount<1>;RefCountBaseT<1>;Editor3D::UndoRedoItem;BaseRefCount<1>;RefCountBaseT<1>	MI,VI
Editor3D::AttributesDisplay	.?AVAttributesDisplay@Editor3D@@	0x1b26fd8,0x1b271e8@24,0x1b27200@552,0x1b27228@1672	65,2,4,26	Display	Display;ControlsContainer;RemoveLLinks;BaseRefCount<1>;RefCountBaseT<1>;EventHandlerGroupContainer_Simple<EventHandlerContainer_UI,13,enum DisplayEvent>;IUICollectibleControls;IHasGameVarSpace;AbstractOptionsUI	MI
Editor3D::AttributeValInfo	.?AUAttributeValInfo@Editor3D@@	0x1a8da68	1	AnyValue	AnyValue	
Editor3D::BatchAttributeChangeHistory	.?AUBatchAttributeChangeHistory@Editor3D@@	0x1b21460,0x1b21480@88	3,3	Editor3D::UndoRedoItem	Editor3D::UndoRedoItem;BaseRefCount<1>;RefCountBaseT<1>	
Editor3D::ChangeSeatOperation	.?AUChangeSeatOperation@Editor3D@@	0x1a926b0,0x1a926e0@32,0x1a92700@136	5,3,3	Editor3D::UIEditOperation;Editor3D::UndoRedoItem	Editor3D::UIEditOperation;Editor3D::EditOperation;BaseRefCount<1>;RefCountBaseT<1>;Editor3D::UndoRedoItem;BaseRefCount<1>;RefCountBaseT<1>	MI,VI
Editor3D::ConnectionsHolder<Editor3D::E3DItem,Editor3D::CustomConnectionData>	.?AV?$ConnectionsHolder@VE3DItem@Editor3D@@UCustomConnectionData@2@@Editor3D@@	0x1b22478	1	FindArray<Editor3D::SingleConnection<Editor3D::E3DItem,Editor3D::CustomConnectionData>,MemAllocD>	FindArray<Editor3D::SingleConnection<Editor3D::E3DItem,Editor3D::CustomConnectionData>,MemAllocD>;AutoArray<Editor3D::SingleConnection<Editor3D::E3DItem,Editor3D::CustomConnectionData>,MemAllocD>;Array<Editor3D::SingleConnection<Editor3D::E3DItem,Editor3D::CustomConnectionData>>;MemAllocD	MI
Editor3D::ConnectionsHolder<Editor3D::E3DItem,enum Editor3D::ConnectionType::Type>	.?AV?$ConnectionsHolder@VE3DItem@Editor3D@@W4Type@ConnectionType@2@@Editor3D@@	0x1b22468	1	FindArray<Editor3D::SingleConnection<Editor3D::E3DItem,enum Editor3D::ConnectionType::Type>,MemAllocD>	FindArray<Editor3D::SingleConnection<Editor3D::E3DItem,enum Editor3D::ConnectionType::Type>,MemAllocD>;AutoArray<Editor3D::SingleConnection<Editor3D::E3DItem,enum Editor3D::ConnectionType::Type>,MemAllocD>;Array<Editor3D::SingleConnection<Editor3D::E3DItem,enum Editor3D::ConnectionType::Type>>;MemAllocD	MI
Editor3D::ConnectionTypes	.?AVConnectionTypes@Editor3D@@	0x1b223c8	1	AutoArray<Editor3D::ConnectionType,MemAllocD>	AutoArray<Editor3D::ConnectionType,MemAllocD>;Array<Editor3D::ConnectionType>;MemAllocD	MI
Editor3D::ConnectWithOp	.?AUConnectWithOp@Editor3D@@	0x1a92750,0x1a92770@16,0x1a927a0@336	3,5,3	Editor3D::UndoRedoItem;Editor3D::EditOperationEx	Editor3D::UndoRedoItem;BaseRefCount<1>;RefCountBaseT<1>;Editor3D::EditOperationEx;Editor3D::UIEditOperation;Editor3D::EditOperation;BaseRefCount<1>;RefCountBaseT<1>	MI,VI
Editor3D::ContextMenu	.?AVContextMenu@Editor3D@@	0x1b1c4e8,0x1b1c548@24	11,76	CContextMenuEx	CContextMenuEx;Control;RemoveLLinks;BaseRefCount<1>;RefCountBaseT<1>;IControl;EventHandlerGroupContainer_DynArray<EventHandlerContainer_UI,enum ControlEvent>;IUICollectibleControls;IHasGameVarSpace	MI
Editor3D::CopyPasteCreateContext	.?AUCopyPasteCreateContext@Editor3D@@	0x1b214f0	4	Editor3D::CreateContext	Editor3D::CreateContext;Editor3D::MultipassContext	
Editor3D::CopyPasteHistory	.?AUCopyPasteHistory@Editor3D@@	0x1b21518,0x1b21538@64	3,3	Editor3D::UndoRedoItem	Editor3D::UndoRedoItem;BaseRefCount<1>;RefCountBaseT<1>	
Editor3D::CopyPasteMemory	.?AVCopyPasteMemory@Editor3D@@	0x1a8ee18	6	SerializeClass	SerializeClass	
Editor3D::CreateContext	.?AUCreateContext@Editor3D@@	0x1b214c8	4	Editor3D::MultipassContext	Editor3D::MultipassContext	
Editor3D::CreateCustomCompositionOperation	.?AVCreateCustomCompositionOperation@Editor3D@@	0x1a8d938,0x1a8d968@48,0x1a8d988@136	5,3,3	Editor3D::CreateOperationBase;Editor3D::UndoRedoItem	Editor3D::CreateOperationBase;Editor3D::UIEditOperation;Editor3D::EditOperation;BaseRefCount<1>;RefCountBaseT<1>;Editor3D::UndoRedoItem;BaseRefCount<1>;RefCountBaseT<1>	MI,VI
Editor3D::CreateCustomCompositionOperation::ProcessOperation()::`11'::<lambda_1>	.?AV<lambda_1>@?L@??ProcessOperation@CreateCustomCompositionOperation@Editor3D@@UEAA_NXZ@					no-col
Editor3D::CreateCustomCompositionOperation::ProcessOperation()::`11'::<lambda_2>	.?AV<lambda_2>@?L@??ProcessOperation@CreateCustomCompositionOperation@Editor3D@@UEAA_NXZ@					no-col
Editor3D::CreateGroupOp	.?AUCreateGroupOp@Editor3D@@	0x1b1a320,0x1b1a350@48,0x1b1a370@304	5,3,3	Editor3D::CreateUnitOp	Editor3D::CreateUnitOp;Editor3D::CreateOperationBase;Editor3D::UIEditOperation;Editor3D::EditOperation;BaseRefCount<1>;RefCountBaseT<1>;Editor3D::UndoRedoItem;BaseRefCount<1>;RefCountBaseT<1>	MI,VI
Editor3D::CreateItemsUndo	.?AUCreateItemsUndo@Editor3D@@	0x1b22578,0x1b22598@48	3,3	Editor3D::UndoRedoItem	Editor3D::UndoRedoItem;BaseRefCount<1>;RefCountBaseT<1>	
Editor3D::CreateLayerUndo	.?AUCreateLayerUndo@Editor3D@@	0x1b1a3b0,0x1b1a3d0@32	3,3	Editor3D::UndoRedoItem	Editor3D::UndoRedoItem;BaseRefCount<1>;RefCountBaseT<1>	
Editor3D::CreateMarkerOp	.?AUCreateMarkerOp@Editor3D@@	0x1a8da78,0x1a8daa8@48,0x1a8dac8@64,0x1a8dad8@200	5,3,1,3	Editor3D::CreateOperationBase;Editor3D::UndoRedoItem;Editor3D::AreaForE3DItem	Editor3D::CreateOperationBase;Editor3D::UIEditOperation;Editor3D::EditOperation;BaseRefCount<1>;RefCountBaseT<1>;Editor3D::UndoRedoItem;BaseRefCount<1>;RefCountBaseT<1>;Editor3D::AreaForE3DItem	MI,VI
Editor3D::CreateModuleOp	.?AUCreateModuleOp@Editor3D@@	0x1a8db58,0x1a8db88@48,0x1a8dba8@96	5,3,3	Editor3D::CreateOperationBase;Editor3D::UndoRedoItem	Editor3D::CreateOperationBase;Editor3D::UIEditOperation;Editor3D::EditOperation;BaseRefCount<1>;RefCountBaseT<1>;Editor3D::UndoRedoItem;BaseRefCount<1>;RefCountBaseT<1>	MI,VI
Editor3D::CreateOperationBase	.?AUCreateOperationBase@Editor3D@@	0x1b1a408,0x1b1a438@48	5,3	Editor3D::UIEditOperation	Editor3D::UIEditOperation;Editor3D::EditOperation;BaseRefCount<1>;RefCountBaseT<1>	
Editor3D::CreateSteamCompositionOperation	.?AVCreateSteamCompositionOperation@Editor3D@@	0x1a8dbe8,0x1a8dc18@48,0x1a8dc38@120	5,3,3	Editor3D::CreateOperationBase;Editor3D::UndoRedoItem	Editor3D::CreateOperationBase;Editor3D::UIEditOperation;Editor3D::EditOperation;BaseRefCount<1>;RefCountBaseT<1>;Editor3D::UndoRedoItem;BaseRefCount<1>;RefCountBaseT<1>	MI,VI
Editor3D::CreateSteamCompositionOperation::ProcessOperation()::`11'::<lambda_1>	.?AV<lambda_1>@?L@??ProcessOperation@CreateSteamCompositionOperation@Editor3D@@UEAA_NXZ@					no-col
Editor3D::CreateSteamCompositionOperation::ProcessOperation()::`11'::<lambda_2>	.?AV<lambda_2>@?L@??ProcessOperation@CreateSteamCompositionOperation@Editor3D@@UEAA_NXZ@					no-col
Editor3D::CreateTreePreviewCtrl	.?AVCreateTreePreviewCtrl@Editor3D@@	0x1a8dce8,0x1a8dd48@24	11,76	CControlsGroup	CControlsGroup;Control;RemoveLLinks;BaseRefCount<1>;RefCountBaseT<1>;IControl;EventHandlerGroupContainer_DynArray<EventHandlerContainer_UI,enum ControlEvent>;IUICollectibleControls;IHasGameVarSpace	MI
Editor3D::CreateTreesWrapper	.?AVCreateTreesWrapper@Editor3D@@					no-col
Editor3D::CreateTriggerOp	.?AUCreateTriggerOp@Editor3D@@	0x1a8eae8,0x1a8eb18@48,0x1a8eb38@64,0x1a8eb48@192	5,3,1,3	Editor3D::CreateOperationBase;Editor3D::UndoRedoItem;Editor3D::AreaForE3DItem	Editor3D::CreateOperationBase;Editor3D::UIEditOperation;Editor3D::EditOperation;BaseRefCount<1>;RefCountBaseT<1>;Editor3D::UndoRedoItem;BaseRefCount<1>;RefCountBaseT<1>;Editor3D::AreaForE3DItem	MI,VI
Editor3D::CreateUnitOp	.?AUCreateUnitOp@Editor3D@@	0x1b1a470,0x1b1a4a0@48,0x1b1a4c0@136	5,3,3	Editor3D::CreateOperationBase;Editor3D::UndoRedoItem	Editor3D::CreateOperationBase;Editor3D::UIEditOperation;Editor3D::EditOperation;BaseRefCount<1>;RefCountBaseT<1>;Editor3D::UndoRedoItem;BaseRefCount<1>;RefCountBaseT<1>	MI,VI
Editor3D::CreateWaypointOp	.?AUCreateWaypointOp@Editor3D@@	0x1a8ebe8,0x1a8ec18@48,0x1a8ec38@112	5,3,3	Editor3D::CreateOperationBase;Editor3D::UndoRedoItem	Editor3D::CreateOperationBase;Editor3D::UIEditOperation;Editor3D::EditOperation;BaseRefCount<1>;RefCountBaseT<1>;Editor3D::UndoRedoItem;BaseRefCount<1>;RefCountBaseT<1>	MI,VI
Editor3D::CustomAttribute	.?AUCustomAttribute@Editor3D@@	0x1b241a0,0x1b241b8@104	2,3	Editor3D::ItemAttribute;BaseRefCount<1>	Editor3D::ItemAttribute;BaseRefCount<1>;RefCountBaseT<1>	MI
Editor3D::CustomAttributesFile	.?AVCustomAttributesFile@Editor3D@@	0x1b1a540	4	SerializeClass	SerializeClass	
Editor3D::CustomAttributesFile::SingleAttribute	.?AUSingleAttribute@CustomAttributesFile@Editor3D@@	0x1b1a520	3	BaseRefCount<1>	BaseRefCount<1>;RefCountBaseT<1>	
Editor3D::CustomAttributesHolder::GameValueWrapper	.?AUGameValueWrapper@CustomAttributesHolder@Editor3D@@	0x1b1a568,0x1b1a590@16	4,3	GameValue;BaseRefCount<1>	GameValue;SerializeClass;BaseRefCount<1>;RefCountBaseT<1>	MI
Editor3D::CustomCompositionControl	.?AVCustomCompositionControl@Editor3D@@	0x1a90790,0x1a907f0@24	11,76	CControlsGroup	CControlsGroup;Control;RemoveLLinks;BaseRefCount<1>;RefCountBaseT<1>;IControl;EventHandlerGroupContainer_DynArray<EventHandlerContainer_UI,enum ControlEvent>;IUICollectibleControls;IHasGameVarSpace	MI
Editor3D::CustomCompositionHeader	.?AVCustomCompositionHeader@Editor3D@@	0x1a8ed00	4	SerializeClass	SerializeClass	
Editor3D::DeleteOperationUndo	.?AUDeleteOperationUndo@Editor3D@@	0x1b1a628,0x1b1a648@120	3,3	Editor3D::UndoRedoItem	Editor3D::UndoRedoItem;BaseRefCount<1>;RefCountBaseT<1>	
Editor3D::DescriptionExtAttributesInterface<1>	.?AU?$DescriptionExtAttributesInterface@$00@Editor3D@@	0x1b1a6f0	5	Editor3D::IAttributesHolder	Editor3D::IAttributesHolder	
Editor3D::DescriptionExtAttributesInterface<2>	.?AU?$DescriptionExtAttributesInterface@$01@Editor3D@@	0x1b1a6c0	5	Editor3D::IAttributesHolder	Editor3D::IAttributesHolder	
Editor3D::DescriptionExtAttributesInterface<3>	.?AU?$DescriptionExtAttributesInterface@$02@Editor3D@@	0x1b1a720	5	Editor3D::IAttributesHolder	Editor3D::IAttributesHolder	
Editor3D::DisplayEditComposition	.?AVDisplayEditComposition@Editor3D@@	0x1a91a38,0x1a91c48@24,0x1a91c60@552,0x1a91c88@1672	65,2,4,26	Display	Display;ControlsContainer;RemoveLLinks;BaseRefCount<1>;RefCountBaseT<1>;EventHandlerGroupContainer_Simple<EventHandlerContainer_UI,13,enum DisplayEvent>;IUICollectibleControls;IHasGameVarSpace;AbstractOptionsUI	MI
Editor3D::DisplayMPSetup	.?AVDisplayMPSetup@Editor3D@@	0x1b26320,0x1b26530@24,0x1b26548@552,0x1b26570@1672	65,2,4,26	DisplayHostSettings	DisplayHostSettings;Display;ControlsContainer;RemoveLLinks;BaseRefCount<1>;RefCountBaseT<1>;EventHandlerGroupContainer_Simple<EventHandlerContainer_UI,13,enum DisplayEvent>;IUICollectibleControls;IHasGameVarSpace;AbstractOptionsUI	MI
Editor3D::DisplayNewMission	.?AVDisplayNewMission@Editor3D@@	0x1b25cb0,0x1b25ec0@24,0x1b25ed8@552,0x1b25f00@1672	65,2,4,26	DisplaySelectIsland	DisplaySelectIsland;Display;ControlsContainer;RemoveLLinks;BaseRefCount<1>;RefCountBaseT<1>;EventHandlerGroupContainer_Simple<EventHandlerContainer_UI,13,enum DisplayEvent>;IUICollectibleControls;IHasGameVarSpace;AbstractOptionsUI	MI
Editor3D::DisplayNewUnit	.?AVDisplayNewUnit@Editor3D@@	0x1a90f30,0x1a91140@24,0x1a91158@552,0x1a91180@1672	65,2,4,26	Display;Editor3D::CreateTreesWrapper	Display;ControlsContainer;RemoveLLinks;BaseRefCount<1>;RefCountBaseT<1>;EventHandlerGroupContainer_Simple<EventHandlerContainer_UI,13,enum DisplayEvent>;IUICollectibleControls;IHasGameVarSpace;AbstractOptionsUI;Editor3D::CreateTreesWrapper	MI
Editor3D::DisplayPublishComposition	.?AVDisplayPublishComposition@Editor3D@@	0x1a91e00,0x1a92050@24,0x1a92068@552,0x1a92090@1672	73,2,4,26	DisplayPublish	DisplayPublish;Display;ControlsContainer;RemoveLLinks;BaseRefCount<1>;RefCountBaseT<1>;EventHandlerGroupContainer_Simple<EventHandlerContainer_UI,13,enum DisplayEvent>;IUICollectibleControls;IHasGameVarSpace;AbstractOptionsUI	MI
Editor3D::DisplayPublishCompositionTags	.?AVDisplayPublishCompositionTags@Editor3D@@	0x1a92168,0x1a92378@24,0x1a92390@552,0x1a923b8@1672	65,2,4,26	Display	Display;ControlsContainer;RemoveLLinks;BaseRefCount<1>;RefCountBaseT<1>;EventHandlerGroupContainer_Simple<EventHandlerContainer_UI,13,enum DisplayEvent>;IUICollectibleControls;IHasGameVarSpace;AbstractOptionsUI	MI
Editor3D::DisplaySteamPublish	.?AVDisplaySteamPublish@Editor3D@@	0x1a91270,0x1a914c0@24,0x1a914d8@552,0x1a91500@1672	73,2,4,26	DisplayPublishMission	DisplayPublishMission;DisplayPublish;Display;ControlsContainer;RemoveLLinks;BaseRefCount<1>;RefCountBaseT<1>;EventHandlerGroupContainer_Simple<EventHandlerContainer_UI,13,enum DisplayEvent>;IUICollectibleControls;IHasGameVarSpace;AbstractOptionsUI	MI
Editor3D::DisplayUsedAddons	.?AVDisplayUsedAddons@Editor3D@@	0x1a91660,0x1a91870@24,0x1a91888@552,0x1a918b0@1672	65,2,4,26	Display	Display;ControlsContainer;RemoveLLinks;BaseRefCount<1>;RefCountBaseT<1>;EventHandlerGroupContainer_Simple<EventHandlerContainer_UI,13,enum DisplayEvent>;IUICollectibleControls;IHasGameVarSpace;AbstractOptionsUI	MI
Editor3D::DragAndDropOutOfTree	.?AVDragAndDropOutOfTree@Editor3D@@	0x1a8ef50	1			
Editor3D::DrawableFnc	.?AUDrawableFnc@Editor3D@@	0x1b22390	6	Editor3D::IDrawable	Editor3D::IDrawable;RemoveLLinks;BaseRefCount<1>;RefCountBaseT<1>	
Editor3D::DummyCreateOperation	.?AUDummyCreateOperation@Editor3D@@	0x1a8ef60,0x1a8ef90@32	5,3	Editor3D::UIEditOperation	Editor3D::UIEditOperation;Editor3D::EditOperation;BaseRefCount<1>;RefCountBaseT<1>	
Editor3D::E3DCamera	.?AVE3DCamera@Editor3D@@	0x1a8f0e8	35	Editor3D::E3DComment	Editor3D::E3DComment;Editor3D::E3DItem;Editor3D::IDrawable;RemoveLLinks;BaseRefCount<1>;RefCountBaseT<1>;NoCopy	MI
Editor3D::E3DComment	.?AVE3DComment@Editor3D@@	0x1a8efc8	35	Editor3D::E3DItem	Editor3D::E3DItem;Editor3D::IDrawable;RemoveLLinks;BaseRefCount<1>;RefCountBaseT<1>;NoCopy	MI
Editor3D::E3DComment::Attributes	.?AUAttributes@E3DComment@Editor3D@@	0x1a8f270	4	SerializeClass	SerializeClass	
Editor3D::E3DGroup	.?AVE3DGroup@Editor3D@@	0x1b1a990	35	Editor3D::E3DItem	Editor3D::E3DItem;Editor3D::IDrawable;RemoveLLinks;BaseRefCount<1>;RefCountBaseT<1>;NoCopy	MI
Editor3D::E3DGroup::Attributes	.?AUAttributes@E3DGroup@Editor3D@@	0x1b1a968	4	SerializeClass	SerializeClass	
Editor3D::E3DItem	.?AVE3DItem@Editor3D@@	0x1b1aaf0	35	Editor3D::IDrawable;NoCopy	Editor3D::IDrawable;RemoveLLinks;BaseRefCount<1>;RefCountBaseT<1>;NoCopy	MI
Editor3D::E3DLayer	.?AVE3DLayer@Editor3D@@	0x1b1ac98	35	Editor3D::E3DItem	Editor3D::E3DItem;Editor3D::IDrawable;RemoveLLinks;BaseRefCount<1>;RefCountBaseT<1>;NoCopy	MI
Editor3D::E3DLayer::Attributes	.?AUAttributes@E3DLayer@Editor3D@@	0x1b1ac70	4	SerializeClass	SerializeClass	
Editor3D::E3DLogic	.?AVE3DLogic@Editor3D@@	0x1b1ae00,0x1b1af20@272	35,1	Editor3D::E3DItem;Editor3D::AreaForE3DItem	Editor3D::E3DItem;Editor3D::IDrawable;RemoveLLinks;BaseRefCount<1>;RefCountBaseT<1>;NoCopy;Editor3D::AreaForE3DItem	MI
Editor3D::E3DLogic::Attributes	.?AUAttributes@E3DLogic@Editor3D@@	0x1b1add8	4	SerializeClass	SerializeClass	
Editor3D::E3DMarker	.?AVE3DMarker@Editor3D@@	0x1b1afa8,0x1b1b0c8@272	35,1	Editor3D::E3DItem;Editor3D::AreaForE3DItem	Editor3D::E3DItem;Editor3D::IDrawable;RemoveLLinks;BaseRefCount<1>;RefCountBaseT<1>;NoCopy;Editor3D::AreaForE3DItem	MI
Editor3D::E3DObject	.?AVE3DObject@Editor3D@@	0x1b1b128,0x1b1b258@272	37,1	Editor3D::E3DItem;Editor3D::AreaForE3DItem	Editor3D::E3DItem;Editor3D::IDrawable;RemoveLLinks;BaseRefCount<1>;RefCountBaseT<1>;NoCopy;Editor3D::AreaForE3DItem	MI
Editor3D::E3DObject::Attributes	.?AUAttributes@E3DObject@Editor3D@@	0x1b1b100	4	SerializeClass	SerializeClass	
Editor3D::E3DTrigger	.?AVE3DTrigger@Editor3D@@	0x1b1b490,0x1b1b5b0@272	35,1	Editor3D::E3DItem;Editor3D::AreaForE3DItem	Editor3D::E3DItem;Editor3D::IDrawable;RemoveLLinks;BaseRefCount<1>;RefCountBaseT<1>;NoCopy;Editor3D::AreaForE3DItem	MI
Editor3D::E3DTrigger::Attributes	.?AUAttributes@E3DTrigger@Editor3D@@	0x1b1b468	4	SerializeClass	SerializeClass	
Editor3D::E3DVehicle	.?AVE3DVehicle@Editor3D@@	0x1b1b768,0x1b1b898@272	37,1	Editor3D::E3DObject	Editor3D::E3DObject;Editor3D::E3DItem;Editor3D::IDrawable;RemoveLLinks;BaseRefCount<1>;RefCountBaseT<1>;NoCopy;Editor3D::AreaForE3DItem	MI
Editor3D::E3DWaypoint	.?AVE3DWaypoint@Editor3D@@	0x1b1b978	35	Editor3D::E3DItem	Editor3D::E3DItem;Editor3D::IDrawable;RemoveLLinks;BaseRefCount<1>;RefCountBaseT<1>;NoCopy	MI
Editor3D::EditablesTreeCtrl	.?AVEditablesTreeCtrl@Editor3D@@	0x1b21640,0x1b216b8@24,0x1b21920@952	14,76,1	TreeWithContextMenu;Editor3D::DragAndDropOutOfTree	TreeWithContextMenu;CTree;Control;RemoveLLinks;BaseRefCount<1>;RefCountBaseT<1>;IControl;EventHandlerGroupContainer_DynArray<EventHandlerContainer_UI,enum ControlEvent>;IUICollectibleControls;IHasGameVarSpace;Editor3D::DragAndDropOutOfTree	MI
Editor3D::EditableTreeItem	.?AVEditableTreeItem@Editor3D@@	0x1b21930	9	CTreeItem	CTreeItem;RemoveLLinks;BaseRefCount<1>;RefCountBaseT<1>	
Editor3D::EditOperation	.?AUEditOperation@Editor3D@@	0x1a8d810,0x1a8d838@32	4,3	BaseRefCount<1>	BaseRefCount<1>;RefCountBaseT<1>	
Editor3D::EditOperationEx	.?AUEditOperationEx@Editor3D@@	0x1a90018,0x1a90048@56	5,3	Editor3D::UIEditOperation	Editor3D::UIEditOperation;Editor3D::EditOperation;BaseRefCount<1>;RefCountBaseT<1>	
Editor3D::EditorCreateTree	.?AVEditorCreateTree@Editor3D@@	0x1b21a48,0x1b21ab8@24,0x1b21d20@944	13,76,1	CTree;Editor3D::DragAndDropOutOfTree	CTree;Control;RemoveLLinks;BaseRefCount<1>;RefCountBaseT<1>;IControl;EventHandlerGroupContainer_DynArray<EventHandlerContainer_UI,enum ControlEvent>;IUICollectibleControls;IHasGameVarSpace;Editor3D::DragAndDropOutOfTree	MI
Editor3D::EditorMapControl	.?AVEditorMapControl@Editor3D@@	0x1b245b0,0x1b24698@24,0x1b24900@568	28,76,8	CStaticMapMain	CStaticMapMain;CStaticMap;CStatic;Control;RemoveLLinks;BaseRefCount<1>;RefCountBaseT<1>;IControl;EventHandlerGroupContainer_DynArray<EventHandlerContainer_UI,enum ControlEvent>;IUICollectibleControls;IHasGameVarSpace;CTextContainer;ITextContainer	MI
Editor3D::EditorTriggerObject	.?AVEditorTriggerObject@Editor3D@@	0x1a8cc28,0x1a8d668@24,0x1a8d690@48	327,4,23	ObjectColored	ObjectColored;Object;NetworkObject;RemoveSoftLinks<SoftLinkIdTraits<ObjectId,ObjectIdAutoDestroy>>;BaseRefCount<1>;RefCountBaseT<1>;NetworkSimpleObject;CountInstances<Object>;EPEItem;TLinkBidir<1>;NoCopy	MI
Editor3D::EditTreeSearchBoxAutoComplete	.?AVEditTreeSearchBoxAutoComplete@Editor3D@@	0x1b26660	8	IntAutoComplete	IntAutoComplete;BaseRefCount<1>;RefCountBaseT<1>	
Editor3D::EmptyOperation	.?AUEmptyOperation@Editor3D@@	0x1b21980,0x1b219a8@40	4,3	Editor3D::EditOperation	Editor3D::EditOperation;BaseRefCount<1>;RefCountBaseT<1>	
Editor3D::EngineAttribute	.?AUEngineAttribute@Editor3D@@	0x1b241d8	2	Editor3D::ItemAttribute	Editor3D::ItemAttribute	
Editor3D::FolderListTree	.?AVFolderListTree@Editor3D@@	0x1a903c8,0x1a90440@24	14,76	TreeWithContextMenu	TreeWithContextMenu;CTree;Control;RemoveLLinks;BaseRefCount<1>;RefCountBaseT<1>;IControl;EventHandlerGroupContainer_DynArray<EventHandlerContainer_UI,enum ControlEvent>;IUICollectibleControls;IHasGameVarSpace	MI
Editor3D::GetInOutOp	.?AUGetInOutOp@Editor3D@@	0x1a906f0,0x1a90720@32,0x1a90740@80	5,3,3	Editor3D::UIEditOperation;Editor3D::UndoRedoItem	Editor3D::UIEditOperation;Editor3D::EditOperation;BaseRefCount<1>;RefCountBaseT<1>;Editor3D::UndoRedoItem;BaseRefCount<1>;RefCountBaseT<1>	MI,VI
Editor3D::GlobalEditorPreferences	.?AUGlobalEditorPreferences@Editor3D@@	0x1b1cfa0	4	SerializeClass	SerializeClass	
Editor3D::GroupWithOp	.?AUGroupWithOp@Editor3D@@	0x1a927e0,0x1a92800@16,0x1a92830@168	3,5,3	Editor3D::UndoRedoItem;Editor3D::EditOperationEx	Editor3D::UndoRedoItem;BaseRefCount<1>;RefCountBaseT<1>;Editor3D::EditOperationEx;Editor3D::UIEditOperation;Editor3D::EditOperation;BaseRefCount<1>;RefCountBaseT<1>	MI,VI
Editor3D::HistoryListCtrl	.?AVHistoryListCtrl@Editor3D@@	0x1b25570,0x1b25688@24	34,76	CListBox	CListBox;CListBoxContainer;Control;RemoveLLinks;BaseRefCount<1>;RefCountBaseT<1>;IControl;EventHandlerGroupContainer_DynArray<EventHandlerContainer_UI,enum ControlEvent>;IUICollectibleControls;IHasGameVarSpace;CListBoxItems;AutoArray<CListBoxItem,MemAllocD>;Array<CListBoxItem>;MemAllocD	MI
Editor3D::IAttributesHolder	.?AUIAttributesHolder@Editor3D@@					no-col
Editor3D::IDrawable	.?AVIDrawable@Editor3D@@	0x1a90b28	6	RemoveLLinks	RemoveLLinks;BaseRefCount<1>;RefCountBaseT<1>	
Editor3D::InMissionCreateContext	.?AUInMissionCreateContext@Editor3D@@	0x1b22410	1			
Editor3D::IntelAttributesInterface	.?AUIntelAttributesInterface@Editor3D@@	0x1b1d2d0	5	Editor3D::IAttributesHolder	Editor3D::IAttributesHolder	
Editor3D::IOBridgeBase	.?AVIOBridgeBase@Editor3D@@					no-col
Editor3D::ItemAttribute	.?AUItemAttribute@Editor3D@@	0x1b24188	2			
Editor3D::LinkManager<Editor3D::E3DItem,Editor3D::ConnectionLinksTrait>	.?AV?$LinkManager@VE3DItem@Editor3D@@UConnectionLinksTrait@2@@Editor3D@@	0x1b249d8	4	SerializeClass	SerializeClass	
Editor3D::LinkManager<Editor3D::E3DItem,Editor3D::ConnectionLinksTrait>::LinkItem	.?AULinkItem@?$LinkManager@VE3DItem@Editor3D@@UConnectionLinksTrait@2@@Editor3D@@	0x1b24ea0	4	SerializeClass	SerializeClass	
Editor3D::LinkManager<Editor3D::E3DItem,Editor3D::CopyPasteCustomLinkTrait>	.?AV?$LinkManager@VE3DItem@Editor3D@@UCopyPasteCustomLinkTrait@2@@Editor3D@@	0x1a8edc8	4	SerializeClass	SerializeClass	
Editor3D::LinkManager<Editor3D::E3DItem,Editor3D::CopyPasteCustomLinkTrait>::LinkItem	.?AULinkItem@?$LinkManager@VE3DItem@Editor3D@@UCopyPasteCustomLinkTrait@2@@Editor3D@@	0x1a8eec8	4	SerializeClass	SerializeClass	
Editor3D::LinkManager<Editor3D::E3DItem,Editor3D::CopyPasteLinkTrait>	.?AV?$LinkManager@VE3DItem@Editor3D@@UCopyPasteLinkTrait@2@@Editor3D@@	0x1a8eda0	4	SerializeClass	SerializeClass	
Editor3D::LinkManager<Editor3D::E3DItem,Editor3D::CopyPasteLinkTrait>::LinkItem	.?AULinkItem@?$LinkManager@VE3DItem@Editor3D@@UCopyPasteLinkTrait@2@@Editor3D@@	0x1a8eef0	4	SerializeClass	SerializeClass	
Editor3D::LinkManager<Editor3D::E3DItem,Editor3D::CustomConnectionLinksTrait>	.?AV?$LinkManager@VE3DItem@Editor3D@@UCustomConnectionLinksTrait@2@@Editor3D@@	0x1b24a00	4	SerializeClass	SerializeClass	
Editor3D::LinkManager<Editor3D::E3DItem,Editor3D::CustomConnectionLinksTrait>::LinkItem	.?AULinkItem@?$LinkManager@VE3DItem@Editor3D@@UCustomConnectionLinksTrait@2@@Editor3D@@	0x1b24e78	4	SerializeClass	SerializeClass	
Editor3D::LinkManager<Editor3D::E3DItem,Editor3D::VehicleCrewLinksTrait>	.?AV?$LinkManager@VE3DItem@Editor3D@@UVehicleCrewLinksTrait@2@@Editor3D@@	0x1b1d5e8	4	SerializeClass	SerializeClass	
Editor3D::LinkManager<Editor3D::E3DItem,Editor3D::VehicleCrewLinksTrait>::LinkItem	.?AULinkItem@?$LinkManager@VE3DItem@Editor3D@@UVehicleCrewLinksTrait@2@@Editor3D@@	0x1b1d688	4	SerializeClass	SerializeClass	
Editor3D::LinkManager<Editor3D::E3DItem,Editor3D::VehicleInVehicleLinksTrait>	.?AV?$LinkManager@VE3DItem@Editor3D@@UVehicleInVehicleLinksTrait@2@@Editor3D@@	0x1a8edf0	4	SerializeClass	SerializeClass	
Editor3D::LinkManager<Editor3D::E3DItem,Editor3D::VehicleInVehicleLinksTrait>::LinkItem	.?AULinkItem@?$LinkManager@VE3DItem@Editor3D@@UVehicleInVehicleLinksTrait@2@@Editor3D@@	0x1a8eea0	4	SerializeClass	SerializeClass	
Editor3D::LivePlacementContext	.?AULivePlacementContext@Editor3D@@	0x1b89700,0x1b89710@16,0x1b89720@48	1,1,1	Editor3D::MultipassContext;Editor3D::PostInitContext;Editor3D::InMissionCreateContext	Editor3D::MultipassContext;Editor3D::PostInitContext;Editor3D::InMissionCreateContext	MI
Editor3D::MainDisplay	.?AVMainDisplay@Editor3D@@	0x1b258f0,0x1b25b00@24,0x1b25b18@552,0x1b25b40@1672	65,2,4,26	Display;Editor3D::CreateTreesWrapper	Display;ControlsContainer;RemoveLLinks;BaseRefCount<1>;RefCountBaseT<1>;EventHandlerGroupContainer_Simple<EventHandlerContainer_UI,13,enum DisplayEvent>;IUICollectibleControls;IHasGameVarSpace;AbstractOptionsUI;Editor3D::CreateTreesWrapper	MI
Editor3D::Manager	.?AVManager@Editor3D@@	0x1b22488,0x1b22518@16	17,2	IMissionTemplate;SingletonWithDestroy<Editor3D::Manager,Ref<Editor3D::Manager>>;EventHandlerGroupContainer_Simple<EventHandlerContainer<EventHandlerBase>,60,enum Editor3D::E3DEvents>	IMissionTemplate;BaseRefCount<1>;RefCountBaseT<1>;SingletonWithDestroy<Editor3D::Manager,Ref<Editor3D::Manager>>;Singleton<Editor3D::Manager,Ref<Editor3D::Manager>>;NoCopy;EventHandlerGroupContainer_Simple<EventHandlerContainer<EventHandlerBase>,60,enum Editor3D::E3DEvents>	MI
Editor3D::MapBridge	.?AVMapBridge@Editor3D@@	0x1b24508	18	Editor3D::IOBridgeBase	Editor3D::IOBridgeBase;BaseRefCount<1>;RefCountBaseT<1>	
Editor3D::MenuItemSimpleExpression	.?AVMenuItemSimpleExpression@Editor3D@@	0x1b1c4c0	4	StructuredMenuItem	StructuredMenuItem;RemoveLLinks;BaseRefCount<1>;RefCountBaseT<1>	
Editor3D::MissionComment	.?AVMissionComment@Editor3D@@	0x1a90a70,0x1a90ae0@16	13,4	Editor3D::MissionData	Editor3D::MissionData;BaseRefCount<1>;RefCountBaseT<1>;SerializeClass	MI
Editor3D::MissionData	.?AVMissionData@Editor3D@@	0x1b1d378,0x1b1d3e8@16	13,4	BaseRefCount<1>;SerializeClass	BaseRefCount<1>;RefCountBaseT<1>;SerializeClass	MI
Editor3D::MissionData::AttachedItem	.?AUAttachedItem@MissionData@Editor3D@@	0x1b1d350	4	SerializeClass	SerializeClass	
Editor3D::MissionFile	.?AUMissionFile@Editor3D@@	0x1b24ac0,0x1b24b30@16	13,4	Editor3D::MissionData	Editor3D::MissionData;BaseRefCount<1>;RefCountBaseT<1>;SerializeClass	MI
Editor3D::MissionGroup	.?AVMissionGroup@Editor3D@@	0x1b1d550,0x1b1d5c0@16	13,4	Editor3D::MissionData	Editor3D::MissionData;BaseRefCount<1>;RefCountBaseT<1>;SerializeClass	MI
Editor3D::MissionLayer	.?AVMissionLayer@Editor3D@@	0x1b1d720,0x1b1d790@16	13,4	Editor3D::MissionData	Editor3D::MissionData;BaseRefCount<1>;RefCountBaseT<1>;SerializeClass	MI
Editor3D::MissionLogic	.?AVMissionLogic@Editor3D@@	0x1b1d7e8,0x1b1d860@16	14,4	Editor3D::PlayableData	Editor3D::PlayableData;Editor3D::MissionData;BaseRefCount<1>;RefCountBaseT<1>;SerializeClass	MI
Editor3D::MissionMarker	.?AVMissionMarker@Editor3D@@	0x1b1d948,0x1b1d9b8@16	13,4	Editor3D::MissionData	Editor3D::MissionData;BaseRefCount<1>;RefCountBaseT<1>;SerializeClass	MI
Editor3D::MissionObject	.?AVMissionObject@Editor3D@@	0x1b1da18,0x1b1da90@16	14,4	Editor3D::PlayableData	Editor3D::PlayableData;Editor3D::MissionData;BaseRefCount<1>;RefCountBaseT<1>;SerializeClass	MI
Editor3D::MissionTemplate	.?AUMissionTemplate@Editor3D@@	0x1b24a28,0x1b24a98@16	13,4	Editor3D::MissionData	Editor3D::MissionData;BaseRefCount<1>;RefCountBaseT<1>;SerializeClass	MI
Editor3D::MissionTrigger	.?AVMissionTrigger@Editor3D@@	0x1b1db28,0x1b1db98@16	13,4	Editor3D::MissionData	Editor3D::MissionData;BaseRefCount<1>;RefCountBaseT<1>;SerializeClass	MI
Editor3D::MissionWaypoint	.?AVMissionWaypoint@Editor3D@@	0x1b1dbd0,0x1b1dc40@16	13,4	Editor3D::MissionData	Editor3D::MissionData;BaseRefCount<1>;RefCountBaseT<1>;SerializeClass	MI
Editor3D::MouseArea	.?AVMouseArea@Editor3D@@	0x1b23110,0x1b23188@24,0x1b233f0@568	14,76,8	CStatic	CStatic;Control;RemoveLLinks;BaseRefCount<1>;RefCountBaseT<1>;IControl;EventHandlerGroupContainer_DynArray<EventHandlerContainer_UI,enum ControlEvent>;IUICollectibleControls;IHasGameVarSpace;CTextContainer;ITextContainer	MI
Editor3D::MoveUnitOp	.?AUMoveUnitOp@Editor3D@@	0x1a90bb8,0x1a90be8@56,0x1a90c08@448	5,3,3	Editor3D::EditOperationEx;Editor3D::UndoRedoItem	Editor3D::EditOperationEx;Editor3D::UIEditOperation;Editor3D::EditOperation;BaseRefCount<1>;RefCountBaseT<1>;Editor3D::UndoRedoItem;BaseRefCount<1>;RefCountBaseT<1>	MI,VI
Editor3D::MoveWidget	.?AVMoveWidget@Editor3D@@	0x1b1dc78	7	Editor3D::WidgetBase	Editor3D::WidgetBase;BaseRefCount<1>;RefCountBaseT<1>	
Editor3D::MsgBoxWithEdit	.?AVMsgBoxWithEdit@Editor3D@@	0x1b27bb0,0x1b27dc0@24,0x1b27dd8@552,0x1b27e00@1672	65,2,4,26	Display	Display;ControlsContainer;RemoveLLinks;BaseRefCount<1>;RefCountBaseT<1>;EventHandlerGroupContainer_Simple<EventHandlerContainer_UI,13,enum DisplayEvent>;IUICollectibleControls;IHasGameVarSpace;AbstractOptionsUI	MI
Editor3D::MultiOperationUndo	.?AUMultiOperationUndo@Editor3D@@	0x1b22530,0x1b22550@72	3,3	Editor3D::UndoRedoItem	Editor3D::UndoRedoItem;BaseRefCount<1>;RefCountBaseT<1>	
Editor3D::MultipassContext	.?AUMultipassContext@Editor3D@@	0x1b214b8	1			
Editor3D::NamedAttributesFile	.?AVNamedAttributesFile@Editor3D@@	0x1b249b0	4	Editor3D::CustomAttributesFile	Editor3D::CustomAttributesFile;SerializeClass	
Editor3D::ObjectContainer	.?AVObjectContainer@Editor3D@@	0x1b1dd58	6	Editor3D::IDrawable	Editor3D::IDrawable;RemoveLLinks;BaseRefCount<1>;RefCountBaseT<1>	
Editor3D::ObjectLayer	.?AVObjectLayer@Editor3D@@	0x1a90c78,0x1a90c98@16	3,4	BaseRefCount<1>;SerializeClass	BaseRefCount<1>;RefCountBaseT<1>;SerializeClass	MI
Editor3D::OnMissionStartContext	.?AUOnMissionStartContext@Editor3D@@	0x1b22420,0x1b22430@16,0x1b22440@48	1,1,1	Editor3D::MultipassContext;Editor3D::PostInitContext;Editor3D::InMissionCreateContext	Editor3D::MultipassContext;Editor3D::PostInitContext;Editor3D::InMissionCreateContext	MI
Editor3D::PerMissionPreferences	.?AUPerMissionPreferences@Editor3D@@	0x1b223d8	4	FlagEnum<enum Editor3D::Settings>;SerializeClass	FlagEnum<enum Editor3D::Settings>;SerializeClass	MI
Editor3D::PlayableData	.?AVPlayableData@Editor3D@@					no-col
Editor3D::PostInitContext	.?AUPostInitContext@Editor3D@@	0x1b22400	1			
Editor3D::PreferencesAttributesInterface	.?AUPreferencesAttributesInterface@Editor3D@@	0x1b1de00	5	Editor3D::IAttributesHolder	Editor3D::IAttributesHolder	
Editor3D::RemoveFromLayerUndo	.?AURemoveFromLayerUndo@Editor3D@@	0x1b1de40,0x1b1de60@64	3,3	Editor3D::UndoRedoItem	Editor3D::UndoRedoItem;BaseRefCount<1>;RefCountBaseT<1>	
Editor3D::ResizeAndRotateWidget	.?AVResizeAndRotateWidget@Editor3D@@	0x1a90d00	6	Editor3D::WidgetBase	Editor3D::WidgetBase;BaseRefCount<1>;RefCountBaseT<1>	
Editor3D::RotateUnitOp	.?AURotateUnitOp@Editor3D@@	0x1a92870,0x1a928a0@56,0x1a928c0@352	5,3,3	Editor3D::EditOperationEx;Editor3D::UndoRedoItem	Editor3D::EditOperationEx;Editor3D::UIEditOperation;Editor3D::EditOperation;BaseRefCount<1>;RefCountBaseT<1>;Editor3D::UndoRedoItem;BaseRefCount<1>;RefCountBaseT<1>	MI,VI
Editor3D::RotateWidget	.?AVRotateWidget@Editor3D@@	0x1b1dea8	6	Editor3D::WidgetBase	Editor3D::WidgetBase;BaseRefCount<1>;RefCountBaseT<1>	
Editor3D::SaveLoadDisplay	.?AVSaveLoadDisplay@Editor3D@@	0x1b27888,0x1b27a98@24,0x1b27ab0@552,0x1b27ad8@1672	65,2,4,26	Display	Display;ControlsContainer;RemoveLLinks;BaseRefCount<1>;RefCountBaseT<1>;EventHandlerGroupContainer_Simple<EventHandlerContainer_UI,13,enum DisplayEvent>;IUICollectibleControls;IHasGameVarSpace;AbstractOptionsUI	MI
Editor3D::ScaleWidget	.?AVScaleWidget@Editor3D@@	0x1b1df88	7	Editor3D::MoveWidget	Editor3D::MoveWidget;Editor3D::WidgetBase;BaseRefCount<1>;RefCountBaseT<1>	
Editor3D::SceneBridge	.?AVSceneBridge@Editor3D@@	0x1b25c18	18	Editor3D::IOBridgeBase	Editor3D::IOBridgeBase;BaseRefCount<1>;RefCountBaseT<1>	
Editor3D::SQMDescriptionExt	.?AUSQMDescriptionExt@Editor3D@@	0x1b1e398	4	SerializeClass	SerializeClass	
Editor3D::SteamCompositionHeader	.?AVSteamCompositionHeader@Editor3D@@	0x1a90ec8	4	SerializeClass	SerializeClass	
Editor3D::UIEditOperation	.?AVUIEditOperation@Editor3D@@	0x1a8d858,0x1a8d888@32	5,3	Editor3D::EditOperation	Editor3D::EditOperation;BaseRefCount<1>;RefCountBaseT<1>	
Editor3D::UndoRedoItem	.?AUUndoRedoItem@Editor3D@@	0x1a8d7d0,0x1a8d7f0@16	3,3	BaseRefCount<1>	BaseRefCount<1>;RefCountBaseT<1>	
Editor3D::WidgetBase	.?AVWidgetBase@Editor3D@@					no-col
Editor3D::WorldSpaceWidget	.?AVWorldSpaceWidget@Editor3D@@	0x1b25fe8,0x1b26060@24,0x1b262c8@568	14,76,8	CStatic	CStatic;Control;RemoveLLinks;BaseRefCount<1>;RefCountBaseT<1>;IControl;EventHandlerGroupContainer_DynArray<EventHandlerContainer_UI,enum ControlEvent>;IUICollectibleControls;IHasGameVarSpace;CTextContainer;ITextContainer	MI
EditorObject	.?AVEditorObject@@	0x1cba000	3	RemoveLLinks	RemoveLLinks;BaseRefCount<1>;RefCountBaseT<1>	
EditorObjectType	.?AVEditorObjectType@@	0x1cbef18	3	BaseRefCount<1>	BaseRefCount<1>;RefCountBaseT<1>	
EditorOverlay	.?AVEditorOverlay@@	0x1cbef38	3	BaseRefCount<1>	BaseRefCount<1>;RefCountBaseT<1>	
EffectsSource	.?AVEffectsSource@@	0x1c0f8f8,0x1c0f920@8	4,3	SerializeClass;BaseRefCount<1>	SerializeClass;BaseRefCount<1>;RefCountBaseT<1>	MI
EffectsSourceRT	.?AVEffectsSourceRT@@	0x1bba940	3	BaseRefCount<1>	BaseRefCount<1>;RefCountBaseT<1>	
EffectsSourceType	.?AVEffectsSourceType@@	0x1c2c7c0	3	BaseRefCount<1>	BaseRefCount<1>;RefCountBaseT<1>	
EjectAliveGunner	.?AVEjectAliveGunner@@	0x1c46360	2	ITurretFunc	ITurretFunc	
EjectCrew	.?AVEjectCrew@@	0x1acd138	2	ICrewFunc	ICrewFunc	
EjectDeadGunner	.?AVEjectDeadGunner@@	0x1c46378	2	ITurretFunc	ITurretFunc	
EjectGunner	.?AVEjectGunner@@	0x1c46348	2	ITurretFunc	ITurretFunc	
EmptyDisplayComponent	.?AVEmptyDisplayComponent@@	0x1aca8f8	23	VehicleSystemDisplayBase	VehicleSystemDisplayBase;Component;BaseRefCount<1>;RefCountBaseT<1>	
EmptyDisplayComponentType	.?AVEmptyDisplayComponentType@@	0x1aca8b8	7	VehicleSystemDisplayBaseType	VehicleSystemDisplayBaseType;ComponentType;BaseRefCount<1>;RefCountBaseT<1>	
enf::CThread	.?AVCThread@enf@@	0x1a92930	2			
enf::CThread::Params	.?AUParams@CThread@enf@@	0x1a92908	4	BaseRefCount<1>	BaseRefCount<1>;RefCountBaseT<1>	
enf::CThread::ParamsFunction	.?AUParamsFunction@CThread@enf@@	0x1aae9b8	4	enf::CThread::Params	enf::CThread::Params;BaseRefCount<1>;RefCountBaseT<1>	
enf::CThread::ParamsFunctor<DX11::EngineDD11::WorkerThread<DX11::EngineDD11::RenderCBToPlay,65536,3>::Init()::`2'::<lambda_1>>	.?AU?$ParamsFunctor@V<lambda_1>@?1??Init@?$WorkerThread@URenderCBToPlay@EngineDD11@DX11@@$0BAAAA@$02@EngineDD11@DX11@@QEAAXKP6AKPEAX@Z0HW4ThreadPriority@enf@@PEBD@Z@@CThread@enf@@	0x1cfa730	4	enf::CThread::Params	enf::CThread::Params;BaseRefCount<1>;RefCountBaseT<1>	
enf::CThread::ParamsFunctor<enf::MicroJobsThread::StartInternal()::`2'::<lambda_1>>	.?AU?$ParamsFunctor@V<lambda_1>@?1??StartInternal@MicroJobsThread@enf@@QEAA_NPEBDPEAXP6AX1@ZH@Z@@CThread@enf@@	0x1aadc30	4	enf::CThread::Params	enf::CThread::Params;BaseRefCount<1>;RefCountBaseT<1>	
enf::CThread::ParamsFunctor<OpenURLThread::Start()::`2'::<lambda_1>>	.?AU?$ParamsFunctor@V<lambda_1>@?1??Start@OpenURLThread@@SAXV?$RStringCT@D@@@Z@@CThread@enf@@	0x1b76bd0	4	enf::CThread::Params	enf::CThread::Params;BaseRefCount<1>;RefCountBaseT<1>	
enf::CThread::ParamsFunctor<Physx3Simulator::`1'()::`2'::<lambda_1>>	.?AU?$ParamsFunctor@V<lambda_1>@?1???0Physx3Simulator@@QEAA@PEAVPxScene@physx@@@Z@@CThread@enf@@	0x1b91f38	4	enf::CThread::Params	enf::CThread::Params;BaseRefCount<1>;RefCountBaseT<1>	
enf::CThread::ParamsFunctor<Sound::Internal::DestroyJob::Start()::`3'::<lambda_1>>	.?AU?$ParamsFunctor@V<lambda_1>@?2??Start@DestroyJob@Internal@Sound@@QEAAXXZ@@CThread@enf@@	0x1b5fff0	4	enf::CThread::Params	enf::CThread::Params;BaseRefCount<1>;RefCountBaseT<1>	
enf::CThread::ParamsFunctor<SplashWindow::SwitchToRenderingThread()::`2'::<lambda_1>>	.?AU?$ParamsFunctor@V<lambda_1>@?1??SwitchToRenderingThread@SplashWindow@@AEAAXXZ@@CThread@enf@@	0x1b70fd0	4	enf::CThread::Params	enf::CThread::Params;BaseRefCount<1>;RefCountBaseT<1>	
enf::CThread::ParamsMethod<BankHashesCalculatorThread>	.?AU?$ParamsMethod@VBankHashesCalculatorThread@@@CThread@enf@@	0x1aac9c0	4	enf::CThread::Params	enf::CThread::Params;BaseRefCount<1>;RefCountBaseT<1>	
enf::CThread::ParamsMethod<DataIntegrityMonitorThread>	.?AU?$ParamsMethod@VDataIntegrityMonitorThread@@@CThread@enf@@	0x1a92c30	4	enf::CThread::Params	enf::CThread::Params;BaseRefCount<1>;RefCountBaseT<1>	
enf::CThread::ParamsMethod<DX11::EngineDD11>	.?AU?$ParamsMethod@VEngineDD11@DX11@@@CThread@enf@@	0x1cfa708	4	enf::CThread::Params	enf::CThread::Params;BaseRefCount<1>;RefCountBaseT<1>	
enf::CThread::ParamsMethod<DX11::MultiCoreCompiler>	.?AU?$ParamsMethod@VMultiCoreCompiler@DX11@@@CThread@enf@@	0x1b302e8	4	enf::CThread::Params	enf::CThread::Params;BaseRefCount<1>;RefCountBaseT<1>	
enf::CThread::ParamsMethod<FileServerActObj>	.?AU?$ParamsMethod@VFileServerActObj@@@CThread@enf@@	0x1a946c0	4	enf::CThread::Params	enf::CThread::Params;BaseRefCount<1>;RefCountBaseT<1>	
enf::CThread::ParamsMethod<FileServerWorkerThread>	.?AU?$ParamsMethod@VFileServerWorkerThread@@@CThread@enf@@	0x1aad850	4	enf::CThread::Params	enf::CThread::Params;BaseRefCount<1>;RefCountBaseT<1>	
enf::CThread::ParamsMethod<FileWriterThread>	.?AU?$ParamsMethod@VFileWriterThread@@@CThread@enf@@	0x1a92db8	4	enf::CThread::Params	enf::CThread::Params;BaseRefCount<1>;RefCountBaseT<1>	
enf::CThread::ParamsMethod<JobManagerThread>	.?AU?$ParamsMethod@VJobManagerThread@@@CThread@enf@@	0x1aadd60	4	enf::CThread::Params	enf::CThread::Params;BaseRefCount<1>;RefCountBaseT<1>	
enf::CThread::ParamsMethod<NetworkServer::SendMessagesThread>	.?AU?$ParamsMethod@VSendMessagesThread@NetworkServer@@@CThread@enf@@	0x1bb7730	4	enf::CThread::Params	enf::CThread::Params;BaseRefCount<1>;RefCountBaseT<1>	
enf::CThread::ParamsMethod<OggDecoder>	.?AU?$ParamsMethod@VOggDecoder@@@CThread@enf@@	0x1c6e590	4	enf::CThread::Params	enf::CThread::Params;BaseRefCount<1>;RefCountBaseT<1>	
enf::CThread::ParamsMethod<PcPeerToPeerChannel>	.?AU?$ParamsMethod@VPcPeerToPeerChannel@@@CThread@enf@@	0x1aaa2d8	4	enf::CThread::Params	enf::CThread::Params;BaseRefCount<1>;RefCountBaseT<1>	
enf::CThread::ParamsMethod<Sound::Internal::Threading::AudioJobWorker>	.?AU?$ParamsMethod@VAudioJobWorker@Threading@Internal@Sound@@@CThread@enf@@	0x1b5da40	4	enf::CThread::Params	enf::CThread::Params;BaseRefCount<1>;RefCountBaseT<1>	
enf::Job	.?AVJob@enf@@	0x1a78dc0	2	enf::JobCommon	enf::JobCommon;enf::JobCore	
enf::JobCommon	.?AVJobCommon@enf@@					no-col
enf::JobCore	.?AVJobCore@enf@@					no-col
enf::MicroJobsThread	.?AVMicroJobsThread@enf@@	0x1aadbc0	3	BaseRefCount<1>	BaseRefCount<1>;RefCountBaseT<1>	
Engine	.?AVEngine@@	0x1c567f0	470			
Engine::MainThreadRenderTask	.?AVMainThreadRenderTask@Engine@@	0x1c41d70	2			
EngineDummy	.?AVEngineDummy@@	0x1d2b560	471	Engine	Engine	
EngineProperties	.?AVEngineProperties@@	0x1ca79a0	12	EngineSceneProperties	EngineSceneProperties	
EngineSceneProperties	.?AVEngineSceneProperties@@	0x1c565e0	12			
EngineShapeProperties	.?AVEngineShapeProperties@@	0x1ca2e18	4			
EntitiesDistributed	.?AVEntitiesDistributed@@	0x1c7a5a0	4	SerializeClass	SerializeClass	
Entity	.?AVEntity@@	0x1c1b358,0x1c1bfd8@24,0x1c1c000@48	399,4,23	ObjectTyped;Animated	ObjectTyped;Object;NetworkObject;RemoveSoftLinks<SoftLinkIdTraits<ObjectId,ObjectIdAutoDestroy>>;BaseRefCount<1>;RefCountBaseT<1>;NetworkSimpleObject;CountInstances<Object>;EPEItem;TLinkBidir<1>;NoCopy;Animated	MI
EntityActivity	.?AVEntityActivity@@					no-col
EntityAI	.?AVEntityAI@@	0x1c4c880,0x1c4dca0@24,0x1c4dcc8@48,0x1c4dd88@1464,0x1c4dda8@1472	643,4,23,3,2	Entity;JoinedObject;IHasParentContainer	Entity;ObjectTyped;Object;NetworkObject;RemoveSoftLinks<SoftLinkIdTraits<ObjectId,ObjectIdAutoDestroy>>;BaseRefCount<1>;RefCountBaseT<1>;NetworkSimpleObject;CountInstances<Object>;EPEItem;TLinkBidir<1>;NoCopy;Animated;JoinedObject;IHasParentContainer	MI
EntityAIFull	.?AVEntityAIFull@@	0x1c4ddc0,0x1c4f6c0@24,0x1c4f6e8@48,0x1c4f7a8@1464,0x1c4f7c8@1472,0x1c4f7e0@2152	799,4,23,3,2,7	EntityAI;ComponentHolder<EntityAIFull,Component>	EntityAI;Entity;ObjectTyped;Object;NetworkObject;RemoveSoftLinks<SoftLinkIdTraits<ObjectId,ObjectIdAutoDestroy>>;BaseRefCount<1>;RefCountBaseT<1>;NetworkSimpleObject;CountInstances<Object>;EPEItem;TLinkBidir<1>;NoCopy;Animated;JoinedObject;IHasParentContainer;ComponentHolder<EntityAIFull,Component>	MI
EntityAIType	.?AVEntityAIType@@	0x1c4be60,0x1c4c0e8@24,0x1c4c120@32,0x1c4c138@752	80,6,2,4	EntityType;ComponentHolderType<ComponentType>	EntityType;RemoveLLinks;BaseRefCount<1>;RefCountBaseT<1>;LODShapeLoadHandler;AnimatedType;LinkBidirWithFrameStoreT<FrameStoreTraits>;TLinkBidir<2>;NoCopy;ComponentHolderType<ComponentType>	MI
EntityAnimator	.?AVEntityAnimator@@	0x1c1c110,0x1c1cd90@24,0x1c1cdb8@48	399,4,23	Entity	Entity;ObjectTyped;Object;NetworkObject;RemoveSoftLinks<SoftLinkIdTraits<ObjectId,ObjectIdAutoDestroy>>;BaseRefCount<1>;RefCountBaseT<1>;NetworkSimpleObject;CountInstances<Object>;EPEItem;TLinkBidir<1>;NoCopy;Animated	MI
EntityComAnimator	.?AVEntityComAnimator@@	0x1c20548,0x1c211f0@24,0x1c21218@48	404,4,23	EntityCustomValueAnimator<Vector3P>	EntityCustomValueAnimator<Vector3P>;Entity;ObjectTyped;Object;NetworkObject;RemoveSoftLinks<SoftLinkIdTraits<ObjectId,ObjectIdAutoDestroy>>;BaseRefCount<1>;RefCountBaseT<1>;NetworkSimpleObject;CountInstances<Object>;EPEItem;TLinkBidir<1>;NoCopy;Animated	MI
EntityCustomValueAnimator<float>	.?AV?$EntityCustomValueAnimator@M@@	0x1c1dc88,0x1c1e930@24,0x1c1e958@48	404,4,23	Entity	Entity;ObjectTyped;Object;NetworkObject;RemoveSoftLinks<SoftLinkIdTraits<ObjectId,ObjectIdAutoDestroy>>;BaseRefCount<1>;RefCountBaseT<1>;NetworkSimpleObject;CountInstances<Object>;EPEItem;TLinkBidir<1>;NoCopy;Animated	MI
EntityCustomValueAnimator<Vector3P>	.?AV?$EntityCustomValueAnimator@VVector3P@@@@	0x1c1f7b8,0x1c20460@24,0x1c20488@48	404,4,23	Entity	Entity;ObjectTyped;Object;NetworkObject;RemoveSoftLinks<SoftLinkIdTraits<ObjectId,ObjectIdAutoDestroy>>;BaseRefCount<1>;RefCountBaseT<1>;NetworkSimpleObject;CountInstances<Object>;EPEItem;TLinkBidir<1>;NoCopy;Animated	MI
EntityDynamicSimulation	.?AVEntityDynamicSimulation@@	0x1acc680	4	SerializeClass	SerializeClass	
EntityDynamicSimulation::DebugSimulationTimes	.?AUDebugSimulationTimes@EntityDynamicSimulation@@					no-col
EntityDynamicSimulation::EntityItem	.?AUEntityItem@EntityDynamicSimulation@@	0x1acc630	4	EntityDynamicSimulation::DebugSimulationTimes;SerializeClass	EntityDynamicSimulation::DebugSimulationTimes;SerializeClass	MI
EntityDynamicSimulation::GroupItem	.?AUGroupItem@EntityDynamicSimulation@@	0x1acc658	4	EntityDynamicSimulation::DebugSimulationTimes;SerializeClass	EntityDynamicSimulation::DebugSimulationTimes;SerializeClass	MI
EntityDynamicSimulation::UpdateGridJob	.?AUUpdateGridJob@EntityDynamicSimulation@@	0x1c7a298	2	Job	Job	
EntityInternalType	.?AVEntityInternalType@@	0x1c1b048,0x1c1b188@24,0x1c1b1c0@32	39,6,2	EntityType	EntityType;RemoveLLinks;BaseRefCount<1>;RefCountBaseT<1>;LODShapeLoadHandler;AnimatedType;LinkBidirWithFrameStoreT<FrameStoreTraits>;TLinkBidir<2>;NoCopy	MI
EntityList	.?AVEntityList@@	0x1c7a4d8	4	RefArray<Entity,MemAllocD>;SerializeClass	RefArray<Entity,MemAllocD>;FindArrayKey<Ref<Entity>,RefArrayKeyTraits<Entity>,MemAllocD>;AutoArray<Ref<Entity>,MemAllocD>;Array<Ref<Entity>>;MemAllocD;SerializeClass	MI
EntityMassAnimator	.?AVEntityMassAnimator@@	0x1c1ea18,0x1c1f6c0@24,0x1c1f6e8@48	404,4,23	EntityCustomValueAnimator<float>	EntityCustomValueAnimator<float>;Entity;ObjectTyped;Object;NetworkObject;RemoveSoftLinks<SoftLinkIdTraits<ObjectId,ObjectIdAutoDestroy>>;BaseRefCount<1>;RefCountBaseT<1>;NetworkSimpleObject;CountInstances<Object>;EPEItem;TLinkBidir<1>;NoCopy;Animated	MI
EntityMTSimJob	.?AVEntityMTSimJob@@	0x1c7b6d8	2	enf::Job	enf::Job;enf::JobCommon;enf::JobCore	
EntityPlainType	.?AVEntityPlainType@@	0x1c1ad28,0x1c1ae68@24,0x1c1aea0@32	39,6,2	EntityType	EntityType;RemoveLLinks;BaseRefCount<1>;RefCountBaseT<1>;LODShapeLoadHandler;AnimatedType;LinkBidirWithFrameStoreT<FrameStoreTraits>;TLinkBidir<2>;NoCopy	MI
EntityPlainTypeNoProxy	.?AVEntityPlainTypeNoProxy@@	0x1c1aeb8,0x1c1aff8@24,0x1c1b030@32	39,6,2	EntityPlainType	EntityPlainType;EntityType;RemoveLLinks;BaseRefCount<1>;RefCountBaseT<1>;LODShapeLoadHandler;AnimatedType;LinkBidirWithFrameStoreT<FrameStoreTraits>;TLinkBidir<2>;NoCopy	MI
EntitySimple	.?AVEntitySimple@@	0x1b8dad8,0x1b8e760@24,0x1b8e788@48	400,4,23	Entity	Entity;ObjectTyped;Object;NetworkObject;RemoveSoftLinks<SoftLinkIdTraits<ObjectId,ObjectIdAutoDestroy>>;BaseRefCount<1>;RefCountBaseT<1>;NetworkSimpleObject;CountInstances<Object>;EPEItem;TLinkBidir<1>;NoCopy;Animated	MI
EntitySimpleType	.?AVEntitySimpleType@@	0x1b8d948,0x1b8da88@24,0x1b8dac0@32	39,6,2	EntityPlainType	EntityPlainType;EntityType;RemoveLLinks;BaseRefCount<1>;RefCountBaseT<1>;LODShapeLoadHandler;AnimatedType;LinkBidirWithFrameStoreT<FrameStoreTraits>;TLinkBidir<2>;NoCopy	MI
EntitySimpleTypeBank	.?AVEntitySimpleTypeBank@@	0x1b8d840	10	BankArrayCached<EntitySimpleType,EntitySimpleTypeTraits,EntitySimpleTypeTraitsExt>	BankArrayCached<EntitySimpleType,EntitySimpleTypeTraits,EntitySimpleTypeTraitsExt>;BankArray<EntitySimpleType,EntitySimpleTypeTraits,EntitySimpleTypeTraitsExt>;MapStringToClass<Ref<EntitySimpleType>,AutoArray<Ref<EntitySimpleType>,MemAllocD>,EntitySimpleTypeTraits::EntitySimpleTypeMapHashTraits,MemAllocD>;MemAllocD;EntitySimpleTypeTraitsExt;MemoryFreeOnDemandHelper;IMemoryFreeOnDemand;TLinkBidir<0>;NoCopy	MI
EntitySimpleTypeTraitsExt	.?AUEntitySimpleTypeTraitsExt@@					no-col
EntityType	.?AVEntityType@@	0x1c1ab98,0x1c1acd8@24,0x1c1ad10@32	39,6,2	RemoveLLinks;LODShapeLoadHandler;AnimatedType;LinkBidirWithFrameStoreT<FrameStoreTraits>	RemoveLLinks;BaseRefCount<1>;RefCountBaseT<1>;LODShapeLoadHandler;AnimatedType;LinkBidirWithFrameStoreT<FrameStoreTraits>;TLinkBidir<2>;NoCopy	MI
EntityVisualState	.?AVEntityVisualState@@	0x1b283c0,0x1b28478@64	22,3	ObjectVisualState	ObjectVisualState;FrameBase;Frame;Matrix4P;BaseRefCount<1>;RefCountBaseT<1>	MI
EnvelopeInventoryObject	.?AUEnvelopeInventoryObject@@	0x1ced020	5	IEnvelope	IEnvelope	
EnvSpatialSoundManager::Env3DSoundSource	.?AUEnv3DSoundSource@EnvSpatialSoundManager@@	0x1b5a3e0	3	BaseRefCount<0>	BaseRefCount<0>;RefCountBaseT<0>	
EnvSPCallback	.?AUEnvSPCallback@@	0x1b5a4e0	4	Sound::SurroundPanner::Callback	Sound::SurroundPanner::Callback;BaseRefCount<1>;RefCountBaseT<1>	
EPEAllocatorCallbackPhysx3	.?AVEPEAllocatorCallbackPhysx3@@	0x1b90b78	3	physx::PxAllocatorCallback	physx::PxAllocatorCallback	
EPEContactModifyCCDPhysx3	.?AVEPEContactModifyCCDPhysx3@@	0x1b90bf0	2	physx::PxCCDContactModifyCallback	physx::PxCCDContactModifyCallback	
EPEContactModifyPhysx3	.?AVEPEContactModifyPhysx3@@	0x1b90bd8	2	physx::PxContactModifyCallback	physx::PxContactModifyCallback	
EPECookedMeshes	.?AVEPECookedMeshes@@	0x1b44940	11	BaseRefCount<1>	BaseRefCount<1>;RefCountBaseT<1>	
EPECookedMeshesPhysx3	.?AVEPECookedMeshesPhysx3@@	0x1b915c8	11	EPECookedMeshes	EPECookedMeshes;BaseRefCount<1>;RefCountBaseT<1>	
EPECookedMeshesPhysx3::Item	.?AUItem@EPECookedMeshesPhysx3@@	0x1b915a8	3	BaseRefCount<1>	BaseRefCount<1>;RefCountBaseT<1>	
EPECookingInterface	.?AVEPECookingInterface@@	0x1b44900	7			
EPECookingInterfacePhysx3	.?AVEPECookingInterfacePhysx3@@	0x1b90c80	7	EPECookingInterface	EPECookingInterface	
EPEEventCallbackPhysx3	.?AVEPEEventCallbackPhysx3@@	0x1b90b98	7	physx::PxSimulationEventCallback	physx::PxSimulationEventCallback	
EPEInterface	.?AVEPEInterface@@	0x1b454b8	67			
EPEItem	.?AVEPEItem@@	0x1b90908	23	TLinkBidir<1>	TLinkBidir<1>;NoCopy	
EPEItemEx	.?AVEPEItemEx@@	0x1cde590	23	EPEItem;BaseRefCount<1>	EPEItem;TLinkBidir<1>;NoCopy;BaseRefCount<1>;RefCountBaseT<1>	MI
EPELateCommand	.?AVEPELateCommand@@					no-col
EPELCDeleteActor	.?AVEPELCDeleteActor@@					no-col
EPELCDeleteActorPhysx3	.?AVEPELCDeleteActorPhysx3@@	0x1b441d0	7	EPELCDeleteActor	EPELCDeleteActor;EPELateCommand;BaseRefCount<1>;RefCountBaseT<1>	
EPELCDeleteJoint	.?AVEPELCDeleteJoint@@					no-col
EPELCDeleteJointPhysx3	.?AVEPELCDeleteJointPhysx3@@	0x1b44788	7	EPELCDeleteJoint	EPELCDeleteJoint;EPELateCommand;BaseRefCount<1>;RefCountBaseT<1>	
EPEManager	.?AVEPEManager@@	0x1b449a0	20			
EPEManagerPhysx3	.?AVEPEManagerPhysx3@@	0x1b44a88	20	EPEManager	EPEManager	
EPEMaterialItem	.?AVEPEMaterialItem@@					no-col
EPEMaterialItemPhysx3	.?AVEPEMaterialItemPhysx3@@	0x1b44a48	7	EPEMaterialItem	EPEMaterialItem;BaseRefCount<1>;RefCountBaseT<1>	
EPEOutputStreamPhysx3	.?AVEPEOutputStreamPhysx3@@	0x1b90b60	2	physx::PxErrorCallback	physx::PxErrorCallback	
EPERagDoll	.?AVEPERagDoll@@	0x1cde8b8,0x1cde8f8@16	7,4	BaseRefCount<1>;SerializeClass	BaseRefCount<1>;RefCountBaseT<1>;SerializeClass	MI
EPERagDoll::DroppedWeapon	.?AUDroppedWeapon@EPERagDoll@@	0x1cde868	4	SerializeClass	SerializeClass	
EPERagDoll::ForceInfo	.?AUForceInfo@EPERagDoll@@	0x1cde890	4	SerializeClass	SerializeClass	
EPERagDoll::LinkBoneInfo	.?AULinkBoneInfo@EPERagDoll@@	0x1cde818	4	SerializeClass	SerializeClass	
EPERagDoll::SimulationPars	.?AVSimulationPars@EPERagDoll@@	0x1cde840	4	SerializeClass	SerializeClass	
EPERagDollAttachJoint	.?AVEPERagDollAttachJoint@@	0x1b45be0	7	BaseRefCount<1>	BaseRefCount<1>;RefCountBaseT<1>	
EPERagDollAttachJointPhysx3	.?AVEPERagDollAttachJointPhysx3@@	0x1b45db0	7	EPERagDollAttachJoint	EPERagDollAttachJoint;BaseRefCount<1>;RefCountBaseT<1>	
EPERagDollBoneInfo	.?AVEPERagDollBoneInfo@@	0x1cdf328	7	BaseRefCount<1>	BaseRefCount<1>;RefCountBaseT<1>	
EPERagDollBoneInfoPhysx3	.?AVEPERagDollBoneInfoPhysx3@@	0x1b453b0	7	EPERagDollBoneInfo	EPERagDollBoneInfo;BaseRefCount<1>;RefCountBaseT<1>	
EPERagDollItem	.?AVEPERagDollItem@@	0x1cde678,0x1cde770@96,0x1cde790@112	30,3,4	EPEItemEx;SerializeClass	EPEItemEx;EPEItem;TLinkBidir<1>;NoCopy;BaseRefCount<1>;RefCountBaseT<1>;SerializeClass	MI
EPERagDollItem::SerializeStuff	.?AUSerializeStuff@EPERagDollItem@@	0x1b45bc0	3	BaseRefCount<1>	BaseRefCount<1>;RefCountBaseT<1>	
EPERagDollItem::VisualState	.?AVVisualState@EPERagDollItem@@	0x1cde650	4	SerializeClass	SerializeClass	
EPERagDollItemPhysx3	.?AVEPERagDollItemPhysx3@@	0x1b45c20,0x1b45d18@96,0x1b45d38@112	30,3,4	EPERagDollItem	EPERagDollItem;EPEItemEx;EPEItem;TLinkBidir<1>;NoCopy;BaseRefCount<1>;RefCountBaseT<1>;SerializeClass	MI
EPERagDollJoint	.?AVEPERagDollJoint@@	0x1cde7b8	9	BaseRefCount<1>	BaseRefCount<1>;RefCountBaseT<1>	
EPERagDollJointInfo	.?AVEPERagDollJointInfo@@	0x1cdf368	12	BaseRefCount<1>	BaseRefCount<1>;RefCountBaseT<1>	
EPERagDollJointInfoPhysx3	.?AVEPERagDollJointInfoPhysx3@@	0x1b46058	12	EPERagDollJointInfo	EPERagDollJointInfo;BaseRefCount<1>;RefCountBaseT<1>	
EPERagDollJointPhysx3	.?AVEPERagDollJointPhysx3@@	0x1b45d60	9	EPERagDollJoint	EPERagDollJoint;BaseRefCount<1>;RefCountBaseT<1>	
EPERagDollPhysx3	.?AVEPERagDollPhysx3@@	0x1b453f0,0x1b45430@16	7,4	EPERagDoll	EPERagDoll;BaseRefCount<1>;RefCountBaseT<1>;SerializeClass	MI
EPERagDollSource	.?AVEPERagDollSource@@	0x1cdf3f0	6	BaseRefCount<1>	BaseRefCount<1>;RefCountBaseT<1>	
EPERagDollSource::BlendMask	.?AVBlendMask@EPERagDollSource@@	0x1cdf3d0	3	BaseRefCount<1>	BaseRefCount<1>;RefCountBaseT<1>	
EPESDKHolder	.?AVEPESDKHolder@@	0x1b45828	14			
EvalDoNotInterrupt	.?AVEvalDoNotInterrupt@@	0x1a9d4f0	2	IEvalInterrupt	IEvalInterrupt	
EvalTimeInterrupt	.?AVEvalTimeInterrupt@@	0x1aa4128	2	IEvalInterrupt	IEvalInterrupt	
Evaluator	.?AVEvaluator@@	0x1a9bee0	11			
EvaluatorFunctions	.?AVEvaluatorFunctions@@	0x1a9bf40	2			
EventApplyDoDammage	.?AVEventApplyDoDammage@@	0x1c55d28	4	IPostponedEvent	IPostponedEvent;BaseRefCount<1>;RefCountBaseT<1>	
EventGroupCommandChanged	.?AVEventGroupCommandChanged@@	0x1cb2740	4	IPostponedEvent	IPostponedEvent;BaseRefCount<1>;RefCountBaseT<1>	
EventHandlerArgs	.?AVEventHandlerArgs@@					no-col
EventHandlerArgsSerialized	.?AVEventHandlerArgsSerialized@@					no-col
EventHandlerArgsSerialized_AutoArrayWithIDCompat	.?AVEventHandlerArgsSerialized_AutoArrayWithIDCompat@@	0x1b406e0	4	EventHandlerArgsSerialized	EventHandlerArgsSerialized;EventHandlerArgs;EventHandlerBase;SerializeClass	MI
EventHandlerBase	.?AVEventHandlerBase@@					no-col
EventHandlerContainer<EventHandlerArgsSerialized_AutoArrayWithIDCompat>	.?AV?$EventHandlerContainer@VEventHandlerArgsSerialized_AutoArrayWithIDCompat@@@@					no-col
EventHandlerContainer<EventHandlerSerialized>	.?AV?$EventHandlerContainer@VEventHandlerSerialized@@@@					no-col
EventHandlerContainer<EventHandlerSerialized_AutoArrayWithIDCompat>	.?AV?$EventHandlerContainer@VEventHandlerSerialized_AutoArrayWithIDCompat@@@@					no-col
EventHandlerContainerSerialized<EventHandlerArgsSerialized_AutoArrayWithIDCompat>	.?AV?$EventHandlerContainerSerialized@VEventHandlerArgsSerialized_AutoArrayWithIDCompat@@@@					no-col
EventHandlerContainerSerialized<EventHandlerSerialized>	.?AV?$EventHandlerContainerSerialized@VEventHandlerSerialized@@@@	0x1a7d008	4	EventHandlerContainer<EventHandlerSerialized>;SerializeClass	EventHandlerContainer<EventHandlerSerialized>;SerializeClass	MI
EventHandlerContainerSerialized<EventHandlerSerialized_AutoArrayWithIDCompat>	.?AV?$EventHandlerContainerSerialized@VEventHandlerSerialized_AutoArrayWithIDCompat@@@@					no-col
EventHandlerContainerSerialized_AutoArrayWithIDCompat<EventHandlerArgsSerialized_AutoArrayWithIDCompat>	.?AV?$EventHandlerContainerSerialized_AutoArrayWithIDCompat@VEventHandlerArgsSerialized_AutoArrayWithIDCompat@@@@	0x1c7a238	4	EventHandlerContainerSerialized<EventHandlerArgsSerialized_AutoArrayWithIDCompat>	EventHandlerContainerSerialized<EventHandlerArgsSerialized_AutoArrayWithIDCompat>;EventHandlerContainer<EventHandlerArgsSerialized_AutoArrayWithIDCompat>;SerializeClass	MI
EventHandlerContainerSerialized_AutoArrayWithIDCompat<EventHandlerSerialized_AutoArrayWithIDCompat>	.?AV?$EventHandlerContainerSerialized_AutoArrayWithIDCompat@VEventHandlerSerialized_AutoArrayWithIDCompat@@@@	0x1c656d8	4	EventHandlerContainerSerialized<EventHandlerSerialized_AutoArrayWithIDCompat>	EventHandlerContainerSerialized<EventHandlerSerialized_AutoArrayWithIDCompat>;EventHandlerContainer<EventHandlerSerialized_AutoArrayWithIDCompat>;SerializeClass	MI
EventHandlerGroupContainer_DynArray<EventHandlerContainer_UI,enum ControlEvent>	.?AV?$EventHandlerGroupContainer_DynArray@VEventHandlerContainer_UI@@W4ControlEvent@@@@					no-col
EventHandlerGroupContainer_DynArray<EventHandlerContainerSerialized<EventHandlerSerialized>,enum AmmoEvent>	.?AV?$EventHandlerGroupContainer_DynArray@V?$EventHandlerContainerSerialized@VEventHandlerSerialized@@@@W4AmmoEvent@@@@					no-col
EventHandlerGroupContainer_DynArray<EventHandlerContainerSerialized<EventHandlerSerialized>,enum AudioEvent>	.?AV?$EventHandlerGroupContainer_DynArray@V?$EventHandlerContainerSerialized@VEventHandlerSerialized@@@@W4AudioEvent@@@@					no-col
EventHandlerGroupContainer_DynArray<EventHandlerContainerSerialized<EventHandlerSerialized>,enum GroupEvent>	.?AV?$EventHandlerGroupContainer_DynArray@V?$EventHandlerContainerSerialized@VEventHandlerSerialized@@@@W4GroupEvent@@@@					no-col
EventHandlerGroupContainer_Entity	.?AVEventHandlerGroupContainer_Entity@@	0x1c4be18	4	SerializeClass	SerializeClass	
EventHandlerGroupContainer_Serialized<EventHandlerContainerSerialized<EventHandlerSerialized>,enum AmmoEvent>	.?AV?$EventHandlerGroupContainer_Serialized@V?$EventHandlerContainerSerialized@VEventHandlerSerialized@@@@W4AmmoEvent@@@@	0x1c0f968	4	EventHandlerGroupContainer_DynArray<EventHandlerContainerSerialized<EventHandlerSerialized>,enum AmmoEvent>;SerializeClass	EventHandlerGroupContainer_DynArray<EventHandlerContainerSerialized<EventHandlerSerialized>,enum AmmoEvent>;SerializeClass	MI
EventHandlerGroupContainer_Serialized<EventHandlerContainerSerialized<EventHandlerSerialized>,enum AudioEvent>	.?AV?$EventHandlerGroupContainer_Serialized@V?$EventHandlerContainerSerialized@VEventHandlerSerialized@@@@W4AudioEvent@@@@					no-col
EventHandlerGroupContainer_Serialized<EventHandlerContainerSerialized<EventHandlerSerialized>,enum GroupEvent>	.?AV?$EventHandlerGroupContainer_Serialized@V?$EventHandlerContainerSerialized@VEventHandlerSerialized@@@@W4GroupEvent@@@@	0x1cabe38	4	EventHandlerGroupContainer_DynArray<EventHandlerContainerSerialized<EventHandlerSerialized>,enum GroupEvent>;SerializeClass	EventHandlerGroupContainer_DynArray<EventHandlerContainerSerialized<EventHandlerSerialized>,enum GroupEvent>;SerializeClass	MI
EventHandlerGroupContainer_Simple<EventHandlerContainer<EventHandlerBase>,60,enum Editor3D::E3DEvents>	.?AV?$EventHandlerGroupContainer_Simple@V?$EventHandlerContainer@VEventHandlerBase@@@@$0DM@W4E3DEvents@Editor3D@@@@	0x1b22450	2			
EventHandlerGroupContainer_Simple<EventHandlerContainer<NetworkServer::EventHandlerServer>,13,enum ServerEvent>	.?AV?$EventHandlerGroupContainer_Simple@V?$EventHandlerContainer@VEventHandlerServer@NetworkServer@@@@$0N@W4ServerEvent@@@@	0x1bb4510	2			
EventHandlerGroupContainer_Simple<EventHandlerContainer_UI,13,enum DisplayEvent>	.?AV?$EventHandlerGroupContainer_Simple@VEventHandlerContainer_UI@@$0N@W4DisplayEvent@@@@	0x1cc3be8	2			
EventHandlerGroupContainer_Simple<EventHandlerContainerSerialized_AutoArrayWithIDCompat<EventHandlerArgsSerialized_AutoArrayWithIDCompat>,55,enum MissionEvent>	.?AV?$EventHandlerGroupContainer_Simple@V?$EventHandlerContainerSerialized_AutoArrayWithIDCompat@VEventHandlerArgsSerialized_AutoArrayWithIDCompat@@@@$0DH@W4MissionEvent@@@@	0x1c7a260	2			
EventHandlerSerialized	.?AVEventHandlerSerialized@@	0x1a7cfd8	4	EventHandlerBase;SerializeClass	EventHandlerBase;SerializeClass	MI
EventHandlerSerialized_AutoArrayWithIDCompat	.?AVEventHandlerSerialized_AutoArrayWithIDCompat@@	0x1c65690	4	EventHandlerSerialized	EventHandlerSerialized;EventHandlerBase;SerializeClass	MI
EventLoadIdentity	.?AVEventLoadIdentity@@	0x1cab5b8	4	IPostponedEvent	IPostponedEvent;BaseRefCount<1>;RefCountBaseT<1>	
EventOnSetObjectMaterial	.?AVEventOnSetObjectMaterial@@	0x1ba9538	4	IPostponedEvent	IPostponedEvent;BaseRefCount<1>;RefCountBaseT<1>	
EventOnSetObjectTexture	.?AVEventOnSetObjectTexture@@	0x1ba9510	4	IPostponedEvent	IPostponedEvent;BaseRefCount<1>;RefCountBaseT<1>	
EventOnUserSelectedPlayer	.?AVEventOnUserSelectedPlayer@@	0x1bb52f8	4	IPostponedEvent	IPostponedEvent;BaseRefCount<1>;RefCountBaseT<1>	
EventRetBoolCallDC	.?AVEventRetBoolCallDC@@	0x1ba95c0	4	IPostponedEvent	IPostponedEvent;BaseRefCount<1>;RefCountBaseT<1>	
EventRetBoolCallFA	.?AVEventRetBoolCallFA@@	0x1b38298	4	IPostponedEvent	IPostponedEvent;BaseRefCount<1>;RefCountBaseT<1>	
EventRetBoolCallHP	.?AVEventRetBoolCallHP@@	0x1b382c0	4	IPostponedEvent	IPostponedEvent;BaseRefCount<1>;RefCountBaseT<1>	
EventRetVector3CallP	.?AVEventRetVector3CallP@@	0x1ba95f8	4	IPostponedEvent	IPostponedEvent;BaseRefCount<1>;RefCountBaseT<1>	
EventRetVector3CallT	.?AVEventRetVector3CallT@@	0x1ba9730	4	IPostponedEvent	IPostponedEvent;BaseRefCount<1>;RefCountBaseT<1>	
EventVoidCall	.?AVEventVoidCall@@	0x1c50fc8	4	IPostponedEvent	IPostponedEvent;BaseRefCount<1>;RefCountBaseT<1>	
EventVoNTransmitStateChanged	.?AVEventVoNTransmitStateChanged@@	0x1ba8da8,0x1ba8dc0@24	2,3	World::PostUIJob	World::PostUIJob;Job;BaseRefCount<1>;RefCountBaseT<1>	MI
ExampleHumidityCallback	.?AVExampleHumidityCallback@@	0x1cea7c8	1	simul::clouds::HumidityCallbackInterface	simul::clouds::HumidityCallbackInterface	
Explosion	.?AVExplosion@@	0x1c28c88,0x1c29908@24,0x1c29930@48	399,4,23	Entity	Entity;ObjectTyped;Object;NetworkObject;RemoveSoftLinks<SoftLinkIdTraits<ObjectId,ObjectIdAutoDestroy>>;BaseRefCount<1>;RefCountBaseT<1>;NetworkSimpleObject;CountInstances<Object>;EPEItem;TLinkBidir<1>;NoCopy;Animated	MI
ExtendedBoolResult<AutoArray<int,MemAllocD>>	.?AV?$ExtendedBoolResult@V?$AutoArray@HVMemAllocD@@@@@@					no-col
ExtendedBoolResult<AutoArray<RStringCT<char>,MemAllocD>>	.?AV?$ExtendedBoolResult@V?$AutoArray@V?$RStringCT@D@@VMemAllocD@@@@@@	0x1b44028	4	D::AEBV?$RStringCT::ExtendedResult<bool,0,AutoArray<RStringCT<char>,MemAllocD>,AutoArrayTrait<RStringCT<char>>,&AutoArrayTrait<RStringCT<char>>::StoreInfo>	D::AEBV?$RStringCT::ExtendedResult<bool,0,AutoArray<RStringCT<char>,MemAllocD>,AutoArrayTrait<RStringCT<char>>,&AutoArrayTrait<RStringCT<char>>::StoreInfo>;IStringifyPolicy<AutoArrayTrait<RStringCT<char>>,RStringCT<char>>	
ExtensionInfo	.?AUExtensionInfo@@	0x1b2bcb0	3	BaseRefCount<1>	BaseRefCount<1>;RefCountBaseT<1>	
ExternNoise	.?AVExternNoise@@	0x1bdfca0	3	BaseRefCount<1>	BaseRefCount<1>;RefCountBaseT<1>	
ExternNoisePars	.?AUExternNoisePars@@	0x1bd8138	3	BaseRefCount<1>	BaseRefCount<1>;RefCountBaseT<1>	
ExtractText	.?AVExtractText@@	0x1cef390	2	IKBArgumentFunc	IKBArgumentFunc	
ExtractUIText	.?AVExtractUIText@@	0x1cef538	2	IKBArgumentFunc	IKBArgumentFunc	
EyeXTracker	.?AVEyeXTracker@@	0x1cdda68	9	MovementTracker	MovementTracker	
FaceData	.?AVFaceData@@	0x1c3f468	3	BaseRefCount<1>	BaseRefCount<1>;RefCountBaseT<1>	
FCSAutoHoverTOH	.?AVFCSAutoHoverTOH@@	0x1be0848,0x1be0888@240,0x1be08b0@256	7,4,12	RTD::FCSRotationDamper	RTD::FCSRotationDamper;RTD::ControlSystemComponentBase;RTD::ModelComponentBase;RTD::SimulationVariableUser;RTD::Named;RTD::Base	MI,VI
FDMHelicpterConfig	.?AVFDMHelicpterConfig@@	0x1be0940	5	RotorLibFDM::GenHeli600::ConfigParams	RotorLibFDM::GenHeli600::ConfigParams;RTD::VehicleBase::ConfigParams;RTD::EntityBase::ConfigParams	
FGGroundContact200Arma	.?AVFGGroundContact200Arma@@	0x1be05e0,0x1be0700@24,0x1be0770@400,0x1be0798@4392,0x1be07c0@4408	35,13,4,4,12	RTD::FGGroundContact200	RTD::FGGroundContact200;RTD::FGGroundContactBase;RTD::ModelComponentBase;RTD::SimulationVariableUser;RTD::Named;RTD::Base;RTD::ForceGenerator;RTD::SimulationVariableUser;RTD::Named;RTD::Base;RTD::TraitDriveTrainConnection	MI,VI
FilebankLoader	.?AVFilebankLoader@@					no-col
FileBufferError	.?AVFileBufferError@@	0x1aa4820	14	IFileBuffer	IFileBuffer;BaseRefCount<1>;RefCountBaseT<1>	
FileBufferLoad	.?AVFileBufferLoad@@	0x1aa4930	14	FileBufferLoading	FileBufferLoading;IFileBuffer;BaseRefCount<1>;RefCountBaseT<1>	
FileBufferLoading	.?AVFileBufferLoading@@	0x1aa48b8	14	IFileBuffer	IFileBuffer;BaseRefCount<1>;RefCountBaseT<1>	
FileBufferMemory	.?AVFileBufferMemory@@	0x1aa4278	14	IFileBuffer	IFileBuffer;BaseRefCount<1>;RefCountBaseT<1>	
FileBufferSub	.?AVFileBufferSub@@	0x1aa4a20	14	IFileBuffer	IFileBuffer;BaseRefCount<1>;RefCountBaseT<1>	
FileLoader<16>	.?AV?$FileLoader@$0BA@@@	0x1a95020	6	FilebankLoader;NoCopy	FilebankLoader;BaseRefCount<1>;RefCountBaseT<1>;NoCopy	MI
FileLoader<32>	.?AV?$FileLoader@$0CA@@@	0x1a95090	6	FilebankLoader;NoCopy	FilebankLoader;BaseRefCount<1>;RefCountBaseT<1>;NoCopy	MI
FileMakeFunctions	.?AVFileMakeFunctions@@	0x1ce0578	2			
FilePreprocessor	.?AVFilePreprocessor@@	0x1aa5828,0x1aa5858@216	5,4	Preproc;DebugLogContext::internal::IDebugLogContext	Preproc;NoCopy;DebugLogContext::internal::IDebugLogContext	MI
FileReqRef	.?AUFileReqRef@@					no-col
FileRequest	.?AVFileRequest@@	0x1aad1f0	3	FileReqRef;CountInstances<FileRequest>	FileReqRef;BaseRefCount<1>;RefCountBaseT<1>;CountInstances<FileRequest>	MI
FileRequestCompletionRefCount	.?AUFileRequestCompletionRefCount@@	0x1a945c0	3	BaseRefCount<1>	BaseRefCount<1>;RefCountBaseT<1>	
FileRequests	.?AVFileRequests@@	0x1a94618	3	BaseRefCount<1>	BaseRefCount<1>;RefCountBaseT<1>	
FileServer	.?AVFileServer@@					no-col
FileServerActObj	.?AVFileServerActObj@@	0x1a94650	2	ActiveObject<FileServerAsync,1>	ActiveObject<FileServerAsync,1>;FileServerAsync	
FileServerActObjImpl	.?AVFileServerActObjImpl@@	0x1a946e8,0x1a94700@176	2,16	FileServerActObj;QIFileServerFunctions	FileServerActObj;ActiveObject<FileServerAsync,1>;FileServerAsync;QIFileServerFunctions	MI
FileServerAsync	.?AVFileServerAsync@@	0x1a94600	2			
FileServerFunctions	.?AVFileServerFunctions@@	0x1c57b80	5			
FileServerGameFunctions	.?AVFileServerGameFunctions@@	0x1c57bb0	5	FileServerFunctions	FileServerFunctions	
FileServerST	.?AVFileServerST@@	0x1aacfd0,0x1aad0f8@16,0x1aad180@24,0x1aad198@32	36,16,2,10	FileServer;QIFileServerFunctions;QIFileWriteFunctions;MemoryFreeOnDemandHelper	FileServer;BaseRefCount<1>;RefCountBaseT<1>;QIFileServerFunctions;QIFileWriteFunctions;MemoryFreeOnDemandHelper;IMemoryFreeOnDemand;TLinkBidir<0>;NoCopy	MI
FileServerST::FileInCache	.?AVFileInCache@FileServerST@@	0x1aacfb0	3	BaseRefCount<1>;LinkBidirWithFrameStoreT<FrameStoreTraits>	BaseRefCount<1>;RefCountBaseT<1>;LinkBidirWithFrameStoreT<FrameStoreTraits>;TLinkBidir<2>;NoCopy	MI
FileWriterThread	.?AVFileWriterThread@@	0x1aaa8f0	2	AsyncLoggerResizable	AsyncLoggerResizable;AsyncLogger<LocklessRingbuffer<AsyncLoggerBufferString<1024>*>,1024,1024>	
FillMagazineArrayHelper<AutoArray<Ref<const Magazine>,MemAllocSA>,const Magazine>	.?AV?$FillMagazineArrayHelper@V?$AutoArray@V?$Ref@$$CBVMagazine@@@@VMemAllocSA@@@@$$CBVMagazine@@@@	0x1cee828	2	ObjectFunctor::IObjectFunctor	ObjectFunctor::IObjectFunctor	
FillMagazineArrayHelper<AutoArray<Ref<Magazine>,MemAllocSA>,Magazine>	.?AV?$FillMagazineArrayHelper@V?$AutoArray@V?$Ref@VMagazine@@@@VMemAllocSA@@@@VMagazine@@@@	0x1cee810	2	ObjectFunctor::IObjectFunctor	ObjectFunctor::IObjectFunctor	
FillTurrets	.?AVFillTurrets@@	0x1acd5d8	2	ITurretFunc	ITurretFunc	
FillTurretsE3DEN	.?AUFillTurretsE3DEN@@	0x1b22b78	2	ITurretFunc	ITurretFunc	
FilterNonPerson	.?AVFilterNonPerson@@	0x1b31748	2	IntersectionFilter	IntersectionFilter	
FindAliveGunner	.?AVFindAliveGunner@@	0x1c46510	2	ITurretFunc	ITurretFunc	
FindAndDeleteDestroyedStruct	.?AUFindAndDeleteDestroyedStruct@@	0x1b89b58	1	CuratorCommander::CuratorAssignedUnitsFunctor	CuratorCommander::CuratorAssignedUnitsFunctor	
FindArray<Editor3D::SingleConnection<Editor3D::E3DItem,Editor3D::CustomConnectionData>,MemAllocD>	.?AV?$FindArray@U?$SingleConnection@VE3DItem@Editor3D@@UCustomConnectionData@2@@Editor3D@@VMemAllocD@@@@					no-col
FindArray<Editor3D::SingleConnection<Editor3D::E3DItem,enum Editor3D::ConnectionType::Type>,MemAllocD>	.?AV?$FindArray@U?$SingleConnection@VE3DItem@Editor3D@@W4Type@ConnectionType@2@@Editor3D@@VMemAllocD@@@@					no-col
FindArray<Ref<Light>,MemAllocLocal<Ref<Light>,32,int,MemAllocD>>	.?AV?$FindArray@V?$Ref@VLight@@@@V?$MemAllocLocal@V?$Ref@VLight@@@@$0CA@HVMemAllocD@@@@@@					no-col
FindArrayKey<const GameTypeType*,FindArrayKeyTraits<const GameTypeType*>,MemAllocD>	.?AV?$FindArrayKey@PEBUGameTypeType@@U?$FindArrayKeyTraits@PEBUGameTypeType@@@@VMemAllocD@@@@					no-col
FindArrayKey<Ref<const MagazineType>,RefArrayKeyTraits<const MagazineType>,MemAllocD>	.?AV?$FindArrayKey@V?$Ref@$$CBVMagazineType@@@@U?$RefArrayKeyTraits@$$CBVMagazineType@@@@VMemAllocD@@@@					no-col
FindArrayKey<Ref<ConvexComponent>,RefArrayKeyTraits<ConvexComponent>,MemAllocD>	.?AV?$FindArrayKey@V?$Ref@VConvexComponent@@@@U?$RefArrayKeyTraits@VConvexComponent@@@@VMemAllocD@@@@					no-col
FindArrayKey<Ref<DisplayGearFuturaBase::SPtrInfo<Control*>>,RefArrayKeyTraits<DisplayGearFuturaBase::SPtrInfo<Control*>>,MemAllocD>	.?AV?$FindArrayKey@V?$Ref@U?$SPtrInfo@PEAVControl@@@DisplayGearFuturaBase@@@@U?$RefArrayKeyTraits@U?$SPtrInfo@PEAVControl@@@DisplayGearFuturaBase@@@@VMemAllocD@@@@					no-col
FindArrayKey<Ref<Entity>,RefArrayKeyTraits<Entity>,MemAllocD>	.?AV?$FindArrayKey@V?$Ref@VEntity@@@@U?$RefArrayKeyTraits@VEntity@@@@VMemAllocD@@@@					no-col
FindArrayKey<Ref<NetworkMessageQueueItem>,RefArrayKeyTraits<NetworkMessageQueueItem>,MemAllocD>	.?AV?$FindArrayKey@V?$Ref@UNetworkMessageQueueItem@@@@U?$RefArrayKeyTraits@UNetworkMessageQueueItem@@@@VMemAllocD@@@@					no-col
FindArrayKey<Ref<Object>,RefArrayKeyTraits<Object>,MemAllocD>	.?AV?$FindArrayKey@V?$Ref@VObject@@@@U?$RefArrayKeyTraits@VObject@@@@VMemAllocD@@@@					no-col
FindArrayKey<Ref<Texture>,RefArrayKeyTraits<Texture>,MemAllocD>	.?AV?$FindArrayKey@V?$Ref@VTexture@@@@U?$RefArrayKeyTraits@VTexture@@@@VMemAllocD@@@@					no-col
FindAssignedGunner	.?AVFindAssignedGunner@@	0x1c46438	2	ITurretFunc	ITurretFunc	
FindAssignedGunnerVisualState	.?AVFindAssignedGunnerVisualState@@	0x1c46450	2	ITurretFuncV	ITurretFuncV	
FindCommander	.?AVFindCommander@@	0x1c462a0	2	ITurretFunc	ITurretFunc	
FindCommanderPlace	.?AVFindCommanderPlace@@	0x1c467f0	2	ITurretFunc	ITurretFunc	
FindFlagOwner	.?AVFindFlagOwner@@	0x1c467a8	2	ITurretFunc	ITurretFunc	
FindGlassesByTemplate	.?AVFindGlassesByTemplate@@	0x1cee7c8	2	ObjectFunctor::IObjectFunctor	ObjectFunctor::IObjectFunctor	
FindItemByItemID	.?AVFindItemByItemID@@	0x1cee798	2	ObjectFunctor::IObjectFunctor	ObjectFunctor::IObjectFunctor	
FindItemByName	.?AVFindItemByName@@	0x1cee768	2	ObjectFunctor::IObjectFunctor	ObjectFunctor::IObjectFunctor	
FindItemBySimulation	.?AVFindItemBySimulation@@	0x1cee780	2	ObjectFunctor::IObjectFunctor	ObjectFunctor::IObjectFunctor	
FindItemByTemplate	.?AVFindItemByTemplate@@	0x1cee7b0	2	ObjectFunctor::IObjectFunctor	ObjectFunctor::IObjectFunctor	
FindItemByType	.?AVFindItemByType@@	0x1cee750	2	ObjectFunctor::IObjectFunctor	ObjectFunctor::IObjectFunctor	
FindLastShotFunc	.?AVFindLastShotFunc@@	0x1c52c68	2	ITurretFunc	ITurretFunc	
FindMagazineByIdFunc	.?AVFindMagazineByIdFunc@@	0x1c51018	2	ITurretFunc	ITurretFunc	
FindMagazineByTypeFunc	.?AVFindMagazineByTypeFunc@@	0x1c51030	2	ITurretFunc	ITurretFunc	
FindMagazineFunc	.?AVFindMagazineFunc@@	0x1c50e48	2	ITurretFunc	ITurretFunc	
FindMaxCommander	.?AVFindMaxCommander@@	0x1b24cd0	2	ITurretTypeFunc	ITurretTypeFunc	
FindPlayerInVehicle	.?AUFindPlayerInVehicle@@	0x1b89780	2	ICrewFunc	ICrewFunc	
FindPrimaryGunnerTurretFunc	.?AVFindPrimaryGunnerTurretFunc@@	0x1c46480	2	ITurretFunc	ITurretFunc	
FindPrimaryGunnerTurretFuncEx	.?AVFindPrimaryGunnerTurretFuncEx@@	0x1c464b0	2	ITurretFuncEx	ITurretFuncEx	
FindPrimaryGunnerTurretFuncVisualState	.?AVFindPrimaryGunnerTurretFuncVisualState@@	0x1c46498	2	ITurretFuncV	ITurretFuncV	
FindPrimaryObserverTurretFunc	.?AVFindPrimaryObserverTurretFunc@@	0x1c464c8	2	ITurretFunc	ITurretFunc	
FindPrimaryObserverTurretFuncEx	.?AVFindPrimaryObserverTurretFuncEx@@	0x1c464f8	2	ITurretFuncEx	ITurretFuncEx	
FindPrimaryObserverTurretFuncVisualState	.?AVFindPrimaryObserverTurretFuncVisualState@@	0x1c464e0	2	ITurretFuncV	ITurretFuncV	
FindRemoteControlled	.?AVFindRemoteControlled@@	0x1ac11b8	2	ICrewFunc	ICrewFunc	
FindTurretByClassName	.?AUFindTurretByClassName@@	0x1c48d30	2	ITurretFunc	ITurretFunc	
FindTurretContextFunc	.?AVFindTurretContextFunc@@	0x1c46408	2	ITurretFunc	ITurretFunc	
FindTurretContextFuncVisualState	.?AVFindTurretContextFuncVisualState@@	0x1c46420	2	ITurretFuncV	ITurretFuncV	
FindTurretFunc	.?AVFindTurretFunc@@	0x1c463d8	2	ITurretFunc	ITurretFunc	
FindTurretFuncVisualState	.?AVFindTurretFuncVisualState@@	0x1c463f0	2	ITurretFuncV	ITurretFuncV	
FindTurretSpec	.?AVFindTurretSpec@@	0x1b38be8	2	ITurretFunc	ITurretFunc	
FindUnassignedTurretVisualState	.?AVFindUnassignedTurretVisualState@@	0x1c46468	2	ITurretFuncV	ITurretFuncV	
FindWeaponFunc	.?AVFindWeaponFunc@@	0x1c50df0	2	ITurretFunc	ITurretFunc	
FindWeaponsFunc	.?AVFindWeaponsFunc@@	0x1c4fbc0	2	ITurretFunc	ITurretFunc	
FireAngleInRangeFunc	.?AVFireAngleInRangeFunc@@	0x1b20550	2	ITurretFunc	ITurretFunc	
FireEffect	.?AVFireEffect@@	0x1c55b28	9	DamageEffect	DamageEffect;BaseRefCount<1>;RefCountBaseT<1>	
Fireplace	.?AVFireplace@@	0x1c57c88,0x1c590a8@24,0x1c590d0@48,0x1c59190@1464,0x1c591b0@1472	643,4,23,3,2	EntityAI	EntityAI;Entity;ObjectTyped;Object;NetworkObject;RemoveSoftLinks<SoftLinkIdTraits<ObjectId,ObjectIdAutoDestroy>>;BaseRefCount<1>;RefCountBaseT<1>;NetworkSimpleObject;CountInstances<Object>;EPEItem;TLinkBidir<1>;NoCopy;Animated;JoinedObject;IHasParentContainer	MI
FireTurretWeapon	.?AVFireTurretWeapon@@	0x1acd8c8	2	ITurretFunc	ITurretFunc	
Flag	.?AVFlag@@	0x1bcd808,0x1bce488@24,0x1bce4b0@48	399,4,23	Entity	Entity;ObjectTyped;Object;NetworkObject;RemoveSoftLinks<SoftLinkIdTraits<ObjectId,ObjectIdAutoDestroy>>;BaseRefCount<1>;RefCountBaseT<1>;NetworkSimpleObject;CountInstances<Object>;EPEItem;TLinkBidir<1>;NoCopy;Animated	MI
FlagCarrier	.?AVFlagCarrier@@	0x1bcf5f8,0x1bd0a18@24,0x1bd0a40@48,0x1bd0b00@1464,0x1bd0b20@1472	643,4,23,3,2	EntityAI	EntityAI;Entity;ObjectTyped;Object;NetworkObject;RemoveSoftLinks<SoftLinkIdTraits<ObjectId,ObjectIdAutoDestroy>>;BaseRefCount<1>;RefCountBaseT<1>;NetworkSimpleObject;CountInstances<Object>;EPEItem;TLinkBidir<1>;NoCopy;Animated;JoinedObject;IHasParentContainer	MI
FlagCarrierType	.?AVFlagCarrierType@@	0x1bcf2f8,0x1bcf580@24,0x1bcf5b8@32,0x1bcf5d0@752	80,6,2,4	EntityAIType	EntityAIType;EntityType;RemoveLLinks;BaseRefCount<1>;RefCountBaseT<1>;LODShapeLoadHandler;AnimatedType;LinkBidirWithFrameStoreT<FrameStoreTraits>;TLinkBidir<2>;NoCopy;ComponentHolderType<ComponentType>	MI
FlagEnum<enum Editor3D::Settings>	.?AU?$FlagEnum@W4Settings@Editor3D@@@@					no-col
FlagType	.?AVFlagType@@	0x1bcd678,0x1bcd7b8@24,0x1bcd7f0@32	39,6,2	EntityType	EntityType;RemoveLLinks;BaseRefCount<1>;RefCountBaseT<1>;LODShapeLoadHandler;AnimatedType;LinkBidirWithFrameStoreT<FrameStoreTraits>;TLinkBidir<2>;NoCopy	MI
Flare	.?AVFlare@@	0x1c169b0,0x1c176d8@24,0x1c17700@48	420,4,23	ShotShell	ShotShell;Shot;Entity;ObjectTyped;Object;NetworkObject;RemoveSoftLinks<SoftLinkIdTraits<ObjectId,ObjectIdAutoDestroy>>;BaseRefCount<1>;RefCountBaseT<1>;NetworkSimpleObject;CountInstances<Object>;EPEItem;TLinkBidir<1>;NoCopy;Animated	MI
FlashLightInfo	.?AUFlashLightInfo@@	0x1c768e8	3	BaseRefCount<1>	BaseRefCount<1>;RefCountBaseT<1>	
Font	.?AVFont@@	0x1c592c8	3	BaseRefCount<1>	BaseRefCount<1>;RefCountBaseT<1>	
FontWithSize	.?AVFontWithSize@@	0x1c592a8	3	BaseRefCount<1>	BaseRefCount<1>;RefCountBaseT<1>	
ForcedDescriptionExt	.?AVForcedDescriptionExt@@	0x1b1a910	7	IDescriptionExt	IDescriptionExt;BaseRefCount<1>;RefCountBaseT<1>	
ForceReactionToEnemyGroups	.?AVForceReactionToEnemyGroups@@	0x1c46910	2	ITurretFunc	ITurretFunc	
ForEachCrewF<BuildAllObjectsList>	.?AV?$ForEachCrewF@VBuildAllObjectsList@@@@	0x1b19f28	2	ICrewFunc	ICrewFunc	
ForEachCrewF<BuildAllObjectsListByType>	.?AV?$ForEachCrewF@VBuildAllObjectsListByType@@@@	0x1b19f40	2	ICrewFunc	ICrewFunc	
ForEachCrewF<DeleteVehicleCrewAll()::`2'::<lambda_1>>	.?AV?$ForEachCrewF@V<lambda_1>@?1??DeleteVehicleCrewAll@@YA?AVGameValue@@PEBVGameState@@AEBV3@@Z@@@	0x1aced50	2	ICrewFunc	ICrewFunc	
ForEachCrewF<EntityDynamicSimulation::DetectEnableRadius()::`7'::<lambda_1>>	.?AV?$ForEachCrewF@V<lambda_1>@?6??DetectEnableRadius@EntityDynamicSimulation@@IEAAMPEAVEntityAI@@@Z@@@	0x1acc6d8	2	ICrewFunc	ICrewFunc	
ForEachCrewF<EntityDynamicSimulation::Simulate()::`12'::<lambda_1>>	.?AV?$ForEachCrewF@V<lambda_1>@?M@??Simulate@EntityDynamicSimulation@@QEAAXXZ@@@	0x1acc6c0	2	ICrewFunc	ICrewFunc	
ForEachCrewF<EntityDynamicSimulation::UpdateGridBy()::`7'::<lambda_1>>	.?AV?$ForEachCrewF@V<lambda_1>@?6??UpdateGridBy@EntityDynamicSimulation@@QEAAXPEBVEntity@@@Z@@@	0x1acc6a8	2	ICrewFunc	ICrewFunc	
ForEachCrewF<GetEntitiesFiltered()::`2'::<lambda_1>>	.?AV?$ForEachCrewF@V<lambda_1>@?1??GetEntitiesFiltered@@YA?AVGameValue@@PEBVGameState@@AEBV3@@Z@@@	0x1acdda0	2	ICrewFunc	ICrewFunc	
ForEachCrewF<GetOutUnconsciousCrewActivity::`1'()::`2'::<lambda_1>>	.?AV?$ForEachCrewF@V<lambda_1>@?1???0GetOutUnconsciousCrewActivity@@QEAA@PEAVTransport@@@Z@@@	0x1b317b8	2	ICrewFunc	ICrewFunc	
ForEachCrewF<ScanNearEntitiesAreaOrMarker>	.?AV?$ForEachCrewF@VScanNearEntitiesAreaOrMarker@@@@	0x1ace658	2	ICrewFunc	ICrewFunc	
ForEachCrewF<ScanNearEntitiesTrigger>	.?AV?$ForEachCrewF@VScanNearEntitiesTrigger@@@@	0x1ace670	2	ICrewFunc	ICrewFunc	
ForEachCrewF<Transport::GetActions()::`181'::<lambda_1>>	.?AV?$ForEachCrewF@V<lambda_1>@?LF@??GetActions@Transport@@UEAAXAEAVUIActions@@PEAVAIBrain@@_N2@Z@@@	0x1c46808	2	ICrewFunc	ICrewFunc	
ForEachCrewF<Transport::GetGetInActions()::`19'::<lambda_1>>	.?AV?$ForEachCrewF@V<lambda_1>@?BD@??GetGetInActions@Transport@@QEAAXAEAVUIActions@@PEAVAIBrain@@_N2@Z@@@	0x1c46850	2	ICrewFunc	ICrewFunc	
ForestPlain	.?AVForestPlain@@	0x1c69e30,0x1c6a870@24,0x1c6a898@48	327,4,23	Object	Object;NetworkObject;RemoveSoftLinks<SoftLinkIdTraits<ObjectId,ObjectIdAutoDestroy>>;BaseRefCount<1>;RefCountBaseT<1>;NetworkSimpleObject;CountInstances<Object>;EPEItem;TLinkBidir<1>;NoCopy	MI
Fountain	.?AVFountain@@	0x1be79e0,0x1be8e00@24,0x1be8e28@48,0x1be8ee8@1464,0x1be8f08@1472,0x1be8f20@2152	643,4,23,3,2,3	Building	Building;EntityAI;Entity;ObjectTyped;Object;NetworkObject;RemoveSoftLinks<SoftLinkIdTraits<ObjectId,ObjectIdAutoDestroy>>;BaseRefCount<1>;RefCountBaseT<1>;NetworkSimpleObject;CountInstances<Object>;EPEItem;TLinkBidir<1>;NoCopy;Animated;JoinedObject;IHasParentContainer;IPaths	MI
FountainType	.?AVFountainType@@	0x1be3a08,0x1be3c90@24,0x1be3cc8@32,0x1be3ce0@752	80,6,2,4	BuildingType	BuildingType;EntityAIType;EntityType;RemoveLLinks;BaseRefCount<1>;RefCountBaseT<1>;LODShapeLoadHandler;AnimatedType;LinkBidirWithFrameStoreT<FrameStoreTraits>;TLinkBidir<2>;NoCopy;ComponentHolderType<ComponentType>	MI
FpsGraph	.?AVFpsGraph@@	0x1c57a18	10	IDiagGraph	IDiagGraph;BaseRefCount<1>;RefCountBaseT<1>	
Frame	.?AVFrame@@					no-col
FrameBase	.?AVFrameBase@@	0x1b28268	15	Frame	Frame;Matrix4P	
FreeOnDemandHolder	.?AUFreeOnDemandHolder@@	0x1a796a0	7	IFreeOnDemandEnumerator	IFreeOnDemandEnumerator	
FreeTrack	.?AVFreeTrack@@	0x1cddfc8	9	MovementTracker	MovementTracker	
FSM	.?AVFSM@@	0x1c59658	26	SerializeClass	SerializeClass	
FSMCoded	.?AVFSMCoded@@	0x1c59730	26	FSM	FSM;SerializeClass	
FSMEntity	.?AVFSMEntity@@	0x1bd4fb0	27	FSM	FSM;SerializeClass	
FSMEntityActionFunc	.?AVFSMEntityActionFunc@@	0x1b39920	2			
FSMEntityConditionFunc	.?AVFSMEntityConditionFunc@@	0x1b39900	3			
FSMEntityType	.?AVFSMEntityType@@	0x1bd4f90	3	BaseRefCount<1>	BaseRefCount<1>;RefCountBaseT<1>	
FSMScripted	.?AVFSMScripted@@	0x1acd650	27	FSM	FSM;SerializeClass	
FSMScriptedMission	.?AVFSMScriptedMission@@	0x1ace9a8	27	FSMScripted	FSMScripted;FSM;SerializeClass	
FSMScriptedType	.?AVFSMScriptedType@@	0x1acd618	6	RequestableObject	RequestableObject;RemoveLLinks;BaseRefCount<1>;RefCountBaseT<1>	
FSMScriptedTyped<AISubgroupContext>	.?AV?$FSMScriptedTyped@UAISubgroupContext@@@@	0x1cb2d08	27	FSMScripted	FSMScripted;FSM;SerializeClass	
FSMScriptedTyped<AITeamMemberContext>	.?AV?$FSMScriptedTyped@UAITeamMemberContext@@@@					no-col
FSMScriptedTyped<Person>	.?AV?$FSMScriptedTyped@VPerson@@@@					no-col
FSMTyped<AIGroupContext>	.?AV?$FSMTyped@UAIGroupContext@@@@	0x1caadc8	26	FSMCoded	FSMCoded;FSM;SerializeClass	
FSMTyped<AISubgroupContext>	.?AV?$FSMTyped@UAISubgroupContext@@@@	0x1cb2b58	26	FSMCoded	FSMCoded;FSM;SerializeClass	
FuelTankComponent	.?AVFuelTankComponent@@	0x1ac4c50	22	PylonComponent	PylonComponent;Component;BaseRefCount<1>;RefCountBaseT<1>	
FuelTankComponentType	.?AVFuelTankComponentType@@	0x1ac4be8	12	PylonComponentType	PylonComponentType;ComponentType;BaseRefCount<1>;RefCountBaseT<1>	
FuncNearestEntWithIgnore	.?AVFuncNearestEntWithIgnore@@	0x1a8b928	2	Landscape::ISupplyFunctor	Landscape::ISupplyFunctor	
FuncNearestPersonWithIgnore	.?AVFuncNearestPersonWithIgnore@@	0x1a8b940	2	Landscape::ISupplyFunctor	Landscape::ISupplyFunctor	
GameData	.?AVGameData@@					no-col
GameDataArray	.?AVGameDataArray@@	0x1a7d620,0x1a7d6e8@16	24,8	GameData	GameData;BaseRefCount<1>;RefCountBaseT<1>;IDebugValue	MI
GameDataBool	.?AVGameDataBool@@	0x1a9d090,0x1a9d158@16	24,8	GameData	GameData;BaseRefCount<1>;RefCountBaseT<1>;IDebugValue	MI
GameDataCode	.?AVGameDataCode@@	0x1a9d530,0x1a9d5f8@16	24,8	GameData	GameData;BaseRefCount<1>;RefCountBaseT<1>;IDebugValue	MI
GameDataConfig	.?AVGameDataConfig@@	0x1ac5ea0,0x1ac5f68@16	24,8	GameData	GameData;BaseRefCount<1>;RefCountBaseT<1>;IDebugValue	MI
GameDataControl	.?AVGameDataControl@@	0x1a86f60,0x1a87028@16	24,8	GameData	GameData;BaseRefCount<1>;RefCountBaseT<1>;IDebugValue	MI
GameDataDiaryRecord	.?AVGameDataDiaryRecord@@	0x1becd68,0x1bece30@16	24,8	GameData	GameData;BaseRefCount<1>;RefCountBaseT<1>;IDebugValue	MI
GameDataDisplay	.?AVGameDataDisplay@@	0x1acd438,0x1acd500@16	24,8	GameData	GameData;BaseRefCount<1>;RefCountBaseT<1>;IDebugValue	MI
GameDataException	.?AVGameDataException@@	0x1a9e300,0x1a9e3c8@16	24,8	GameData	GameData;BaseRefCount<1>;RefCountBaseT<1>;IDebugValue	MI
GameDataExpression	.?AVGameDataExpression@@	0x1aac5d8,0x1aac6a0@16	24,8	GameData	GameData;BaseRefCount<1>;RefCountBaseT<1>;IDebugValue	MI
GameDataForClass	.?AVGameDataForClass@@	0x1a9e1d0,0x1a9e298@16	24,8	GameData	GameData;BaseRefCount<1>;RefCountBaseT<1>;IDebugValue	MI
GameDataGroup	.?AVGameDataGroup@@	0x1a7d978,0x1a7da40@16	24,8	GameData	GameData;BaseRefCount<1>;RefCountBaseT<1>;IDebugValue	MI
GameDataHashMap	.?AVGameDataHashMap@@	0x1b43588,0x1b43650@16	24,8	GameData	GameData;BaseRefCount<1>;RefCountBaseT<1>;IDebugValue	MI
GameDataHashmap_SelfReferenceCheck	.?AVGameDataHashmap_SelfReferenceCheck@@	0x1b4b648	1			
GameDataIf	.?AVGameDataIf@@	0x1a9dea0,0x1a9df68@16	24,8	GameDataBool	GameDataBool;GameData;BaseRefCount<1>;RefCountBaseT<1>;IDebugValue	MI
GameDataLocation	.?AVGameDataLocation@@	0x1bb9300,0x1bb93c8@16	24,8	GameData	GameData;BaseRefCount<1>;RefCountBaseT<1>;IDebugValue	MI
GameDataNamespace	.?AVGameDataNamespace@@	0x1a9d330,0x1a9d3f8@16,0x1a9d440@24	24,8,4	GameData;SerializeClass;IEvaluatorNamespace	GameData;BaseRefCount<1>;RefCountBaseT<1>;IDebugValue;SerializeClass;IEvaluatorNamespace	MI
GameDataNaN	.?AVGameDataNaN@@	0x1a9cd58,0x1a9ce20@16	24,8	GameData	GameData;BaseRefCount<1>;RefCountBaseT<1>;IDebugValue	MI
GameDataNetObject	.?AVGameDataNetObject@@	0x1a7e3f8,0x1a7e4c0@16	24,8	GameData	GameData;BaseRefCount<1>;RefCountBaseT<1>;IDebugValue	MI
GameDataNil	.?AVGameDataNil@@	0x1a94078,0x1a94140@16	24,8	GameData	GameData;BaseRefCount<1>;RefCountBaseT<1>;IDebugValue	MI
GameDataNothing	.?AVGameDataNothing@@	0x1a9ce68,0x1a9cf30@16	24,8	GameData	GameData;BaseRefCount<1>;RefCountBaseT<1>;IDebugValue	MI
GameDataObject	.?AVGameDataObject@@	0x1a7d860,0x1a7d928@16	24,8	GameData	GameData;BaseRefCount<1>;RefCountBaseT<1>;IDebugValue	MI
GameDataScalar	.?AVGameDataScalar@@	0x1a7d0a0,0x1a7d168@16	24,8	GameData	GameData;BaseRefCount<1>;RefCountBaseT<1>;IDebugValue	MI
GameDataScript	.?AVGameDataScript@@	0x1a7bfb0,0x1a7c078@16	24,8	GameData	GameData;BaseRefCount<1>;RefCountBaseT<1>;IDebugValue	MI
GameDataSide	.?AVGameDataSide@@	0x1a855b8,0x1a85680@16	24,8	GameData	GameData;BaseRefCount<1>;RefCountBaseT<1>;IDebugValue	MI
GameDataString	.?AVGameDataString@@	0x1a9cf78,0x1a9d040@16	24,8	GameData	GameData;BaseRefCount<1>;RefCountBaseT<1>;IDebugValue	MI
GameDataSubgroup	.?AVGameDataSubgroup@@	0x1a7dbb0,0x1a7dc78@16	24,8	GameData	GameData;BaseRefCount<1>;RefCountBaseT<1>;IDebugValue	MI
GameDataSwitch	.?AVGameDataSwitch@@	0x1a9d1a8,0x1a9d270@16	24,8	GameData	GameData;BaseRefCount<1>;RefCountBaseT<1>;IDebugValue	MI
GameDataTarget	.?AVGameDataTarget@@	0x1acd210,0x1acd2d8@16	24,8	GameData	GameData;BaseRefCount<1>;RefCountBaseT<1>;IDebugValue	MI
GameDataTask	.?AVGameDataTask@@	0x1becc58,0x1becd20@16	24,8	GameData;CountInstances<GameDataTask>	GameData;BaseRefCount<1>;RefCountBaseT<1>;IDebugValue;CountInstances<GameDataTask>	MI
GameDataTeamMember	.?AVGameDataTeamMember@@	0x1a7da90,0x1a7db58@16	24,8	GameData	GameData;BaseRefCount<1>;RefCountBaseT<1>;IDebugValue	MI
GameDataText	.?AVGameDataText@@	0x1acd328,0x1acd3f0@16	24,8	GameData	GameData;BaseRefCount<1>;RefCountBaseT<1>;IDebugValue	MI
GameDataWhile	.?AVGameDataWhile@@	0x1a9dfb0,0x1a9e078@16	24,8	GameData	GameData;BaseRefCount<1>;RefCountBaseT<1>;IDebugValue	MI
GameDataWith	.?AVGameDataWith@@	0x1a9e0c0,0x1a9e188@16	24,8	GameData	GameData;BaseRefCount<1>;RefCountBaseT<1>;IDebugValue	MI
GameEvaluator	.?AVGameEvaluator@@	0x1a9de20	3	BaseRefCount<1>	BaseRefCount<1>;RefCountBaseT<1>	
GameInstruction	.?AVGameInstruction@@	0x1aa2d48	7	BaseRefCount<1>	BaseRefCount<1>;RefCountBaseT<1>	
GameInstructionArray	.?AVGameInstructionArray@@	0x1aa2f00	7	GameInstruction	GameInstruction;BaseRefCount<1>;RefCountBaseT<1>	
GameInstructionAssignment	.?AVGameInstructionAssignment@@	0x1aa2f58	7	GameInstruction	GameInstruction;BaseRefCount<1>;RefCountBaseT<1>	
GameInstructionConst	.?AVGameInstructionConst@@	0x1aa2d88	7	GameInstruction	GameInstruction;BaseRefCount<1>;RefCountBaseT<1>	
GameInstructionFunction	.?AVGameInstructionFunction@@	0x1aa2e68	7	GameInstruction	GameInstruction;BaseRefCount<1>;RefCountBaseT<1>	
GameInstructionNewExpression	.?AVGameInstructionNewExpression@@	0x1aa2fb8	7	GameInstruction	GameInstruction;BaseRefCount<1>;RefCountBaseT<1>	
GameInstructionNular	.?AVGameInstructionNular@@	0x1aa2eb8	7	GameInstruction	GameInstruction;BaseRefCount<1>;RefCountBaseT<1>	
GameInstructionOperator	.?AVGameInstructionOperator@@	0x1aa2e18	7	GameInstruction	GameInstruction;BaseRefCount<1>;RefCountBaseT<1>	
GameInstructionVariable	.?AVGameInstructionVariable@@	0x1aa2dd0	7	GameInstruction	GameInstruction;BaseRefCount<1>;RefCountBaseT<1>	
GameStateEvaluator	.?AVGameStateEvaluator@@	0x1a9be68	11	Evaluator	Evaluator	
GameStateEvaluatorFunctions	.?AVGameStateEvaluatorFunctions@@	0x1a9bec8	2	EvaluatorFunctions	EvaluatorFunctions	
GameType	.?AVGameType@@	0x1a7a4f8	4	SerializeClass	SerializeClass	
GameValue	.?AVGameValue@@	0x1a791d8	4	SerializeClass	SerializeClass	
GameValueNoRef	.?AVGameValueNoRef@@	0x1b4b6d8	4	GameValue	GameValue;SerializeClass	
GameValueSerializeDirect	.?AVGameValueSerializeDirect@@	0x1b4b728	4	SerializeClass	SerializeClass	
GameValueStatic	.?AVGameValueStatic@@	0x1a7d1b8	4	GameValue	GameValue;SerializeClass	
GameVariable	.?AVGameVariable@@	0x1a79d40	3	IDebugVariable	IDebugVariable	
GameVarSpace	.?AVGameVarSpace@@	0x1a8f438	4	SerializeClass;IEvaluatorVariables	SerializeClass;IEvaluatorVariables	MI
GatherCrewPrice	.?AUGatherCrewPrice@@	0x1b89ce8	2	ICrewFunc	ICrewFunc	
GdiBrush	.?AVGdiBrush@@	0x1b70b20	2	GdiObject<HBRUSH__*>	GdiObject<HBRUSH__*>	
GdiFont	.?AVGdiFont@@	0x1b70b90	2	GdiObject<HFONT__*>	GdiObject<HFONT__*>	
GdiImage	.?AVGdiImage@@	0x1b70690	2	GdiObject<HBITMAP__*>	GdiObject<HBITMAP__*>	
GdiObject<HBITMAP__*>	.?AV?$GdiObject@PEAUHBITMAP__@@@@	0x1b70678	2			
GdiObject<HBRUSH__*>	.?AV?$GdiObject@PEAUHBRUSH__@@@@	0x1b70b08	2			
GdiObject<HDC__*>	.?AV?$GdiObject@PEAUHDC__@@@@	0x1b70598	2			
GdiObject<HFONT__*>	.?AV?$GdiObject@PEAUHFONT__@@@@	0x1b70b78	2			
GdiObject<HPEN__*>	.?AV?$GdiObject@PEAUHPEN__@@@@	0x1b70a98	2			
GdiPen	.?AVGdiPen@@	0x1b70ab0	2	GdiObject<HPEN__*>	GdiObject<HPEN__*>	
GearSupplyHelper	.?AVGearSupplyHelper@@					no-col
GenHeli600Arma	.?AVGenHeli600Arma@@	0x1bdfe28,0x1be0270@24,0x1be02d8@128,0x1be02f0@1584,0x1be0338@1616,0x1be0368@1648,0x1be03b0@2192,0x1be03d8@2224,0x1be0400@8096	136,12,2,8,5,8,4,4,4	RotorLibFDM::GenHeli600	RotorLibFDM::GenHeli600;RTD::MBDVehicle;RTD::VehicleBase;RTD::EntityBase;RTD::WorldParticipant;RTD::Base;RTD::SimulationVariableUser;RTD::Named;RTD::Base;RTD::TraitTerrainQueryCallbackUser;RTD::TraitEngine;RTD::TraitControlSystem;RTD::TraitGroundContact;RTD::TraitDriveTrain;RTD::TraitStdInstruments	MI,VI
GenHeli600Arma::RTD_FGBuoyancyForce	.?AVRTD_FGBuoyancyForce@GenHeli600Arma@@	0x1bdfd10,0x1bdfd80@392,0x1bdfda8@400	13,4,12	RTD::ForceGenerator	RTD::ForceGenerator;RTD::SimulationVariableUser;RTD::Named;RTD::Base	MI,VI
GetGetInTurretActions	.?AVGetGetInTurretActions@@	0x1c46838	2	ITurretFunc	ITurretFunc	
GetGetInTurretActionsLeader	.?AVGetGetInTurretActionsLeader@@	0x1c46820	2	ITurretFunc	ITurretFunc	
GetGunnerComplexity	.?AVGetGunnerComplexity@@	0x1c466d0	2	ITurretFuncV	ITurretFuncV	
GetGunnerCost	.?AVGetGunnerCost@@	0x1c46730	2	ITurretFunc	ITurretFunc	
GetGunnerProxy	.?AVGetGunnerProxy@@	0x1c466a0	2	ITurretFuncV	ITurretFuncV	
GetMoveToTurretActions	.?AVGetMoveToTurretActions@@	0x1c467c0	2	ITurretFunc	ITurretFunc	
GetOutCarAll	.?AUGetOutCarAll@@	0x1b89cd0	2	ICrewFunc	ICrewFunc	
GetOutUnconsciousCrewActivity	.?AVGetOutUnconsciousCrewActivity@@	0x1b316e8	11	EntityActivity	EntityActivity;Activity;RemoveLLinks;BaseRefCount<1>;RefCountBaseT<1>	
GetOutUnconsciousCrewActivityInfo	.?AVGetOutUnconsciousCrewActivityInfo@@	0x1b31650	3	ActivityClassTypeInfo	ActivityClassTypeInfo	
GetPersonTurretFunc	.?AVGetPersonTurretFunc@@	0x1b43bc0	2	ITurretFunc	ITurretFunc	
GetPrimaryGunner	.?AVGetPrimaryGunner@@	0x1c44880	2	ITurretTypeFunc	ITurretTypeFunc	
GetSignatures()::`2'::<lambda_1>	.?AV<lambda_1>@?1??GetSignatures@@YA?AV?$AutoArray@UExtensionSignature@@VMemAllocD@@@@AEBV?$RStringCT@D@@@Z@					no-col
GlassesType	.?AVGlassesType@@	0x1c5a588,0x1c5a5a8@16	3,6	BaseRefCount<1>;LODShapeLoadHandler	BaseRefCount<1>;RefCountBaseT<1>;LODShapeLoadHandler	MI
GlobalAliveImplementation	.?AVGlobalAliveImplementation@@	0x1b92048	4	GlobalAliveInterface	GlobalAliveInterface	
GlobalAliveInterface	.?AVGlobalAliveInterface@@	0x1aa4188	4			
GlobalCoroutineStorage	.?AUGlobalCoroutineStorage@@	0x1aadb10	10	AutoArray<SchedulerCoro*,MemAllocD>;MemoryFreeOnDemandHelper	AutoArray<SchedulerCoro*,MemAllocD>;Array<SchedulerCoro*>;MemAllocD;MemoryFreeOnDemandHelper;IMemoryFreeOnDemand;TLinkBidir<0>;NoCopy	MI
GrenadeEPE	.?AVGrenadeEPE@@	0x1bd6190,0x1bd6eb8@24,0x1bd6ee0@48	420,4,23	ShotEPE	ShotEPE;ShotShell;Shot;Entity;ObjectTyped;Object;NetworkObject;RemoveSoftLinks<SoftLinkIdTraits<ObjectId,ObjectIdAutoDestroy>>;BaseRefCount<1>;RefCountBaseT<1>;NetworkSimpleObject;CountInstances<Object>;EPEItem;TLinkBidir<1>;NoCopy;Animated	MI
GridItemLightList	.?AVGridItemLightList@@	0x1ca7908	3	LightList;BaseRefCount<1>	LightList;FindArray<Ref<Light>,MemAllocLocal<Ref<Light>,32,int,MemAllocD>>;AutoArray<Ref<Light>,MemAllocLocal<Ref<Light>,32,int,MemAllocD>>;Array<Ref<Light>>;MemAllocLocal<Ref<Light>,32,int,MemAllocD>;MemAllocD;NoCopy;BaseRefCount<1>;RefCountBaseT<1>	MI
GridPattern	.?AUGridPattern@@	0x1b316c0	4	SerializeClass	SerializeClass	
Grimace	.?AVGrimace@@	0x1c59948	5	BaseRefCount<1>	BaseRefCount<1>;RefCountBaseT<1>	
GrimaceAnimation	.?AVGrimaceAnimation@@	0x1c59928	3	BaseRefCount<1>	BaseRefCount<1>;RefCountBaseT<1>	
GrimaceCompound	.?AVGrimaceCompound@@	0x1c599a8	5	Grimace	Grimace;BaseRefCount<1>;RefCountBaseT<1>	
GrimaceLipsync	.?AVGrimaceLipsync@@	0x1c599d8	5	Grimace	Grimace;BaseRefCount<1>;RefCountBaseT<1>	
GrimaceRTM	.?AVGrimaceRTM@@	0x1c59978	5	Grimace	Grimace;BaseRefCount<1>;RefCountBaseT<1>	
GroundClutter	.?AVGroundClutter@@	0x1ce64d0,0x1ce6f10@24,0x1ce6f38@48	327,4,23	Object	Object;NetworkObject;RemoveSoftLinks<SoftLinkIdTraits<ObjectId,ObjectIdAutoDestroy>>;BaseRefCount<1>;RefCountBaseT<1>;NetworkSimpleObject;CountInstances<Object>;EPEItem;TLinkBidir<1>;NoCopy	MI
GroundClutterCache	.?AVGroundClutterCache@@	0x1ce6170,0x1ce6190@16	3,10	BaseRefCount<1>;MemoryFreeOnDemandHelper	BaseRefCount<1>;RefCountBaseT<1>;MemoryFreeOnDemandHelper;IMemoryFreeOnDemand;TLinkBidir<0>;NoCopy	MI
GroundClutterCacheItem	.?AVGroundClutterCacheItem@@	0x1ce60c8	3	BaseRefCount<1>;LinkBidirWithFrameStoreT<FrameStoreTraits>	BaseRefCount<1>;RefCountBaseT<1>;LinkBidirWithFrameStoreT<FrameStoreTraits>;TLinkBidir<2>;NoCopy	MI
GroundClutterPosMap	.?AVGroundClutterPosMap@@	0x1ce60e8	3	BaseRefCount<1>;LinkBidirWithFrameStoreT<FrameStoreTraits>;CountInstances<GroundClutterPosMap>	BaseRefCount<1>;RefCountBaseT<1>;LinkBidirWithFrameStoreT<FrameStoreTraits>;TLinkBidir<2>;NoCopy;CountInstances<GroundClutterPosMap>	MI
GroundClutterPosMaps	.?AUGroundClutterPosMaps@@	0x1ce6410	3	TexMaterial::CustomData	TexMaterial::CustomData;BaseRefCount<1>;RefCountBaseT<1>	
GroundClutterPosMapWithTex	.?AVGroundClutterPosMapWithTex@@	0x1ce63f0	3	GroundClutterPosMap	GroundClutterPosMap;BaseRefCount<1>;RefCountBaseT<1>;LinkBidirWithFrameStoreT<FrameStoreTraits>;TLinkBidir<2>;NoCopy;CountInstances<GroundClutterPosMap>	MI
GroundClutterTextureSource	.?AVGroundClutterTextureSource@@	0x1ce62c0	25	TextureSourceSimple	TextureSourceSimple;ITextureSource	
GroupMarkers	.?AVGroupMarkers@@	0x1cabde8	4	SerializeClass	SerializeClass	
GunnerCanBeHit	.?AVGunnerCanBeHit@@	0x1c466e8	2	ITurretFuncV	ITurretFuncV	
GunnerFlagTexture	.?AVGunnerFlagTexture@@	0x1c46628	2	ITurretFunc	ITurretFunc	
GunnerIsCommander	.?AVGunnerIsCommander@@	0x1c44850	2	ITurretTypeFunc	ITurretTypeFunc	
GunnerShakeEffect	.?AVGunnerShakeEffect@@	0x1c46610	2	ITurretFunc	ITurretFunc	
GunnerTrackOneTarget	.?AVGunnerTrackOneTarget@@	0x1b209e8	2	ITurretFunc	ITurretFunc	
GunnerTrackTargets	.?AVGunnerTrackTargets@@	0x1b209d0	2	ITurretFunc	ITurretFunc	
H::XAEBV4::Z::InvokerLambda<`1460428350960594159149868563512517591107959606029'()::`7'::<lambda_1>,const const ParamEntryVal&&*,bool>	.?AU?$InvokerLambda@V<lambda_1>@?6???R1?1??SelectNextMissionCollectionMission@@YA?AV?$RStringCT@D@@XZ@QEBA@AEBVParamEntryVal@@_N@Z@XAEBV4@H@@	0x1bb7858	3	InvokerInterface<void,const ParamEntryVal&,int>	InvokerInterface<void,const ParamEntryVal&,int>;NoCopy	
HalloweenRenderData	.?AUHalloweenRenderData@@	0x1b714d8	3	.?AU?$ParticleMultiImageData@$03U?$ParticleBase@$0A@$0A@$AECEAAAAA@@@@@	.?AU?$ParticleMultiImageData@$03U?$ParticleBase@$0A@$0A@$AECEAAAAA@@@@@;ParticleRenderDataBase;ISplashWindowDrawHandler	
HasCopilot	.?AVHasCopilot@@	0x1c44768	2	ITurretFunc	ITurretFunc	
Hashes::CRC16	.?AVCRC16@Hashes@@	0x1a948d8	4	Hashes::HashBase	Hashes::HashBase	
Hashes::CRC32	.?AVCRC32@Hashes@@	0x1a952d0	4	Hashes::HashBase	Hashes::HashBase	
Hashes::CRC32SSE	.?AVCRC32SSE@Hashes@@	0x1a952f8	4	Hashes::HashBase	Hashes::HashBase	
Hashes::HashBase	.?AVHashBase@Hashes@@					no-col
Hashes::SHA1	.?AVSHA1@Hashes@@	0x1a97478	4	Hashes::HashBase	Hashes::HashBase	
Hashes::SHA256	.?AVSHA256@Hashes@@	0x1a974b8	4	Hashes::HashBase	Hashes::HashBase	
HasHitpointProtectionInfo	.?AVHasHitpointProtectionInfo@@					no-col
HasPrimaryGunner	.?AVHasPrimaryGunner@@	0x1c44868	2	ITurretTypeFunc	ITurretTypeFunc	
HasPrimaryObserver	.?AVHasPrimaryObserver@@	0x1c44898	2	ITurretTypeFunc	ITurretTypeFunc	
HasWeaponsFunc	.?AVHasWeaponsFunc@@	0x1c50dd8	2	ITurretFunc	ITurretFunc	
HeadlessClientLogic	.?AVHeadlessClientLogic@@	0x1b32c70,0x1b34ab0@24,0x1b34ad8@48,0x1b34b98@1464,0x1b34bb8@1472,0x1b34bd0@2152	967,4,23,3,2,7	InvisibleVehicle	InvisibleVehicle;Person;EntityAIFull;EntityAI;Entity;ObjectTyped;Object;NetworkObject;RemoveSoftLinks<SoftLinkIdTraits<ObjectId,ObjectIdAutoDestroy>>;BaseRefCount<1>;RefCountBaseT<1>;NetworkSimpleObject;CountInstances<Object>;EPEItem;TLinkBidir<1>;NoCopy;Animated;JoinedObject;IHasParentContainer;ComponentHolder<EntityAIFull,Component>;CountInstances<Person>	MI
HeadlessClientType	.?AVHeadlessClientType@@	0x1b32968,0x1b32bf8@24,0x1b32c30@32,0x1b32c48@752	81,6,2,4	InvisibleVehicleType	InvisibleVehicleType;PersonType;EntityAIType;EntityType;RemoveLLinks;BaseRefCount<1>;RefCountBaseT<1>;LODShapeLoadHandler;AnimatedType;LinkBidirWithFrameStoreT<FrameStoreTraits>;TLinkBidir<2>;NoCopy;ComponentHolderType<ComponentType>	MI
HeadObject	.?AVHeadObject@@	0x1c59a08,0x1c5a448@24,0x1c5a470@48	327,4,23	Object	Object;NetworkObject;RemoveSoftLinks<SoftLinkIdTraits<ObjectId,ObjectIdAutoDestroy>>;BaseRefCount<1>;RefCountBaseT<1>;NetworkSimpleObject;CountInstances<Object>;EPEItem;TLinkBidir<1>;NoCopy	MI
HeadType	.?AVHeadType@@	0x1c5a530,0x1c5a550@16	3,6	BaseRefCount<1>;LODShapeLoadHandler	BaseRefCount<1>;RefCountBaseT<1>;LODShapeLoadHandler	MI
Helicopter	.?AVHelicopter@@	0x1bd8510,0x1bda350@24,0x1bda378@48,0x1bda438@1464,0x1bda458@1472,0x1bda470@2152	967,4,23,3,2,7	PlaneOrHeli	PlaneOrHeli;Transport;EntityAIFull;EntityAI;Entity;ObjectTyped;Object;NetworkObject;RemoveSoftLinks<SoftLinkIdTraits<ObjectId,ObjectIdAutoDestroy>>;BaseRefCount<1>;RefCountBaseT<1>;NetworkSimpleObject;CountInstances<Object>;EPEItem;TLinkBidir<1>;NoCopy;Animated;JoinedObject;IHasParentContainer;ComponentHolder<EntityAIFull,Component>	MI
HelicopterAuto	.?AVHelicopterAuto@@	0x1bda4b0,0x1bdc308@24,0x1bdc330@48,0x1bdc3f0@1464,0x1bdc410@1472,0x1bdc428@2152	970,4,23,3,2,7	Helicopter	Helicopter;PlaneOrHeli;Transport;EntityAIFull;EntityAI;Entity;ObjectTyped;Object;NetworkObject;RemoveSoftLinks<SoftLinkIdTraits<ObjectId,ObjectIdAutoDestroy>>;BaseRefCount<1>;RefCountBaseT<1>;NetworkSimpleObject;CountInstances<Object>;EPEItem;TLinkBidir<1>;NoCopy;Animated;JoinedObject;IHasParentContainer;ComponentHolder<EntityAIFull,Component>	MI
HelicopterAutoEPE	.?AVHelicopterAutoEPE@@	0x1bdd1c0,0x1bdf018@24,0x1bdf040@48,0x1bdf100@1464,0x1bdf120@1472,0x1bdf138@2152	970,4,23,3,2,7	HelicopterAuto	HelicopterAuto;Helicopter;PlaneOrHeli;Transport;EntityAIFull;EntityAI;Entity;ObjectTyped;Object;NetworkObject;RemoveSoftLinks<SoftLinkIdTraits<ObjectId,ObjectIdAutoDestroy>>;BaseRefCount<1>;RefCountBaseT<1>;NetworkSimpleObject;CountInstances<Object>;EPEItem;TLinkBidir<1>;NoCopy;Animated;JoinedObject;IHasParentContainer;ComponentHolder<EntityAIFull,Component>	MI
HelicopterEPEType	.?AVHelicopterEPEType@@	0x1bdce88,0x1bdd148@24,0x1bdd180@32,0x1bdd198@752	87,6,2,4	HelicopterType	HelicopterType;TransportType;EntityAIType;EntityType;RemoveLLinks;BaseRefCount<1>;RefCountBaseT<1>;LODShapeLoadHandler;AnimatedType;LinkBidirWithFrameStoreT<FrameStoreTraits>;TLinkBidir<2>;NoCopy;ComponentHolderType<ComponentType>	MI
HelicopterRTD	.?AVHelicopterRTD@@	0x1be0ca8,0x1be2b10@24,0x1be2b38@48,0x1be2bf8@1464,0x1be2c18@1472,0x1be2c30@2152	972,4,23,3,2,7	HelicopterAutoEPE	HelicopterAutoEPE;HelicopterAuto;Helicopter;PlaneOrHeli;Transport;EntityAIFull;EntityAI;Entity;ObjectTyped;Object;NetworkObject;RemoveSoftLinks<SoftLinkIdTraits<ObjectId,ObjectIdAutoDestroy>>;BaseRefCount<1>;RefCountBaseT<1>;NetworkSimpleObject;CountInstances<Object>;EPEItem;TLinkBidir<1>;NoCopy;Animated;JoinedObject;IHasParentContainer;ComponentHolder<EntityAIFull,Component>	MI
HelicopterRTDType	.?AVHelicopterRTDType@@	0x1be0970,0x1be0c30@24,0x1be0c68@32,0x1be0c80@752	87,6,2,4	HelicopterEPEType	HelicopterEPEType;HelicopterType;TransportType;EntityAIType;EntityType;RemoveLLinks;BaseRefCount<1>;RefCountBaseT<1>;LODShapeLoadHandler;AnimatedType;LinkBidirWithFrameStoreT<FrameStoreTraits>;TLinkBidir<2>;NoCopy;ComponentHolderType<ComponentType>	MI
HelicopterType	.?AVHelicopterType@@	0x1bd81d8,0x1bd8498@24,0x1bd84d0@32,0x1bd84e8@752	87,6,2,4	TransportType	TransportType;EntityAIType;EntityType;RemoveLLinks;BaseRefCount<1>;RefCountBaseT<1>;LODShapeLoadHandler;AnimatedType;LinkBidirWithFrameStoreT<FrameStoreTraits>;TLinkBidir<2>;NoCopy;ComponentHolderType<ComponentType>	MI
HelicopterVisualState	.?AVHelicopterVisualState@@	0x1bd8050,0x1bd8118@64	24,3	TransportVisualState	TransportVisualState;EntityVisualState;ObjectVisualState;FrameBase;Frame;Matrix4P;BaseRefCount<1>;RefCountBaseT<1>	MI
HideGunnerFunc	.?AVHideGunnerFunc@@	0x1c46570	2	ITurretFuncV	ITurretFuncV	
HovercraftEPEType	.?AVHovercraftEPEType@@	0x1bea150,0x1bea410@24,0x1bea448@32,0x1bea460@752	87,6,2,4	ShipEPEType	ShipEPEType;ShipType;TankOrCarType;TransportType;EntityAIType;EntityType;RemoveLLinks;BaseRefCount<1>;RefCountBaseT<1>;LODShapeLoadHandler;AnimatedType;LinkBidirWithFrameStoreT<FrameStoreTraits>;TLinkBidir<2>;NoCopy;ComponentHolderType<ComponentType>	MI
HTMLContent	.?AVHTMLContent@@	0x1cd04f8	3			
HttpManager::HttpRequest	.?AVHttpRequest@HttpManager@@	0x1b34e68	3	BaseRefCount<1>	BaseRefCount<1>;RefCountBaseT<1>	
HttpManager::Request	.?AVRequest@HttpManager@@					no-col
HttpManager::RequestFileDownload	.?AVRequestFileDownload@HttpManager@@	0x1b34ed8	9	HttpManager::RequestSimple	HttpManager::RequestSimple;HttpManager::Request;BaseRefCount<1>;RefCountBaseT<1>	
HttpManager::RequestJson	.?AVRequestJson@HttpManager@@	0x1b34f40	9	HttpManager::RequestSimple	HttpManager::RequestSimple;HttpManager::Request;BaseRefCount<1>;RefCountBaseT<1>	
HttpManager::RequestSimple	.?AVRequestSimple@HttpManager@@	0x1b350c8	9	HttpManager::Request	HttpManager::Request;BaseRefCount<1>;RefCountBaseT<1>	
HttpManager::RequestSimpleFile	.?AVRequestSimpleFile@HttpManager@@	0x1b35118	9	HttpManager::Request	HttpManager::Request;BaseRefCount<1>;RefCountBaseT<1>	
HUDAttribute	.?AVHUDAttribute@@					no-col
HUDAttributeAlpha	.?AVHUDAttributeAlpha@@	0x1beb368	4	HUDAttribute	HUDAttribute;BaseRefCount<1>;RefCountBaseT<1>	
HUDAttributeBlinking	.?AVHUDAttributeBlinking@@	0x1beb430	4	HUDAttribute	HUDAttribute;BaseRefCount<1>;RefCountBaseT<1>	
HUDAttributeClipBR	.?AVHUDAttributeClipBR@@	0x1beb3b8	4	HUDAttribute	HUDAttribute;BaseRefCount<1>;RefCountBaseT<1>	
HUDAttributeClipTL	.?AVHUDAttributeClipTL@@	0x1beb390	4	HUDAttribute	HUDAttribute;BaseRefCount<1>;RefCountBaseT<1>	
HUDAttributeColor	.?AVHUDAttributeColor@@	0x1beb218	4	HUDAttribute	HUDAttribute;BaseRefCount<1>;RefCountBaseT<1>	
HUDAttributeCondition	.?AVHUDAttributeCondition@@	0x1beb3e0	4	HUDAttribute	HUDAttribute;BaseRefCount<1>;RefCountBaseT<1>	
HUDAttributeFont	.?AVHUDAttributeFont@@	0x1beb308	4	HUDAttribute	HUDAttribute;BaseRefCount<1>;RefCountBaseT<1>	
HUDAttributeMaterial	.?AVHUDAttributeMaterial@@	0x1beb330	4	HUDAttribute	HUDAttribute;BaseRefCount<1>;RefCountBaseT<1>	
HUDBone	.?AVHUDBone@@	0x1beac50	5	BaseRefCount<1>	BaseRefCount<1>;RefCountBaseT<1>	
HUDBoneFixed	.?AVHUDBoneFixed@@	0x1beac80	5	HUDBone	HUDBone;BaseRefCount<1>;RefCountBaseT<1>	
HUDBoneHorizon	.?AVHUDBoneHorizon@@	0x1bead68	5	HUDBone	HUDBone;BaseRefCount<1>;RefCountBaseT<1>	
HUDBoneILS	.?AVHUDBoneILS@@	0x1beae88	5	HUDBone	HUDBone;BaseRefCount<1>;RefCountBaseT<1>	
HUDBoneLimit	.?AVHUDBoneLimit@@	0x1beadc8	5	HUDBone	HUDBone;BaseRefCount<1>;RefCountBaseT<1>	
HUDBoneLinear	.?AVHUDBoneLinear@@	0x1bead08	5	HUDBoneSource	HUDBoneSource;HUDBone;BaseRefCount<1>;RefCountBaseT<1>	
HUDBoneNormalized	.?AVHUDBoneNormalized@@	0x1beadf8	5	HUDBone	HUDBone;BaseRefCount<1>;RefCountBaseT<1>	
HUDBoneNormalizedOrBigger	.?AVHUDBoneNormalizedOrBigger@@	0x1beae58	5	HUDBoneNormalized	HUDBoneNormalized;HUDBone;BaseRefCount<1>;RefCountBaseT<1>	
HUDBoneNormalizedOrSmaller	.?AVHUDBoneNormalizedOrSmaller@@	0x1beae28	5	HUDBoneNormalized	HUDBoneNormalized;HUDBone;BaseRefCount<1>;RefCountBaseT<1>	
HUDBoneRotational	.?AVHUDBoneRotational@@	0x1bead38	5	HUDBoneSource	HUDBoneSource;HUDBone;BaseRefCount<1>;RefCountBaseT<1>	
HUDBoneSource	.?AVHUDBoneSource@@					no-col
HUDBoneVector	.?AVHUDBoneVector@@	0x1bead98	5	HUDBone	HUDBone;BaseRefCount<1>;RefCountBaseT<1>	
HUDDrawContext	.?AVHUDDrawContext@@	0x1beaba0	10			
HUDDrawContextPylonMissile	.?AVHUDDrawContextPylonMissile@@	0x1beb240	10	HUDDrawContext	HUDDrawContext	
HUDDrawContextVehicle	.?AVHUDDrawContextVehicle@@	0x1beabf8	10	HUDDrawContext	HUDDrawContext	
HUDElement	.?AVHUDElement@@					no-col
HUDElementGroup	.?AVHUDElementGroup@@	0x1beacb0	5	HUDElement	HUDElement;BaseRefCount<1>;RefCountBaseT<1>	
HUDElementLine	.?AVHUDElementLine@@	0x1beb000	5	HUDElement	HUDElement;BaseRefCount<1>;RefCountBaseT<1>	
HUDElementPolygon	.?AVHUDElementPolygon@@	0x1beb138	5	HUDElement	HUDElement;BaseRefCount<1>;RefCountBaseT<1>	
HUDElementPylonIcon	.?AVHUDElementPylonIcon@@	0x1beb2a8	5	HUDElement	HUDElement;BaseRefCount<1>;RefCountBaseT<1>	
HUDElementRadar	.?AVHUDElementRadar@@	0x1beb040	5	HUDElement	HUDElement;BaseRefCount<1>;RefCountBaseT<1>	
HUDElementScale	.?AVHUDElementScale@@	0x1beb5c0	5	HUDElement	HUDElement;BaseRefCount<1>;RefCountBaseT<1>	
HUDElementSensor	.?AVHUDElementSensor@@	0x1beb070	5	HUDElement	HUDElement;BaseRefCount<1>;RefCountBaseT<1>	
HUDElementText	.?AVHUDElementText@@	0x1beb198	5	HUDElement	HUDElement;BaseRefCount<1>;RefCountBaseT<1>	
IActionContainer	.?AVIActionContainer@@	0x1b35a20	11	Action	Action;RemoveLLinks;BaseRefCount<1>;RefCountBaseT<1>	
IActionMode	.?AVIActionMode@@					no-col
IActionResponseCurve	.?AVIActionResponseCurve@@					no-col
IAdditionalDataHandler	.?AVIAdditionalDataHandler@@					no-col
IAIPathPlanner	.?AVIAIPathPlanner@@					no-col
IAmbLifeArea	.?AVIAmbLifeArea@@	0x1c7a2b0	11			
IAmbLifeManager	.?AVIAmbLifeManager@@	0x1c7a310	8			
IAssignFunc	.?AVIAssignFunc@@	0x1c46748	2			
IAStarOperative	.?AVIAStarOperative@@	0x1cb5490	19			
IAttribute	.?AVIAttribute@@					no-col
IAudioSessionEvents	.?AUIAudioSessionEvents@@					no-col
IBankChecker	.?AVIBankChecker@@	0x1aa4318	3			
IBankLog	.?AVIBankLog@@					no-col
ICallStackItemLoop	.?AVICallStackItemLoop@@					no-col
IConsoleLogger	.?AVIConsoleLogger@@	0x1b92490	2			
IControl	.?AVIControl@@	0x1a85998	76	EventHandlerGroupContainer_DynArray<EventHandlerContainer_UI,enum ControlEvent>;IUICollectibleControls;IHasGameVarSpace	EventHandlerGroupContainer_DynArray<EventHandlerContainer_UI,enum ControlEvent>;IUICollectibleControls;IHasGameVarSpace	MI
IControlObject	.?AVIControlObject@@	0x1cd16a8	2			
ICrewFunc	.?AVICrewFunc@@	0x1ac11a0	2			
ID3DInclude	.?AUID3DInclude@@					no-col
IDebugConsole	.?AVIDebugConsole@@	0x1aac138	4			
IDebugScope	.?AVIDebugScope@@	0x1a7d5e0	7			
IDebugScript	.?AVIDebugScript@@	0x1aa3f00	16			
IDebugValue	.?AVIDebugValue@@	0x1a77c60	8			
IDebugVariable	.?AVIDebugVariable@@	0x1a77ca8	3			
Identity	.?AVIdentity@@	0x1beba30	4	SerializeClass	SerializeClass	
IDescriptionExt	.?AVIDescriptionExt@@					no-col
IDescriptionExtWithPath	.?AVIDescriptionExtWithPath@@	0x1b1a850	7	IDescriptionExt	IDescriptionExt;BaseRefCount<1>;RefCountBaseT<1>	
IDiagGraph	.?AVIDiagGraph@@					no-col
IDisplayGear	.?AVIDisplayGear@@	0x1a8a308,0x1a8a538@24,0x1a8a550@552,0x1a8a578@1672	69,2,4,26	Display	Display;ControlsContainer;RemoveLLinks;BaseRefCount<1>;RefCountBaseT<1>;EventHandlerGroupContainer_Simple<EventHandlerContainer_UI,13,enum DisplayEvent>;IUICollectibleControls;IHasGameVarSpace;AbstractOptionsUI	MI
IEnvelope	.?AUIEnvelope@@	0x1cecff0	5			
IEvalInterrupt	.?AVIEvalInterrupt@@	0x1a9d4d8	2			
IEvaluatorNamespace	.?AVIEvaluatorNamespace@@					no-col
IEvaluatorVariables	.?AVIEvaluatorVariables@@					no-col
IExplosion	.?AVIExplosion@@	0x1c239d0	4			
IFileBuffer	.?AVIFileBuffer@@					no-col
IFindPairRule<const MuzzleType,MuzzleTypePair>	.?AU?$IFindPairRule@$$CBVMuzzleType@@UMuzzleTypePair@@@@	0x1b59a00	3			
IFindPairRule<MagazineType,MagazineTypePair>	.?AU?$IFindPairRule@VMagazineType@@UMagazineTypePair@@@@					no-col
IFlashlightLaserHolder	.?AVIFlashlightLaserHolder@@					no-col
IForEachTextNodeProcessParams	.?AVIForEachTextNodeProcessParams@@	0x1b8fa18	2			
IFreeOnDemandEnumerator	.?AUIFreeOnDemandEnumerator@@	0x1a79660	7			
IGroupHelper	.?AVIGroupHelper@@					no-col
IHandler	.?AUIHandler@@					no-col
IHasGameVarSpace	.?AVIHasGameVarSpace@@					no-col
IHasParentContainer	.?AVIHasParentContainer@@	0x1b59cd8	2			
IInventoryContainterSlotItem	.?AVIInventoryContainterSlotItem@@	0x1ced2e8,0x1ced3e8@16,0x1ced408@40,0x1ced430@72	31,3,4,2	IInventorySlotItem	IInventorySlotItem;IInventoryObjectBase;CMassObject;RemoveLinks;BaseRefCount<1>;RefCountBaseT<1>;SList<BaseLink,TLink<0>>;TLink<0>;SerializeClass;IHasParentContainer	MI
IInventoryObjectBase	.?AVIInventoryObjectBase@@	0x1ced478,0x1ced548@16,0x1ced568@40	25,3,4	CMassObject;RemoveLinks;SerializeClass	CMassObject;RemoveLinks;BaseRefCount<1>;RefCountBaseT<1>;SList<BaseLink,TLink<0>>;TLink<0>;SerializeClass	MI
IInventorySlotItem	.?AVIInventorySlotItem@@	0x1ced5a8,0x1ced6a0@16,0x1ced6c0@40,0x1ced6e8@72	30,3,4,2	IInventoryObjectBase;IHasParentContainer	IInventoryObjectBase;CMassObject;RemoveLinks;BaseRefCount<1>;RefCountBaseT<1>;SList<BaseLink,TLink<0>>;TLink<0>;SerializeClass;IHasParentContainer	MI
IInventorySlotItemInfo	.?AVIInventorySlotItemInfo@@	0x1ced8e8	3	RemoveLinks	RemoveLinks;BaseRefCount<1>;RefCountBaseT<1>;SList<BaseLink,TLink<0>>;TLink<0>	MI
IJIPTask	.?AUIJIPTask@@					no-col
IJIPTaskWithMessage	.?AUIJIPTaskWithMessage@@					no-col
IJoystick	.?AVIJoystick@@					no-col
IKAnimation	.?AVIKAnimation@@	0x1b399a8	1	IKEngine	IKEngine	
IKAnimationParam	.?AVIKAnimationParam@@	0x1b35cc8	3			
IKBArgumentFunc	.?AVIKBArgumentFunc@@	0x1cef358	2			
IKEngine	.?AVIKEngine@@	0x1b39998	1			
ILightEntity	.?AVILightEntity@@					no-col
ILockCache	.?AVILockCache@@	0x1ca2ca8	5			
IMaskedOperation	.?AVIMaskedOperation@@	0x1b2ab30	2			
IMemAllocSimpleStorage	.?AVIMemAllocSimpleStorage@@					no-col
IMemoryFreeOnDemand	.?AVIMemoryFreeOnDemand@@	0x1a97f18	9	TLinkBidir<0>	TLinkBidir<0>;NoCopy	
IMicroJob	.?AVIMicroJob@@	0x1a78dd8	3	enf::Job	enf::Job;enf::JobCommon;enf::JobCore	
IMissionTemplate	.?AVIMissionTemplate@@					no-col
IMMNotificationClient	.?AUIMMNotificationClient@@					no-col
IMultiInterfaceBase	.?AVIMultiInterfaceBase@@	0x1aae060	2			
IndexSelection	.?AVIndexSelection@@	0x1ca1fb0	3	Buffer<int>	Buffer<int>;BaseRefCount<1>;RefCountBaseT<1>	
IndexToTurretPath()::`2'::IndexToTurretPathFnc	.?AVIndexToTurretPathFnc@?1??IndexToTurretPath@@YA?AV?$RStringCT@D@@PEBVTransportType@@H@Z@	0x1a8fe70	2	ITurretTypeFunc	ITurretTypeFunc	
INetPeerSubnetRouter	.?AVINetPeerSubnetRouter@@					no-col
INetworkComponent	.?AVINetworkComponent@@	0x1b93350	4			
INetworkManager	.?AVINetworkManager@@	0x1b925d8	430			
InGameUI	.?AVInGameUI@@	0x1c7ed20	120	AbstractUI	AbstractUI	
InitModuleComRef	.?AVInitModuleComRef@@	0x1b409b0	4	RegistrationItem	RegistrationItem;TLinkBidir<1>;NoCopy;BaseRefCount<1>;RefCountBaseT<1>	MI
InitModuleDrawText	.?AVInitModuleDrawText@@	0x1b40af0	4	RegistrationItem	RegistrationItem;TLinkBidir<1>;NoCopy;BaseRefCount<1>;RefCountBaseT<1>	MI
InitModuleExpressionCode	.?AVInitModuleExpressionCode@@	0x1b40b80	4	RegistrationItem	RegistrationItem;TLinkBidir<1>;NoCopy;BaseRefCount<1>;RefCountBaseT<1>	MI
InitModuleGameState3DENCommands	.?AVInitModuleGameState3DENCommands@@	0x1b40960	4	RegistrationItem	RegistrationItem;TLinkBidir<1>;NoCopy;BaseRefCount<1>;RefCountBaseT<1>	MI
InitModuleGameStateDiagLand	.?AVInitModuleGameStateDiagLand@@	0x1b409d8	4	RegistrationItem	RegistrationItem;TLinkBidir<1>;NoCopy;BaseRefCount<1>;RefCountBaseT<1>	MI
InitModuleGameStateExt	.?AVInitModuleGameStateExt@@	0x1b40848	4	RegistrationItem	RegistrationItem;TLinkBidir<1>;NoCopy;BaseRefCount<1>;RefCountBaseT<1>	MI
InitModuleGameStateHashMap	.?AVInitModuleGameStateHashMap@@	0x1b40b58	4	RegistrationItem	RegistrationItem;TLinkBidir<1>;NoCopy;BaseRefCount<1>;RefCountBaseT<1>	MI
InitModuleGameStateMenuStripCommands	.?AVInitModuleGameStateMenuStripCommands@@	0x1b40988	4	RegistrationItem	RegistrationItem;TLinkBidir<1>;NoCopy;BaseRefCount<1>;RefCountBaseT<1>	MI
InitModuleGameStateNularsAgents	.?AVInitModuleGameStateNularsAgents@@	0x1b40870	4	RegistrationItem	RegistrationItem;TLinkBidir<1>;NoCopy;BaseRefCount<1>;RefCountBaseT<1>	MI
InitModuleGameStateNularsArma3	.?AVInitModuleGameStateNularsArma3@@	0x1b40898	4	RegistrationItem	RegistrationItem;TLinkBidir<1>;NoCopy;BaseRefCount<1>;RefCountBaseT<1>	MI
InitModuleGameStateNularsHierarchy	.?AVInitModuleGameStateNularsHierarchy@@	0x1b408c0	4	RegistrationItem	RegistrationItem;TLinkBidir<1>;NoCopy;BaseRefCount<1>;RefCountBaseT<1>	MI
InitModuleGameStateNularsOFP	.?AVInitModuleGameStateNularsOFP@@	0x1b408e8	4	RegistrationItem	RegistrationItem;TLinkBidir<1>;NoCopy;BaseRefCount<1>;RefCountBaseT<1>	MI
InitModuleGameStateNularsPC	.?AVInitModuleGameStateNularsPC@@	0x1b40910	4	RegistrationItem	RegistrationItem;TLinkBidir<1>;NoCopy;BaseRefCount<1>;RefCountBaseT<1>	MI
InitModuleGameStateNularsRes	.?AVInitModuleGameStateNularsRes@@	0x1b40938	4	RegistrationItem	RegistrationItem;TLinkBidir<1>;NoCopy;BaseRefCount<1>;RefCountBaseT<1>	MI
InitModuleIdentity	.?AVInitModuleIdentity@@	0x1b407f8	4	RegistrationItem	RegistrationItem;TLinkBidir<1>;NoCopy;BaseRefCount<1>;RefCountBaseT<1>	MI
InitModuleInGameUI	.?AVInitModuleInGameUI@@	0x1b40820	4	RegistrationItem	RegistrationItem;TLinkBidir<1>;NoCopy;BaseRefCount<1>;RefCountBaseT<1>	MI
InitModuleKBExt	.?AVInitModuleKBExt@@	0x1b40a28	4	RegistrationItem	RegistrationItem;TLinkBidir<1>;NoCopy;BaseRefCount<1>;RefCountBaseT<1>	MI
InitModuleLocation	.?AVInitModuleLocation@@	0x1b407a8	4	RegistrationItem	RegistrationItem;TLinkBidir<1>;NoCopy;BaseRefCount<1>;RefCountBaseT<1>	MI
InitModuleMissionDirs	.?AVInitModuleMissionDirs@@	0x1b40ac8	4	RegistrationItem	RegistrationItem;TLinkBidir<1>;NoCopy;BaseRefCount<1>;RefCountBaseT<1>	MI
InitModuleMissionEditor	.?AVInitModuleMissionEditor@@	0x1b40aa0	4	RegistrationItem	RegistrationItem;TLinkBidir<1>;NoCopy;BaseRefCount<1>;RefCountBaseT<1>	MI
InitModulePostProcess	.?AVInitModulePostProcess@@	0x1b40a50	4	RegistrationItem	RegistrationItem;TLinkBidir<1>;NoCopy;BaseRefCount<1>;RefCountBaseT<1>	MI
InitModuleSoldier	.?AVInitModuleSoldier@@	0x1b40a00	4	RegistrationItem	RegistrationItem;TLinkBidir<1>;NoCopy;BaseRefCount<1>;RefCountBaseT<1>	MI
InitModuleStringtableExt	.?AVInitModuleStringtableExt@@	0x1b40a78	4	RegistrationItem	RegistrationItem;TLinkBidir<1>;NoCopy;BaseRefCount<1>;RefCountBaseT<1>	MI
InitModuleUIControls	.?AVInitModuleUIControls@@	0x1b407d0	4	RegistrationItem	RegistrationItem;TLinkBidir<1>;NoCopy;BaseRefCount<1>;RefCountBaseT<1>	MI
InitWeaponStateFunc	.?AVInitWeaponStateFunc@@	0x1c45bf0	2	ITurretFunc	ITurretFunc	
INode	.?AVINode@@					no-col
INodeButtonClickedParams	.?AVINodeButtonClickedParams@@	0x1b8fc00	2	IForEachTextNodeProcessParams	IForEachTextNodeProcessParams	
INodeMouseOverUpdateParams	.?AVINodeMouseOverUpdateParams@@	0x1b8fc18	2	IForEachTextNodeProcessParams	IForEachTextNodeProcessParams	
IntAutoComplete	.?AVIntAutoComplete@@					no-col
IntegrityInvestigation	.?AVIntegrityInvestigation@@					no-col
IntegrityInvestigationConfig	.?AVIntegrityInvestigationConfig@@	0x1bb4470	7	IntegrityInvestigation	IntegrityInvestigation;BaseRefCount<1>;RefCountBaseT<1>	
InterpolatorLinear	.?AVInterpolatorLinear@@	0x1c5a798	4	M4Function	M4Function	
InterpolatorSpline	.?AVInterpolatorSpline@@	0x1c5a7c0	4	M4Function	M4Function	
IntersectionFilter	.?AVIntersectionFilter@@	0x1ac3e48	2			
IntExtSoundHolder	.?AVIntExtSoundHolder@@	0x1bd8198	3	BaseRefCount<1>;SoundHelper	BaseRefCount<1>;RefCountBaseT<1>;SoundHelper	MI
InventorySnapshotUndo	.?AUInventorySnapshotUndo@@	0x1b22770,0x1b22790@64	3,3	Editor3D::UndoRedoItem	Editor3D::UndoRedoItem;BaseRefCount<1>;RefCountBaseT<1>	
InvisibleVehicle	.?AVInvisibleVehicle@@	0x1c5ab08,0x1c5c948@24,0x1c5c970@48,0x1c5ca30@1464,0x1c5ca50@1472,0x1c5ca68@2152	967,4,23,3,2,7	Person	Person;EntityAIFull;EntityAI;Entity;ObjectTyped;Object;NetworkObject;RemoveSoftLinks<SoftLinkIdTraits<ObjectId,ObjectIdAutoDestroy>>;BaseRefCount<1>;RefCountBaseT<1>;NetworkSimpleObject;CountInstances<Object>;EPEItem;TLinkBidir<1>;NoCopy;Animated;JoinedObject;IHasParentContainer;ComponentHolder<EntityAIFull,Component>;CountInstances<Person>	MI
InvisibleVehicleType	.?AVInvisibleVehicleType@@	0x1c5a800,0x1c5aa90@24,0x1c5aac8@32,0x1c5aae0@752	81,6,2,4	PersonType	PersonType;EntityAIType;EntityType;RemoveLLinks;BaseRefCount<1>;RefCountBaseT<1>;LODShapeLoadHandler;AnimatedType;LinkBidirWithFrameStoreT<FrameStoreTraits>;TLinkBidir<2>;NoCopy;ComponentHolderType<ComponentType>	MI
InvokerCFunction<bool,CTreeItem*,enum Editor3D::ItemType,Editor3D::AttributeTypeHolder<enum Editor3D::EngineAttribute::Type>,RStringCT<char>>	.?AU?$InvokerCFunction@_NPEAUCTreeItem@@W4ItemType@Editor3D@@U?$AttributeTypeHolder@W4Type@EngineAttribute@Editor3D@@@3@V?$RStringCT@D@@@@	0x1b26f20	3	InvokerInterface<bool,CTreeItem*,enum Editor3D::ItemType,Editor3D::AttributeTypeHolder<enum Editor3D::EngineAttribute::Type>,RStringCT<char>>	InvokerInterface<bool,CTreeItem*,enum Editor3D::ItemType,Editor3D::AttributeTypeHolder<enum Editor3D::EngineAttribute::Type>,RStringCT<char>>;NoCopy	
InvokerCMemberFunction<bool,Editor3D::Manager*,enum Editor3D::OperationType>	.?AU?$InvokerCMemberFunction@_NPEAVManager@Editor3D@@W4OperationType@2@@@	0x1b22d08	3	InvokerInterface<bool,Editor3D::Manager*,enum Editor3D::OperationType>	InvokerInterface<bool,Editor3D::Manager*,enum Editor3D::OperationType>;NoCopy	
InvokerCMemberFunction<void,const Editor3D::Manager*,enum Editor3D::E3DEvents>	.?AU?$InvokerCMemberFunction@XPEBVManager@Editor3D@@W4E3DEvents@2@@@	0x1b22ce8	3	InvokerInterface<void,const Editor3D::Manager*,enum Editor3D::E3DEvents>	InvokerInterface<void,const Editor3D::Manager*,enum Editor3D::E3DEvents>;NoCopy	
InvokerCMemberFunction<void,Editor3D::AttributesDisplay*,>	.?AU?$InvokerCMemberFunction@XPEAVAttributesDisplay@Editor3D@@$$V@@	0x1b27750	3	InvokerInterface<void,Editor3D::AttributesDisplay*>	InvokerInterface<void,Editor3D::AttributesDisplay*>;NoCopy	
InvokerCMemberFunction<void,Editor3D::MainDisplay*,>	.?AU?$InvokerCMemberFunction@XPEAVMainDisplay@Editor3D@@$$V@@	0x1b26f60	3	InvokerInterface<void,Editor3D::MainDisplay*>	InvokerInterface<void,Editor3D::MainDisplay*>;NoCopy	
InvokerCMemberFunction<void,Editor3D::MainDisplay*,bool>	.?AU?$InvokerCMemberFunction@XPEAVMainDisplay@Editor3D@@_N@@	0x1b26f40	3	InvokerInterface<void,Editor3D::MainDisplay*,bool>	InvokerInterface<void,Editor3D::MainDisplay*,bool>;NoCopy	
InvokerCMemberFunction<void,Editor3D::SaveLoadDisplay*,RStringCT<char>>	.?AU?$InvokerCMemberFunction@XPEAVSaveLoadDisplay@Editor3D@@V?$RStringCT@D@@@@	0x1b281f8	3	InvokerInterface<void,Editor3D::SaveLoadDisplay*,RStringCT<char>>	InvokerInterface<void,Editor3D::SaveLoadDisplay*,RStringCT<char>>;NoCopy	
InvokerCMemberFunction<void,NetworkManager*,AIGroup*,const RStringCT<char>&,const AutoArray<int,MemAllocD>&,const GameValue*>	.?AU?$InvokerCMemberFunction@XPEAVNetworkManager@@PEAVAIGroup@@AEBV?$RStringCT@D@@AEBV?$AutoArray@HVMemAllocD@@@@PEBVGameValue@@@@	0x1b19f98	3	InvokerInterface<void,NetworkManager*,AIGroup*,const RStringCT<char>&,const AutoArray<int,MemAllocD>&,const GameValue*>	InvokerInterface<void,NetworkManager*,AIGroup*,const RStringCT<char>&,const AutoArray<int,MemAllocD>&,const GameValue*>;NoCopy	
InvokerCMemberFunction<void,NetworkManager*,AIGroup*,const RStringCT<char>&,int,const GameValue*>	.?AU?$InvokerCMemberFunction@XPEAVNetworkManager@@PEAVAIGroup@@AEBV?$RStringCT@D@@HPEBVGameValue@@@@	0x1b19fb8	3	InvokerInterface<void,NetworkManager*,AIGroup*,const RStringCT<char>&,int,const GameValue*>	InvokerInterface<void,NetworkManager*,AIGroup*,const RStringCT<char>&,int,const GameValue*>;NoCopy	
InvokerCMemberFunction<void,NetworkManager*,AITeamMember*,const RStringCT<char>&,const AutoArray<int,MemAllocD>&,const GameValue*>	.?AU?$InvokerCMemberFunction@XPEAVNetworkManager@@PEAVAITeamMember@@AEBV?$RStringCT@D@@AEBV?$AutoArray@HVMemAllocD@@@@PEBVGameValue@@@@	0x1b19f58	3	InvokerInterface<void,NetworkManager*,AITeamMember*,const RStringCT<char>&,const AutoArray<int,MemAllocD>&,const GameValue*>	InvokerInterface<void,NetworkManager*,AITeamMember*,const RStringCT<char>&,const AutoArray<int,MemAllocD>&,const GameValue*>;NoCopy	
InvokerCMemberFunction<void,NetworkManager*,AITeamMember*,const RStringCT<char>&,int,const GameValue*>	.?AU?$InvokerCMemberFunction@XPEAVNetworkManager@@PEAVAITeamMember@@AEBV?$RStringCT@D@@HPEBVGameValue@@@@	0x1b19f78	3	InvokerInterface<void,NetworkManager*,AITeamMember*,const RStringCT<char>&,int,const GameValue*>	InvokerInterface<void,NetworkManager*,AITeamMember*,const RStringCT<char>&,int,const GameValue*>;NoCopy	
InvokerCMemberFunction<void,NetworkManager*,Object*,const RStringCT<char>&,const AutoArray<int,MemAllocD>&,const GameValue*>	.?AU?$InvokerCMemberFunction@XPEAVNetworkManager@@PEAVObject@@AEBV?$RStringCT@D@@AEBV?$AutoArray@HVMemAllocD@@@@PEBVGameValue@@@@	0x1b19fd8	3	InvokerInterface<void,NetworkManager*,Object*,const RStringCT<char>&,const AutoArray<int,MemAllocD>&,const GameValue*>	InvokerInterface<void,NetworkManager*,Object*,const RStringCT<char>&,const AutoArray<int,MemAllocD>&,const GameValue*>;NoCopy	
InvokerCMemberFunction<void,NetworkManager*,Object*,const RStringCT<char>&,int,const GameValue*>	.?AU?$InvokerCMemberFunction@XPEAVNetworkManager@@PEAVObject@@AEBV?$RStringCT@D@@HPEBVGameValue@@@@	0x1b19ff8	3	InvokerInterface<void,NetworkManager*,Object*,const RStringCT<char>&,int,const GameValue*>	InvokerInterface<void,NetworkManager*,Object*,const RStringCT<char>&,int,const GameValue*>;NoCopy	
InvokerInterface<AutoArray<int,MemAllocLocal<int,16,int,MemAllocD>>,const IParamArrayValue&>	.?AU?$InvokerInterface@V?$AutoArray@HV?$MemAllocLocal@H$0BA@HVMemAllocD@@@@@@AEBVIParamArrayValue@@@@	0x1aca508	3	NoCopy	NoCopy	
InvokerInterface<bool,>	.?AU?$InvokerInterface@_N$$V@@	0x1b20498	3	NoCopy	NoCopy	
InvokerInterface<bool,const AutoArray<GameValue,MemAllocD>&>	.?AU?$InvokerInterface@_NAEBV?$AutoArray@VGameValue@@VMemAllocD@@@@@@	0x1b4c568	3	NoCopy	NoCopy	
InvokerInterface<bool,const Editor3D::AttributeCategory&>	.?AU?$InvokerInterface@_NAEBUAttributeCategory@Editor3D@@@@	0x1a90088	3	NoCopy	NoCopy	
InvokerInterface<bool,const Editor3D::ConnectionType&>	.?AU?$InvokerInterface@_NAEBUConnectionType@Editor3D@@@@	0x1b26e60	3	NoCopy	NoCopy	
InvokerInterface<bool,const Editor3D::CreateTreesWrapper::TypeInfo&>	.?AU?$InvokerInterface@_NAEBUTypeInfo@CreateTreesWrapper@Editor3D@@@@	0x1a8e678	3	NoCopy	NoCopy	
InvokerInterface<bool,const Editor3D::E3DVehicle::CrewPosition&,int>	.?AU?$InvokerInterface@_NAEBUCrewPosition@E3DVehicle@Editor3D@@H@@	0x1a8f380	3	NoCopy	NoCopy	
InvokerInterface<bool,const FileItem&>	.?AU?$InvokerInterface@_NAEBUFileItem@@@@	0x1a92c10	3	NoCopy	NoCopy	
InvokerInterface<bool,const ParamEntryVal&,bool>	.?AU?$InvokerInterface@_NAEBVParamEntryVal@@_N@@	0x1b7cec8	3	NoCopy	NoCopy	
InvokerInterface<bool,const ParamEntryVal&,int>	.?AU?$InvokerInterface@_NAEBVParamEntryVal@@H@@	0x1cc0890	3	NoCopy	NoCopy	
InvokerInterface<bool,const ParamEntryVal&>	.?AU?$InvokerInterface@_NAEBVParamEntryVal@@@@	0x1b4b408	3	NoCopy	NoCopy	
InvokerInterface<bool,const RStringCT<char>&,const GameValue&,const RStringCT<char>&>	.?AU?$InvokerInterface@_NAEBV?$RStringCT@D@@AEBVGameValue@@AEBV1@@@	0x1b1a5e8	3	NoCopy	NoCopy	
InvokerInterface<bool,const RStringCT<char>&,const GameValue&>	.?AU?$InvokerInterface@_NAEBV?$RStringCT@D@@AEBVGameValue@@@@	0x1b22c88	3	NoCopy	NoCopy	
InvokerInterface<bool,const SortingIteratorTrait<CListBoxContainer>::ParentRowLink&,const SortingIteratorTrait<CListBoxContainer>::ParentRowLink&>	.?AU?$InvokerInterface@_NAEBUParentRowLink@?$SortingIteratorTrait@VCListBoxContainer@@@@AEBU12@@@	0x1cd00c0	3	NoCopy	NoCopy	
InvokerInterface<bool,const SortingIteratorTrait<CListNBox>::ParentRowLink&,const SortingIteratorTrait<CListNBox>::ParentRowLink&>	.?AU?$InvokerInterface@_NAEBUParentRowLink@?$SortingIteratorTrait@VCListNBox@@@@AEBU12@@@	0x1cd00a0	3	NoCopy	NoCopy	
InvokerInterface<bool,CTreeItem*,enum Editor3D::ItemType,Editor3D::AttributeTypeHolder<enum Editor3D::EngineAttribute::Type>,RStringCT<char>>	.?AU?$InvokerInterface@_NPEAUCTreeItem@@W4ItemType@Editor3D@@U?$AttributeTypeHolder@W4Type@EngineAttribute@Editor3D@@@3@V?$RStringCT@D@@@@	0x1b26e40	3	NoCopy	NoCopy	
InvokerInterface<bool,Editor3D::CustomComposition&>	.?AU?$InvokerInterface@_NAEAVCustomComposition@Editor3D@@@@	0x1a8e6b8	3	NoCopy	NoCopy	
InvokerInterface<bool,Editor3D::E3DGroup*>	.?AU?$InvokerInterface@_NPEAVE3DGroup@Editor3D@@@@	0x1a8ec68	3	NoCopy	NoCopy	
InvokerInterface<bool,Editor3D::E3DItem*>	.?AU?$InvokerInterface@_NPEAVE3DItem@Editor3D@@@@	0x1a90068	3	NoCopy	NoCopy	
InvokerInterface<bool,Editor3D::Manager*,enum Editor3D::OperationType>	.?AU?$InvokerInterface@_NPEAVManager@Editor3D@@W4OperationType@2@@@	0x1b22cc8	3	NoCopy	NoCopy	
InvokerInterface<bool,Editor3D::SteamComposition&>	.?AU?$InvokerInterface@_NAEAVSteamComposition@Editor3D@@@@	0x1a8e698	3	NoCopy	NoCopy	
InvokerInterface<bool,Entity*>	.?AU?$InvokerInterface@_NPEAVEntity@@@@	0x1bd0ea0	3	NoCopy	NoCopy	
InvokerInterface<bool,EntityAIFull*,TurretContext&>	.?AU?$InvokerInterface@_NPEAVEntityAIFull@@AEAUTurretContext@@@@	0x1b1b8e0	3	NoCopy	NoCopy	
InvokerInterface<bool,IControl*>	.?AU?$InvokerInterface@_NPEAVIControl@@@@	0x1b86058	3	NoCopy	NoCopy	
InvokerInterface<bool,int>	.?AU?$InvokerInterface@_NH@@	0x1b19d98	3	NoCopy	NoCopy	
InvokerInterface<bool,Object*,float>	.?AU?$InvokerInterface@_NPEAVObject@@M@@	0x1b40688	3	NoCopy	NoCopy	
InvokerInterface<bool,ParamEntryVal>	.?AU?$InvokerInterface@_NVParamEntryVal@@@@	0x1b24418	3	NoCopy	NoCopy	
InvokerInterface<bool,Target*>	.?AU?$InvokerInterface@_NPEAVTarget@@@@	0x1a85808	3	NoCopy	NoCopy	
InvokerInterface<bool,unsigned int,NetMessage*>	.?AU?$InvokerInterface@_NIPEAVNetMessage@@@@	0x1aa9e58	3	NoCopy	NoCopy	
InvokerInterface<CuratorPricesVisibility,const RStringCT<char>&>	.?AU?$InvokerInterface@UCuratorPricesVisibility@@AEBV?$RStringCT@D@@@@	0x1b8a048	3	NoCopy	NoCopy	
InvokerInterface<float,>	.?AU?$InvokerInterface@M$$V@@	0x1c53168	3	NoCopy	NoCopy	
InvokerInterface<GameValue,PEntryPtr<const ParamEntry>>	.?AU?$InvokerInterface@VGameValue@@V?$PEntryPtr@$$CBVParamEntry@@@@@@	0x1b52270	3	NoCopy	NoCopy	
InvokerInterface<int,const TurretContext&>	.?AU?$InvokerInterface@HAEBUTurretContext@@@@	0x1b19d60	3	NoCopy	NoCopy	
InvokerInterface<int,int>	.?AU?$InvokerInterface@HH@@	0x1c79dd0	3	NoCopy	NoCopy	
InvokerInterface<RStringCT<char>,const RStringCT<char>&>	.?AU?$InvokerInterface@V?$RStringCT@D@@AEBV1@@@	0x1b1d4e0	3	NoCopy	NoCopy	
InvokerInterface<SRef<ParamFile,SRefTraits<ParamFile>>,>	.?AU?$InvokerInterface@V?$SRef@VParamFile@@U?$SRefTraits@VParamFile@@@@@@$$V@@	0x1bb7710	3	NoCopy	NoCopy	
InvokerInterface<TitleEffect*,>	.?AU?$InvokerInterface@PEAVTitleEffect@@$$V@@	0x1b19eb8	3	NoCopy	NoCopy	
InvokerInterface<TransportPylonsAnimInfo,int>	.?AU?$InvokerInterface@VTransportPylonsAnimInfo@@H@@	0x1aca4e8	3	NoCopy	NoCopy	
InvokerInterface<Vector3P,const IParamArrayValue&>	.?AU?$InvokerInterface@VVector3P@@AEBVIParamArrayValue@@@@	0x1c47890	3	NoCopy	NoCopy	
InvokerInterface<void,>	.?AU?$InvokerInterface@X$$V@@	0x1a8dfe8	3	NoCopy	NoCopy	
InvokerInterface<void,AIGroup*,int>	.?AU?$InvokerInterface@XPEAVAIGroup@@H@@	0x1b8a0a8	3	NoCopy	NoCopy	
InvokerInterface<void,AIGroup*>	.?AU?$InvokerInterface@XPEAVAIGroup@@@@	0x1b8a0e8	3	NoCopy	NoCopy	
InvokerInterface<void,AnimationContext&>	.?AU?$InvokerInterface@XAEAVAnimationContext@@@@	0x1ca2ba8	3	NoCopy	NoCopy	
InvokerInterface<void,char&,unsigned int>	.?AU?$InvokerInterface@XAEADI@@	0x1a78d38	3	NoCopy	NoCopy	
InvokerInterface<void,const ArcadeMarkerInfo&>	.?AU?$InvokerInterface@XAEBUArcadeMarkerInfo@@@@	0x1b8a088	3	NoCopy	NoCopy	
InvokerInterface<void,const AutoArray<GameValue,MemAllocD>&>	.?AU?$InvokerInterface@XAEBV?$AutoArray@VGameValue@@VMemAllocD@@@@@@	0x1b19d40	3	NoCopy	NoCopy	
InvokerInterface<void,const Editor3D::AttributeValInfo&,IControl*>	.?AU?$InvokerInterface@XAEBUAttributeValInfo@Editor3D@@PEAVIControl@@@@	0x1b1a770	3	NoCopy	NoCopy	
InvokerInterface<void,const Editor3D::E3DVehicle::CrewPosition&,int,int>	.?AU?$InvokerInterface@XAEBUCrewPosition@E3DVehicle@Editor3D@@HH@@	0x1b8a108	3	NoCopy	NoCopy	
InvokerInterface<void,const Editor3D::IOBridgeBase&>	.?AU?$InvokerInterface@XAEBVIOBridgeBase@Editor3D@@@@	0x1b22c68	3	NoCopy	NoCopy	
InvokerInterface<void,const Editor3D::Manager*,enum Editor3D::E3DEvents>	.?AU?$InvokerInterface@XPEBVManager@Editor3D@@W4E3DEvents@2@@@	0x1b22ca8	3	NoCopy	NoCopy	
InvokerInterface<void,const Editor3D::MissionData*>	.?AU?$InvokerInterface@XPEBVMissionData@Editor3D@@@@	0x1b8a068	3	NoCopy	NoCopy	
InvokerInterface<void,const GameDataArray*>	.?AU?$InvokerInterface@XPEBVGameDataArray@@@@	0x1aa2720	3	NoCopy	NoCopy	
InvokerInterface<void,const ParamEntryVal&,int>	.?AU?$InvokerInterface@XAEBVParamEntryVal@@H@@	0x1b874a8	3	NoCopy	NoCopy	
InvokerInterface<void,const RStringCT<char>&,const EntityAI*,unsigned char>	.?AU?$InvokerInterface@XAEBV?$RStringCT@D@@PEBVEntityAI@@E@@	0x1b4c9c8	3	NoCopy	NoCopy	
InvokerInterface<void,const RStringCT<char>&>	.?AU?$InvokerInterface@XAEBV?$RStringCT@D@@@@	0x1a9de80	3	NoCopy	NoCopy	
InvokerInterface<void,const Vector2Templ<float,GhostTypes::BasicVector2>&,Editor3D::E3DObject*>	.?AU?$InvokerInterface@XAEBU?$Vector2Templ@MUBasicVector2@GhostTypes@@@@PEAVE3DObject@Editor3D@@@@	0x1b1dd90	3	NoCopy	NoCopy	
InvokerInterface<void,DLLToLoad&,unsigned int>	.?AU?$InvokerInterface@XAEAUDLLToLoad@@I@@	0x1b475e8	3	NoCopy	NoCopy	
InvokerInterface<void,Editor3D::AttributesDisplay*>	.?AU?$InvokerInterface@XPEAVAttributesDisplay@Editor3D@@@@	0x1b27730	3	NoCopy	NoCopy	
InvokerInterface<void,Editor3D::AttributeValInfo&,const IControl*>	.?AU?$InvokerInterface@XAEAUAttributeValInfo@Editor3D@@PEBVIControl@@@@	0x1b1a750	3	NoCopy	NoCopy	
InvokerInterface<void,Editor3D::MainDisplay*,bool>	.?AU?$InvokerInterface@XPEAVMainDisplay@Editor3D@@_N@@	0x1b26e80	3	NoCopy	NoCopy	
InvokerInterface<void,Editor3D::MainDisplay*>	.?AU?$InvokerInterface@XPEAVMainDisplay@Editor3D@@@@	0x1b26ea0	3	NoCopy	NoCopy	
InvokerInterface<void,Editor3D::SaveLoadDisplay*,RStringCT<char>>	.?AU?$InvokerInterface@XPEAVSaveLoadDisplay@Editor3D@@V?$RStringCT@D@@@@	0x1b281d8	3	NoCopy	NoCopy	
InvokerInterface<void,Editor3D::SaveLoadDisplay::LoadMissionsFolder()::`6'::UsableFile&,unsigned int>	.?AU?$InvokerInterface@XAEAUUsableFile@?5??LoadMissionsFolder@SaveLoadDisplay@Editor3D@@QEAAX_N@Z@I@@	0x1b281b8	3	NoCopy	NoCopy	
InvokerInterface<void,EntityAI*>	.?AU?$InvokerInterface@XPEAVEntityAI@@@@	0x1b8a0c8	3	NoCopy	NoCopy	
InvokerInterface<void,int,int>	.?AU?$InvokerInterface@XHH@@	0x1a88178	3	NoCopy	NoCopy	
InvokerInterface<void,IParamArrayValue&,const IParamArrayValue&>	.?AU?$InvokerInterface@XAEAVIParamArrayValue@@AEBV1@@@	0x1a9bae0	3	NoCopy	NoCopy	
InvokerInterface<void,LineIntersectQuery&,unsigned int>	.?AU?$InvokerInterface@XAEAULineIntersectQuery@@I@@	0x1b19dd8	3	NoCopy	NoCopy	
InvokerInterface<void,LineIntersectSurfacesQuery&,unsigned int>	.?AU?$InvokerInterface@XAEAULineIntersectSurfacesQuery@@I@@	0x1b19db8	3	NoCopy	NoCopy	
InvokerInterface<void,MoveIdExt&,unsigned int>	.?AU?$InvokerInterface@XAEAUMoveIdExt@@I@@	0x1b20ba0	3	NoCopy	NoCopy	
InvokerInterface<void,NetworkManager*,AIGroup*,const RStringCT<char>&,const AutoArray<int,MemAllocD>&,const GameValue*>	.?AU?$InvokerInterface@XPEAVNetworkManager@@PEAVAIGroup@@AEBV?$RStringCT@D@@AEBV?$AutoArray@HVMemAllocD@@@@PEBVGameValue@@@@	0x1b19e38	3	NoCopy	NoCopy	
InvokerInterface<void,NetworkManager*,AIGroup*,const RStringCT<char>&,int,const GameValue*>	.?AU?$InvokerInterface@XPEAVNetworkManager@@PEAVAIGroup@@AEBV?$RStringCT@D@@HPEBVGameValue@@@@	0x1b19e58	3	NoCopy	NoCopy	
InvokerInterface<void,NetworkManager*,AITeamMember*,const RStringCT<char>&,const AutoArray<int,MemAllocD>&,const GameValue*>	.?AU?$InvokerInterface@XPEAVNetworkManager@@PEAVAITeamMember@@AEBV?$RStringCT@D@@AEBV?$AutoArray@HVMemAllocD@@@@PEBVGameValue@@@@	0x1b19df8	3	NoCopy	NoCopy	
InvokerInterface<void,NetworkManager*,AITeamMember*,const RStringCT<char>&,int,const GameValue*>	.?AU?$InvokerInterface@XPEAVNetworkManager@@PEAVAITeamMember@@AEBV?$RStringCT@D@@HPEBVGameValue@@@@	0x1b19e18	3	NoCopy	NoCopy	
InvokerInterface<void,NetworkManager*,Object*,const RStringCT<char>&,const AutoArray<int,MemAllocD>&,const GameValue*>	.?AU?$InvokerInterface@XPEAVNetworkManager@@PEAVObject@@AEBV?$RStringCT@D@@AEBV?$AutoArray@HVMemAllocD@@@@PEBVGameValue@@@@	0x1b19e78	3	NoCopy	NoCopy	
InvokerInterface<void,NetworkManager*,Object*,const RStringCT<char>&,int,const GameValue*>	.?AU?$InvokerInterface@XPEAVNetworkManager@@PEAVObject@@AEBV?$RStringCT@D@@HPEBVGameValue@@@@	0x1b19e98	3	NoCopy	NoCopy	
InvokerInterface<void,OperCover&,unsigned int>	.?AU?$InvokerInterface@XAEAUOperCover@@I@@	0x1cb5b68	3	NoCopy	NoCopy	
InvokerInterface<void,ParamClass*>	.?AU?$InvokerInterface@XPEAVParamClass@@@@	0x1b4b258	3	NoCopy	NoCopy	
InvokerInterface<void,Ref<Entity>&,unsigned int>	.?AU?$InvokerInterface@XAEAV?$Ref@VEntity@@@@I@@	0x1c7c488	3	NoCopy	NoCopy	
InvokerInterface<void,SignaturesCacheItem&,unsigned int>	.?AU?$InvokerInterface@XAEAUSignaturesCacheItem@@I@@	0x1aac978	3	NoCopy	NoCopy	
InvokerInterface<void,Span<Link<Light>>,AutoArray<LightPtrWithInfo,MemAllocLocal<LightPtrWithInfo,64,int,MemAllocD>>&>	.?AU?$InvokerInterface@XV?$Span@V?$Link@VLight@@@@@@AEAV?$AutoArray@ULightPtrWithInfo@@V?$MemAllocLocal@ULightPtrWithInfo@@$0EA@HVMemAllocD@@@@@@@@	0x1ca9958	3	NoCopy	NoCopy	
InvokerInterface<void,std::pair<NetworkId,unsigned int>&,unsigned int>	.?AU?$InvokerInterface@XAEAU?$pair@UNetworkId@@I@std@@I@@	0x1a7aa88	3	NoCopy	NoCopy	
InvokerInterface<void,unsigned __int64,SensorPositionChecker::Process()::`7'::SharedData&,ThreadData&>	.?AU?$InvokerInterface@X_KAEAUSharedData@?6??Process@SensorPositionChecker@@QEAAXXZ@AEAUThreadData@@@@	0x1a78e30	3	NoCopy	NoCopy	
InvokerInterface<void,unsigned int,NetMessage*>	.?AU?$InvokerInterface@XIPEAVNetMessage@@@@	0x1aa9e78	3	NoCopy	NoCopy	
InvokerInterface<void,unsigned int,unsigned int>	.?AU?$InvokerInterface@XII@@	0x1b58bd8	3	NoCopy	NoCopy	
InvokerInterface<void,unsigned int>	.?AU?$InvokerInterface@XI@@	0x1a78df8	3	NoCopy	NoCopy	
InvokerLambda<<lambda_10_>,int,int>	.?AU?$InvokerLambda@V<lambda_10_>@@HH@@	0x1c79f98	3	InvokerInterface<int,int>	InvokerInterface<int,int>;NoCopy	
InvokerLambda<<lambda_11_>,int,int>	.?AU?$InvokerLambda@V<lambda_11_>@@HH@@	0x1c79fb8	3	InvokerInterface<int,int>	InvokerInterface<int,int>;NoCopy	
InvokerLambda<<lambda_12_>,int,int>	.?AU?$InvokerLambda@V<lambda_12_>@@HH@@	0x1c79fd8	3	InvokerInterface<int,int>	InvokerInterface<int,int>;NoCopy	
InvokerLambda<<lambda_13_>,int,int>	.?AU?$InvokerLambda@V<lambda_13_>@@HH@@	0x1c79ff8	3	InvokerInterface<int,int>	InvokerInterface<int,int>;NoCopy	
InvokerLambda<<lambda_14_>,int,int>	.?AU?$InvokerLambda@V<lambda_14_>@@HH@@	0x1c7a018	3	InvokerInterface<int,int>	InvokerInterface<int,int>;NoCopy	
InvokerLambda<<lambda_15_>,int,int>	.?AU?$InvokerLambda@V<lambda_15_>@@HH@@	0x1c7a038	3	InvokerInterface<int,int>	InvokerInterface<int,int>;NoCopy	
InvokerLambda<<lambda_3_>,int,int>	.?AU?$InvokerLambda@V<lambda_3_>@@HH@@	0x1c79eb8	3	InvokerInterface<int,int>	InvokerInterface<int,int>;NoCopy	
InvokerLambda<<lambda_4_>,int,int>	.?AU?$InvokerLambda@V<lambda_4_>@@HH@@	0x1c79ed8	3	InvokerInterface<int,int>	InvokerInterface<int,int>;NoCopy	
InvokerLambda<<lambda_5_>,int,int>	.?AU?$InvokerLambda@V<lambda_5_>@@HH@@	0x1c79ef8	3	InvokerInterface<int,int>	InvokerInterface<int,int>;NoCopy	
InvokerLambda<<lambda_6_>,int,int>	.?AU?$InvokerLambda@V<lambda_6_>@@HH@@	0x1c79f18	3	InvokerInterface<int,int>	InvokerInterface<int,int>;NoCopy	
InvokerLambda<<lambda_7_>,int,int>	.?AU?$InvokerLambda@V<lambda_7_>@@HH@@	0x1c79f38	3	InvokerInterface<int,int>	InvokerInterface<int,int>;NoCopy	
InvokerLambda<<lambda_8_>,int,int>	.?AU?$InvokerLambda@V<lambda_8_>@@HH@@	0x1c79f58	3	InvokerInterface<int,int>	InvokerInterface<int,int>;NoCopy	
InvokerLambda<<lambda_9_>,int,int>	.?AU?$InvokerLambda@V<lambda_9_>@@HH@@	0x1c79f78	3	InvokerInterface<int,int>	InvokerInterface<int,int>;NoCopy	
InvokerLambda<ActionMap::`1'()::`2'::<lambda_1>,void,MoveIdExt&,unsigned int>	.?AU?$InvokerLambda@V<lambda_1>@?1???0ActionMap@@QEAA@AEBUActionMapName@@@Z@XAEAUMoveIdExt@@I@@	0x1b20bc0	3	InvokerInterface<void,MoveIdExt&,unsigned int>	InvokerInterface<void,MoveIdExt&,unsigned int>;NoCopy	
InvokerLambda<AddMissionInBank()::`2'::<lambda_1>,bool,const ParamEntryVal&,bool>	.?AU?$InvokerLambda@V<lambda_1>@?1??AddMissionInBank@@YAXV?$RStringCT@D@@W4MissionPlacement@@AEAV?$AutoArray@UMPMissionInfo@@VMemAllocD@@@@@Z@_NAEBVParamEntryVal@@_N@@	0x1cb9ed0	3	InvokerInterface<bool,const ParamEntryVal&,bool>	InvokerInterface<bool,const ParamEntryVal&,bool>;NoCopy	
InvokerLambda<AddMissionInDirectory()::`82'::<lambda_1>,bool,const ParamEntryVal&,bool>	.?AU?$InvokerLambda@V<lambda_1>@?FC@??AddMissionInDirectory@@YAXPEBDV?$RStringCT@D@@W4MissionPlacement@@AEAV?$AutoArray@UMPMissionInfo@@VMemAllocD@@@@V?$PEntryPtr@$$CBVParamEntry@@@@11UMissionCollectionContext@@@Z@_NAEBVParamEntryVal@@_N@@	0x1cb9eb0	3	InvokerInterface<bool,const ParamEntryVal&,bool>	InvokerInterface<bool,const ParamEntryVal&,bool>;NoCopy	
InvokerLambda<AIPathPlanner::ProcessSearching()::`8'::<lambda_1>,void,unsigned int>	.?AU?$InvokerLambda@V<lambda_1>@?7??ProcessSearching@AIPathPlanner@@UEAA_NXZ@XI@@	0x1cb5d90	3	InvokerInterface<void,unsigned int>	InvokerInterface<void,unsigned int>;NoCopy	
InvokerLambda<All3DENEntities()::`2'::<lambda_1>,bool,Editor3D::E3DItem*>	.?AU?$InvokerLambda@V<lambda_1>@?1??All3DENEntities@@YA?AVGameValue@@PEBVGameState@@@Z@_NPEAVE3DItem@Editor3D@@@@	0x1b4ac48	3	InvokerInterface<bool,Editor3D::E3DItem*>	InvokerInterface<bool,Editor3D::E3DItem*>;NoCopy	
InvokerLambda<AmbLifeSelectBestPlaces()::`2'::<lambda_2>,bool,int>	.?AU?$InvokerLambda@V<lambda_2>@?1??AmbLifeSelectBestPlaces@@YA_NAEAV?$AutoArray@UAmbLifePlace@@VMemAllocD@@@@AEBVVector3P@@MV?$RStringCT@D@@MI@Z@_NH@@	0x1c7c4a8	3	InvokerInterface<bool,int>	InvokerInterface<bool,int>;NoCopy	
InvokerLambda<ArrayFlatten()::`2'::<lambda_1>,void,const AutoArray<GameValue,MemAllocD>&>	.?AU?$InvokerLambda@V<lambda_1>@?1??ArrayFlatten@@YA?AVGameValue@@PEBVGameState@@AEBV3@@Z@XAEBV?$AutoArray@VGameValue@@VMemAllocD@@@@@@	0x1b1a1f8	3	InvokerInterface<void,const AutoArray<GameValue,MemAllocD>&>	InvokerInterface<void,const AutoArray<GameValue,MemAllocD>&>;NoCopy	
InvokerLambda<BattlEyeClient::BEIntegrityCheckPacketReceived()::`14'::<lambda_5>,void,unsigned int>	.?AU?$InvokerLambda@V<lambda_5>@?O@??BEIntegrityCheckPacketReceived@BattlEyeClient@@QEAAXPEAD_K@Z@XI@@	0x1b410d8	3	InvokerInterface<void,unsigned int>	InvokerInterface<void,unsigned int>;NoCopy	
InvokerLambda<BattlEyeClient::BEIntegrityCheckPacketReceived()::`14'::<lambda_6>,void,unsigned int>	.?AU?$InvokerLambda@V<lambda_6>@?O@??BEIntegrityCheckPacketReceived@BattlEyeClient@@QEAAXPEAD_K@Z@XI@@	0x1b410f8	3	InvokerInterface<void,unsigned int>	InvokerInterface<void,unsigned int>;NoCopy	
InvokerLambda<BattlEyeClient::BEIntegrityCheckPacketReceived()::`14'::<lambda_7>,void,unsigned int>	.?AU?$InvokerLambda@V<lambda_7>@?O@??BEIntegrityCheckPacketReceived@BattlEyeClient@@QEAAXPEAD_K@Z@XI@@	0x1b41118	3	InvokerInterface<void,unsigned int>	InvokerInterface<void,unsigned int>;NoCopy	
InvokerLambda<BattlEyeClient::BEIntegrityCheckPacketReceived()::`14'::<lambda_8>,void,unsigned int>	.?AU?$InvokerLambda@V<lambda_8>@?O@??BEIntegrityCheckPacketReceived@BattlEyeClient@@QEAAXPEAD_K@Z@XI@@	0x1b41138	3	InvokerInterface<void,unsigned int>	InvokerInterface<void,unsigned int>;NoCopy	
InvokerLambda<BattlEyeClient::BEIntegrityCheckPacketReceived()::`17'::<lambda_9>,void,unsigned int>	.?AU?$InvokerLambda@V<lambda_9>@?BB@??BEIntegrityCheckPacketReceived@BattlEyeClient@@QEAAXPEAD_K@Z@XI@@	0x1b41158	3	InvokerInterface<void,unsigned int>	InvokerInterface<void,unsigned int>;NoCopy	
InvokerLambda<BattlEyeClient::SendPacket()::`9'::<lambda_1>,void,const RStringCT<char>&>	.?AU?$InvokerLambda@V<lambda_1>@?8??SendPacket@BattlEyeClient@@CAXPEBX_K@Z@XAEBV?$RStringCT@D@@@@	0x1b410b8	3	InvokerInterface<void,const RStringCT<char>&>	InvokerInterface<void,const RStringCT<char>&>;NoCopy	
InvokerLambda<CListBoxContainer::SortItems()::`10'::<lambda_1>,bool,const SortingIteratorTrait<CListBoxContainer>::ParentRowLink&,const SortingIteratorTrait<CListBoxContainer>::ParentRowLink&>	.?AU?$InvokerLambda@V<lambda_1>@?9??SortItems@CListBoxContainer@@QEAAXAEBV?$RStringCT@D@@_N1W4ETextItems@CListBoxItem@@@Z@_NAEBUParentRowLink@?$SortingIteratorTrait@VCListBoxContainer@@@@AEBU78@@@	0x1cd0110	3	InvokerInterface<bool,const SortingIteratorTrait<CListBoxContainer>::ParentRowLink&,const SortingIteratorTrait<CListBoxContainer>::ParentRowLink&>	InvokerInterface<bool,const SortingIteratorTrait<CListBoxContainer>::ParentRowLink&,const SortingIteratorTrait<CListBoxContainer>::ParentRowLink&>;NoCopy	
InvokerLambda<CListBoxContainer::SortItems()::`12'::<lambda_2>,bool,const SortingIteratorTrait<CListBoxContainer>::ParentRowLink&,const SortingIteratorTrait<CListBoxContainer>::ParentRowLink&>	.?AU?$InvokerLambda@V<lambda_2>@?M@??SortItems@CListBoxContainer@@QEAAXAEBV?$RStringCT@D@@_N1W4ETextItems@CListBoxItem@@@Z@_NAEBUParentRowLink@?$SortingIteratorTrait@VCListBoxContainer@@@@AEBU78@@@	0x1cd0130	3	InvokerInterface<bool,const SortingIteratorTrait<CListBoxContainer>::ParentRowLink&,const SortingIteratorTrait<CListBoxContainer>::ParentRowLink&>	InvokerInterface<bool,const SortingIteratorTrait<CListBoxContainer>::ParentRowLink&,const SortingIteratorTrait<CListBoxContainer>::ParentRowLink&>;NoCopy	
InvokerLambda<CListBoxContainer::SortItems()::`19'::<lambda_3>,bool,const SortingIteratorTrait<CListBoxContainer>::ParentRowLink&,const SortingIteratorTrait<CListBoxContainer>::ParentRowLink&>	.?AU?$InvokerLambda@V<lambda_3>@?BD@??SortItems@CListBoxContainer@@QEAAXAEBV?$RStringCT@D@@_N1W4ETextItems@CListBoxItem@@@Z@_NAEBUParentRowLink@?$SortingIteratorTrait@VCListBoxContainer@@@@AEBU78@@@	0x1cd0150	3	InvokerInterface<bool,const SortingIteratorTrait<CListBoxContainer>::ParentRowLink&,const SortingIteratorTrait<CListBoxContainer>::ParentRowLink&>	InvokerInterface<bool,const SortingIteratorTrait<CListBoxContainer>::ParentRowLink&,const SortingIteratorTrait<CListBoxContainer>::ParentRowLink&>;NoCopy	
InvokerLambda<CListBoxContainer::SortItems()::`21'::<lambda_4>,bool,const SortingIteratorTrait<CListBoxContainer>::ParentRowLink&,const SortingIteratorTrait<CListBoxContainer>::ParentRowLink&>	.?AU?$InvokerLambda@V<lambda_4>@?BF@??SortItems@CListBoxContainer@@QEAAXAEBV?$RStringCT@D@@_N1W4ETextItems@CListBoxItem@@@Z@_NAEBUParentRowLink@?$SortingIteratorTrait@VCListBoxContainer@@@@AEBU78@@@	0x1cd0170	3	InvokerInterface<bool,const SortingIteratorTrait<CListBoxContainer>::ParentRowLink&,const SortingIteratorTrait<CListBoxContainer>::ParentRowLink&>	InvokerInterface<bool,const SortingIteratorTrait<CListBoxContainer>::ParentRowLink&,const SortingIteratorTrait<CListBoxContainer>::ParentRowLink&>;NoCopy	
InvokerLambda<CListBoxContainer::SortItems()::`28'::<lambda_5>,bool,const SortingIteratorTrait<CListBoxContainer>::ParentRowLink&,const SortingIteratorTrait<CListBoxContainer>::ParentRowLink&>	.?AU?$InvokerLambda@V<lambda_5>@?BM@??SortItems@CListBoxContainer@@QEAAXAEBV?$RStringCT@D@@_N1W4ETextItems@CListBoxItem@@@Z@_NAEBUParentRowLink@?$SortingIteratorTrait@VCListBoxContainer@@@@AEBU78@@@	0x1cd0190	3	InvokerInterface<bool,const SortingIteratorTrait<CListBoxContainer>::ParentRowLink&,const SortingIteratorTrait<CListBoxContainer>::ParentRowLink&>	InvokerInterface<bool,const SortingIteratorTrait<CListBoxContainer>::ParentRowLink&,const SortingIteratorTrait<CListBoxContainer>::ParentRowLink&>;NoCopy	
InvokerLambda<CListBoxContainer::SortItems()::`30'::<lambda_6>,bool,const SortingIteratorTrait<CListBoxContainer>::ParentRowLink&,const SortingIteratorTrait<CListBoxContainer>::ParentRowLink&>	.?AU?$InvokerLambda@V<lambda_6>@?BO@??SortItems@CListBoxContainer@@QEAAXAEBV?$RStringCT@D@@_N1W4ETextItems@CListBoxItem@@@Z@_NAEBUParentRowLink@?$SortingIteratorTrait@VCListBoxContainer@@@@AEBU78@@@	0x1cd01b0	3	InvokerInterface<bool,const SortingIteratorTrait<CListBoxContainer>::ParentRowLink&,const SortingIteratorTrait<CListBoxContainer>::ParentRowLink&>	InvokerInterface<bool,const SortingIteratorTrait<CListBoxContainer>::ParentRowLink&,const SortingIteratorTrait<CListBoxContainer>::ParentRowLink&>;NoCopy	
InvokerLambda<CListBoxContainer::SortItemsANSI()::`10'::<lambda_1>,bool,const SortingIteratorTrait<CListBoxContainer>::ParentRowLink&,const SortingIteratorTrait<CListBoxContainer>::ParentRowLink&>	.?AU?$InvokerLambda@V<lambda_1>@?9??SortItemsANSI@CListBoxContainer@@QEAAXAEBV?$RStringCT@D@@_N1W4ETextItems@CListBoxItem@@@Z@_NAEBUParentRowLink@?$SortingIteratorTrait@VCListBoxContainer@@@@AEBU78@@@	0x1cd01d0	3	InvokerInterface<bool,const SortingIteratorTrait<CListBoxContainer>::ParentRowLink&,const SortingIteratorTrait<CListBoxContainer>::ParentRowLink&>	InvokerInterface<bool,const SortingIteratorTrait<CListBoxContainer>::ParentRowLink&,const SortingIteratorTrait<CListBoxContainer>::ParentRowLink&>;NoCopy	
InvokerLambda<CListBoxContainer::SortItemsANSI()::`12'::<lambda_2>,bool,const SortingIteratorTrait<CListBoxContainer>::ParentRowLink&,const SortingIteratorTrait<CListBoxContainer>::ParentRowLink&>	.?AU?$InvokerLambda@V<lambda_2>@?M@??SortItemsANSI@CListBoxContainer@@QEAAXAEBV?$RStringCT@D@@_N1W4ETextItems@CListBoxItem@@@Z@_NAEBUParentRowLink@?$SortingIteratorTrait@VCListBoxContainer@@@@AEBU78@@@	0x1cd01f0	3	InvokerInterface<bool,const SortingIteratorTrait<CListBoxContainer>::ParentRowLink&,const SortingIteratorTrait<CListBoxContainer>::ParentRowLink&>	InvokerInterface<bool,const SortingIteratorTrait<CListBoxContainer>::ParentRowLink&,const SortingIteratorTrait<CListBoxContainer>::ParentRowLink&>;NoCopy	
InvokerLambda<CListBoxContainer::SortItemsANSI()::`19'::<lambda_3>,bool,const SortingIteratorTrait<CListBoxContainer>::ParentRowLink&,const SortingIteratorTrait<CListBoxContainer>::ParentRowLink&>	.?AU?$InvokerLambda@V<lambda_3>@?BD@??SortItemsANSI@CListBoxContainer@@QEAAXAEBV?$RStringCT@D@@_N1W4ETextItems@CListBoxItem@@@Z@_NAEBUParentRowLink@?$SortingIteratorTrait@VCListBoxContainer@@@@AEBU78@@@	0x1cd0210	3	InvokerInterface<bool,const SortingIteratorTrait<CListBoxContainer>::ParentRowLink&,const SortingIteratorTrait<CListBoxContainer>::ParentRowLink&>	InvokerInterface<bool,const SortingIteratorTrait<CListBoxContainer>::ParentRowLink&,const SortingIteratorTrait<CListBoxContainer>::ParentRowLink&>;NoCopy	
InvokerLambda<CListBoxContainer::SortItemsANSI()::`21'::<lambda_4>,bool,const SortingIteratorTrait<CListBoxContainer>::ParentRowLink&,const SortingIteratorTrait<CListBoxContainer>::ParentRowLink&>	.?AU?$InvokerLambda@V<lambda_4>@?BF@??SortItemsANSI@CListBoxContainer@@QEAAXAEBV?$RStringCT@D@@_N1W4ETextItems@CListBoxItem@@@Z@_NAEBUParentRowLink@?$SortingIteratorTrait@VCListBoxContainer@@@@AEBU78@@@	0x1cd0230	3	InvokerInterface<bool,const SortingIteratorTrait<CListBoxContainer>::ParentRowLink&,const SortingIteratorTrait<CListBoxContainer>::ParentRowLink&>	InvokerInterface<bool,const SortingIteratorTrait<CListBoxContainer>::ParentRowLink&,const SortingIteratorTrait<CListBoxContainer>::ParentRowLink&>;NoCopy	
InvokerLambda<CListBoxContainer::SortItemsANSI()::`28'::<lambda_5>,bool,const SortingIteratorTrait<CListBoxContainer>::ParentRowLink&,const SortingIteratorTrait<CListBoxContainer>::ParentRowLink&>	.?AU?$InvokerLambda@V<lambda_5>@?BM@??SortItemsANSI@CListBoxContainer@@QEAAXAEBV?$RStringCT@D@@_N1W4ETextItems@CListBoxItem@@@Z@_NAEBUParentRowLink@?$SortingIteratorTrait@VCListBoxContainer@@@@AEBU78@@@	0x1cd0250	3	InvokerInterface<bool,const SortingIteratorTrait<CListBoxContainer>::ParentRowLink&,const SortingIteratorTrait<CListBoxContainer>::ParentRowLink&>	InvokerInterface<bool,const SortingIteratorTrait<CListBoxContainer>::ParentRowLink&,const SortingIteratorTrait<CListBoxContainer>::ParentRowLink&>;NoCopy	
InvokerLambda<CListBoxContainer::SortItemsANSI()::`30'::<lambda_6>,bool,const SortingIteratorTrait<CListBoxContainer>::ParentRowLink&,const SortingIteratorTrait<CListBoxContainer>::ParentRowLink&>	.?AU?$InvokerLambda@V<lambda_6>@?BO@??SortItemsANSI@CListBoxContainer@@QEAAXAEBV?$RStringCT@D@@_N1W4ETextItems@CListBoxItem@@@Z@_NAEBUParentRowLink@?$SortingIteratorTrait@VCListBoxContainer@@@@AEBU78@@@	0x1cd0270	3	InvokerInterface<bool,const SortingIteratorTrait<CListBoxContainer>::ParentRowLink&,const SortingIteratorTrait<CListBoxContainer>::ParentRowLink&>	InvokerInterface<bool,const SortingIteratorTrait<CListBoxContainer>::ParentRowLink&,const SortingIteratorTrait<CListBoxContainer>::ParentRowLink&>;NoCopy	
InvokerLambda<CListNBox::SortItems()::`10'::<lambda_1>,bool,const SortingIteratorTrait<CListNBox>::ParentRowLink&,const SortingIteratorTrait<CListNBox>::ParentRowLink&>	.?AU?$InvokerLambda@V<lambda_1>@?9??SortItems@CListNBox@@QEAAXHU?$FlagEnum@W4SortingFlags@CListNBox@@@@@Z@_NAEBUParentRowLink@?$SortingIteratorTrait@VCListNBox@@@@AEBU56@@@	0x1cd0290	3	InvokerInterface<bool,const SortingIteratorTrait<CListNBox>::ParentRowLink&,const SortingIteratorTrait<CListNBox>::ParentRowLink&>	InvokerInterface<bool,const SortingIteratorTrait<CListNBox>::ParentRowLink&,const SortingIteratorTrait<CListNBox>::ParentRowLink&>;NoCopy	
InvokerLambda<CListNBox::SortItems()::`10'::<lambda_1>,bool,const SortingIteratorTrait<CListNBox>::ParentRowLink&,const SortingIteratorTrait<CListNBox>::ParentRowLink&>	.?AU?$InvokerLambda@V<lambda_1>@?9??SortItems@CListNBox@@QEAAXHAEBV?$RStringCT@D@@_N1W4ETextItems@CListBoxItem@@@Z@_NAEBUParentRowLink@?$SortingIteratorTrait@VCListNBox@@@@AEBU78@@@	0x1cd0330	3	InvokerInterface<bool,const SortingIteratorTrait<CListNBox>::ParentRowLink&,const SortingIteratorTrait<CListNBox>::ParentRowLink&>	InvokerInterface<bool,const SortingIteratorTrait<CListNBox>::ParentRowLink&,const SortingIteratorTrait<CListNBox>::ParentRowLink&>;NoCopy	
InvokerLambda<CListNBox::SortItems()::`12'::<lambda_2>,bool,const SortingIteratorTrait<CListNBox>::ParentRowLink&,const SortingIteratorTrait<CListNBox>::ParentRowLink&>	.?AU?$InvokerLambda@V<lambda_2>@?M@??SortItems@CListNBox@@QEAAXHU?$FlagEnum@W4SortingFlags@CListNBox@@@@@Z@_NAEBUParentRowLink@?$SortingIteratorTrait@VCListNBox@@@@AEBU56@@@	0x1cd02b0	3	InvokerInterface<bool,const SortingIteratorTrait<CListNBox>::ParentRowLink&,const SortingIteratorTrait<CListNBox>::ParentRowLink&>	InvokerInterface<bool,const SortingIteratorTrait<CListNBox>::ParentRowLink&,const SortingIteratorTrait<CListNBox>::ParentRowLink&>;NoCopy	
InvokerLambda<CListNBox::SortItems()::`12'::<lambda_2>,bool,const SortingIteratorTrait<CListNBox>::ParentRowLink&,const SortingIteratorTrait<CListNBox>::ParentRowLink&>	.?AU?$InvokerLambda@V<lambda_2>@?M@??SortItems@CListNBox@@QEAAXHAEBV?$RStringCT@D@@_N1W4ETextItems@CListBoxItem@@@Z@_NAEBUParentRowLink@?$SortingIteratorTrait@VCListNBox@@@@AEBU78@@@	0x1cd0350	3	InvokerInterface<bool,const SortingIteratorTrait<CListNBox>::ParentRowLink&,const SortingIteratorTrait<CListNBox>::ParentRowLink&>	InvokerInterface<bool,const SortingIteratorTrait<CListNBox>::ParentRowLink&,const SortingIteratorTrait<CListNBox>::ParentRowLink&>;NoCopy	
InvokerLambda<CListNBox::SortItems()::`19'::<lambda_3>,bool,const SortingIteratorTrait<CListNBox>::ParentRowLink&,const SortingIteratorTrait<CListNBox>::ParentRowLink&>	.?AU?$InvokerLambda@V<lambda_3>@?BD@??SortItems@CListNBox@@QEAAXHU?$FlagEnum@W4SortingFlags@CListNBox@@@@@Z@_NAEBUParentRowLink@?$SortingIteratorTrait@VCListNBox@@@@AEBU56@@@	0x1cd02d0	3	InvokerInterface<bool,const SortingIteratorTrait<CListNBox>::ParentRowLink&,const SortingIteratorTrait<CListNBox>::ParentRowLink&>	InvokerInterface<bool,const SortingIteratorTrait<CListNBox>::ParentRowLink&,const SortingIteratorTrait<CListNBox>::ParentRowLink&>;NoCopy	
InvokerLambda<CListNBox::SortItems()::`19'::<lambda_3>,bool,const SortingIteratorTrait<CListNBox>::ParentRowLink&,const SortingIteratorTrait<CListNBox>::ParentRowLink&>	.?AU?$InvokerLambda@V<lambda_3>@?BD@??SortItems@CListNBox@@QEAAXHAEBV?$RStringCT@D@@_N1W4ETextItems@CListBoxItem@@@Z@_NAEBUParentRowLink@?$SortingIteratorTrait@VCListNBox@@@@AEBU78@@@	0x1cd0370	3	InvokerInterface<bool,const SortingIteratorTrait<CListNBox>::ParentRowLink&,const SortingIteratorTrait<CListNBox>::ParentRowLink&>	InvokerInterface<bool,const SortingIteratorTrait<CListNBox>::ParentRowLink&,const SortingIteratorTrait<CListNBox>::ParentRowLink&>;NoCopy	
InvokerLambda<CListNBox::SortItems()::`21'::<lambda_4>,bool,const SortingIteratorTrait<CListNBox>::ParentRowLink&,const SortingIteratorTrait<CListNBox>::ParentRowLink&>	.?AU?$InvokerLambda@V<lambda_4>@?BF@??SortItems@CListNBox@@QEAAXHU?$FlagEnum@W4SortingFlags@CListNBox@@@@@Z@_NAEBUParentRowLink@?$SortingIteratorTrait@VCListNBox@@@@AEBU56@@@	0x1cd02f0	3	InvokerInterface<bool,const SortingIteratorTrait<CListNBox>::ParentRowLink&,const SortingIteratorTrait<CListNBox>::ParentRowLink&>	InvokerInterface<bool,const SortingIteratorTrait<CListNBox>::ParentRowLink&,const SortingIteratorTrait<CListNBox>::ParentRowLink&>;NoCopy	
InvokerLambda<CListNBox::SortItems()::`21'::<lambda_4>,bool,const SortingIteratorTrait<CListNBox>::ParentRowLink&,const SortingIteratorTrait<CListNBox>::ParentRowLink&>	.?AU?$InvokerLambda@V<lambda_4>@?BF@??SortItems@CListNBox@@QEAAXHAEBV?$RStringCT@D@@_N1W4ETextItems@CListBoxItem@@@Z@_NAEBUParentRowLink@?$SortingIteratorTrait@VCListNBox@@@@AEBU78@@@	0x1cd0390	3	InvokerInterface<bool,const SortingIteratorTrait<CListNBox>::ParentRowLink&,const SortingIteratorTrait<CListNBox>::ParentRowLink&>	InvokerInterface<bool,const SortingIteratorTrait<CListNBox>::ParentRowLink&,const SortingIteratorTrait<CListNBox>::ParentRowLink&>;NoCopy	
InvokerLambda<CListNBox::SortItems()::`25'::<lambda_5>,bool,const SortingIteratorTrait<CListNBox>::ParentRowLink&,const SortingIteratorTrait<CListNBox>::ParentRowLink&>	.?AU?$InvokerLambda@V<lambda_5>@?BJ@??SortItems@CListNBox@@QEAAXHU?$FlagEnum@W4SortingFlags@CListNBox@@@@@Z@_NAEBUParentRowLink@?$SortingIteratorTrait@VCListNBox@@@@AEBU56@@@	0x1cd0310	3	InvokerInterface<bool,const SortingIteratorTrait<CListNBox>::ParentRowLink&,const SortingIteratorTrait<CListNBox>::ParentRowLink&>	InvokerInterface<bool,const SortingIteratorTrait<CListNBox>::ParentRowLink&,const SortingIteratorTrait<CListNBox>::ParentRowLink&>;NoCopy	
InvokerLambda<CListNBox::SortItems()::`28'::<lambda_5>,bool,const SortingIteratorTrait<CListNBox>::ParentRowLink&,const SortingIteratorTrait<CListNBox>::ParentRowLink&>	.?AU?$InvokerLambda@V<lambda_5>@?BM@??SortItems@CListNBox@@QEAAXHAEBV?$RStringCT@D@@_N1W4ETextItems@CListBoxItem@@@Z@_NAEBUParentRowLink@?$SortingIteratorTrait@VCListNBox@@@@AEBU78@@@	0x1cd03b0	3	InvokerInterface<bool,const SortingIteratorTrait<CListNBox>::ParentRowLink&,const SortingIteratorTrait<CListNBox>::ParentRowLink&>	InvokerInterface<bool,const SortingIteratorTrait<CListNBox>::ParentRowLink&,const SortingIteratorTrait<CListNBox>::ParentRowLink&>;NoCopy	
InvokerLambda<CListNBox::SortItems()::`30'::<lambda_6>,bool,const SortingIteratorTrait<CListNBox>::ParentRowLink&,const SortingIteratorTrait<CListNBox>::ParentRowLink&>	.?AU?$InvokerLambda@V<lambda_6>@?BO@??SortItems@CListNBox@@QEAAXHAEBV?$RStringCT@D@@_N1W4ETextItems@CListBoxItem@@@Z@_NAEBUParentRowLink@?$SortingIteratorTrait@VCListNBox@@@@AEBU78@@@	0x1cd03d0	3	InvokerInterface<bool,const SortingIteratorTrait<CListNBox>::ParentRowLink&,const SortingIteratorTrait<CListNBox>::ParentRowLink&>	InvokerInterface<bool,const SortingIteratorTrait<CListNBox>::ParentRowLink&,const SortingIteratorTrait<CListNBox>::ParentRowLink&>;NoCopy	
InvokerLambda<CListNBox::SortItemsANSI()::`10'::<lambda_1>,bool,const SortingIteratorTrait<CListNBox>::ParentRowLink&,const SortingIteratorTrait<CListNBox>::ParentRowLink&>	.?AU?$InvokerLambda@V<lambda_1>@?9??SortItemsANSI@CListNBox@@QEAAXHAEBV?$RStringCT@D@@_N1W4ETextItems@CListBoxItem@@@Z@_NAEBUParentRowLink@?$SortingIteratorTrait@VCListNBox@@@@AEBU78@@@	0x1cd03f0	3	InvokerInterface<bool,const SortingIteratorTrait<CListNBox>::ParentRowLink&,const SortingIteratorTrait<CListNBox>::ParentRowLink&>	InvokerInterface<bool,const SortingIteratorTrait<CListNBox>::ParentRowLink&,const SortingIteratorTrait<CListNBox>::ParentRowLink&>;NoCopy	
InvokerLambda<CListNBox::SortItemsANSI()::`12'::<lambda_2>,bool,const SortingIteratorTrait<CListNBox>::ParentRowLink&,const SortingIteratorTrait<CListNBox>::ParentRowLink&>	.?AU?$InvokerLambda@V<lambda_2>@?M@??SortItemsANSI@CListNBox@@QEAAXHAEBV?$RStringCT@D@@_N1W4ETextItems@CListBoxItem@@@Z@_NAEBUParentRowLink@?$SortingIteratorTrait@VCListNBox@@@@AEBU78@@@	0x1cd0410	3	InvokerInterface<bool,const SortingIteratorTrait<CListNBox>::ParentRowLink&,const SortingIteratorTrait<CListNBox>::ParentRowLink&>	InvokerInterface<bool,const SortingIteratorTrait<CListNBox>::ParentRowLink&,const SortingIteratorTrait<CListNBox>::ParentRowLink&>;NoCopy	
InvokerLambda<CListNBox::SortItemsANSI()::`19'::<lambda_3>,bool,const SortingIteratorTrait<CListNBox>::ParentRowLink&,const SortingIteratorTrait<CListNBox>::ParentRowLink&>	.?AU?$InvokerLambda@V<lambda_3>@?BD@??SortItemsANSI@CListNBox@@QEAAXHAEBV?$RStringCT@D@@_N1W4ETextItems@CListBoxItem@@@Z@_NAEBUParentRowLink@?$SortingIteratorTrait@VCListNBox@@@@AEBU78@@@	0x1cd0430	3	InvokerInterface<bool,const SortingIteratorTrait<CListNBox>::ParentRowLink&,const SortingIteratorTrait<CListNBox>::ParentRowLink&>	InvokerInterface<bool,const SortingIteratorTrait<CListNBox>::ParentRowLink&,const SortingIteratorTrait<CListNBox>::ParentRowLink&>;NoCopy	
InvokerLambda<CListNBox::SortItemsANSI()::`21'::<lambda_4>,bool,const SortingIteratorTrait<CListNBox>::ParentRowLink&,const SortingIteratorTrait<CListNBox>::ParentRowLink&>	.?AU?$InvokerLambda@V<lambda_4>@?BF@??SortItemsANSI@CListNBox@@QEAAXHAEBV?$RStringCT@D@@_N1W4ETextItems@CListBoxItem@@@Z@_NAEBUParentRowLink@?$SortingIteratorTrait@VCListNBox@@@@AEBU78@@@	0x1cd0450	3	InvokerInterface<bool,const SortingIteratorTrait<CListNBox>::ParentRowLink&,const SortingIteratorTrait<CListNBox>::ParentRowLink&>	InvokerInterface<bool,const SortingIteratorTrait<CListNBox>::ParentRowLink&,const SortingIteratorTrait<CListNBox>::ParentRowLink&>;NoCopy	
InvokerLambda<CListNBox::SortItemsANSI()::`28'::<lambda_5>,bool,const SortingIteratorTrait<CListNBox>::ParentRowLink&,const SortingIteratorTrait<CListNBox>::ParentRowLink&>	.?AU?$InvokerLambda@V<lambda_5>@?BM@??SortItemsANSI@CListNBox@@QEAAXHAEBV?$RStringCT@D@@_N1W4ETextItems@CListBoxItem@@@Z@_NAEBUParentRowLink@?$SortingIteratorTrait@VCListNBox@@@@AEBU78@@@	0x1cd0470	3	InvokerInterface<bool,const SortingIteratorTrait<CListNBox>::ParentRowLink&,const SortingIteratorTrait<CListNBox>::ParentRowLink&>	InvokerInterface<bool,const SortingIteratorTrait<CListNBox>::ParentRowLink&,const SortingIteratorTrait<CListNBox>::ParentRowLink&>;NoCopy	
InvokerLambda<CListNBox::SortItemsANSI()::`30'::<lambda_6>,bool,const SortingIteratorTrait<CListNBox>::ParentRowLink&,const SortingIteratorTrait<CListNBox>::ParentRowLink&>	.?AU?$InvokerLambda@V<lambda_6>@?BO@??SortItemsANSI@CListNBox@@QEAAXHAEBV?$RStringCT@D@@_N1W4ETextItems@CListBoxItem@@@Z@_NAEBUParentRowLink@?$SortingIteratorTrait@VCListNBox@@@@AEBU78@@@	0x1cd0490	3	InvokerInterface<bool,const SortingIteratorTrait<CListNBox>::ParentRowLink&,const SortingIteratorTrait<CListNBox>::ParentRowLink&>	InvokerInterface<bool,const SortingIteratorTrait<CListNBox>::ParentRowLink&,const SortingIteratorTrait<CListNBox>::ParentRowLink&>;NoCopy	
InvokerLambda<CTree::ApplyFilter()::`2'::<lambda_3>,void,>	.?AU?$InvokerLambda@V<lambda_3>@?1??ApplyFilter@CTree@@IEAAXV?$RStringCT@D@@@Z@X$$V@@	0x1cd1608	3	InvokerInterface<void,>	InvokerInterface<void,>;NoCopy	
InvokerLambda<CTree::ApplyFilter()::`2'::<lambda_4>,void,>	.?AU?$InvokerLambda@V<lambda_4>@?1??ApplyFilter@CTree@@IEAAXV?$RStringCT@D@@@Z@X$$V@@	0x1cd1628	3	InvokerInterface<void,>	InvokerInterface<void,>;NoCopy	
InvokerLambda<CTree::ApplyFilter()::`25'::<lambda_2>,void,>	.?AU?$InvokerLambda@V<lambda_2>@?BJ@??ApplyFilter@CTree@@IEAAXV?$RStringCT@D@@@Z@X$$V@@	0x1cd15e8	3	InvokerInterface<void,>	InvokerInterface<void,>;NoCopy	
InvokerLambda<CurrentZeroing()::`2'::<lambda_1>,int,const TurretContext&>	.?AU?$InvokerLambda@V<lambda_1>@?1??CurrentZeroing@@YA?AVGameValue@@PEBVGameState@@AEBV3@@Z@HAEBUTurretContext@@@@	0x1b1a178	3	InvokerInterface<int,const TurretContext&>	InvokerInterface<int,const TurretContext&>;NoCopy	
InvokerLambda<CurrentZeroingAlt()::`2'::<lambda_1>,int,const TurretContext&>	.?AU?$InvokerLambda@V<lambda_1>@?1??CurrentZeroingAlt@@YA?AVGameValue@@PEBVGameState@@AEBV3@1@Z@HAEBUTurretContext@@@@	0x1b1a198	3	InvokerInterface<int,const TurretContext&>	InvokerInterface<int,const TurretContext&>;NoCopy	
InvokerLambda<CutObj()::`2'::<lambda_1>,TitleEffect*,>	.?AU?$InvokerLambda@V<lambda_1>@?1??CutObj@@YA?AVGameValue@@PEBVGameState@@AEBV3@@Z@PEAVTitleEffect@@$$V@@	0x1b1a058	3	InvokerInterface<TitleEffect*,>	InvokerInterface<TitleEffect*,>;NoCopy	
InvokerLambda<CutObj()::`2'::<lambda_1>,TitleEffect*,>	.?AU?$InvokerLambda@V<lambda_1>@?1??CutObj@@YA?AVGameValue@@PEBVGameState@@AEBV3@1@Z@PEAVTitleEffect@@$$V@@	0x1b1a0d8	3	InvokerInterface<TitleEffect*,>	InvokerInterface<TitleEffect*,>;NoCopy	
InvokerLambda<CutObjByName()::`2'::<lambda_1>,TitleEffect*,>	.?AU?$InvokerLambda@V<lambda_1>@?1??CutObjByName@@YA?AVGameValue@@PEBVGameState@@AEBV3@1@Z@PEAVTitleEffect@@$$V@@	0x1b1a118	3	InvokerInterface<TitleEffect*,>	InvokerInterface<TitleEffect*,>;NoCopy	
InvokerLambda<CutRsc()::`9'::<lambda_1>,TitleEffect*,>	.?AU?$InvokerLambda@V<lambda_1>@?8??CutRsc@@YA?AVGameValue@@PEBVGameState@@AEBV3@@Z@PEAVTitleEffect@@$$V@@	0x1b1a038	3	InvokerInterface<TitleEffect*,>	InvokerInterface<TitleEffect*,>;NoCopy	
InvokerLambda<CutRsc()::`9'::<lambda_1>,TitleEffect*,>	.?AU?$InvokerLambda@V<lambda_1>@?8??CutRsc@@YA?AVGameValue@@PEBVGameState@@AEBV3@1@Z@PEAVTitleEffect@@$$V@@	0x1b1a0b8	3	InvokerInterface<TitleEffect*,>	InvokerInterface<TitleEffect*,>;NoCopy	
InvokerLambda<CutRscByName()::`10'::<lambda_1>,TitleEffect*,>	.?AU?$InvokerLambda@V<lambda_1>@?9??CutRscByName@@YA?AVGameValue@@PEBVGameState@@AEBV3@1@Z@PEAVTitleEffect@@$$V@@	0x1b1a0f8	3	InvokerInterface<TitleEffect*,>	InvokerInterface<TitleEffect*,>;NoCopy	
InvokerLambda<CutText()::`2'::<lambda_1>,TitleEffect*,>	.?AU?$InvokerLambda@V<lambda_1>@?1??CutText@@YA?AVGameValue@@PEBVGameState@@AEBV3@@Z@PEAVTitleEffect@@$$V@@	0x1b1a018	3	InvokerInterface<TitleEffect*,>	InvokerInterface<TitleEffect*,>;NoCopy	
InvokerLambda<CutText()::`2'::<lambda_1>,TitleEffect*,>	.?AU?$InvokerLambda@V<lambda_1>@?1??CutText@@YA?AVGameValue@@PEBVGameState@@AEBV3@1@Z@PEAVTitleEffect@@$$V@@	0x1b1a078	3	InvokerInterface<TitleEffect*,>	InvokerInterface<TitleEffect*,>;NoCopy	
InvokerLambda<CutTextByName()::`2'::<lambda_1>,TitleEffect*,>	.?AU?$InvokerLambda@V<lambda_1>@?1??CutTextByName@@YA?AVGameValue@@PEBVGameState@@AEBV3@1@Z@PEAVTitleEffect@@$$V@@	0x1b1a098	3	InvokerInterface<TitleEffect*,>	InvokerInterface<TitleEffect*,>;NoCopy	
InvokerLambda<CWebBrowser::RequestBrowserOpen()::`17'::<lambda_1>,void,int,int>	.?AU?$InvokerLambda@V<lambda_1>@?BB@??RequestBrowserOpen@CWebBrowser@@AEAAXXZ@XHH@@	0x1a88198	3	InvokerInterface<void,int,int>	InvokerInterface<void,int,int>;NoCopy	
InvokerLambda<DataIntegrityMonitor::Init()::`27'::<lambda_1>,bool,const FileItem&>	.?AU?$InvokerLambda@V<lambda_1>@?BL@??Init@DataIntegrityMonitor@@QEAAX_NAEBV?$RStringCT@D@@P6AXXZP6AXPEBD@Z@Z@_NAEBUFileItem@@@@	0x1a92c58	3	InvokerInterface<bool,const FileItem&>	InvokerInterface<bool,const FileItem&>;NoCopy	
InvokerLambda<DataIntegrityMonitor::Init()::`30'::<lambda_2>,bool,const FileItem&>	.?AU?$InvokerLambda@V<lambda_2>@?BO@??Init@DataIntegrityMonitor@@QEAAX_NAEBV?$RStringCT@D@@P6AXXZP6AXPEBD@Z@Z@_NAEBUFileItem@@@@	0x1a92c78	3	InvokerInterface<bool,const FileItem&>	InvokerInterface<bool,const FileItem&>;NoCopy	
InvokerLambda<DataIntegrityMonitor::Init()::`33'::<lambda_3>,bool,const FileItem&>	.?AU?$InvokerLambda@V<lambda_3>@?CB@??Init@DataIntegrityMonitor@@QEAAX_NAEBV?$RStringCT@D@@P6AXXZP6AXPEBD@Z@Z@_NAEBUFileItem@@@@	0x1a92c98	3	InvokerInterface<bool,const FileItem&>	InvokerInterface<bool,const FileItem&>;NoCopy	
InvokerLambda<DataSignatures::FindSignature()::`2'::<lambda_1>,bool,const FileItem&>	.?AU?$InvokerLambda@V<lambda_1>@?1??FindSignature@DataSignatures@@QEAA_NAEAUDSSignature@@V?$RStringCT@D@@AEBV?$AutoArray@UDSKey@@VMemAllocD@@@@HP6A_NAEBV5@3AEAUSelectSignatureContext@@@Z@Z@_NAEBUFileItem@@@@	0x1aac9e8	3	InvokerInterface<bool,const FileItem&>	InvokerInterface<bool,const FileItem&>;NoCopy	
InvokerLambda<DataSignatures::PreloadSignatures()::`2'::<lambda_2>,void,SignaturesCacheItem&,unsigned int>	.?AU?$InvokerLambda@V<lambda_2>@?1??PreloadSignatures@DataSignatures@@QEAAXV?$AutoArray@V?$RStringCT@D@@VMemAllocD@@@@@Z@XAEAUSignaturesCacheItem@@I@@	0x1aaca48	3	InvokerInterface<void,SignaturesCacheItem&,unsigned int>	InvokerInterface<void,SignaturesCacheItem&,unsigned int>;NoCopy	
InvokerLambda<DataSignatures::PreloadSignatures()::`2'::`18542149049613'()::`2'::<lambda_1>,bool,const FileItem&>	.?AU?$InvokerLambda@V<lambda_1>@?1???R<lambda_2>@?1??PreloadSignatures@DataSignatures@@QEAAXV?$AutoArray@V?$RStringCT@D@@VMemAllocD@@@@@Z@QEBA@AEAUSignaturesCacheItem@@I@Z@_NAEBUFileItem@@@@	0x1aaca28	3	InvokerInterface<bool,const FileItem&>	InvokerInterface<bool,const FileItem&>;NoCopy	
InvokerLambda<DataSignatures::PreverifySignature()::`5'::<lambda_1>,bool,const FileItem&>	.?AU?$InvokerLambda@V<lambda_1>@?4??PreverifySignature@DataSignatures@@QEAAHV?$RStringCT@D@@AEBV?$AutoArray@V?$RStringCT@D@@VMemAllocD@@@@@Z@_NAEBUFileItem@@@@	0x1aaca08	3	InvokerInterface<bool,const FileItem&>	InvokerInterface<bool,const FileItem&>;NoCopy	
InvokerLambda<Detector::Scan()::`15'::<lambda_1>,bool,Entity*>	.?AU?$InvokerLambda@V<lambda_1>@?P@??Scan@Detector@@IEAAXXZ@_NPEAVEntity@@@@	0x1bd0ed8	3	InvokerInterface<bool,Entity*>	InvokerInterface<bool,Entity*>;NoCopy	
InvokerLambda<Detector::Scan()::`56'::<lambda_2>,bool,Entity*>	.?AU?$InvokerLambda@V<lambda_2>@?DI@??Scan@Detector@@IEAAXXZ@_NPEAVEntity@@@@	0x1bd0ef8	3	InvokerInterface<bool,Entity*>	InvokerInterface<bool,Entity*>;NoCopy	
InvokerLambda<Diag_Localized()::`2'::<lambda_1>,void,const RStringCT<char>&>	.?AU?$InvokerLambda@V<lambda_1>@?1??Diag_Localized@@YA?AVGameValue@@PEBVGameState@@AEBV3@@Z@XAEBV?$RStringCT@D@@@@	0x1b52598	3	InvokerInterface<void,const RStringCT<char>&>	InvokerInterface<void,const RStringCT<char>&>;NoCopy	
InvokerLambda<DisplayCampaignMPLoad::LoadCampaign()::`2'::<lambda_1>,bool,const ParamEntryVal&,int>	.?AU?$InvokerLambda@V<lambda_1>@?1??LoadCampaign@DisplayCampaignMPLoad@@AEAAXXZ@_NAEBVParamEntryVal@@H@@	0x1cc08f0	3	InvokerInterface<bool,const ParamEntryVal&,int>	InvokerInterface<bool,const ParamEntryVal&,int>;NoCopy	
InvokerLambda<DisplayCampaignMPLoad::LoadParams()::`11'::<lambda_1>,void,const ParamEntryVal&,int>	.?AU?$InvokerLambda@V<lambda_1>@?L@??LoadParams@DisplayCampaignMPLoad@@AEAAXXZ@XAEBVParamEntryVal@@H@@	0x1cc08d0	3	InvokerInterface<void,const ParamEntryVal&,int>	InvokerInterface<void,const ParamEntryVal&,int>;NoCopy	
InvokerLambda<DisplayCurator::CalculateEdenCompositionPrice()::`2'::<lambda_1>,void,const Editor3D::MissionData*>	.?AU?$InvokerLambda@V<lambda_1>@?1??CalculateEdenCompositionPrice@DisplayCurator@@QEBA?AUCuratorPricesVisibility@@AEBV?$RStringCT@D@@@Z@XPEBVMissionData@Editor3D@@@@	0x1b8a2b0	3	InvokerInterface<void,const Editor3D::MissionData*>	InvokerInterface<void,const Editor3D::MissionData*>;NoCopy	
InvokerLambda<DisplayCurator::ChooseCursorAndPreviewPrice()::`19'::<lambda_1>,CuratorPricesVisibility,const RStringCT<char>&>	.?AU?$InvokerLambda@V<lambda_1>@?BD@??ChooseCursorAndPreviewPrice@DisplayCurator@@QEAAXXZ@UCuratorPricesVisibility@@AEBV?$RStringCT@D@@@@	0x1b8a290	3	InvokerInterface<CuratorPricesVisibility,const RStringCT<char>&>	InvokerInterface<CuratorPricesVisibility,const RStringCT<char>&>;NoCopy	
InvokerLambda<DisplayCurator::CuratorCreateEdenComposition()::`2'::<lambda_1>,CuratorPricesVisibility,const RStringCT<char>&>	.?AU?$InvokerLambda@V<lambda_1>@?1??CuratorCreateEdenComposition@DisplayCurator@@QEAAXAEBVVector3P@@HV?$RStringCT@D@@@Z@UCuratorPricesVisibility@@AEBV5@@@	0x1b8a2d0	3	InvokerInterface<CuratorPricesVisibility,const RStringCT<char>&>	InvokerInterface<CuratorPricesVisibility,const RStringCT<char>&>;NoCopy	
InvokerLambda<DisplayCurator::CuratorCreateEdenComposition()::`2'::<lambda_2>,void,AIGroup*>	.?AU?$InvokerLambda@V<lambda_2>@?1??CuratorCreateEdenComposition@DisplayCurator@@QEAAXAEBVVector3P@@HV?$RStringCT@D@@@Z@XPEAVAIGroup@@@@	0x1b8a310	3	InvokerInterface<void,AIGroup*>	InvokerInterface<void,AIGroup*>;NoCopy	
InvokerLambda<DisplayCurator::CuratorCreateEdenComposition()::`2'::<lambda_3>,void,AIGroup*,int>	.?AU?$InvokerLambda@V<lambda_3>@?1??CuratorCreateEdenComposition@DisplayCurator@@QEAAXAEBVVector3P@@HV?$RStringCT@D@@@Z@XPEAVAIGroup@@H@@	0x1b8a330	3	InvokerInterface<void,AIGroup*,int>	InvokerInterface<void,AIGroup*,int>;NoCopy	
InvokerLambda<DisplayCurator::CuratorCreateEdenComposition()::`2'::<lambda_4>,void,EntityAI*>	.?AU?$InvokerLambda@V<lambda_4>@?1??CuratorCreateEdenComposition@DisplayCurator@@QEAAXAEBVVector3P@@HV?$RStringCT@D@@@Z@XPEAVEntityAI@@@@	0x1b8a350	3	InvokerInterface<void,EntityAI*>	InvokerInterface<void,EntityAI*>;NoCopy	
InvokerLambda<DisplayCurator::CuratorCreateEdenComposition()::`2'::<lambda_5>,void,const ArcadeMarkerInfo&>	.?AU?$InvokerLambda@V<lambda_5>@?1??CuratorCreateEdenComposition@DisplayCurator@@QEAAXAEBVVector3P@@HV?$RStringCT@D@@@Z@XAEBUArcadeMarkerInfo@@@@	0x1b8a370	3	InvokerInterface<void,const ArcadeMarkerInfo&>	InvokerInterface<void,const ArcadeMarkerInfo&>;NoCopy	
InvokerLambda<DisplayCurator::CuratorCreateEdenComposition()::`2'::<lambda_6>,void,const Editor3D::MissionData*>	.?AU?$InvokerLambda@V<lambda_6>@?1??CuratorCreateEdenComposition@DisplayCurator@@QEAAXAEBVVector3P@@HV?$RStringCT@D@@@Z@XPEBVMissionData@Editor3D@@@@	0x1b8a390	3	InvokerInterface<void,const Editor3D::MissionData*>	InvokerInterface<void,const Editor3D::MissionData*>;NoCopy	
InvokerLambda<DisplayCurator::DrawEdenCompositionPreview()::`5'::<lambda_1>,void,const Editor3D::MissionData*>	.?AU?$InvokerLambda@V<lambda_1>@?4??DrawEdenCompositionPreview@DisplayCurator@@QEAAXAEBV?$RStringCT@D@@VVector3P@@@Z@XPEBVMissionData@Editor3D@@@@	0x1b8a270	3	InvokerInterface<void,const Editor3D::MissionData*>	InvokerInterface<void,const Editor3D::MissionData*>;NoCopy	
InvokerLambda<DisplayCurator::PrepareEdenCompositionPreview()::`2'::<lambda_1>,void,const Editor3D::MissionData*>	.?AU?$InvokerLambda@V<lambda_1>@?1??PrepareEdenCompositionPreview@DisplayCurator@@QEAAXV?$RStringCT@D@@@Z@XPEBVMissionData@Editor3D@@@@	0x1b8a250	3	InvokerInterface<void,const Editor3D::MissionData*>	InvokerInterface<void,const Editor3D::MissionData*>;NoCopy	
InvokerLambda<DisplayCurator::ReloadTypesTree()::`1048240'()::`2'::<lambda_1>,CuratorPricesVisibility,const RStringCT<char>&>	.?AU?$InvokerLambda@V<lambda_1>@?1???R1?LA@??ReloadTypesTree@DisplayCurator@@AEAAXW4TypeMode@3@W4CuratorTypeSides@@@Z@QEBA@AEAVCustomComposition@Editor3D@@@Z@UCuratorPricesVisibility@@AEBV?$RStringCT@D@@@@	0x1b8a150	3	InvokerInterface<CuratorPricesVisibility,const RStringCT<char>&>	InvokerInterface<CuratorPricesVisibility,const RStringCT<char>&>;NoCopy	
InvokerLambda<DisplayCurator::ReloadTypesTree()::`176'::<lambda_1>,bool,Editor3D::CustomComposition&>	.?AU?$InvokerLambda@V<lambda_1>@?LA@??ReloadTypesTree@DisplayCurator@@AEAAXW4TypeMode@3@W4CuratorTypeSides@@@Z@_NAEAVCustomComposition@Editor3D@@@@	0x1b8a170	3	InvokerInterface<bool,Editor3D::CustomComposition&>	InvokerInterface<bool,Editor3D::CustomComposition&>;NoCopy	
InvokerLambda<DisplayCurator::ReloadTypesTree()::`176'::<lambda_2>,bool,Editor3D::SteamComposition&>	.?AU?$InvokerLambda@V<lambda_2>@?LA@??ReloadTypesTree@DisplayCurator@@AEAAXW4TypeMode@3@W4CuratorTypeSides@@@Z@_NAEAVSteamComposition@Editor3D@@@@	0x1b8a1b0	3	InvokerInterface<bool,Editor3D::SteamComposition&>	InvokerInterface<bool,Editor3D::SteamComposition&>;NoCopy	
InvokerLambda<DisplayCurator::ReloadTypesTree()::`176'::`18542149049613'()::`2'::<lambda_1>,CuratorPricesVisibility,const RStringCT<char>&>	.?AU?$InvokerLambda@V<lambda_1>@?1???R<lambda_2>@?LA@??ReloadTypesTree@DisplayCurator@@AEAAXW4TypeMode@4@W4CuratorTypeSides@@@Z@QEBA@AEAVSteamComposition@Editor3D@@@Z@UCuratorPricesVisibility@@AEBV?$RStringCT@D@@@@	0x1b8a190	3	InvokerInterface<CuratorPricesVisibility,const RStringCT<char>&>	InvokerInterface<CuratorPricesVisibility,const RStringCT<char>&>;NoCopy	
InvokerLambda<DisplayCurator::ReloadTypesTree()::`197'::<lambda_3>,CuratorPricesVisibility,const RStringCT<char>&>	.?AU?$InvokerLambda@V<lambda_3>@?MF@??ReloadTypesTree@DisplayCurator@@AEAAXW4TypeMode@3@W4CuratorTypeSides@@@Z@UCuratorPricesVisibility@@AEBV?$RStringCT@D@@@@	0x1b8a1d0	3	InvokerInterface<CuratorPricesVisibility,const RStringCT<char>&>	InvokerInterface<CuratorPricesVisibility,const RStringCT<char>&>;NoCopy	
InvokerLambda<DisplayCurator::UpdateDisabledUnits()::`43'::<lambda_1>,CuratorPricesVisibility,const RStringCT<char>&>	.?AU?$InvokerLambda@V<lambda_1>@?CL@??UpdateDisabledUnits@DisplayCurator@@QEAAXXZ@UCuratorPricesVisibility@@AEBV?$RStringCT@D@@@@	0x1b8a1f0	3	InvokerInterface<CuratorPricesVisibility,const RStringCT<char>&>	InvokerInterface<CuratorPricesVisibility,const RStringCT<char>&>;NoCopy	
InvokerLambda<DisplayCurator::UpdateDisabledUnits()::`86'::<lambda_2>,CuratorPricesVisibility,const RStringCT<char>&>	.?AU?$InvokerLambda@V<lambda_2>@?FG@??UpdateDisabledUnits@DisplayCurator@@QEAAXXZ@UCuratorPricesVisibility@@AEBV?$RStringCT@D@@@@	0x1b8a210	3	InvokerInterface<CuratorPricesVisibility,const RStringCT<char>&>	InvokerInterface<CuratorPricesVisibility,const RStringCT<char>&>;NoCopy	
InvokerLambda<DisplayDebriefing::ProcessDebriefingReady()::`16'::<lambda_1>,void,const ParamEntryVal&,int>	.?AU?$InvokerLambda@V<lambda_1>@?BA@??ProcessDebriefingReady@DisplayDebriefing@@AEAAXXZ@XAEBVParamEntryVal@@H@@	0x1cdaf20	3	InvokerInterface<void,const ParamEntryVal&,int>	InvokerInterface<void,const ParamEntryVal&,int>;NoCopy	
InvokerLambda<DisplayIPAddress::OnButtonClicked()::`8'::<lambda_1>,bool,IControl*>	.?AU?$InvokerLambda@V<lambda_1>@?7??OnButtonClicked@DisplayIPAddress@@UEAAXH@Z@_NPEAVIControl@@@@	0x1b86078	3	InvokerInterface<bool,IControl*>	InvokerInterface<bool,IControl*>;NoCopy	
InvokerLambda<DisplayMission::`1'()::`12'::<lambda_1>,TitleEffect*,>	.?AU?$InvokerLambda@V<lambda_1>@?M@???0DisplayMission@@QEAA@PEAVControlsContainer@@_N11@Z@PEAVTitleEffect@@$$V@@	0x1b79528	3	InvokerInterface<TitleEffect*,>	InvokerInterface<TitleEffect*,>;NoCopy	
InvokerLambda<DisplayMultiplayer::OnButtonClicked()::`8'::<lambda_1>,bool,IControl*>	.?AU?$InvokerLambda@V<lambda_1>@?7??OnButtonClicked@DisplayMultiplayer@@UEAAXH@Z@_NPEAVIControl@@@@	0x1b86580	3	InvokerInterface<bool,IControl*>	InvokerInterface<bool,IControl*>;NoCopy	
InvokerLambda<DisplayMultiplayerSetup::OnChildDestroyed()::`62'::<lambda_1>,bool,const ParamEntryVal&,bool>	.?AU?$InvokerLambda@V<lambda_1>@?DO@??OnChildDestroyed@DisplayMultiplayerSetup@@UEAAXHH@Z@_NAEBVParamEntryVal@@_N@@	0x1b7cee8	3	InvokerInterface<bool,const ParamEntryVal&,bool>	InvokerInterface<bool,const ParamEntryVal&,bool>;NoCopy	
InvokerLambda<DisplayOverlayCreate::OnButtonClicked()::`6'::<lambda_1>,bool,const FileItem&>	.?AU?$InvokerLambda@V<lambda_1>@?5??OnButtonClicked@DisplayOverlayCreate@@UEAAXH@Z@_NAEBUFileItem@@@@	0x1cbede0	3	InvokerInterface<bool,const FileItem&>	InvokerInterface<bool,const FileItem&>;NoCopy	
InvokerLambda<DisplayOverlayLoad::`1'()::`8'::<lambda_1>,bool,const FileItem&>	.?AU?$InvokerLambda@V<lambda_1>@?7???0DisplayOverlayLoad@@QEAA@PEAVControlsContainer@@V?$PEntryPtr@$$CBVParamEntry@@@@@Z@_NAEBUFileItem@@@@	0x1cbee00	3	InvokerInterface<bool,const FileItem&>	InvokerInterface<bool,const FileItem&>;NoCopy	
InvokerLambda<DisplayServer::AddSteamMissionsToList()::`2'::<lambda_2>,bool,const ParamEntryVal&,bool>	.?AU?$InvokerLambda@V<lambda_2>@?1??AddSteamMissionsToList@DisplayServer@@IEAAXAEBVSteamFileInfo@@@Z@_NAEBVParamEntryVal@@_N@@	0x1b87568	3	InvokerInterface<bool,const ParamEntryVal&,bool>	InvokerInterface<bool,const ParamEntryVal&,bool>;NoCopy	
InvokerLambda<DisplayServer::OnMissionChanged()::`65'::<lambda_1>,bool,const ParamEntryVal&,bool>	.?AU?$InvokerLambda@V<lambda_1>@?EB@??OnMissionChanged@DisplayServer@@IEAAXH@Z@_NAEBVParamEntryVal@@_N@@	0x1b874e8	3	InvokerInterface<bool,const ParamEntryVal&,bool>	InvokerInterface<bool,const ParamEntryVal&,bool>;NoCopy	
InvokerLambda<DisplayServer::OnPlayMission()::`40'::<lambda_1>,void,const ParamEntryVal&,int>	.?AU?$InvokerLambda@V<lambda_1>@?CI@??OnPlayMission@DisplayServer@@IEAAXH@Z@XAEBVParamEntryVal@@H@@	0x1b87528	3	InvokerInterface<void,const ParamEntryVal&,int>	InvokerInterface<void,const ParamEntryVal&,int>;NoCopy	
InvokerLambda<DisplayServer::OnPlayMission()::`64'::<lambda_2>,bool,const ParamEntryVal&,bool>	.?AU?$InvokerLambda@V<lambda_2>@?EA@??OnPlayMission@DisplayServer@@IEAAXH@Z@_NAEBVParamEntryVal@@_N@@	0x1b87548	3	InvokerInterface<bool,const ParamEntryVal&,bool>	InvokerInterface<bool,const ParamEntryVal&,bool>;NoCopy	
InvokerLambda<DisplayServer::PlayMission()::`16'::<lambda_1>,void,const ParamEntryVal&,int>	.?AU?$InvokerLambda@V<lambda_1>@?BA@??PlayMission@DisplayServer@@MEAA_NAEBVParamEntryVal@@@Z@XAEBV4@H@@	0x1b874c8	3	InvokerInterface<void,const ParamEntryVal&,int>	InvokerInterface<void,const ParamEntryVal&,int>;NoCopy	
InvokerLambda<DisplayServer::SetMission()::`67'::<lambda_1>,bool,const ParamEntryVal&,bool>	.?AU?$InvokerLambda@V<lambda_1>@?ED@??SetMission@DisplayServer@@IEAA_N_N0@Z@_NAEBVParamEntryVal@@_N@@	0x1b87508	3	InvokerInterface<bool,const ParamEntryVal&,bool>	InvokerInterface<bool,const ParamEntryVal&,bool>;NoCopy	
InvokerLambda<DX11::EngineDD11::GetDriverVersion()::`17'::<lambda_2>,void,>	.?AU?$InvokerLambda@V<lambda_2>@?BB@??GetDriverVersion@EngineDD11@DX11@@AEBAIAEBUDXGI_ADAPTER_DESC@@AEAV?$RStringCT@D@@AEA_N@Z@X$$V@@	0x1cfa7b0	3	InvokerInterface<void,>	InvokerInterface<void,>;NoCopy	
InvokerLambda<DX11::EngineDD11::GetDriverVersion()::`31'::<lambda_3>,void,>	.?AU?$InvokerLambda@V<lambda_3>@?BP@??GetDriverVersion@EngineDD11@DX11@@AEBAIAEBUDXGI_ADAPTER_DESC@@AEAV?$RStringCT@D@@AEA_N@Z@X$$V@@	0x1cfa7d0	3	InvokerInterface<void,>	InvokerInterface<void,>;NoCopy	
InvokerLambda<DX11::EngineDD11::GetDriverVersion()::`5'::<lambda_1>,void,>	.?AU?$InvokerLambda@V<lambda_1>@?4??GetDriverVersion@EngineDD11@DX11@@AEBAIAEBUDXGI_ADAPTER_DESC@@AEAV?$RStringCT@D@@AEA_N@Z@X$$V@@	0x1cfa790	3	InvokerInterface<void,>	InvokerInterface<void,>;NoCopy	
InvokerLambda<E3DENGetSelectedItems()::`2'::<lambda_2>,bool,Editor3D::E3DItem*>	.?AU?$InvokerLambda@V<lambda_2>@?1??E3DENGetSelectedItems@@YA?AVGameValue@@PEBVGameState@@AEBV3@@Z@_NPEAVE3DItem@Editor3D@@@@	0x1b4ac88	3	InvokerInterface<bool,Editor3D::E3DItem*>	InvokerInterface<bool,Editor3D::E3DItem*>;NoCopy	
InvokerLambda<E3DENGetSelectedItems()::`7'::<lambda_1>,bool,Editor3D::E3DItem*>	.?AU?$InvokerLambda@V<lambda_1>@?6??E3DENGetSelectedItems@@YA?AVGameValue@@PEBVGameState@@AEBV3@@Z@_NPEAVE3DItem@Editor3D@@@@	0x1b4ac68	3	InvokerInterface<bool,Editor3D::E3DItem*>	InvokerInterface<bool,Editor3D::E3DItem*>;NoCopy	
InvokerLambda<Editor3D::Attributes::Load()::`2'::<lambda_1>,bool,ParamEntryVal>	.?AU?$InvokerLambda@V<lambda_1>@?1??Load@Attributes@Editor3D@@QEAAXAEBVParamEntry@@@Z@_NVParamEntryVal@@@@	0x1b24440	3	InvokerInterface<bool,ParamEntryVal>	InvokerInterface<bool,ParamEntryVal>;NoCopy	
InvokerLambda<Editor3D::Attributes::Load()::`2'::<lambda_2>,bool,ParamEntryVal>	.?AU?$InvokerLambda@V<lambda_2>@?1??Load@Attributes@Editor3D@@QEAAXAEBVParamEntry@@@Z@_NVParamEntryVal@@@@	0x1b24460	3	InvokerInterface<bool,ParamEntryVal>	InvokerInterface<bool,ParamEntryVal>;NoCopy	
InvokerLambda<Editor3D::AttributesDisplay::`1'()::`2'::<lambda_1>,bool,Editor3D::E3DItem*>	.?AU?$InvokerLambda@V<lambda_1>@?1???0AttributesDisplay@Editor3D@@QEAA@PEAVControlsContainer@@@Z@_NPEAVE3DItem@3@@@	0x1b27770	3	InvokerInterface<bool,Editor3D::E3DItem*>	InvokerInterface<bool,Editor3D::E3DItem*>;NoCopy	
InvokerLambda<Editor3D::AttributesDisplay::AddAttributeCategoryFunctor,bool,const Editor3D::AttributeCategory&>	.?AU?$InvokerLambda@UAddAttributeCategoryFunctor@AttributesDisplay@Editor3D@@_NAEBUAttributeCategory@3@@@	0x1b277b0	3	InvokerInterface<bool,const Editor3D::AttributeCategory&>	InvokerInterface<bool,const Editor3D::AttributeCategory&>;NoCopy	
InvokerLambda<Editor3D::AttributesDisplay::CheckIsSupportedInSelection()::`5'::<lambda_1>,bool,Editor3D::E3DItem*>	.?AU?$InvokerLambda@V<lambda_1>@?4??CheckIsSupportedInSelection@AttributesDisplay@Editor3D@@IEAA_NW4Type@EngineAttribute@4@@Z@_NPEAVE3DItem@4@@@	0x1b27830	3	InvokerInterface<bool,Editor3D::E3DItem*>	InvokerInterface<bool,Editor3D::E3DItem*>;NoCopy	
InvokerLambda<Editor3D::AttributesDisplay::FillItemTypeChangeAttribute()::`15'::<lambda_1>,bool,const Editor3D::CreateTreesWrapper::TypeInfo&>	.?AU?$InvokerLambda@V<lambda_1>@?P@??FillItemTypeChangeAttribute@AttributesDisplay@Editor3D@@IEAAXAEBUAttributeUI@34@@Z@_NAEBUTypeInfo@CreateTreesWrapper@4@@@	0x1b277f0	3	InvokerInterface<bool,const Editor3D::CreateTreesWrapper::TypeInfo&>	InvokerInterface<bool,const Editor3D::CreateTreesWrapper::TypeInfo&>;NoCopy	
InvokerLambda<Editor3D::AttributesDisplay::FillItemTypeChangeAttribute()::`16'::<lambda_2>,bool,const Editor3D::CreateTreesWrapper::TypeInfo&>	.?AU?$InvokerLambda@V<lambda_2>@?BA@??FillItemTypeChangeAttribute@AttributesDisplay@Editor3D@@IEAAXAEBUAttributeUI@34@@Z@_NAEBUTypeInfo@CreateTreesWrapper@4@@@	0x1b27810	3	InvokerInterface<bool,const Editor3D::CreateTreesWrapper::TypeInfo&>	InvokerInterface<bool,const Editor3D::CreateTreesWrapper::TypeInfo&>;NoCopy	
InvokerLambda<Editor3D::AttributesDisplay::ValidateAttributes()::`2'::<lambda_1>,bool,Editor3D::E3DItem*>	.?AU?$InvokerLambda@V<lambda_1>@?1??ValidateAttributes@AttributesDisplay@Editor3D@@QEAA_NXZ@_NPEAVE3DItem@4@@@	0x1b277d0	3	InvokerInterface<bool,Editor3D::E3DItem*>	InvokerInterface<bool,Editor3D::E3DItem*>;NoCopy	
InvokerLambda<Editor3D::BestAttributeMatchFinder,bool,const Editor3D::AttributeCategory&>	.?AU?$InvokerLambda@UBestAttributeMatchFinder@Editor3D@@_NAEBUAttributeCategory@2@@@	0x1a900a8	3	InvokerInterface<bool,const Editor3D::AttributeCategory&>	InvokerInterface<bool,const Editor3D::AttributeCategory&>;NoCopy	
InvokerLambda<Editor3D::CopyPasteMemory::Copy()::`26'::<lambda_1>,bool,Editor3D::E3DItem*>	.?AU?$InvokerLambda@V<lambda_1>@?BK@??Copy@CopyPasteMemory@Editor3D@@QEAAXAEBVVector3P@@AEBV?$RefArray@VE3DItem@Editor3D@@VMemAllocD@@@@@Z@_NPEAVE3DItem@4@@@	0x1b215c8	3	InvokerInterface<bool,Editor3D::E3DItem*>	InvokerInterface<bool,Editor3D::E3DItem*>;NoCopy	
InvokerLambda<Editor3D::CopyPasteMemory::Paste()::`5'::<lambda_1>,void,>	.?AU?$InvokerLambda@V<lambda_1>@?4??Paste@CopyPasteMemory@Editor3D@@QEAA?AV?$Ref@UUndoRedoItem@Editor3D@@@@AEBVVector3P@@_N@Z@X$$V@@	0x1b215e8	3	InvokerInterface<void,>	InvokerInterface<void,>;NoCopy	
InvokerLambda<Editor3D::CopyPasteMemory::PasteIntoLiveMission()::`2'::<lambda_1>,void,>	.?AU?$InvokerLambda@V<lambda_1>@?1??PasteIntoLiveMission@CopyPasteMemory@Editor3D@@QEAA_NAEAULivePlacementContext@4@@Z@X$$V@@	0x1b21608	3	InvokerInterface<void,>	InvokerInterface<void,>;NoCopy	
InvokerLambda<Editor3D::CreateTreesWrapper::FilterTree()::`13'::`18542149049629'()::`2'::<lambda_1>,void,unsigned int>	.?AU?$InvokerLambda@V<lambda_1>@?1???R<lambda_3>@?N@??FilterTree@CreateTreesWrapper@Editor3D@@SAXPEAVCTree@@V?$RStringCT@D@@W4CreationModes@45@W4E3DSides@5@W4SearchTreeSubject@45@@Z@QEBA_NPEAUCTreeItem@@@Z@XI@@	0x1a8e7a8	3	InvokerInterface<void,unsigned int>	InvokerInterface<void,unsigned int>;NoCopy	
InvokerLambda<Editor3D::CreateTreesWrapper::InitializeCreateList()::`8'::<lambda_1>,bool,const Editor3D::CreateTreesWrapper::TypeInfo&>	.?AU?$InvokerLambda@V<lambda_1>@?7??InitializeCreateList@CreateTreesWrapper@Editor3D@@IEAAXXZ@_NAEBUTypeInfo@34@@@	0x1a8e728	3	InvokerInterface<bool,const Editor3D::CreateTreesWrapper::TypeInfo&>	InvokerInterface<bool,const Editor3D::CreateTreesWrapper::TypeInfo&>;NoCopy	
InvokerLambda<Editor3D::CreateTreesWrapper::InitializeCurrentCreateList()::`4'::<lambda_1>,bool,const Editor3D::CreateTreesWrapper::TypeInfo&>	.?AU?$InvokerLambda@V<lambda_1>@?3??InitializeCurrentCreateList@CreateTreesWrapper@Editor3D@@IEAAXXZ@_NAEBUTypeInfo@34@@@	0x1a8e748	3	InvokerInterface<bool,const Editor3D::CreateTreesWrapper::TypeInfo&>	InvokerInterface<bool,const Editor3D::CreateTreesWrapper::TypeInfo&>;NoCopy	
InvokerLambda<Editor3D::CreateTreesWrapper::InitializeCustomCompositionsList()::`3'::<lambda_1>,bool,Editor3D::CustomComposition&>	.?AU?$InvokerLambda@V<lambda_1>@?2??InitializeCustomCompositionsList@CreateTreesWrapper@Editor3D@@QEAAXPEAVCTree@@@Z@_NAEAVCustomComposition@4@@@	0x1a8e768	3	InvokerInterface<bool,Editor3D::CustomComposition&>	InvokerInterface<bool,Editor3D::CustomComposition&>;NoCopy	
InvokerLambda<Editor3D::CreateTreesWrapper::InitializeCustomCompositionsList()::`4'::<lambda_2>,bool,Editor3D::SteamComposition&>	.?AU?$InvokerLambda@V<lambda_2>@?3??InitializeCustomCompositionsList@CreateTreesWrapper@Editor3D@@QEAAXPEAVCTree@@@Z@_NAEAVSteamComposition@4@@@	0x1a8e788	3	InvokerInterface<bool,Editor3D::SteamComposition&>	InvokerInterface<bool,Editor3D::SteamComposition&>;NoCopy	
InvokerLambda<Editor3D::CreateTreesWrapper::OnSimulate()::`5'::<lambda_1>,void,>	.?AU?$InvokerLambda@V<lambda_1>@?4??OnSimulate@CreateTreesWrapper@Editor3D@@IEAAXXZ@X$$V@@	0x1a8e7c8	3	InvokerInterface<void,>	InvokerInterface<void,>;NoCopy	
InvokerLambda<Editor3D::CreateUnitOp::FindClosestEntityWithGroup()::`2'::<lambda_1>,bool,Editor3D::E3DItem*>	.?AU?$InvokerLambda@V<lambda_1>@?1??FindClosestEntityWithGroup@CreateUnitOp@Editor3D@@KAPEAVE3DObject@4@AEBVVector3P@@W4E3DSides@4@@Z@_NPEAVE3DItem@4@@@	0x1b1a4f0	3	InvokerInterface<bool,Editor3D::E3DItem*>	InvokerInterface<bool,Editor3D::E3DItem*>;NoCopy	
InvokerLambda<Editor3D::CreateWaypointOp::DrawPreviewLine()::`2'::<lambda_1>,bool,Editor3D::E3DGroup*>	.?AU?$InvokerLambda@V<lambda_1>@?1??DrawPreviewLine@CreateWaypointOp@Editor3D@@QEAAXAEBVIOBridgeBase@4@AEBVVector3P@@@Z@_NPEAVE3DGroup@4@@@	0x1a8eca8	3	InvokerInterface<bool,Editor3D::E3DGroup*>	InvokerInterface<bool,Editor3D::E3DGroup*>;NoCopy	
InvokerLambda<Editor3D::CreateWaypointOp::ProcessOperation()::`2'::<lambda_1>,bool,Editor3D::E3DGroup*>	.?AU?$InvokerLambda@V<lambda_1>@?1??ProcessOperation@CreateWaypointOp@Editor3D@@UEAA_NXZ@_NPEAVE3DGroup@4@@@	0x1a8ec88	3	InvokerInterface<bool,Editor3D::E3DGroup*>	InvokerInterface<bool,Editor3D::E3DGroup*>;NoCopy	
InvokerLambda<Editor3D::CustomAttributesFile::CallSetFunctions()::`2'::<lambda_1>,bool,const RStringCT<char>&,const GameValue&,const RStringCT<char>&>	.?AU?$InvokerLambda@V<lambda_1>@?1??CallSetFunctions@CustomAttributesFile@Editor3D@@QEBAXAEBVGameValue@@@Z@_NAEBV?$RStringCT@D@@AEBV5@AEBV6@@@	0x1b1a608	3	InvokerInterface<bool,const RStringCT<char>&,const GameValue&,const RStringCT<char>&>	InvokerInterface<bool,const RStringCT<char>&,const GameValue&,const RStringCT<char>&>;NoCopy	
InvokerLambda<Editor3D::DeleteOperationUndo::AddAllCrewIntoDelete()::`15'::<lambda_1>,bool,Editor3D::E3DItem*>	.?AU?$InvokerLambda@V<lambda_1>@?P@??AddAllCrewIntoDelete@DeleteOperationUndo@Editor3D@@IEAAXPEAVE3DVehicle@4@@Z@_NPEAVE3DItem@4@@@	0x1b1a690	3	InvokerInterface<bool,Editor3D::E3DItem*>	InvokerInterface<bool,Editor3D::E3DItem*>;NoCopy	
InvokerLambda<Editor3D::DeleteOperationUndo::ProcessDelete()::`6'::<lambda_1>,bool,Editor3D::E3DItem*>	.?AU?$InvokerLambda@V<lambda_1>@?5??ProcessDelete@DeleteOperationUndo@Editor3D@@QEAAXAEBV?$RefArray@VE3DItem@Editor3D@@VMemAllocD@@@@@Z@_NPEAVE3DItem@4@@@	0x1b1a670	3	InvokerInterface<bool,Editor3D::E3DItem*>	InvokerInterface<bool,Editor3D::E3DItem*>;NoCopy	
InvokerLambda<Editor3D::DescriptionExtAttributesInterface<1>::GetAttribute()::`5'::<lambda_1>,void,const Editor3D::AttributeValInfo&,IControl*>	.?AU?$InvokerLambda@V<lambda_1>@?4??GetAttribute@?$DescriptionExtAttributesInterface@$00@Editor3D@@UEBA?AUAttributeValInfo@4@PEAUMissionFile@4@W4Type@EngineAttribute@4@@Z@XAEBU54@PEAVIControl@@@@	0x1b1a7d0	3	InvokerInterface<void,const Editor3D::AttributeValInfo&,IControl*>	InvokerInterface<void,const Editor3D::AttributeValInfo&,IControl*>;NoCopy	
InvokerLambda<Editor3D::DescriptionExtAttributesInterface<1>::GetAttribute()::`5'::<lambda_2>,void,Editor3D::AttributeValInfo&,const IControl*>	.?AU?$InvokerLambda@V<lambda_2>@?4??GetAttribute@?$DescriptionExtAttributesInterface@$00@Editor3D@@UEBA?AUAttributeValInfo@4@PEAUMissionFile@4@W4Type@EngineAttribute@4@@Z@XAEAU54@PEBVIControl@@@@	0x1b1a7f0	3	InvokerInterface<void,Editor3D::AttributeValInfo&,const IControl*>	InvokerInterface<void,Editor3D::AttributeValInfo&,const IControl*>;NoCopy	
InvokerLambda<Editor3D::DescriptionExtAttributesInterface<2>::GetAttribute()::`5'::<lambda_1>,void,const Editor3D::AttributeValInfo&,IControl*>	.?AU?$InvokerLambda@V<lambda_1>@?4??GetAttribute@?$DescriptionExtAttributesInterface@$01@Editor3D@@UEBA?AUAttributeValInfo@4@PEAUMissionFile@4@W4Type@EngineAttribute@4@@Z@XAEBU54@PEAVIControl@@@@	0x1b1a790	3	InvokerInterface<void,const Editor3D::AttributeValInfo&,IControl*>	InvokerInterface<void,const Editor3D::AttributeValInfo&,IControl*>;NoCopy	
InvokerLambda<Editor3D::DescriptionExtAttributesInterface<2>::GetAttribute()::`5'::<lambda_2>,void,Editor3D::AttributeValInfo&,const IControl*>	.?AU?$InvokerLambda@V<lambda_2>@?4??GetAttribute@?$DescriptionExtAttributesInterface@$01@Editor3D@@UEBA?AUAttributeValInfo@4@PEAUMissionFile@4@W4Type@EngineAttribute@4@@Z@XAEAU54@PEBVIControl@@@@	0x1b1a7b0	3	InvokerInterface<void,Editor3D::AttributeValInfo&,const IControl*>	InvokerInterface<void,Editor3D::AttributeValInfo&,const IControl*>;NoCopy	
InvokerLambda<Editor3D::DescriptionExtAttributesInterface<3>::GetAttribute()::`5'::<lambda_1>,void,const Editor3D::AttributeValInfo&,IControl*>	.?AU?$InvokerLambda@V<lambda_1>@?4??GetAttribute@?$DescriptionExtAttributesInterface@$02@Editor3D@@UEBA?AUAttributeValInfo@4@PEAUMissionFile@4@W4Type@EngineAttribute@4@@Z@XAEBU54@PEAVIControl@@@@	0x1b1a810	3	InvokerInterface<void,const Editor3D::AttributeValInfo&,IControl*>	InvokerInterface<void,const Editor3D::AttributeValInfo&,IControl*>;NoCopy	
InvokerLambda<Editor3D::DescriptionExtAttributesInterface<3>::GetAttribute()::`5'::<lambda_2>,void,Editor3D::AttributeValInfo&,const IControl*>	.?AU?$InvokerLambda@V<lambda_2>@?4??GetAttribute@?$DescriptionExtAttributesInterface@$02@Editor3D@@UEBA?AUAttributeValInfo@4@PEAUMissionFile@4@W4Type@EngineAttribute@4@@Z@XAEAU54@PEBVIControl@@@@	0x1b1a830	3	InvokerInterface<void,Editor3D::AttributeValInfo&,const IControl*>	InvokerInterface<void,Editor3D::AttributeValInfo&,const IControl*>;NoCopy	
InvokerLambda<Editor3D::E3DObject::GetAttributeIntern()::`10'::<lambda_4>,void,const Editor3D::AttributeValInfo&,IControl*>	.?AU?$InvokerLambda@V<lambda_4>@?9??GetAttributeIntern@E3DObject@Editor3D@@AEBA?AUAttributeValInfo@4@W4Type@EngineAttribute@4@AEBUAttributes@34@@Z@XAEBU54@PEAVIControl@@@@	0x1b1b428	3	InvokerInterface<void,const Editor3D::AttributeValInfo&,IControl*>	InvokerInterface<void,const Editor3D::AttributeValInfo&,IControl*>;NoCopy	
InvokerLambda<Editor3D::E3DObject::GetAttributeIntern()::`10'::<lambda_5>,void,Editor3D::AttributeValInfo&,const IControl*>	.?AU?$InvokerLambda@V<lambda_5>@?9??GetAttributeIntern@E3DObject@Editor3D@@AEBA?AUAttributeValInfo@4@W4Type@EngineAttribute@4@AEBUAttributes@34@@Z@XAEAU54@PEBVIControl@@@@	0x1b1b448	3	InvokerInterface<void,Editor3D::AttributeValInfo&,const IControl*>	InvokerInterface<void,Editor3D::AttributeValInfo&,const IControl*>;NoCopy	
InvokerLambda<Editor3D::E3DObject::GetAttributeIntern()::`8'::<lambda_1>,void,const Editor3D::AttributeValInfo&,IControl*>	.?AU?$InvokerLambda@V<lambda_1>@?7??GetAttributeIntern@E3DObject@Editor3D@@AEBA?AUAttributeValInfo@4@W4Type@EngineAttribute@4@AEBUAttributes@34@@Z@XAEBU54@PEAVIControl@@@@	0x1b1b3c8	3	InvokerInterface<void,const Editor3D::AttributeValInfo&,IControl*>	InvokerInterface<void,const Editor3D::AttributeValInfo&,IControl*>;NoCopy	
InvokerLambda<Editor3D::E3DObject::GetAttributeIntern()::`8'::<lambda_2>,void,Editor3D::AttributeValInfo&,const IControl*>	.?AU?$InvokerLambda@V<lambda_2>@?7??GetAttributeIntern@E3DObject@Editor3D@@AEBA?AUAttributeValInfo@4@W4Type@EngineAttribute@4@AEBUAttributes@34@@Z@XAEAU54@PEBVIControl@@@@	0x1b1b3e8	3	InvokerInterface<void,Editor3D::AttributeValInfo&,const IControl*>	InvokerInterface<void,Editor3D::AttributeValInfo&,const IControl*>;NoCopy	
InvokerLambda<Editor3D::E3DObject::GetAttributeIntern()::`9'::<lambda_3>,void,const Editor3D::AttributeValInfo&,IControl*>	.?AU?$InvokerLambda@V<lambda_3>@?8??GetAttributeIntern@E3DObject@Editor3D@@AEBA?AUAttributeValInfo@4@W4Type@EngineAttribute@4@AEBUAttributes@34@@Z@XAEBU54@PEAVIControl@@@@	0x1b1b408	3	InvokerInterface<void,const Editor3D::AttributeValInfo&,IControl*>	InvokerInterface<void,const Editor3D::AttributeValInfo&,IControl*>;NoCopy	
InvokerLambda<Editor3D::E3DVehicle::CollectAllPossibleCrewPositions()::`2'::<lambda_1>,bool,EntityAIFull*,TurretContext&>	.?AU?$InvokerLambda@V<lambda_1>@?1??CollectAllPossibleCrewPositions@E3DVehicle@Editor3D@@QEBA?AV?$AutoArray@UCrewPosition@E3DVehicle@Editor3D@@VMemAllocD@@@@XZ@_NPEAVEntityAIFull@@AEAUTurretContext@@@@	0x1b1b900	3	InvokerInterface<bool,EntityAIFull*,TurretContext&>	InvokerInterface<bool,EntityAIFull*,TurretContext&>;NoCopy	
InvokerLambda<Editor3D::E3DVehicle::GetAttributeIntern()::`5'::<lambda_1>,void,const Editor3D::AttributeValInfo&,IControl*>	.?AU?$InvokerLambda@V<lambda_1>@?4??GetAttributeIntern@E3DVehicle@Editor3D@@AEBA?AUAttributeValInfo@4@W4Type@EngineAttribute@4@AEBUAttributes@E3DObject@4@_N@Z@XAEBU54@PEAVIControl@@@@	0x1b1b920	3	InvokerInterface<void,const Editor3D::AttributeValInfo&,IControl*>	InvokerInterface<void,const Editor3D::AttributeValInfo&,IControl*>;NoCopy	
InvokerLambda<Editor3D::E3DVehicle::GetAttributeIntern()::`5'::<lambda_2>,void,Editor3D::AttributeValInfo&,const IControl*>	.?AU?$InvokerLambda@V<lambda_2>@?4??GetAttributeIntern@E3DVehicle@Editor3D@@AEBA?AUAttributeValInfo@4@W4Type@EngineAttribute@4@AEBUAttributes@E3DObject@4@_N@Z@XAEAU54@PEBVIControl@@@@	0x1b1b940	3	InvokerInterface<void,Editor3D::AttributeValInfo&,const IControl*>	InvokerInterface<void,Editor3D::AttributeValInfo&,const IControl*>;NoCopy	
InvokerLambda<Editor3D::E3DWaypoint::GetAttributeInternal()::`6'::<lambda_1>,void,const Editor3D::AttributeValInfo&,IControl*>	.?AU?$InvokerLambda@V<lambda_1>@?5??GetAttributeInternal@E3DWaypoint@Editor3D@@IEBA?AUAttributeValInfo@4@AEBUWaypointInfo@@W4Type@EngineAttribute@4@@Z@XAEBU54@PEAVIControl@@@@	0x1b1baf0	3	InvokerInterface<void,const Editor3D::AttributeValInfo&,IControl*>	InvokerInterface<void,const Editor3D::AttributeValInfo&,IControl*>;NoCopy	
InvokerLambda<Editor3D::EditTreeSearchBoxAutoComplete::Guess()::`28'::<lambda_1>,bool,Editor3D::E3DItem*>	.?AU?$InvokerLambda@V<lambda_1>@?BM@??Guess@EditTreeSearchBoxAutoComplete@Editor3D@@UEAA?AV?$RStringCT@D@@V5@HAEA_NAEAV5@@Z@_NPEAVE3DItem@4@@@	0x1a900c8	3	InvokerInterface<bool,Editor3D::E3DItem*>	InvokerInterface<bool,Editor3D::E3DItem*>;NoCopy	
InvokerLambda<Editor3D::IntelAttributesInterface::GetAttribute()::`5'::<lambda_1>,void,const Editor3D::AttributeValInfo&,IControl*>	.?AU?$InvokerLambda@V<lambda_1>@?4??GetAttribute@IntelAttributesInterface@Editor3D@@UEBA?AUAttributeValInfo@4@PEAUMissionFile@4@W4Type@EngineAttribute@4@@Z@XAEBU54@PEAVIControl@@@@	0x1b1d300	3	InvokerInterface<void,const Editor3D::AttributeValInfo&,IControl*>	InvokerInterface<void,const Editor3D::AttributeValInfo&,IControl*>;NoCopy	
InvokerLambda<Editor3D::IntelAttributesInterface::GetAttribute()::`5'::<lambda_2>,void,Editor3D::AttributeValInfo&,const IControl*>	.?AU?$InvokerLambda@V<lambda_2>@?4??GetAttribute@IntelAttributesInterface@Editor3D@@UEBA?AUAttributeValInfo@4@PEAUMissionFile@4@W4Type@EngineAttribute@4@@Z@XAEAU54@PEBVIControl@@@@	0x1b1d320	3	InvokerInterface<void,Editor3D::AttributeValInfo&,const IControl*>	InvokerInterface<void,Editor3D::AttributeValInfo&,const IControl*>;NoCopy	
InvokerLambda<Editor3D::MainDisplay::FillMenuWithConnectOperations()::`2'::<lambda_1>,bool,const Editor3D::ConnectionType&>	.?AU?$InvokerLambda@V<lambda_1>@?1??FillMenuWithConnectOperations@MainDisplay@Editor3D@@AEAAXPEAVStructuredMenuItem@@U?$FlagEnum@W4ItemTypeFlags@MainDisplay@Editor3D@@@@1U?$FlagEnum@W4Type@ConnectionType@Editor3D@@@@@Z@_NAEBUConnectionType@4@@@	0x1b26f80	3	InvokerInterface<bool,const Editor3D::ConnectionType&>	InvokerInterface<bool,const Editor3D::ConnectionType&>;NoCopy	
InvokerLambda<Editor3D::MainDisplay::UpdateEditTree()::`2'::<lambda_1>,bool,Editor3D::E3DItem*>	.?AU?$InvokerLambda@V<lambda_1>@?1??UpdateEditTree@MainDisplay@Editor3D@@QEAAX_N@Z@_NPEAVE3DItem@4@@@	0x1b26fa0	3	InvokerInterface<bool,Editor3D::E3DItem*>	InvokerInterface<bool,Editor3D::E3DItem*>;NoCopy	
InvokerLambda<Editor3D::Manager::ContainsMPMission()::`2'::<lambda_1>,bool,Editor3D::E3DItem*>	.?AU?$InvokerLambda@V<lambda_1>@?1??ContainsMPMission@Manager@Editor3D@@QEBA_NXZ@_NPEAVE3DItem@4@@@	0x1b22ea8	3	InvokerInterface<bool,Editor3D::E3DItem*>	InvokerInterface<bool,Editor3D::E3DItem*>;NoCopy	
InvokerLambda<Editor3D::Manager::CreateEntityInGroup()::`18'::<lambda_1>,bool,Editor3D::E3DItem*>	.?AU?$InvokerLambda@V<lambda_1>@?BC@??CreateEntityInGroup@Manager@Editor3D@@AEAAPEAVE3DObject@4@AEBV?$RStringCT@D@@AEBVVector3P@@U?$FlagEnum@W4CreateFlags@Editor3D@@@@PEAVE3DGroup@4@@Z@_NPEAVE3DItem@4@@@	0x1b22dc8	3	InvokerInterface<bool,Editor3D::E3DItem*>	InvokerInterface<bool,Editor3D::E3DItem*>;NoCopy	
InvokerLambda<Editor3D::Manager::CreateNewItemName()::`2'::<lambda_1>,bool,Editor3D::E3DItem*>	.?AU?$InvokerLambda@V<lambda_1>@?1??CreateNewItemName@Manager@Editor3D@@QEAA?AV?$RStringCT@D@@V5@W4Type@EngineAttribute@4@@Z@_NPEAVE3DItem@4@@@	0x1b22e68	3	InvokerInterface<bool,Editor3D::E3DItem*>	InvokerInterface<bool,Editor3D::E3DItem*>;NoCopy	
InvokerLambda<Editor3D::Manager::CreateNewLogic()::`2'::<lambda_2>,bool,const Editor3D::AttributeCategory&>	.?AU?$InvokerLambda@V<lambda_2>@?1??CreateNewLogic@Manager@Editor3D@@QEAAPEAVE3DLogic@4@V?$RStringCT@D@@AEBVVector3P@@U?$FlagEnum@W4CreateFlags@Editor3D@@@@@Z@_NAEBUAttributeCategory@4@@@	0x1b22e48	3	InvokerInterface<bool,const Editor3D::AttributeCategory&>	InvokerInterface<bool,const Editor3D::AttributeCategory&>;NoCopy	
InvokerLambda<Editor3D::Manager::CreateNewLogic()::`29'::<lambda_1>,bool,Editor3D::E3DItem*>	.?AU?$InvokerLambda@V<lambda_1>@?BN@??CreateNewLogic@Manager@Editor3D@@QEAAPEAVE3DLogic@4@V?$RStringCT@D@@AEBVVector3P@@U?$FlagEnum@W4CreateFlags@Editor3D@@@@@Z@_NPEAVE3DItem@4@@@	0x1b22e28	3	InvokerInterface<bool,Editor3D::E3DItem*>	InvokerInterface<bool,Editor3D::E3DItem*>;NoCopy	
InvokerLambda<Editor3D::Manager::CreateUniqueNameForMarker()::`2'::<lambda_1>,bool,Editor3D::E3DItem*>	.?AU?$InvokerLambda@V<lambda_1>@?1??CreateUniqueNameForMarker@Manager@Editor3D@@QEAA?AV?$RStringCT@D@@XZ@_NPEAVE3DItem@4@@@	0x1b22e88	3	InvokerInterface<bool,Editor3D::E3DItem*>	InvokerInterface<bool,Editor3D::E3DItem*>;NoCopy	
InvokerLambda<Editor3D::Manager::FillMissionFileByObjs()::`2'::<lambda_1>,bool,Editor3D::E3DItem*>	.?AU?$InvokerLambda@V<lambda_1>@?1??FillMissionFileByObjs@Manager@Editor3D@@QEAAXXZ@_NPEAVE3DItem@4@@@	0x1b22ec8	3	InvokerInterface<bool,Editor3D::E3DItem*>	InvokerInterface<bool,Editor3D::E3DItem*>;NoCopy	
InvokerLambda<Editor3D::Manager::LoadEditorPreferences()::`5'::<lambda_1>,bool,const RStringCT<char>&,const GameValue&,const RStringCT<char>&>	.?AU?$InvokerLambda@V<lambda_1>@?4??LoadEditorPreferences@Manager@Editor3D@@QEAA_NXZ@_NAEBV?$RStringCT@D@@AEBVGameValue@@AEBV5@@@	0x1b22ee8	3	InvokerInterface<bool,const RStringCT<char>&,const GameValue&,const RStringCT<char>&>	InvokerInterface<bool,const RStringCT<char>&,const GameValue&,const RStringCT<char>&>;NoCopy	
InvokerLambda<Editor3D::Manager::PrepareOnDraw()::`5'::<lambda_1>,void,const Editor3D::IOBridgeBase&>	.?AU?$InvokerLambda@V<lambda_1>@?4??PrepareOnDraw@Manager@Editor3D@@QEAA?AV?$RefArray@VIDrawable@Editor3D@@VMemAllocD@@@@AEBVIOBridgeBase@4@@Z@XAEBV64@@@	0x1b22d28	3	InvokerInterface<void,const Editor3D::IOBridgeBase&>	InvokerInterface<void,const Editor3D::IOBridgeBase&>;NoCopy	
InvokerLambda<Editor3D::Manager::PrepareOnDraw()::`8'::<lambda_2>,void,const Editor3D::IOBridgeBase&>	.?AU?$InvokerLambda@V<lambda_2>@?7??PrepareOnDraw@Manager@Editor3D@@QEAA?AV?$RefArray@VIDrawable@Editor3D@@VMemAllocD@@@@AEBVIOBridgeBase@4@@Z@XAEBV64@@@	0x1b22d48	3	InvokerInterface<void,const Editor3D::IOBridgeBase&>	InvokerInterface<void,const Editor3D::IOBridgeBase&>;NoCopy	
InvokerLambda<Editor3D::Manager::ProcessAttributeChange()::`2'::<lambda_2>,bool,Editor3D::E3DItem*>	.?AU?$InvokerLambda@V<lambda_2>@?1??ProcessAttributeChange@Manager@Editor3D@@QEAA_NW4Type@EngineAttribute@4@W4ItemType@4@IAEBUAttributeValInfo@4@_N@Z@_NPEAVE3DItem@4@@@	0x1b23048	3	InvokerInterface<bool,Editor3D::E3DItem*>	InvokerInterface<bool,Editor3D::E3DItem*>;NoCopy	
InvokerLambda<Editor3D::Manager::ProcessAttributeChange()::`2'::<lambda_2>,bool,Editor3D::E3DItem*>	.?AU?$InvokerLambda@V<lambda_2>@?1??ProcessAttributeChange@Manager@Editor3D@@QEAA_NV?$RStringCT@D@@W4ItemType@4@IAEBVGameValue@@_N@Z@_NPEAVE3DItem@4@@@	0x1b23088	3	InvokerInterface<bool,Editor3D::E3DItem*>	InvokerInterface<bool,Editor3D::E3DItem*>;NoCopy	
InvokerLambda<Editor3D::Manager::ProcessAttributeChange()::`7'::<lambda_1>,bool,Editor3D::E3DItem*>	.?AU?$InvokerLambda@V<lambda_1>@?6??ProcessAttributeChange@Manager@Editor3D@@QEAA_NW4Type@EngineAttribute@4@W4ItemType@4@IAEBUAttributeValInfo@4@_N@Z@_NPEAVE3DItem@4@@@	0x1b23028	3	InvokerInterface<bool,Editor3D::E3DItem*>	InvokerInterface<bool,Editor3D::E3DItem*>;NoCopy	
InvokerLambda<Editor3D::Manager::ProcessAttributeChange()::`7'::<lambda_1>,bool,Editor3D::E3DItem*>	.?AU?$InvokerLambda@V<lambda_1>@?6??ProcessAttributeChange@Manager@Editor3D@@QEAA_NV?$RStringCT@D@@W4ItemType@4@IAEBVGameValue@@_N@Z@_NPEAVE3DItem@4@@@	0x1b23068	3	InvokerInterface<bool,Editor3D::E3DItem*>	InvokerInterface<bool,Editor3D::E3DItem*>;NoCopy	
InvokerLambda<Editor3D::Manager::ProcessAttributeChangeOnItem()::`10'::<lambda_1>,bool,Editor3D::E3DItem*>	.?AU?$InvokerLambda@V<lambda_1>@?9??ProcessAttributeChangeOnItem@Manager@Editor3D@@AEAAXW4Type@EngineAttribute@4@AEBUAttributeValInfo@4@PEAVE3DItem@4@@Z@_NPEAV84@@@	0x1b22fc8	3	InvokerInterface<bool,Editor3D::E3DItem*>	InvokerInterface<bool,Editor3D::E3DItem*>;NoCopy	
InvokerLambda<Editor3D::Manager::ProcessOperation()::`135'::<lambda_2>,bool,Editor3D::E3DGroup*>	.?AU?$InvokerLambda@V<lambda_2>@?IH@??ProcessOperation@Manager@Editor3D@@QEAA_NW4OperationType@4@@Z@_NPEAVE3DGroup@4@@@	0x1b22d88	3	InvokerInterface<bool,Editor3D::E3DGroup*>	InvokerInterface<bool,Editor3D::E3DGroup*>;NoCopy	
InvokerLambda<Editor3D::Manager::ProcessOperation()::`211'::<lambda_3>,bool,Editor3D::E3DItem*>	.?AU?$InvokerLambda@V<lambda_3>@?ND@??ProcessOperation@Manager@Editor3D@@QEAA_NW4OperationType@4@@Z@_NPEAVE3DItem@4@@@	0x1b22da8	3	InvokerInterface<bool,Editor3D::E3DItem*>	InvokerInterface<bool,Editor3D::E3DItem*>;NoCopy	
InvokerLambda<Editor3D::Manager::ProcessOperation()::`4'::<lambda_1>,bool,Editor3D::E3DItem*>	.?AU?$InvokerLambda@V<lambda_1>@?3??ProcessOperation@Manager@Editor3D@@QEAA_NW4OperationType@4@@Z@_NPEAVE3DItem@4@@@	0x1b22d68	3	InvokerInterface<bool,Editor3D::E3DItem*>	InvokerInterface<bool,Editor3D::E3DItem*>;NoCopy	
InvokerLambda<Editor3D::Manager::RegisterItem()::`10'::<lambda_1>,bool,Editor3D::E3DItem*>	.?AU?$InvokerLambda@V<lambda_1>@?9??RegisterItem@Manager@Editor3D@@QEAAXPEAVE3DItem@4@@Z@_NPEAV54@@@	0x1b22de8	3	InvokerInterface<bool,Editor3D::E3DItem*>	InvokerInterface<bool,Editor3D::E3DItem*>;NoCopy	
InvokerLambda<Editor3D::Manager::SaveEditorPreferences()::`2'::<lambda_1>,bool,const RStringCT<char>&,const GameValue&>	.?AU?$InvokerLambda@V<lambda_1>@?1??SaveEditorPreferences@Manager@Editor3D@@QEAA_NXZ@_NAEBV?$RStringCT@D@@AEBVGameValue@@@@	0x1b22f08	3	InvokerInterface<bool,const RStringCT<char>&,const GameValue&>	InvokerInterface<bool,const RStringCT<char>&,const GameValue&>;NoCopy	
InvokerLambda<Editor3D::Manager::SearchForE3DItem()::`2'::<lambda_1>,bool,Editor3D::E3DItem*>	.?AU?$InvokerLambda@V<lambda_1>@?1??SearchForE3DItem@Manager@Editor3D@@QEBAPEAVE3DItem@4@H@Z@_NPEAV54@@@	0x1b230c8	3	InvokerInterface<bool,Editor3D::E3DItem*>	InvokerInterface<bool,Editor3D::E3DItem*>;NoCopy	
InvokerLambda<Editor3D::Manager::SearchForEntity()::`2'::<lambda_1>,bool,Editor3D::E3DItem*>	.?AU?$InvokerLambda@V<lambda_1>@?1??SearchForEntity@Manager@Editor3D@@QEBAPEAVE3DObject@4@PEBVEntityAI@@@Z@_NPEAVE3DItem@4@@@	0x1b22f28	3	InvokerInterface<bool,Editor3D::E3DItem*>	InvokerInterface<bool,Editor3D::E3DItem*>;NoCopy	
InvokerLambda<Editor3D::Manager::SearchForGroup()::`2'::<lambda_1>,bool,Editor3D::E3DItem*>	.?AU?$InvokerLambda@V<lambda_1>@?1??SearchForGroup@Manager@Editor3D@@QEBAPEAVE3DGroup@4@PEBVAIGroup@@@Z@_NPEAVE3DItem@4@@@	0x1b22f68	3	InvokerInterface<bool,Editor3D::E3DItem*>	InvokerInterface<bool,Editor3D::E3DItem*>;NoCopy	
InvokerLambda<Editor3D::Manager::SearchForLogic()::`2'::<lambda_1>,bool,Editor3D::E3DItem*>	.?AU?$InvokerLambda@V<lambda_1>@?1??SearchForLogic@Manager@Editor3D@@QEBAPEAVE3DLogic@4@PEBVEntityAI@@@Z@_NPEAVE3DItem@4@@@	0x1b22f88	3	InvokerInterface<bool,Editor3D::E3DItem*>	InvokerInterface<bool,Editor3D::E3DItem*>;NoCopy	
InvokerLambda<Editor3D::Manager::SearchForMarker()::`2'::<lambda_1>,bool,Editor3D::E3DItem*>	.?AU?$InvokerLambda@V<lambda_1>@?1??SearchForMarker@Manager@Editor3D@@QEBAPEAVE3DMarker@4@AEBV?$RStringCT@D@@@Z@_NPEAVE3DItem@4@@@	0x1b22fa8	3	InvokerInterface<bool,Editor3D::E3DItem*>	InvokerInterface<bool,Editor3D::E3DItem*>;NoCopy	
InvokerLambda<Editor3D::Manager::SearchForPlayerObject()::`2'::<lambda_1>,bool,Editor3D::E3DItem*>	.?AU?$InvokerLambda@V<lambda_1>@?1??SearchForPlayerObject@Manager@Editor3D@@QEBAPEAVE3DItem@4@XZ@_NPEAV54@@@	0x1b230a8	3	InvokerInterface<bool,Editor3D::E3DItem*>	InvokerInterface<bool,Editor3D::E3DItem*>;NoCopy	
InvokerLambda<Editor3D::Manager::SearchForTrigger()::`2'::<lambda_1>,bool,Editor3D::E3DItem*>	.?AU?$InvokerLambda@V<lambda_1>@?1??SearchForTrigger@Manager@Editor3D@@QEBAPEAVE3DTrigger@4@PEBVDetector@@@Z@_NPEAVE3DItem@4@@@	0x1b22f48	3	InvokerInterface<bool,Editor3D::E3DItem*>	InvokerInterface<bool,Editor3D::E3DItem*>;NoCopy	
InvokerLambda<Editor3D::Manager::SetAttributeAny()::`24'::<lambda_2>,bool,Editor3D::E3DItem*>	.?AU?$InvokerLambda@V<lambda_2>@?BI@??SetAttributeAny@Manager@Editor3D@@QEAA_NV?$RefArray@VE3DItem@Editor3D@@VMemAllocD@@@@V?$RStringCT@D@@AEBVGameValue@@@Z@_NPEAVE3DItem@4@@@	0x1b22fe8	3	InvokerInterface<bool,Editor3D::E3DItem*>	InvokerInterface<bool,Editor3D::E3DItem*>;NoCopy	
InvokerLambda<Editor3D::Manager::SetAttributeAny()::`49'::<lambda_3>,bool,Editor3D::E3DItem*>	.?AU?$InvokerLambda@V<lambda_3>@?DB@??SetAttributeAny@Manager@Editor3D@@QEAA_NV?$RefArray@VE3DItem@Editor3D@@VMemAllocD@@@@V?$RStringCT@D@@AEBVGameValue@@@Z@_NPEAVE3DItem@4@@@	0x1b23008	3	InvokerInterface<bool,Editor3D::E3DItem*>	InvokerInterface<bool,Editor3D::E3DItem*>;NoCopy	
InvokerLambda<Editor3D::Manager::UnregisterItem()::`7'::<lambda_1>,bool,Editor3D::E3DItem*>	.?AU?$InvokerLambda@V<lambda_1>@?6??UnregisterItem@Manager@Editor3D@@QEAAXV?$Ref@VE3DItem@Editor3D@@@@@Z@_NPEAVE3DItem@4@@@	0x1b22e08	3	InvokerInterface<bool,Editor3D::E3DItem*>	InvokerInterface<bool,Editor3D::E3DItem*>;NoCopy	
InvokerLambda<Editor3D::MissionData::`1'()::`2'::<lambda_1>,RStringCT<char>,const RStringCT<char>&>	.?AU?$InvokerLambda@V<lambda_1>@?1???0MissionData@Editor3D@@QEAA@PEAV23@PEBVE3DItem@3@@Z@V?$RStringCT@D@@AEBV5@@@	0x1b1d500	3	InvokerInterface<RStringCT<char>,const RStringCT<char>&>	InvokerInterface<RStringCT<char>,const RStringCT<char>&>;NoCopy	
InvokerLambda<Editor3D::MissionData::ApplyCustomAttributesInEditor()::`2'::<lambda_1>,bool,const RStringCT<char>&,const GameValue&,const RStringCT<char>&>	.?AU?$InvokerLambda@V<lambda_1>@?1??ApplyCustomAttributesInEditor@MissionData@Editor3D@@IEBAXPEAVE3DItem@4@_N@Z@_NAEBV?$RStringCT@D@@AEBVGameValue@@AEBV6@@@	0x1b1d520	3	InvokerInterface<bool,const RStringCT<char>&,const GameValue&,const RStringCT<char>&>	InvokerInterface<bool,const RStringCT<char>&,const GameValue&,const RStringCT<char>&>;NoCopy	
InvokerLambda<Editor3D::MissionFile::Create()::`6'::<lambda_1>,bool,const RStringCT<char>&,const GameValue&,const RStringCT<char>&>	.?AU?$InvokerLambda@V<lambda_1>@?5??Create@MissionFile@Editor3D@@UEAAPEAVE3DItem@4@AEAUCreateContext@4@@Z@_NAEBV?$RStringCT@D@@AEBVGameValue@@AEBV7@@@	0x1b25088	3	InvokerInterface<bool,const RStringCT<char>&,const GameValue&,const RStringCT<char>&>	InvokerInterface<bool,const RStringCT<char>&,const GameValue&,const RStringCT<char>&>;NoCopy	
InvokerLambda<Editor3D::MissionFile::SetCustomGlobalAttributes()::`2'::<lambda_1>,RStringCT<char>,const RStringCT<char>&>	.?AU?$InvokerLambda@V<lambda_1>@?1??SetCustomGlobalAttributes@MissionFile@Editor3D@@QEAAXW4GlobalAttributesType@4@AEBVCustomAttributesHolder@4@@Z@V?$RStringCT@D@@AEBV7@@@	0x1b250c8	3	InvokerInterface<RStringCT<char>,const RStringCT<char>&>	InvokerInterface<RStringCT<char>,const RStringCT<char>&>;NoCopy	
InvokerLambda<Editor3D::MissionFile::SetCustomGlobalAttributes()::`6'::<lambda_1>,RStringCT<char>,const RStringCT<char>&>	.?AU?$InvokerLambda@V<lambda_1>@?5??SetCustomGlobalAttributes@MissionFile@Editor3D@@QEAAXAEBV?$AutoArray@VNamedCustomAttributes@Editor3D@@VMemAllocD@@@@@Z@V?$RStringCT@D@@AEBV6@@@	0x1b250a8	3	InvokerInterface<RStringCT<char>,const RStringCT<char>&>	InvokerInterface<RStringCT<char>,const RStringCT<char>&>;NoCopy	
InvokerLambda<Editor3D::MissionGroup::CreateIntoLiveMission()::`13'::<lambda_1>,void,>	.?AU?$InvokerLambda@V<lambda_1>@?N@??CreateIntoLiveMission@MissionGroup@Editor3D@@UEBA_NAEAULivePlacementContext@4@@Z@X$$V@@	0x1a8f3a0	3	InvokerInterface<void,>	InvokerInterface<void,>;NoCopy	
InvokerLambda<Editor3D::MissionGroup::CreateIntoLiveMission()::`55'::<lambda_2>,void,>	.?AU?$InvokerLambda@V<lambda_2>@?DH@??CreateIntoLiveMission@MissionGroup@Editor3D@@UEBA_NAEAULivePlacementContext@4@@Z@X$$V@@	0x1a8f3c0	3	InvokerInterface<void,>	InvokerInterface<void,>;NoCopy	
InvokerLambda<Editor3D::MissionGroup::CreateIntoLiveMission()::`62'::<lambda_3>,bool,const Editor3D::E3DVehicle::CrewPosition&,int>	.?AU?$InvokerLambda@V<lambda_3>@?DO@??CreateIntoLiveMission@MissionGroup@Editor3D@@UEBA_NAEAULivePlacementContext@4@@Z@_NAEBUCrewPosition@E3DVehicle@4@H@@	0x1a8f3e0	3	InvokerInterface<bool,const Editor3D::E3DVehicle::CrewPosition&,int>	InvokerInterface<bool,const Editor3D::E3DVehicle::CrewPosition&,int>;NoCopy	
InvokerLambda<Editor3D::MissionGroup::OnMissionStart()::`20'::<lambda_1>,bool,const Editor3D::E3DVehicle::CrewPosition&,int>	.?AU?$InvokerLambda@V<lambda_1>@?BE@??OnMissionStart@MissionGroup@Editor3D@@UEBA_NAEAUOnMissionStartContext@4@@Z@_NAEBUCrewPosition@E3DVehicle@4@H@@	0x1b1d6b0	3	InvokerInterface<bool,const Editor3D::E3DVehicle::CrewPosition&,int>	InvokerInterface<bool,const Editor3D::E3DVehicle::CrewPosition&,int>;NoCopy	
InvokerLambda<Editor3D::MissionGroup::OnMissionStart()::`58'::<lambda_2>,void,>	.?AU?$InvokerLambda@V<lambda_2>@?DK@??OnMissionStart@MissionGroup@Editor3D@@UEBA_NAEAUOnMissionStartContext@4@@Z@X$$V@@	0x1b1d6d0	3	InvokerInterface<void,>	InvokerInterface<void,>;NoCopy	
InvokerLambda<Editor3D::MissionGroup::OnMissionStart()::`67'::<lambda_3>,bool,const Editor3D::E3DVehicle::CrewPosition&,int>	.?AU?$InvokerLambda@V<lambda_3>@?ED@??OnMissionStart@MissionGroup@Editor3D@@UEBA_NAEAUOnMissionStartContext@4@@Z@_NAEBUCrewPosition@E3DVehicle@4@H@@	0x1b1d6f0	3	InvokerInterface<bool,const Editor3D::E3DVehicle::CrewPosition&,int>	InvokerInterface<bool,const Editor3D::E3DVehicle::CrewPosition&,int>;NoCopy	
InvokerLambda<Editor3D::MissionLayer::`1'()::`14'::<lambda_1>,bool,Editor3D::E3DItem*>	.?AU?$InvokerLambda@V<lambda_1>@?O@???0MissionLayer@Editor3D@@QEAA@PEAVMissionData@3@PEBVE3DLayer@3@AEBVVector3P@@U?$FlagEnum@W4CreateMissionDataFlags@E3DItem@Editor3D@@@@@Z@_NPEAVE3DItem@3@@@	0x1b1d7b8	3	InvokerInterface<bool,Editor3D::E3DItem*>	InvokerInterface<bool,Editor3D::E3DItem*>;NoCopy	
InvokerLambda<Editor3D::MissionObject::CollectPlayerRoles()::`10'::<lambda_1>,bool,const Editor3D::E3DVehicle::CrewPosition&,int>	.?AU?$InvokerLambda@V<lambda_1>@?9??CollectPlayerRoles@MissionObject@Editor3D@@UEAAXAEAV?$AutoArray@UPlayerRole@@VMemAllocD@@@@AEBU?$FlagEnum@W4PlayerRoleFlags@@@@@Z@_NAEBUCrewPosition@E3DVehicle@4@H@@	0x1b1daf8	3	InvokerInterface<bool,const Editor3D::E3DVehicle::CrewPosition&,int>	InvokerInterface<bool,const Editor3D::E3DVehicle::CrewPosition&,int>;NoCopy	
InvokerLambda<Editor3D::MissionTemplate::Create()::`2'::<lambda_1>,void,>	.?AU?$InvokerLambda@V<lambda_1>@?1??Create@MissionTemplate@Editor3D@@UEAAPEAVE3DItem@4@AEAUCreateContext@4@@Z@X$$V@@	0x1b25028	3	InvokerInterface<void,>	InvokerInterface<void,>;NoCopy	
InvokerLambda<Editor3D::MissionTemplate::Create()::`2'::<lambda_2>,bool,const RStringCT<char>&,const GameValue&,const RStringCT<char>&>	.?AU?$InvokerLambda@V<lambda_2>@?1??Create@MissionTemplate@Editor3D@@UEAAPEAVE3DItem@4@AEAUCreateContext@4@@Z@_NAEBV?$RStringCT@D@@AEBVGameValue@@AEBV7@@@	0x1b25048	3	InvokerInterface<bool,const RStringCT<char>&,const GameValue&,const RStringCT<char>&>	InvokerInterface<bool,const RStringCT<char>&,const GameValue&,const RStringCT<char>&>;NoCopy	
InvokerLambda<Editor3D::MissionTemplate::OnMissionStart()::`2'::<lambda_1>,void,>	.?AU?$InvokerLambda@V<lambda_1>@?1??OnMissionStart@MissionTemplate@Editor3D@@UEBA_NAEAUOnMissionStartContext@4@@Z@X$$V@@	0x1b25068	3	InvokerInterface<void,>	InvokerInterface<void,>;NoCopy	
InvokerLambda<Editor3D::ObjectContainer::OnDraw()::`2'::<lambda_1>,void,const Vector2Templ<float,GhostTypes::BasicVector2>&,Editor3D::E3DObject*>	.?AU?$InvokerLambda@V<lambda_1>@?1??OnDraw@ObjectContainer@Editor3D@@UEAAXAEBVIOBridgeBase@4@@Z@XAEBU?$Vector2Templ@MUBasicVector2@GhostTypes@@@@PEAVE3DObject@4@@@	0x1b1ddb0	3	InvokerInterface<void,const Vector2Templ<float,GhostTypes::BasicVector2>&,Editor3D::E3DObject*>	InvokerInterface<void,const Vector2Templ<float,GhostTypes::BasicVector2>&,Editor3D::E3DObject*>;NoCopy	
InvokerLambda<Editor3D::ObjectContainer::RegisterInteractiveSpots()::`2'::<lambda_1>,void,const Vector2Templ<float,GhostTypes::BasicVector2>&,Editor3D::E3DObject*>	.?AU?$InvokerLambda@V<lambda_1>@?1??RegisterInteractiveSpots@ObjectContainer@Editor3D@@QEBAXXZ@XAEBU?$Vector2Templ@MUBasicVector2@GhostTypes@@@@PEAVE3DObject@4@@@	0x1b1ddd0	3	InvokerInterface<void,const Vector2Templ<float,GhostTypes::BasicVector2>&,Editor3D::E3DObject*>	InvokerInterface<void,const Vector2Templ<float,GhostTypes::BasicVector2>&,Editor3D::E3DObject*>;NoCopy	
InvokerLambda<Editor3D::SaveLoadDisplay::LoadMissionsFolder()::`6'::<lambda_2>,void,Editor3D::SaveLoadDisplay::LoadMissionsFolder()::`6'::UsableFile&,unsigned int>	.?AU?$InvokerLambda@V<lambda_2>@?5??LoadMissionsFolder@SaveLoadDisplay@Editor3D@@QEAAX_N@Z@XAEAUUsableFile@?5??234@QEAAX0@Z@I@@	0x1b28218	3	InvokerInterface<void,Editor3D::SaveLoadDisplay::LoadMissionsFolder()::`6'::UsableFile&,unsigned int>	InvokerInterface<void,Editor3D::SaveLoadDisplay::LoadMissionsFolder()::`6'::UsableFile&,unsigned int>;NoCopy	
InvokerLambda<EntityAI::FindEmptyPositionForUnload()::`2'::<lambda_2>,bool,int>	.?AU?$InvokerLambda@V<lambda_2>@?1??FindEmptyPositionForUnload@EntityAI@@QEBA_NAEAVVector3P@@AEBV4@PEBVTransport@@M@Z@_NH@@	0x1c531c8	3	InvokerInterface<bool,int>	InvokerInterface<bool,int>;NoCopy	
InvokerLambda<EntityAIType::InitShape()::`37'::<lambda_1>,Vector3P,const IParamArrayValue&>	.?AU?$InvokerLambda@V<lambda_1>@?CF@??InitShape@EntityAIType@@UEAAXXZ@VVector3P@@AEBVIParamArrayValue@@@@	0x1c531a8	3	InvokerInterface<Vector3P,const IParamArrayValue&>	InvokerInterface<Vector3P,const IParamArrayValue&>;NoCopy	
InvokerLambda<ExportJIP_messagesPerObject::Initialize()::`2'::<lambda_1>,void,std::pair<NetworkId,unsigned int>&,unsigned int>	.?AU?$InvokerLambda@V<lambda_1>@?1??Initialize@ExportJIP_messagesPerObject@@QEAAXAEAV?$AutoArray@UServerJIPQueueItem@@VMemAllocD@@@@@Z@XAEAU?$pair@UNetworkId@@I@std@@I@@	0x1a7aab8	3	InvokerInterface<void,std::pair<NetworkId,unsigned int>&,unsigned int>	InvokerInterface<void,std::pair<NetworkId,unsigned int>&,unsigned int>;NoCopy	
InvokerLambda<Float16b<10>::`1'()::`10'::<lambda_1>,void,>	.?AU?$InvokerLambda@V<lambda_1>@?9???0?$Float16b@$09@@QEAA@M@Z@X$$V@@	0x1b724e0	3	InvokerInterface<void,>	InvokerInterface<void,>;NoCopy	
InvokerLambda<GameDataArray::GetHash()::`2'::<lambda_1>,void,const GameDataArray*>	.?AU?$InvokerLambda@V<lambda_1>@?1??GetHash@GameDataArray@@UEBA_KXZ@XPEBV3@@@	0x1aa2788	3	InvokerInterface<void,const GameDataArray*>	InvokerInterface<void,const GameDataArray*>;NoCopy	
InvokerLambda<GameInstructionFunction::HandleInstructionDisabledError()::`11'::<lambda_1>,void,const RStringCT<char>&>	.?AU?$InvokerLambda@V<lambda_1>@?L@??HandleInstructionDisabledError@GameInstructionFunction@@AEAAXAEBVGameState@@AEBUVMContext@@H_N@Z@XAEBV?$RStringCT@D@@@@	0x1aa3df8	3	InvokerInterface<void,const RStringCT<char>&>	InvokerInterface<void,const RStringCT<char>&>;NoCopy	
InvokerLambda<GameInstructionFunction::HandleInstructionDisabledError()::`15'::<lambda_2>,void,const RStringCT<char>&>	.?AU?$InvokerLambda@V<lambda_2>@?P@??HandleInstructionDisabledError@GameInstructionFunction@@AEAAXAEBVGameState@@AEBUVMContext@@H_N@Z@XAEBV?$RStringCT@D@@@@	0x1aa3e18	3	InvokerInterface<void,const RStringCT<char>&>	InvokerInterface<void,const RStringCT<char>&>;NoCopy	
InvokerLambda<GameInstructionFunction::HandleInstructionDisabledError()::`22'::<lambda_3>,void,const RStringCT<char>&>	.?AU?$InvokerLambda@V<lambda_3>@?BG@??HandleInstructionDisabledError@GameInstructionFunction@@AEAAXAEBVGameState@@AEBUVMContext@@H_N@Z@XAEBV?$RStringCT@D@@@@	0x1aa3e38	3	InvokerInterface<void,const RStringCT<char>&>	InvokerInterface<void,const RStringCT<char>&>;NoCopy	
InvokerLambda<GameInstructionFunction::HandleInstructionDisabledError()::`26'::<lambda_4>,void,const RStringCT<char>&>	.?AU?$InvokerLambda@V<lambda_4>@?BK@??HandleInstructionDisabledError@GameInstructionFunction@@AEAAXAEBVGameState@@AEBUVMContext@@H_N@Z@XAEBV?$RStringCT@D@@@@	0x1aa3e58	3	InvokerInterface<void,const RStringCT<char>&>	InvokerInterface<void,const RStringCT<char>&>;NoCopy	
InvokerLambda<GameInstructionNular::Execute()::`14'::<lambda_2>,void,const RStringCT<char>&>	.?AU?$InvokerLambda@V<lambda_2>@?O@??Execute@GameInstructionNular@@UEAA_NAEBVGameState@@AEAUVMContext@@@Z@XAEBV?$RStringCT@D@@@@	0x1aa3e98	3	InvokerInterface<void,const RStringCT<char>&>	InvokerInterface<void,const RStringCT<char>&>;NoCopy	
InvokerLambda<GameInstructionNular::Execute()::`9'::<lambda_1>,void,const RStringCT<char>&>	.?AU?$InvokerLambda@V<lambda_1>@?8??Execute@GameInstructionNular@@UEAA_NAEBVGameState@@AEAUVMContext@@@Z@XAEBV?$RStringCT@D@@@@	0x1aa3e78	3	InvokerInterface<void,const RStringCT<char>&>	InvokerInterface<void,const RStringCT<char>&>;NoCopy	
InvokerLambda<GameInstructionOperator::HandleInstructionDisabledError()::`11'::<lambda_1>,void,const RStringCT<char>&>	.?AU?$InvokerLambda@V<lambda_1>@?L@??HandleInstructionDisabledError@GameInstructionOperator@@AEAAXAEBVGameState@@AEBUVMContext@@H_N@Z@XAEBV?$RStringCT@D@@@@	0x1aa3d78	3	InvokerInterface<void,const RStringCT<char>&>	InvokerInterface<void,const RStringCT<char>&>;NoCopy	
InvokerLambda<GameInstructionOperator::HandleInstructionDisabledError()::`15'::<lambda_2>,void,const RStringCT<char>&>	.?AU?$InvokerLambda@V<lambda_2>@?P@??HandleInstructionDisabledError@GameInstructionOperator@@AEAAXAEBVGameState@@AEBUVMContext@@H_N@Z@XAEBV?$RStringCT@D@@@@	0x1aa3d98	3	InvokerInterface<void,const RStringCT<char>&>	InvokerInterface<void,const RStringCT<char>&>;NoCopy	
InvokerLambda<GameInstructionOperator::HandleInstructionDisabledError()::`22'::<lambda_3>,void,const RStringCT<char>&>	.?AU?$InvokerLambda@V<lambda_3>@?BG@??HandleInstructionDisabledError@GameInstructionOperator@@AEAAXAEBVGameState@@AEBUVMContext@@H_N@Z@XAEBV?$RStringCT@D@@@@	0x1aa3db8	3	InvokerInterface<void,const RStringCT<char>&>	InvokerInterface<void,const RStringCT<char>&>;NoCopy	
InvokerLambda<GameInstructionOperator::HandleInstructionDisabledError()::`26'::<lambda_4>,void,const RStringCT<char>&>	.?AU?$InvokerLambda@V<lambda_4>@?BK@??HandleInstructionDisabledError@GameInstructionOperator@@AEAAXAEBVGameState@@AEBUVMContext@@H_N@Z@XAEBV?$RStringCT@D@@@@	0x1aa3dd8	3	InvokerInterface<void,const RStringCT<char>&>	InvokerInterface<void,const RStringCT<char>&>;NoCopy	
InvokerLambda<GameState::ShowError()::`44'::<lambda_1>,void,const RStringCT<char>&>	.?AU?$InvokerLambda@V<lambda_1>@?CM@??ShowError@GameState@@QEBAXXZ@XAEBV?$RStringCT@D@@@@	0x1aa2768	3	InvokerInterface<void,const RStringCT<char>&>	InvokerInterface<void,const RStringCT<char>&>;NoCopy	
InvokerLambda<Get3DENAttributes()::`2'::<lambda_3>,bool,const Editor3D::AttributeCategory&>	.?AU?$InvokerLambda@V<lambda_3>@?1??Get3DENAttributes@@YA?AVGameValue@@PEBVGameState@@AEBV3@1@Z@_NAEBUAttributeCategory@Editor3D@@@@	0x1b4ad08	3	InvokerInterface<bool,const Editor3D::AttributeCategory&>	InvokerInterface<bool,const Editor3D::AttributeCategory&>;NoCopy	
InvokerLambda<GetConfigProperties()::`2'::<lambda_1>,bool,const ParamEntryVal&>	.?AU?$InvokerLambda@V<lambda_1>@?1??GetConfigProperties@@YA?AVGameValue@@PEBVGameState@@AEBV3@@Z@_NAEBVParamEntryVal@@@@	0x1b4b428	3	InvokerInterface<bool,const ParamEntryVal&>	InvokerInterface<bool,const ParamEntryVal&>;NoCopy	
InvokerLambda<GetConfigProperties()::`26'::<lambda_2>,bool,const ParamEntryVal&>	.?AU?$InvokerLambda@V<lambda_2>@?BK@??GetConfigProperties@@YA?AVGameValue@@PEBVGameState@@AEBV3@@Z@_NAEBVParamEntryVal@@@@	0x1b4b448	3	InvokerInterface<bool,const ParamEntryVal&>	InvokerInterface<bool,const ParamEntryVal&>;NoCopy	
InvokerLambda<GetConfigProperties()::`30'::<lambda_3>,bool,const ParamEntryVal&>	.?AU?$InvokerLambda@V<lambda_3>@?BO@??GetConfigProperties@@YA?AVGameValue@@PEBVGameState@@AEBV3@@Z@_NAEBVParamEntryVal@@@@	0x1b4b468	3	InvokerInterface<bool,const ParamEntryVal&>	InvokerInterface<bool,const ParamEntryVal&>;NoCopy	
InvokerLambda<GetConfigProperties()::`34'::<lambda_4>,bool,const ParamEntryVal&>	.?AU?$InvokerLambda@V<lambda_4>@?CC@??GetConfigProperties@@YA?AVGameValue@@PEBVGameState@@AEBV3@@Z@_NAEBVParamEntryVal@@@@	0x1b4b488	3	InvokerInterface<bool,const ParamEntryVal&>	InvokerInterface<bool,const ParamEntryVal&>;NoCopy	
InvokerLambda<GetGroupTargets()::`2'::<lambda_1>,bool,Target*>	.?AU?$InvokerLambda@V<lambda_1>@?1??GetGroupTargets@@YA?AVGameValue@@PEBVGameState@@AEBV3@1@Z@_NPEAVTarget@@@@	0x1a85848	3	InvokerInterface<bool,Target*>	InvokerInterface<bool,Target*>;NoCopy	
InvokerLambda<GetPlayableUnits()::`5'::<lambda_1>,bool,Editor3D::E3DItem*>	.?AU?$InvokerLambda@V<lambda_1>@?4??GetPlayableUnits@@YA?AVGameValue@@PEBVGameState@@@Z@_NPEAVE3DItem@Editor3D@@@@	0x1b55b50	3	InvokerInterface<bool,Editor3D::E3DItem*>	InvokerInterface<bool,Editor3D::E3DItem*>;NoCopy	
InvokerLambda<GetServerInfo()::`10'::<lambda_5>,GameValue,PEntryPtr<const ParamEntry>>	.?AU?$InvokerLambda@V<lambda_5>@?9??GetServerInfo@@YA?AVGameValue@@PEBVGameState@@@Z@V3@V?$PEntryPtr@$$CBVParamEntry@@@@@@	0x1b52290	3	InvokerInterface<GameValue,PEntryPtr<const ParamEntry>>	InvokerInterface<GameValue,PEntryPtr<const ParamEntry>>;NoCopy	
InvokerLambda<GetSwitchableUnits()::`5'::<lambda_1>,bool,Editor3D::E3DItem*>	.?AU?$InvokerLambda@V<lambda_1>@?4??GetSwitchableUnits@@YA?AVGameValue@@PEBVGameState@@@Z@_NPEAVE3DItem@Editor3D@@@@	0x1b55b30	3	InvokerInterface<bool,Editor3D::E3DItem*>	InvokerInterface<bool,Editor3D::E3DItem*>;NoCopy	
InvokerLambda<GetUnitTargets()::`2'::<lambda_1>,bool,Target*>	.?AU?$InvokerLambda@V<lambda_1>@?1??GetUnitTargets@@YA?AVGameValue@@PEBVGameState@@AEBV3@1@Z@_NPEAVTarget@@@@	0x1a85828	3	InvokerInterface<bool,Target*>	InvokerInterface<bool,Target*>;NoCopy	
InvokerLambda<Globals::InitPhase2()::`2'::<lambda_1>,void,>	.?AU?$InvokerLambda@V<lambda_1>@?1??InitPhase2@Globals@@QEAAXXZ@X$$V@@	0x1d2d558	3	InvokerInterface<void,>	InvokerInterface<void,>;NoCopy	
InvokerLambda<HashMap_InsertArray()::`2'::<lambda_1>,bool,const AutoArray<GameValue,MemAllocD>&>	.?AU?$InvokerLambda@V<lambda_1>@?1??HashMap_InsertArray@@YA?AVGameValue@@PEBVGameState@@AEBV3@1@Z@_NAEBV?$AutoArray@VGameValue@@VMemAllocD@@@@@@	0x1b4c5c8	3	InvokerInterface<bool,const AutoArray<GameValue,MemAllocD>&>	InvokerInterface<bool,const AutoArray<GameValue,MemAllocD>&>;NoCopy	
InvokerLambda<HashMap_InsertArray()::`2'::<lambda_2>,bool,const AutoArray<GameValue,MemAllocD>&>	.?AU?$InvokerLambda@V<lambda_2>@?1??HashMap_InsertArray@@YA?AVGameValue@@PEBVGameState@@AEBV3@1@Z@_NAEBV?$AutoArray@VGameValue@@VMemAllocD@@@@@@	0x1b4c5e8	3	InvokerInterface<bool,const AutoArray<GameValue,MemAllocD>&>	InvokerInterface<bool,const AutoArray<GameValue,MemAllocD>&>;NoCopy	
InvokerLambda<HashMap_Set()::`2'::<lambda_1>,bool,const AutoArray<GameValue,MemAllocD>&>	.?AU?$InvokerLambda@V<lambda_1>@?1??HashMap_Set@@YA?AVGameValue@@PEBVGameState@@AEBV3@1@Z@_NAEBV?$AutoArray@VGameValue@@VMemAllocD@@@@@@	0x1b4c588	3	InvokerInterface<bool,const AutoArray<GameValue,MemAllocD>&>	InvokerInterface<bool,const AutoArray<GameValue,MemAllocD>&>;NoCopy	
InvokerLambda<HashMap_Set()::`2'::<lambda_2>,bool,const AutoArray<GameValue,MemAllocD>&>	.?AU?$InvokerLambda@V<lambda_2>@?1??HashMap_Set@@YA?AVGameValue@@PEBVGameState@@AEBV3@1@Z@_NAEBV?$AutoArray@VGameValue@@VMemAllocD@@@@@@	0x1b4c5a8	3	InvokerInterface<bool,const AutoArray<GameValue,MemAllocD>&>	InvokerInterface<bool,const AutoArray<GameValue,MemAllocD>&>;NoCopy	
InvokerLambda<HUDElementRadar::Draw()::`11'::<lambda_2>,void,char&,unsigned int>	.?AU?$InvokerLambda@V<lambda_2>@?L@??Draw@HUDElementRadar@@UEBAXAEBVHUDDrawContext@@@Z@XAEADI@@	0x1beb778	3	InvokerInterface<void,char&,unsigned int>	InvokerInterface<void,char&,unsigned int>;NoCopy	
InvokerLambda<JobMRRenderTextToTexture::Process()::`2'::<lambda_1>,void,>	.?AU?$InvokerLambda@V<lambda_1>@?1??Process@JobMRRenderTextToTexture@@UEAA_NXZ@X$$V@@	0x1c6feb8	3	InvokerInterface<void,>	InvokerInterface<void,>;NoCopy	
InvokerLambda<JobMRRenderUIToTexture::Process()::`2'::<lambda_1>,void,>	.?AU?$InvokerLambda@V<lambda_1>@?1??Process@JobMRRenderUIToTexture@@UEAA_NXZ@X$$V@@	0x1acc1e0	3	InvokerInterface<void,>	InvokerInterface<void,>;NoCopy	
InvokerLambda<Landscape::ExplosionDamage()::`43'::<lambda_2>,void,>	.?AU?$InvokerLambda@V<lambda_2>@?CL@??ExplosionDamage@Landscape@@QEAAXPEAVEntityAI@@PEAVShot@@PEAVObject@@AEBUHitInfo@@2HMMPEAVShotHitEfect@@@Z@X$$V@@	0x1ca2c08	3	InvokerInterface<void,>	InvokerInterface<void,>;NoCopy	
InvokerLambda<Landscape::GetObjectLocked()::`14'::<lambda_1>,void,const RStringCT<char>&>	.?AU?$InvokerLambda@V<lambda_1>@?O@??GetObjectLocked@Landscape@@QEBAPEAVObject@@AEBVObjectId@@@Z@XAEBV?$RStringCT@D@@@@	0x1c5e508	3	InvokerInterface<void,const RStringCT<char>&>	InvokerInterface<void,const RStringCT<char>&>;NoCopy	
InvokerLambda<Landscape::GetObjectLocked()::`29'::<lambda_2>,void,const RStringCT<char>&>	.?AU?$InvokerLambda@V<lambda_2>@?BN@??GetObjectLocked@Landscape@@QEBAPEAVObject@@AEBVObjectId@@@Z@XAEBV?$RStringCT@D@@@@	0x1c5e528	3	InvokerInterface<void,const RStringCT<char>&>	InvokerInterface<void,const RStringCT<char>&>;NoCopy	
InvokerLambda<Landscape::HasWaterGroundCollision()::`16'::<lambda_1>,void,>	.?AU?$InvokerLambda@V<lambda_1>@?BA@??HasWaterGroundCollision@Landscape@@QEBA_NPEAVObject@@AEBVObjectVisualState@@MM_N2@Z@X$$V@@	0x1ca2bc8	3	InvokerInterface<void,>	InvokerInterface<void,>;NoCopy	
InvokerLambda<Landscape::HasWaterGroundCollision()::`37'::<lambda_2>,void,>	.?AU?$InvokerLambda@V<lambda_2>@?CF@??HasWaterGroundCollision@Landscape@@QEBA_NPEAVObject@@AEBVObjectVisualState@@MM_N2@Z@X$$V@@	0x1ca2be8	3	InvokerInterface<void,>	InvokerInterface<void,>;NoCopy	
InvokerLambda<Landscape::IntersectSphere()::`10'::<lambda_1>,void,AnimationContext&>	.?AU?$InvokerLambda@V<lambda_1>@?9??IntersectSphere@Landscape@@QEBA_NAEBUSphere@Geometry@@PEBVObject@@@Z@XAEAVAnimationContext@@@@	0x1ca2c28	3	InvokerInterface<void,AnimationContext&>	InvokerInterface<void,AnimationContext&>;NoCopy	
InvokerLambda<Landscape::ObjectRoadSurfaceY()::`2'::<lambda_1>,void,AnimationContext&>	.?AU?$InvokerLambda@V<lambda_1>@?1??ObjectRoadSurfaceY@Landscape@@QEBAXPEBVObject@@PEAV4@AEBVMatrix4P@@AEBVVector3P@@MMMAEAV6@PEAPEAV4@AEAMAEAPEAVTexture@@66_N@Z@XAEAVAnimationContext@@@@	0x1ce8b28	3	InvokerInterface<void,AnimationContext&>	InvokerInterface<void,AnimationContext&>;NoCopy	
InvokerLambda<Landscape::PrepareGroundClutter()::`24'::<lambda_1>,bool,Entity*>	.?AU?$InvokerLambda@V<lambda_1>@?BI@??PrepareGroundClutter@Landscape@@QEAAXAEAVScene@@@Z@_NPEAVEntity@@@@	0x1ce7188	3	InvokerInterface<bool,Entity*>	InvokerInterface<bool,Entity*>;NoCopy	
InvokerLambda<LineIntersectsSurfaces()::`5'::<lambda_1>,void,LineIntersectSurfacesQuery&,unsigned int>	.?AU?$InvokerLambda@V<lambda_1>@?4??LineIntersectsSurfaces@@YA?AVGameValue@@PEBVGameState@@AEBV3@@Z@XAEAULineIntersectSurfacesQuery@@I@@	0x1b1a1d8	3	InvokerInterface<void,LineIntersectSurfacesQuery&,unsigned int>	InvokerInterface<void,LineIntersectSurfacesQuery&,unsigned int>;NoCopy	
InvokerLambda<ListInsert()::`18'::<lambda_2>,bool,int>	.?AU?$InvokerLambda@V<lambda_2>@?BC@??ListInsert@@YA?AVGameValue@@PEBVGameState@@AEBV3@1@Z@_NH@@	0x1b1a218	3	InvokerInterface<bool,int>	InvokerInterface<bool,int>;NoCopy	
InvokerLambda<ListInsert()::`18'::<lambda_3>,bool,int>	.?AU?$InvokerLambda@V<lambda_3>@?BC@??ListInsert@@YA?AVGameValue@@PEBVGameState@@AEBV3@1@Z@_NH@@	0x1b1a238	3	InvokerInterface<bool,int>	InvokerInterface<bool,int>;NoCopy	
InvokerLambda<Load3DENScenario()::`7'::<lambda_1>,void,>	.?AU?$InvokerLambda@V<lambda_1>@?6??Load3DENScenario@@YA?AVGameValue@@PEBVGameState@@AEBV3@@Z@X$$V@@	0x1b4acc8	3	InvokerInterface<void,>	InvokerInterface<void,>;NoCopy	
InvokerLambda<Load3DENScenario()::`9'::<lambda_2>,void,>	.?AU?$InvokerLambda@V<lambda_2>@?8??Load3DENScenario@@YA?AVGameValue@@PEBVGameState@@AEBV3@@Z@X$$V@@	0x1b4ace8	3	InvokerInterface<void,>	InvokerInterface<void,>;NoCopy	
InvokerLambda<LoadMissions()::`2'::<lambda_1>,bool,const ParamEntryVal&,bool>	.?AU?$InvokerLambda@V<lambda_1>@?1??LoadMissions@@YAX_NAEAV?$AutoArray@UMPMissionInfo@@VMemAllocD@@@@0@Z@_NAEBVParamEntryVal@@_N@@	0x1cb9ef0	3	InvokerInterface<bool,const ParamEntryVal&,bool>	InvokerInterface<bool,const ParamEntryVal&,bool>;NoCopy	
InvokerLambda<MineTriggerWire::CheckTrigger()::`7'::<lambda_1>,bool,Object*,float>	.?AU?$InvokerLambda@V<lambda_1>@?6??CheckTrigger@MineTriggerWire@@UEAA_NM@Z@_NPEAVObject@@M@@	0x1b406a8	3	InvokerInterface<bool,Object*,float>	InvokerInterface<bool,Object*,float>;NoCopy	
InvokerLambda<NetChannelBasic::dispatchMessage()::`11'::<lambda_1>,void,const RStringCT<char>&>	.?AU?$InvokerLambda@V<lambda_1>@?L@??dispatchMessage@NetChannelBasic@@UEAAXPEAVNetMessage@@_N@Z@XAEBV?$RStringCT@D@@@@	0x1aa9e98	3	InvokerInterface<void,const RStringCT<char>&>	InvokerInterface<void,const RStringCT<char>&>;NoCopy	
InvokerLambda<NetChannelBasic::inputAcknowledgement()::`27'::<lambda_3>,void,unsigned int,NetMessage*>	.?AU?$InvokerLambda@V<lambda_3>@?BL@??inputAcknowledgement@NetChannelBasic@@QEAAXPEAVNetMessage@@@Z@XIPEAV4@@@	0x1aa9ef8	3	InvokerInterface<void,unsigned int,NetMessage*>	InvokerInterface<void,unsigned int,NetMessage*>;NoCopy	
InvokerLambda<NetChannelBasic::inputAcknowledgement()::`27'::<lambda_4>,bool,unsigned int,NetMessage*>	.?AU?$InvokerLambda@V<lambda_4>@?BL@??inputAcknowledgement@NetChannelBasic@@QEAAXPEAVNetMessage@@@Z@_NIPEAV4@@@	0x1aa9f18	3	InvokerInterface<bool,unsigned int,NetMessage*>	InvokerInterface<bool,unsigned int,NetMessage*>;NoCopy	
InvokerLambda<NetChannelBasic::inputAcknowledgement()::`3'::<lambda_1>,void,unsigned int,NetMessage*>	.?AU?$InvokerLambda@V<lambda_1>@?2??inputAcknowledgement@NetChannelBasic@@QEAAXPEAVNetMessage@@@Z@XIPEAV4@@@	0x1aa9eb8	3	InvokerInterface<void,unsigned int,NetMessage*>	InvokerInterface<void,unsigned int,NetMessage*>;NoCopy	
InvokerLambda<NetChannelBasic::inputAcknowledgement()::`3'::<lambda_2>,bool,unsigned int,NetMessage*>	.?AU?$InvokerLambda@V<lambda_2>@?2??inputAcknowledgement@NetChannelBasic@@QEAAXPEAVNetMessage@@@Z@_NIPEAV4@@@	0x1aa9ed8	3	InvokerInterface<bool,unsigned int,NetMessage*>	InvokerInterface<bool,unsigned int,NetMessage*>;NoCopy	
InvokerLambda<NetServer::finishDestroyPlayer()::`17'::<lambda_1>,void,const RStringCT<char>&>	.?AU?$InvokerLambda@V<lambda_1>@?BB@??finishDestroyPlayer@NetServer@@IEAAXAEBUDeletePlayerInfo@@@Z@XAEBV?$RStringCT@D@@@@	0x1b42768	3	InvokerInterface<void,const RStringCT<char>&>	InvokerInterface<void,const RStringCT<char>&>;NoCopy	
InvokerLambda<NetServer::finishDestroyPlayer()::`22'::<lambda_2>,void,const RStringCT<char>&>	.?AU?$InvokerLambda@V<lambda_2>@?BG@??finishDestroyPlayer@NetServer@@IEAAXAEBUDeletePlayerInfo@@@Z@XAEBV?$RStringCT@D@@@@	0x1b42788	3	InvokerInterface<void,const RStringCT<char>&>	InvokerInterface<void,const RStringCT<char>&>;NoCopy	
InvokerLambda<NetServerBase::ProcessUserMessages()::`10'::<lambda_1>,void,const RStringCT<char>&>	.?AU?$InvokerLambda@V<lambda_1>@?9??ProcessUserMessages@NetServerBase@@UEAAXP6AXHPEADHPEAX@Z1@Z@XAEBV?$RStringCT@D@@@@	0x1b42aa0	3	InvokerInterface<void,const RStringCT<char>&>	InvokerInterface<void,const RStringCT<char>&>;NoCopy	
InvokerLambda<NetServerBase::ProcessUserMessages()::`20'::<lambda_2>,void,const RStringCT<char>&>	.?AU?$InvokerLambda@V<lambda_2>@?BE@??ProcessUserMessages@NetServerBase@@UEAAXP6AXHPEADHPEAX@Z1@Z@XAEBV?$RStringCT@D@@@@	0x1b42ac0	3	InvokerInterface<void,const RStringCT<char>&>	InvokerInterface<void,const RStringCT<char>&>;NoCopy	
InvokerLambda<NetServerBase::SendMsg()::`40'::<lambda_1>,void,const RStringCT<char>&>	.?AU?$InvokerLambda@V<lambda_1>@?CI@??SendMsg@NetServerBase@@UEAA?AV?$Ref@VNetMessage@@@@HPEAEHAEAKW4NetMsgFlags@@AEBV4@@Z@XAEBV?$RStringCT@D@@@@	0x1b42a80	3	InvokerInterface<void,const RStringCT<char>&>	InvokerInterface<void,const RStringCT<char>&>;NoCopy	
InvokerLambda<NetworkClient::PrepareGame()::`2'::<lambda_1>,void,unsigned int>	.?AU?$InvokerLambda@V<lambda_1>@?1??PrepareGame@NetworkClient@@IEAA_NXZ@XI@@	0x1baabd8	3	InvokerInterface<void,unsigned int>	InvokerInterface<void,unsigned int>;NoCopy	
InvokerLambda<NetworkClient::UpdateObject()::`13'::<lambda_1>,void,const RStringCT<char>&>	.?AU?$InvokerLambda@V<lambda_1>@?N@??UpdateObject@NetworkClient@@IEAAHPEAVNetworkObject@@W4NetworkMessageClass@@W4NetMsgFlags@@@Z@XAEBV?$RStringCT@D@@@@	0x1baabf8	3	InvokerInterface<void,const RStringCT<char>&>	InvokerInterface<void,const RStringCT<char>&>;NoCopy	
InvokerLambda<NetworkComponent::SendMsgRaw()::`16'::<lambda_1>,void,const RStringCT<char>&>	.?AU?$InvokerLambda@V<lambda_1>@?BA@??SendMsgRaw@NetworkComponent@@IEAAKHAEAVNetworkMessageRaw@@W4NetMsgFlags@@HPEAV?$RefR@VNetMessage@@V?$BaseRefCount@$00@@U?$DefRefTraits@V?$BaseRefCount@$00@@@@@@AEBV?$Ref@VNetMessage@@@@@Z@XAEBV?$RStringCT@D@@@@	0x1bb3f48	3	InvokerInterface<void,const RStringCT<char>&>	InvokerInterface<void,const RStringCT<char>&>;NoCopy	
InvokerLambda<NetworkObjectInfo::GetPlayerObjectInfo()::`6'::<lambda_1>,void,const RStringCT<char>&>	.?AU?$InvokerLambda@V<lambda_1>@?5??GetPlayerObjectInfo@NetworkObjectInfo@@QEBAPEAUNetworkPlayerObjectInfo@@HH@Z@XAEBV?$RStringCT@D@@@@	0x1bb7758	3	InvokerInterface<void,const RStringCT<char>&>	InvokerInterface<void,const RStringCT<char>&>;NoCopy	
InvokerLambda<NetworkServer::ExportJIPMessages()::`2'::<lambda_1>,void,unsigned int>	.?AU?$InvokerLambda@V<lambda_1>@?1??ExportJIPMessages@NetworkServer@@QEAAXV?$RStringCT@D@@AEBV?$AutoArray@V?$RStringCT@D@@VMemAllocD@@@@_N@Z@XI@@	0x1a7aad8	3	InvokerInterface<void,unsigned int>	InvokerInterface<void,unsigned int>;NoCopy	
InvokerLambda<NetworkServer::ExportJIPMessages()::`2'::<lambda_2>,void,unsigned int>	.?AU?$InvokerLambda@V<lambda_2>@?1??ExportJIPMessages@NetworkServer@@QEAAXV?$RStringCT@D@@AEBV?$AutoArray@V?$RStringCT@D@@VMemAllocD@@@@_N@Z@XI@@	0x1a7aaf8	3	InvokerInterface<void,unsigned int>	InvokerInterface<void,unsigned int>;NoCopy	
InvokerLambda<NetworkServer::ExportJIPMessages()::`2'::<lambda_3>,void,unsigned int>	.?AU?$InvokerLambda@V<lambda_3>@?1??ExportJIPMessages@NetworkServer@@QEAAXV?$RStringCT@D@@AEBV?$AutoArray@V?$RStringCT@D@@VMemAllocD@@@@_N@Z@XI@@	0x1a7ab18	3	InvokerInterface<void,unsigned int>	InvokerInterface<void,unsigned int>;NoCopy	
InvokerLambda<NetworkServer::Init()::`2'::LazyServerCfg::`1'()::`1'::<lambda_3_>,SRef<ParamFile,SRefTraits<ParamFile>>,>	.?AU?$InvokerLambda@V<lambda_3_>@?0???0LazyServerCfg@?1??Init@NetworkServer@@QEAA_NV?$RStringCT@D@@0HH@Z@QEAA@XZ@V?$SRef@VParamFile@@U?$SRefTraits@VParamFile@@@@@@$$V@@	0x1bb7778	3	InvokerInterface<SRef<ParamFile,SRefTraits<ParamFile>>,>	InvokerInterface<SRef<ParamFile,SRefTraits<ParamFile>>,>;NoCopy	
InvokerLambda<NetworkServer::Init()::`29'::<lambda_1>,void,unsigned int>	.?AU?$InvokerLambda@V<lambda_1>@?BN@??Init@NetworkServer@@QEAA_NV?$RStringCT@D@@0HH@Z@XI@@	0x1bb7798	3	InvokerInterface<void,unsigned int>	InvokerInterface<void,unsigned int>;NoCopy	
InvokerLambda<NetworkServer::MissionVotingEcho()::`12'::<lambda_1>,bool,const ParamEntryVal&,bool>	.?AU?$InvokerLambda@V<lambda_1>@?M@??MissionVotingEcho@NetworkServer@@QEAAXXZ@_NAEBVParamEntryVal@@_N@@	0x1bb78b8	3	InvokerInterface<bool,const ParamEntryVal&,bool>	InvokerInterface<bool,const ParamEntryVal&,bool>;NoCopy	
InvokerLambda<NetworkServer::OnBEProtectionActivated()::`5'::<lambda_1>,void,const RStringCT<char>&>	.?AU?$InvokerLambda@V<lambda_1>@?4??OnBEProtectionActivated@NetworkServer@@AEAAXHW4NetworkMessageType@@@Z@XAEBV?$RStringCT@D@@@@	0x1bb77b8	3	InvokerInterface<void,const RStringCT<char>&>	InvokerInterface<void,const RStringCT<char>&>;NoCopy	
InvokerLambda<NetworkServer::OnMessage()::`1096'::<lambda_1>,void,const RStringCT<char>&>	.?AU?$InvokerLambda@V<lambda_1>@?EEI@??OnMessage@NetworkServer@@UEAAXHPEAUNetworkMessage@@W4NetworkMessageType@@@Z@XAEBV?$RStringCT@D@@@@	0x1bb7838	3	InvokerInterface<void,const RStringCT<char>&>	InvokerInterface<void,const RStringCT<char>&>;NoCopy	
InvokerLambda<NetworkServer::ReportUnexpectedPacket()::`12'::<lambda_2>,void,const RStringCT<char>&>	.?AU?$InvokerLambda@V<lambda_2>@?M@??ReportUnexpectedPacket@NetworkServer@@AEAAXHW4NetworkMessageType@@@Z@XAEBV?$RStringCT@D@@@@	0x1bb77f8	3	InvokerInterface<void,const RStringCT<char>&>	InvokerInterface<void,const RStringCT<char>&>;NoCopy	
InvokerLambda<NetworkServer::ReportUnexpectedPacket()::`16'::<lambda_3>,void,const RStringCT<char>&>	.?AU?$InvokerLambda@V<lambda_3>@?BA@??ReportUnexpectedPacket@NetworkServer@@AEAAXHW4NetworkMessageType@@@Z@XAEBV?$RStringCT@D@@@@	0x1bb7818	3	InvokerInterface<void,const RStringCT<char>&>	InvokerInterface<void,const RStringCT<char>&>;NoCopy	
InvokerLambda<NetworkServer::ReportUnexpectedPacket()::`5'::<lambda_1>,void,const RStringCT<char>&>	.?AU?$InvokerLambda@V<lambda_1>@?4??ReportUnexpectedPacket@NetworkServer@@AEAAXHW4NetworkMessageType@@@Z@XAEBV?$RStringCT@D@@@@	0x1bb77d8	3	InvokerInterface<void,const RStringCT<char>&>	InvokerInterface<void,const RStringCT<char>&>;NoCopy	
InvokerLambda<NetworkServer::SimulateStateNSSSelectingMission()::`76'::<lambda_1>,bool,const ParamEntryVal&,bool>	.?AU?$InvokerLambda@V<lambda_1>@?EM@??SimulateStateNSSSelectingMission@NetworkServer@@AEAA_NXZ@_NAEBVParamEntryVal@@_N@@	0x1bb7898	3	InvokerInterface<bool,const ParamEntryVal&,bool>	InvokerInterface<bool,const ParamEntryVal&,bool>;NoCopy	
InvokerLambda<Object::Intersect()::`14'::<lambda_1>,void,AnimationContext&>	.?AU?$InvokerLambda@V<lambda_1>@?O@??Intersect@Object@@QEBAXAEAVCollisionBuffer@@PEBV3@AEBVObjectVisualState@@2H_N@Z@XAEAVAnimationContext@@@@	0x1ca6e10	3	InvokerInterface<void,AnimationContext&>	InvokerInterface<void,AnimationContext&>;NoCopy	
InvokerLambda<Object::Intersect()::`14'::<lambda_2>,void,AnimationContext&>	.?AU?$InvokerLambda@V<lambda_2>@?O@??Intersect@Object@@QEBAXAEAVCollisionBuffer@@PEBV3@AEBVObjectVisualState@@2H_N@Z@XAEAVAnimationContext@@@@	0x1ca6e30	3	InvokerInterface<void,AnimationContext&>	InvokerInterface<void,AnimationContext&>;NoCopy	
InvokerLambda<Object::IntersectLine()::`2'::<lambda_1>,void,AnimationContext&>	.?AU?$InvokerLambda@V<lambda_1>@?1??IntersectLine@Object@@QEBAXAEBVObjectVisualState@@AEAVCollisionBuffer@@AEBVVector3P@@2MW4ObjIntersect@@PEBVConvexComponents@@HHI@Z@XAEAVAnimationContext@@@@	0x1ca6f68	3	InvokerInterface<void,AnimationContext&>	InvokerInterface<void,AnimationContext&>;NoCopy	
InvokerLambda<Object::IntersectLinePlanes()::`2'::<lambda_1>,void,AnimationContext&>	.?AU?$InvokerLambda@V<lambda_1>@?1??IntersectLinePlanes@Object@@QEBAXAEBVObjectVisualState@@AEAVCollisionBuffer@@AEBVVector3P@@2MW4ObjIntersect@@PEBVShape@@HHI@Z@XAEAVAnimationContext@@@@	0x1ca6fc0	3	InvokerInterface<void,AnimationContext&>	InvokerInterface<void,AnimationContext&>;NoCopy	
InvokerLambda<ObjectCollisionLineInt()::`5'::<lambda_1>,void,LineIntersectQuery&,unsigned int>	.?AU?$InvokerLambda@V<lambda_1>@?4??ObjectCollisionLineInt@@YA?AVGameValue@@PEBVGameState@@AEBV3@I@Z@XAEAULineIntersectQuery@@I@@	0x1b1a1b8	3	InvokerInterface<void,LineIntersectQuery&,unsigned int>	InvokerInterface<void,LineIntersectQuery&,unsigned int>;NoCopy	
InvokerLambda<ObjectTypeReflectors::Init()::`2'::<lambda_1>,float,>	.?AU?$InvokerLambda@V<lambda_1>@?1??Init@ObjectTypeReflectors@@QEAAXPEAVEntityType@@AEBVParamEntry@@M@Z@M$$V@@	0x1c53188	3	InvokerInterface<float,>	InvokerInterface<float,>;NoCopy	
InvokerLambda<ObjGetUniqueUnitItems()::`2'::<lambda_3>,void,const RStringCT<char>&,const EntityAI*,unsigned char>	.?AU?$InvokerLambda@V<lambda_3>@?1??ObjGetUniqueUnitItems@@YA?AVGameValue@@PEBVGameState@@AEBV3@@Z@XAEBV?$RStringCT@D@@PEBVEntityAI@@E@@	0x1b4c9e8	3	InvokerInterface<void,const RStringCT<char>&,const EntityAI*,unsigned char>	InvokerInterface<void,const RStringCT<char>&,const EntityAI*,unsigned char>;NoCopy	
InvokerLambda<OnInvalidVariableName()::`6'::<lambda_1>,void,const RStringCT<char>&>	.?AU?$InvokerLambda@V<lambda_1>@?5??OnInvalidVariableName@@YAXPEBVGameState@@@Z@XAEBV?$RStringCT@D@@@@	0x1aa27a8	3	InvokerInterface<void,const RStringCT<char>&>	InvokerInterface<void,const RStringCT<char>&>;NoCopy	
InvokerLambda<OnMissionFinished()::`21'::<lambda_1>,bool,const ParamEntryVal&,bool>	.?AU?$InvokerLambda@V<lambda_1>@?BF@??OnMissionFinished@@YA_NPEAVDisplay@@H_N@Z@_NAEBVParamEntryVal@@_N@@	0x1cc08b0	3	InvokerInterface<bool,const ParamEntryVal&,bool>	InvokerInterface<bool,const ParamEntryVal&,bool>;NoCopy	
InvokerLambda<OperCache::GetOperField()::`19'::<lambda_1>,void,unsigned int>	.?AU?$InvokerLambda@V<lambda_1>@?BD@??GetOperField@OperCache@@UEAAPEAVOperField@@HHU?$FlagEnum@W4OperFieldMask@@@@@Z@XI@@	0x1cb5c08	3	InvokerInterface<void,unsigned int>	InvokerInterface<void,unsigned int>;NoCopy	
InvokerLambda<OperFieldFull::CreateField()::`19'::<lambda_1>,float,>	.?AU?$InvokerLambda@V<lambda_1>@?BD@??CreateField@OperFieldFull@@IEAAXU?$FlagEnum@W4OperFieldMask@@@@@Z@M$$V@@	0x1cb5ba8	3	InvokerInterface<float,>	InvokerInterface<float,>;NoCopy	
InvokerLambda<OperFieldFull::CreateField()::`97'::<lambda_2>,float,>	.?AU?$InvokerLambda@V<lambda_2>@?GB@??CreateField@OperFieldFull@@IEAAXU?$FlagEnum@W4OperFieldMask@@@@@Z@M$$V@@	0x1cb5bc8	3	InvokerInterface<float,>	InvokerInterface<float,>;NoCopy	
InvokerLambda<OperFieldFull::RemoveFalseCover()::`2'::<lambda_1>,void,OperCover&,unsigned int>	.?AU?$InvokerLambda@V<lambda_1>@?1??RemoveFalseCover@OperFieldFull@@IEAAXXZ@XAEAUOperCover@@I@@	0x1cb5be8	3	InvokerInterface<void,OperCover&,unsigned int>	InvokerInterface<void,OperCover&,unsigned int>;NoCopy	
InvokerLambda<OperMap::CreateFields()::`11'::<lambda_2>,void,>	.?AU?$InvokerLambda@V<lambda_2>@?L@??CreateFields@OperMap@@QEAAXHHHHPEBVEntityAIType@@W4CombatMode@@U?$FlagEnum@W4OperFieldMask@@@@U?$FlagEnum@W4CreateFieldsMTFlags@OperMap@@@@@Z@X$$V@@	0x1cb5b88	3	InvokerInterface<void,>	InvokerInterface<void,>;NoCopy	
InvokerLambda<ParaglideAuto::AIPilot()::`19'::<lambda_2>,void,const RStringCT<char>&>	.?AU?$InvokerLambda@V<lambda_2>@?BD@??AIPilot@ParaglideAuto@@UEAAXPEAVAIBrain@@M@Z@XAEBV?$RStringCT@D@@@@	0x1bffa28	3	InvokerInterface<void,const RStringCT<char>&>	InvokerInterface<void,const RStringCT<char>&>;NoCopy	
InvokerLambda<ParaglideAuto::AIPilot()::`6'::<lambda_1>,void,const RStringCT<char>&>	.?AU?$InvokerLambda@V<lambda_1>@?5??AIPilot@ParaglideAuto@@UEAAXPEAVAIBrain@@M@Z@XAEBV?$RStringCT@D@@@@	0x1bffa08	3	InvokerInterface<void,const RStringCT<char>&>	InvokerInterface<void,const RStringCT<char>&>;NoCopy	
InvokerLambda<ParamArray::AddArray()::`22'::<lambda_1>,void,IParamArrayValue&,const IParamArrayValue&>	.?AU?$InvokerLambda@V<lambda_1>@?BG@??AddArray@ParamArray@@QEAA_NV?$PEntryPtr@VParamEntry@@@@@Z@XAEAVIParamArrayValue@@AEBV5@@@	0x1a9bb18	3	InvokerInterface<void,IParamArrayValue&,const IParamArrayValue&>	InvokerInterface<void,IParamArrayValue&,const IParamArrayValue&>;NoCopy	
InvokerLambda<ParamFileDynamic::InitNullRefState()::`2'::<lambda_1>,void,ParamClass*>	.?AU?$InvokerLambda@V<lambda_1>@?1??InitNullRefState@ParamFileDynamic@@QEAAXXZ@XPEAVParamClass@@@@	0x1b4b298	3	InvokerInterface<void,ParamClass*>	InvokerInterface<void,ParamClass*>;NoCopy	
InvokerLambda<ParamFileDynamic::RestoreSubclassReferenceCounts()::`2'::<lambda_1>,void,ParamClass*>	.?AU?$InvokerLambda@V<lambda_1>@?1??RestoreSubclassReferenceCounts@ParamFileDynamic@@AEAAIXZ@XPEAVParamClass@@@@	0x1b4b278	3	InvokerInterface<void,ParamClass*>	InvokerInterface<void,ParamClass*>;NoCopy	
InvokerLambda<PilotCamera::CheckCameraTarget()::`42'::<lambda_2>,void,char&,unsigned int>	.?AU?$InvokerLambda@V<lambda_2>@?CK@??CheckCameraTarget@PilotCamera@@QEAAPEAVTarget@@AEAUTurretContextV@@@Z@XAEADI@@	0x1b47280	3	InvokerInterface<void,char&,unsigned int>	InvokerInterface<void,char&,unsigned int>;NoCopy	
InvokerLambda<PrepareAddonsConfigs()::`2'::<lambda_2>,void,char&,unsigned int>	.?AU?$InvokerLambda@V<lambda_2>@?1??PrepareAddonsConfigs@@YAXAEBV?$FindArrayKey@UConfigPathInfo@@UFindArrayTraitsConfigPathInfo@@VMemAllocD@@@@AEAV?$AutoArray@V?$SRef@VParamFile@@U?$SRefTraits@VParamFile@@@@@@VMemAllocD@@@@@Z@XAEADI@@	0x1a78d98	3	InvokerInterface<void,char&,unsigned int>	InvokerInterface<void,char&,unsigned int>;NoCopy	
InvokerLambda<Progress::DoDraw()::`23'::<lambda_1>,TitleEffect*,>	.?AU?$InvokerLambda@V<lambda_1>@?BH@??DoDraw@Progress@@IEAAXXZ@PEAVTitleEffect@@$$V@@	0x1b92108	3	InvokerInterface<TitleEffect*,>	InvokerInterface<TitleEffect*,>;NoCopy	
InvokerLambda<PylonType::Load()::`2'::<lambda_1>,AutoArray<int,MemAllocLocal<int,16,int,MemAllocD>>,const IParamArrayValue&>	.?AU?$InvokerLambda@V<lambda_1>@?1??Load@PylonType@@QEAAXAEBVParamEntry@@H@Z@V?$AutoArray@HV?$MemAllocLocal@H$0BA@HVMemAllocD@@@@@@AEBVIParamArrayValue@@@@	0x1aca528	3	InvokerInterface<AutoArray<int,MemAllocLocal<int,16,int,MemAllocD>>,const IParamArrayValue&>	InvokerInterface<AutoArray<int,MemAllocLocal<int,16,int,MemAllocD>>,const IParamArrayValue&>;NoCopy	
InvokerLambda<RegisterBikeyFromBisign()::`5'::<lambda_1>,bool,const FileItem&>	.?AU?$InvokerLambda@V<lambda_1>@?4??RegisterBikeyFromBisign@@YA_NAEBV?$RStringCT@D@@0AEAUSelectSignatureContext@@@Z@_NAEBUFileItem@@@@	0x1a92cb8	3	InvokerInterface<bool,const FileItem&>	InvokerInterface<bool,const FileItem&>;NoCopy	
InvokerLambda<Scene::SelectActiveAggLights()::`2'::<lambda_1>,void,Span<Link<Light>>,AutoArray<LightPtrWithInfo,MemAllocLocal<LightPtrWithInfo,64,int,MemAllocD>>&>	.?AU?$InvokerLambda@V<lambda_1>@?1??SelectActiveAggLights@Scene@@QEAAXPEAVObject@@@Z@XV?$Span@V?$Link@VLight@@@@@@AEAV?$AutoArray@ULightPtrWithInfo@@V?$MemAllocLocal@ULightPtrWithInfo@@$0EA@HVMemAllocD@@@@@@@@	0x1ca9978	3	InvokerInterface<void,Span<Link<Light>>,AutoArray<LightPtrWithInfo,MemAllocLocal<LightPtrWithInfo,64,int,MemAllocD>>&>	InvokerInterface<void,Span<Link<Light>>,AutoArray<LightPtrWithInfo,MemAllocLocal<LightPtrWithInfo,64,int,MemAllocD>>&>;NoCopy	
InvokerLambda<Scene::SelectActiveLights()::`5'::<lambda_1>,void,unsigned int>	.?AU?$InvokerLambda@V<lambda_1>@?4??SelectActiveLights@Scene@@QEAAXPEAVObject@@_N@Z@XI@@	0x1ca9998	3	InvokerInterface<void,unsigned int>	InvokerInterface<void,unsigned int>;NoCopy	
InvokerLambda<ScriptSimpleVM::BuildExecutionGraph<ScriptSimpleVM::CompileContext<GetConfigClasses()::`35'::<lambda_1>,void(StringView<char>,Ref<SourceDocPosRef>)*>>()::`2'::<lambda_1>,void,>	.?AU?$InvokerLambda@V<lambda_1>@?1???$BuildExecutionGraph@U?$CompileContext@V<lambda_1>@?CD@??GetConfigClasses@@YA?AVGameValue@@PEBVGameState@@AEBV3@1@Z@P6AXV?$StringView@D@@V?$Ref@USourceDocPosRef@@@@@Z@ScriptSimpleVM@@@ScriptSimpleVM@@QEAA?AW4FeasibilityResult@2@PEBVGameState@@AEAUVMContext@@AEBV?$RefArray@VGameInstruction@@VMemAllocD@@@@AEBU?$CompileContext@V<lambda_1>@?CD@??GetConfigClasses@@YA?AVGameValue@@PEBVGameState@@AEBV3@1@Z@P6AXV?$StringView@D@@V?$Ref@USourceDocPosRef@@@@@Z@2@@Z@X$$V@@	0x1b4b4c8	3	InvokerInterface<void,>	InvokerInterface<void,>;NoCopy	
InvokerLambda<ScriptSimpleVM::BuildExecutionGraph<ScriptSimpleVM::CompileContext<GetConfigProperties()::`39'::<lambda_5>,void(StringView<char>,Ref<SourceDocPosRef>)*>>()::`2'::<lambda_1>,void,>	.?AU?$InvokerLambda@V<lambda_1>@?1???$BuildExecutionGraph@U?$CompileContext@V<lambda_5>@?CH@??GetConfigProperties@@YA?AVGameValue@@PEBVGameState@@AEBV3@@Z@P6AXV?$StringView@D@@V?$Ref@USourceDocPosRef@@@@@Z@ScriptSimpleVM@@@ScriptSimpleVM@@QEAA?AW4FeasibilityResult@2@PEBVGameState@@AEAUVMContext@@AEBV?$RefArray@VGameInstruction@@VMemAllocD@@@@AEBU?$CompileContext@V<lambda_5>@?CH@??GetConfigProperties@@YA?AVGameValue@@PEBVGameState@@AEBV3@@Z@P6AXV?$StringView@D@@V?$Ref@USourceDocPosRef@@@@@Z@2@@Z@X$$V@@	0x1b4b4a8	3	InvokerInterface<void,>	InvokerInterface<void,>;NoCopy	
InvokerLambda<ScriptSimpleVM::BuildExecutionGraph<ScriptSimpleVM::CompileContextLoop<Diag_testScriptSimpleVM()::`2'::<lambda_3>,Diag_testScriptSimpleVM()::`2'::<lambda_4>,Diag_testScriptSimpleVM()::`2'::<lambda_2>*>>()::`2'::<lambda_1>,void,>	.?AU?$InvokerLambda@V<lambda_1>@?1???$BuildExecutionGraph@U?$CompileContextLoop@V<lambda_3>@?1??Diag_testScriptSimpleVM@@YA?AVGameValue@@PEBVGameState@@AEBV3@@Z@V<lambda_4>@?1??2@YA?AV3@01@Z@PEAV<lambda_2>@?1??2@YA?AV3@01@Z@@ScriptSimpleVM@@@ScriptSimpleVM@@QEAA?AW4FeasibilityResult@2@PEBVGameState@@AEAUVMContext@@AEBV?$RefArray@VGameInstruction@@VMemAllocD@@@@AEBU?$CompileContextLoop@V<lambda_3>@?1??Diag_testScriptSimpleVM@@YA?AVGameValue@@PEBVGameState@@AEBV3@@Z@V<lambda_4>@?1??2@YA?AV3@01@Z@PEAV<lambda_2>@?1??2@YA?AV3@01@Z@@2@@Z@X$$V@@	0x1b525b8	3	InvokerInterface<void,>	InvokerInterface<void,>;NoCopy	
InvokerLambda<ScriptSimpleVM::BuildExecutionGraph<ScriptSimpleVM::CompileContextLoop<ListApply()::`5'::<lambda_1>,ListApply()::`5'::<lambda_2>,void(StringView<char>,Ref<SourceDocPosRef>)*>>()::`2'::<lambda_1>,void,>	.?AU?$InvokerLambda@V<lambda_1>@?1???$BuildExecutionGraph@U?$CompileContextLoop@V<lambda_1>@?4??ListApply@@YA?AVGameValue@@PEBVGameState@@AEBV3@1@Z@V<lambda_2>@?4??2@YA?AV3@011@Z@P6AXV?$StringView@D@@V?$Ref@USourceDocPosRef@@@@@Z@ScriptSimpleVM@@@ScriptSimpleVM@@QEAA?AW4FeasibilityResult@2@PEBVGameState@@AEAUVMContext@@AEBV?$RefArray@VGameInstruction@@VMemAllocD@@@@AEBU?$CompileContextLoop@V<lambda_1>@?4??ListApply@@YA?AVGameValue@@PEBVGameState@@AEBV3@1@Z@V<lambda_2>@?4??2@YA?AV3@011@Z@P6AXV?$StringView@D@@V?$Ref@USourceDocPosRef@@@@@Z@2@@Z@X$$V@@	0x1aa2828	3	InvokerInterface<void,>	InvokerInterface<void,>;NoCopy	
InvokerLambda<ScriptSimpleVM::BuildExecutionGraph<ScriptSimpleVM::CompileContextLoop<ListCountCond()::`5'::<lambda_1>,ListCountCond()::`5'::<lambda_2>,void(StringView<char>,Ref<SourceDocPosRef>)*>>()::`2'::<lambda_1>,void,>	.?AU?$InvokerLambda@V<lambda_1>@?1???$BuildExecutionGraph@U?$CompileContextLoop@V<lambda_1>@?4??ListCountCond@@YA?AVGameValue@@PEBVGameState@@AEBV3@1@Z@V<lambda_2>@?4??2@YA?AV3@011@Z@P6AXV?$StringView@D@@V?$Ref@USourceDocPosRef@@@@@Z@ScriptSimpleVM@@@ScriptSimpleVM@@QEAA?AW4FeasibilityResult@2@PEBVGameState@@AEAUVMContext@@AEBV?$RefArray@VGameInstruction@@VMemAllocD@@@@AEBU?$CompileContextLoop@V<lambda_1>@?4??ListCountCond@@YA?AVGameValue@@PEBVGameState@@AEBV3@1@Z@V<lambda_2>@?4??2@YA?AV3@011@Z@P6AXV?$StringView@D@@V?$Ref@USourceDocPosRef@@@@@Z@2@@Z@X$$V@@	0x1aa27e8	3	InvokerInterface<void,>	InvokerInterface<void,>;NoCopy	
InvokerLambda<ScriptSimpleVM::BuildExecutionGraph<ScriptSimpleVM::CompileContextLoop<ListFindCond()::`5'::<lambda_1>,ListFindCond()::`5'::<lambda_2>,void(StringView<char>,Ref<SourceDocPosRef>)*>>()::`2'::<lambda_1>,void,>	.?AU?$InvokerLambda@V<lambda_1>@?1???$BuildExecutionGraph@U?$CompileContextLoop@V<lambda_1>@?4??ListFindCond@@YA?AVGameValue@@PEBVGameState@@AEBV3@1@Z@V<lambda_2>@?4??2@YA?AV3@011@Z@P6AXV?$StringView@D@@V?$Ref@USourceDocPosRef@@@@@Z@ScriptSimpleVM@@@ScriptSimpleVM@@QEAA?AW4FeasibilityResult@2@PEBVGameState@@AEAUVMContext@@AEBV?$RefArray@VGameInstruction@@VMemAllocD@@@@AEBU?$CompileContextLoop@V<lambda_1>@?4??ListFindCond@@YA?AVGameValue@@PEBVGameState@@AEBV3@1@Z@V<lambda_2>@?4??2@YA?AV3@011@Z@P6AXV?$StringView@D@@V?$Ref@USourceDocPosRef@@@@@Z@2@@Z@X$$V@@	0x1aa2808	3	InvokerInterface<void,>	InvokerInterface<void,>;NoCopy	
InvokerLambda<ScriptSimpleVM::BuildExecutionGraph<ScriptSimpleVM::CompileContextLoop<ListForEach()::`5'::<lambda_1>,ListForEach()::`5'::<lambda_2>,void(StringView<char>,Ref<SourceDocPosRef>)*>>()::`2'::<lambda_1>,void,>	.?AU?$InvokerLambda@V<lambda_1>@?1???$BuildExecutionGraph@U?$CompileContextLoop@V<lambda_1>@?4??ListForEach@@YA?AVGameValue@@PEBVGameState@@AEBV3@1@Z@V<lambda_2>@?4??2@YA?AV3@011@Z@P6AXV?$StringView@D@@V?$Ref@USourceDocPosRef@@@@@Z@ScriptSimpleVM@@@ScriptSimpleVM@@QEAA?AW4FeasibilityResult@2@PEBVGameState@@AEAUVMContext@@AEBV?$RefArray@VGameInstruction@@VMemAllocD@@@@AEBU?$CompileContextLoop@V<lambda_1>@?4??ListForEach@@YA?AVGameValue@@PEBVGameState@@AEBV3@1@Z@V<lambda_2>@?4??2@YA?AV3@011@Z@P6AXV?$StringView@D@@V?$Ref@USourceDocPosRef@@@@@Z@2@@Z@X$$V@@	0x1aa2848	3	InvokerInterface<void,>	InvokerInterface<void,>;NoCopy	
InvokerLambda<ScriptSimpleVM::BuildExecutionGraph<ScriptSimpleVM::CompileContextLoop<ListSelectCondition()::`7'::<lambda_1>,ListSelectCondition()::`7'::<lambda_2>,void(StringView<char>,Ref<SourceDocPosRef>)*>>()::`2'::<lambda_1>,void,>	.?AU?$InvokerLambda@V<lambda_1>@?1???$BuildExecutionGraph@U?$CompileContextLoop@V<lambda_1>@?6??ListSelectCondition@@YA?AVGameValue@@PEBVGameState@@AEBV3@1@Z@V<lambda_2>@?6??2@YA?AV3@011@Z@P6AXV?$StringView@D@@V?$Ref@USourceDocPosRef@@@@@Z@ScriptSimpleVM@@@ScriptSimpleVM@@QEAA?AW4FeasibilityResult@2@PEBVGameState@@AEAUVMContext@@AEBV?$RefArray@VGameInstruction@@VMemAllocD@@@@AEBU?$CompileContextLoop@V<lambda_1>@?6??ListSelectCondition@@YA?AVGameValue@@PEBVGameState@@AEBV3@1@Z@V<lambda_2>@?6??2@YA?AV3@011@Z@P6AXV?$StringView@D@@V?$Ref@USourceDocPosRef@@@@@Z@2@@Z@X$$V@@	0x1aa27c8	3	InvokerInterface<void,>	InvokerInterface<void,>;NoCopy	
InvokerLambda<SelectNextMissionCollectionMission()::`2'::<lambda_1>,bool,const ParamEntryVal&,bool>	.?AU?$InvokerLambda@V<lambda_1>@?1??SelectNextMissionCollectionMission@@YA?AV?$RStringCT@D@@XZ@_NAEBVParamEntryVal@@_N@@	0x1bb7878	3	InvokerInterface<bool,const ParamEntryVal&,bool>	InvokerInterface<bool,const ParamEntryVal&,bool>;NoCopy	
InvokerLambda<SEncryptionContext::Update()::`15'::<lambda_1>,void,const RStringCT<char>&>	.?AU?$InvokerLambda@V<lambda_1>@?P@??Update@SEncryptionContext@@QEAA_NAEBV?$AutoArray@DVMemAllocD@@@@@Z@XAEBV?$RStringCT@D@@@@	0x1b41b08	3	InvokerInterface<void,const RStringCT<char>&>	InvokerInterface<void,const RStringCT<char>&>;NoCopy	
InvokerLambda<SensorPositionChecker::Process()::`7'::<lambda_1>,void,unsigned __int64,SensorPositionChecker::Process()::`7'::SharedData&,ThreadData&>	.?AU?$InvokerLambda@V<lambda_1>@?6??Process@SensorPositionChecker@@QEAAXXZ@X_KAEAUSharedData@?6??23@QEAAXXZ@AEAUThreadData@@@@	0x1a78e50	3	InvokerInterface<void,unsigned __int64,SensorPositionChecker::Process()::`7'::SharedData&,ThreadData&>	InvokerInterface<void,unsigned __int64,SensorPositionChecker::Process()::`7'::SharedData&,ThreadData&>;NoCopy	
InvokerLambda<SensorPositionChecker::Process()::`7'::<lambda_3>,void,unsigned __int64,SensorPositionChecker::Process()::`7'::SharedData&,ThreadData&>	.?AU?$InvokerLambda@V<lambda_3>@?6??Process@SensorPositionChecker@@QEAAXXZ@X_KAEAUSharedData@?6??23@QEAAXXZ@AEAUThreadData@@@@	0x1a78e70	3	InvokerInterface<void,unsigned __int64,SensorPositionChecker::Process()::`7'::SharedData&,ThreadData&>	InvokerInterface<void,unsigned __int64,SensorPositionChecker::Process()::`7'::SharedData&,ThreadData&>;NoCopy	
InvokerLambda<ServerCommandPwd()::`11'::<lambda_1>,void,int,int>	.?AU?$InvokerLambda@V<lambda_1>@?L@??ServerCommandPwd@@YA?AVGameValue@@PEBVGameState@@AEBV3@1@Z@XHH@@	0x1b1a158	3	InvokerInterface<void,int,int>	InvokerInterface<void,int,int>;NoCopy	
InvokerLambda<Shape::RescanSections()::`4'::<lambda_1>,void,unsigned int>	.?AU?$InvokerLambda@V<lambda_1>@?3??RescanSections@Shape@@QEAAXPEBVLODShape@@@Z@XI@@	0x1ce3480	3	InvokerInterface<void,unsigned int>	InvokerInterface<void,unsigned int>;NoCopy	
InvokerLambda<SQFBytecode::ScriptSerializer::HelperCalculateCodeOffsetOfPartialFunction()::`10'::<lambda_3>,void,unsigned int,unsigned int>	.?AU?$InvokerLambda@V<lambda_3>@?9??HelperCalculateCodeOffsetOfPartialFunction@ScriptSerializer@SQFBytecode@@QEAA?AV?$AutoArray@UOffsetEntry@SQFBytecode@@VMemAllocD@@@@V?$RStringCT@D@@I0@Z@XII@@	0x1b58c18	3	InvokerInterface<void,unsigned int,unsigned int>	InvokerInterface<void,unsigned int,unsigned int>;NoCopy	
InvokerLambda<SQFBytecode::ScriptSerializer::HelperCalculateCodeOffsetOfPartialFunction()::`5'::<lambda_2>,void,unsigned int,unsigned int>	.?AU?$InvokerLambda@V<lambda_2>@?4??HelperCalculateCodeOffsetOfPartialFunction@ScriptSerializer@SQFBytecode@@QEAA?AV?$AutoArray@UOffsetEntry@SQFBytecode@@VMemAllocD@@@@V?$RStringCT@D@@I0@Z@XII@@	0x1b58bf8	3	InvokerInterface<void,unsigned int,unsigned int>	InvokerInterface<void,unsigned int,unsigned int>;NoCopy	
InvokerLambda<SRegisterPrimaryDLLFolders::Init()::`2'::<lambda_1>,void,DLLToLoad&,unsigned int>	.?AU?$InvokerLambda@V<lambda_1>@?1??Init@SRegisterPrimaryDLLFolders@@SA_NXZ@XAEAUDLLToLoad@@I@@	0x1b47608	3	InvokerInterface<void,DLLToLoad&,unsigned int>	InvokerInterface<void,DLLToLoad&,unsigned int>;NoCopy	
InvokerLambda<std::reference_wrapper<Editor3D::AttributesDisplay::AddAttributeCategoryFunctor>,bool,const Editor3D::AttributeCategory&>	.?AU?$InvokerLambda@V?$reference_wrapper@UAddAttributeCategoryFunctor@AttributesDisplay@Editor3D@@@std@@_NAEBUAttributeCategory@Editor3D@@@@	0x1b27790	3	InvokerInterface<bool,const Editor3D::AttributeCategory&>	InvokerInterface<bool,const Editor3D::AttributeCategory&>;NoCopy	
InvokerLambda<Steam::SteamStats::StatsUpdater::UpdateTanksDlcAchievements()::`5'::<lambda_1>,void,>	.?AU?$InvokerLambda@V<lambda_1>@?4??UpdateTanksDlcAchievements@StatsUpdater@SteamStats@Steam@@IEAAXXZ@X$$V@@	0x1b67c40	3	InvokerInterface<void,>	InvokerInterface<void,>;NoCopy	
InvokerLambda<SuppressCache::Trace()::`13'::<lambda_1>,void,const RStringCT<char>&>	.?AU?$InvokerLambda@V<lambda_1>@?N@??Trace@SuppressCache@@UEAAXPEAVEntityAI@@MMAEBVVector3P@@1@Z@XAEBV?$RStringCT@D@@@@	0x1cb5fb0	3	InvokerInterface<void,const RStringCT<char>&>	InvokerInterface<void,const RStringCT<char>&>;NoCopy	
InvokerLambda<TargetListInGroup::Manage()::`37'::<lambda_3>,void,unsigned int>	.?AU?$InvokerLambda@V<lambda_3>@?CF@??Manage@TargetListInGroup@@QEAAXPEAVAIGroup@@@Z@XI@@	0x1b208b0	3	InvokerInterface<void,unsigned int>	InvokerInterface<void,unsigned int>;NoCopy	
InvokerLambda<TargetManagerGroup::CreateTargetList()::`5'::<lambda_1>,void,>	.?AU?$InvokerLambda@V<lambda_1>@?4??CreateTargetList@TargetManagerGroup@@UEAA_N_N0@Z@X$$V@@	0x1b20a00	3	InvokerInterface<void,>	InvokerInterface<void,>;NoCopy	
InvokerLambda<TargetNormal::Sees()::`224'::<lambda_1>,bool,>	.?AU?$InvokerLambda@V<lambda_1>@?OA@??Sees@TargetNormal@@UEAAXPEAVAIBrain@@MAEAUTrackContext@3@M@Z@_N$$V@@	0x1b206a8	3	InvokerInterface<bool,>	InvokerInterface<bool,>;NoCopy	
InvokerLambda<TransportPylonsComponentType::CreateAnimationSource()::`11'::<lambda_4>>	.?AU?$InvokerLambda@V<lambda_4>@?L@??CreateAnimationSource@TransportPylonsComponentType@@QEAAPEAVAnimationSource@@AEAVAnimationSourceHolder@@PEBVAnimationType@@AEBV?$RStringBT@V?$RStringT@VCmpStrCS@@@@$1?StringBank@@3V?$RStringBankT@V?$RStringT@VCmpStrCS@@@@@@A@@@Z@VTransportPylonsAnimInfo@@H@@	0x1aca5a8	3	InvokerInterface<TransportPylonsAnimInfo,int>	InvokerInterface<TransportPylonsAnimInfo,int>;NoCopy	
InvokerLambda<TransportPylonsComponentType::CreateAnimationSource()::`13'::<lambda_5>>	.?AU?$InvokerLambda@V<lambda_5>@?N@??CreateAnimationSource@TransportPylonsComponentType@@QEAAPEAVAnimationSource@@AEAVAnimationSourceHolder@@PEBVAnimationType@@AEBV?$RStringBT@V?$RStringT@VCmpStrCS@@@@$1?StringBank@@3V?$RStringBankT@V?$RStringT@VCmpStrCS@@@@@@A@@@Z@VTransportPylonsAnimInfo@@H@@	0x1aca5c8	3	InvokerInterface<TransportPylonsAnimInfo,int>	InvokerInterface<TransportPylonsAnimInfo,int>;NoCopy	
InvokerLambda<TransportPylonsComponentType::CreateAnimationSource()::`15'::<lambda_6>>	.?AU?$InvokerLambda@V<lambda_6>@?P@??CreateAnimationSource@TransportPylonsComponentType@@QEAAPEAVAnimationSource@@AEAVAnimationSourceHolder@@PEBVAnimationType@@AEBV?$RStringBT@V?$RStringT@VCmpStrCS@@@@$1?StringBank@@3V?$RStringBankT@V?$RStringT@VCmpStrCS@@@@@@A@@@Z@VTransportPylonsAnimInfo@@H@@	0x1aca5e8	3	InvokerInterface<TransportPylonsAnimInfo,int>	InvokerInterface<TransportPylonsAnimInfo,int>;NoCopy	
InvokerLambda<TransportPylonsComponentType::CreateAnimationSource()::`17'::<lambda_7>>	.?AU?$InvokerLambda@V<lambda_7>@?BB@??CreateAnimationSource@TransportPylonsComponentType@@QEAAPEAVAnimationSource@@AEAVAnimationSourceHolder@@PEBVAnimationType@@AEBV?$RStringBT@V?$RStringT@VCmpStrCS@@@@$1?StringBank@@3V?$RStringBankT@V?$RStringT@VCmpStrCS@@@@@@A@@@Z@VTransportPylonsAnimInfo@@H@@	0x1aca608	3	InvokerInterface<TransportPylonsAnimInfo,int>	InvokerInterface<TransportPylonsAnimInfo,int>;NoCopy	
InvokerLambda<TransportPylonsComponentType::CreateAnimationSource()::`5'::<lambda_1>>	.?AU?$InvokerLambda@V<lambda_1>@?4??CreateAnimationSource@TransportPylonsComponentType@@QEAAPEAVAnimationSource@@AEAVAnimationSourceHolder@@PEBVAnimationType@@AEBV?$RStringBT@V?$RStringT@VCmpStrCS@@@@$1?StringBank@@3V?$RStringBankT@V?$RStringT@VCmpStrCS@@@@@@A@@@Z@VTransportPylonsAnimInfo@@H@@	0x1aca548	3	InvokerInterface<TransportPylonsAnimInfo,int>	InvokerInterface<TransportPylonsAnimInfo,int>;NoCopy	
InvokerLambda<TransportPylonsComponentType::CreateAnimationSource()::`7'::<lambda_2>>	.?AU?$InvokerLambda@V<lambda_2>@?6??CreateAnimationSource@TransportPylonsComponentType@@QEAAPEAVAnimationSource@@AEAVAnimationSourceHolder@@PEBVAnimationType@@AEBV?$RStringBT@V?$RStringT@VCmpStrCS@@@@$1?StringBank@@3V?$RStringBankT@V?$RStringT@VCmpStrCS@@@@@@A@@@Z@VTransportPylonsAnimInfo@@H@@	0x1aca568	3	InvokerInterface<TransportPylonsAnimInfo,int>	InvokerInterface<TransportPylonsAnimInfo,int>;NoCopy	
InvokerLambda<TransportPylonsComponentType::CreateAnimationSource()::`9'::<lambda_3>>	.?AU?$InvokerLambda@V<lambda_3>@?8??CreateAnimationSource@TransportPylonsComponentType@@QEAAPEAVAnimationSource@@AEAVAnimationSourceHolder@@PEBVAnimationType@@AEBV?$RStringBT@V?$RStringT@VCmpStrCS@@@@$1?StringBank@@3V?$RStringBankT@V?$RStringT@VCmpStrCS@@@@@@A@@@Z@VTransportPylonsAnimInfo@@H@@	0x1aca588	3	InvokerInterface<TransportPylonsAnimInfo,int>	InvokerInterface<TransportPylonsAnimInfo,int>;NoCopy	
InvokerLambda<TransportType::InitShape()::`87'::<lambda_1>,Vector3P,const IParamArrayValue&>	.?AU?$InvokerLambda@V<lambda_1>@?FH@??InitShape@TransportType@@UEAAXXZ@VVector3P@@AEBVIParamArrayValue@@@@	0x1c478c8	3	InvokerInterface<Vector3P,const IParamArrayValue&>	InvokerInterface<Vector3P,const IParamArrayValue&>;NoCopy	
InvokerLambda<TransportType::InitShape()::`87'::<lambda_2>,Vector3P,const IParamArrayValue&>	.?AU?$InvokerLambda@V<lambda_2>@?FH@??InitShape@TransportType@@UEAAXXZ@VVector3P@@AEBVIParamArrayValue@@@@	0x1c478e8	3	InvokerInterface<Vector3P,const IParamArrayValue&>	InvokerInterface<Vector3P,const IParamArrayValue&>;NoCopy	
InvokerLambda<UICtrlWebBrowserAction()::`12'::<lambda_3>,void,int,int>	.?AU?$InvokerLambda@V<lambda_3>@?M@??UICtrlWebBrowserAction@@YA?AVGameValue@@PEBVGameState@@AEBV3@1@Z@XHH@@	0x1a881b8	3	InvokerInterface<void,int,int>	InvokerInterface<void,int,int>;NoCopy	
InvokerLambda<UnitCreate()::`2'::<lambda_1>,void,>	.?AU?$InvokerLambda@V<lambda_1>@?1??UnitCreate@@YA?AVGameValue@@PEBVGameState@@AEBV3@1@Z@X$$V@@	0x1b1a138	3	InvokerInterface<void,>	InvokerInterface<void,>;NoCopy	
InvokerLambda<WinMain32()::`3'::<lambda_1>,void,unsigned int>	.?AU?$InvokerLambda@V<lambda_1>@?2??WinMain32@@YAHPEAUHINSTANCE__@@0PEADH@Z@XI@@	0x1d2d578	3	InvokerInterface<void,unsigned int>	InvokerInterface<void,unsigned int>;NoCopy	
InvokerLambda<World::CleanUpDeinit()::`2'::<lambda_1>,void,>	.?AU?$InvokerLambda@V<lambda_1>@?1??CleanUpDeinit@World@@QEAAXXZ@X$$V@@	0x1c7c4e8	3	InvokerInterface<void,>	InvokerInterface<void,>;NoCopy	
InvokerLambda<World::FadeInMission()::`2'::<lambda_1>,TitleEffect*,>	.?AU?$InvokerLambda@V<lambda_1>@?1??FadeInMission@World@@QEAAXXZ@PEAVTitleEffect@@$$V@@	0x1c7c4c8	3	InvokerInterface<TitleEffect*,>	InvokerInterface<TitleEffect*,>;NoCopy	
InvokerLambda<World::PerformAI()::`35'::<lambda_1>,void,>	.?AU?$InvokerLambda@V<lambda_1>@?CD@??PerformAI@World@@QEAAXM@Z@X$$V@@	0x1c7c568	3	InvokerInterface<void,>	InvokerInterface<void,>;NoCopy	
InvokerLambda<World::PrepareDrawPrepareCloudlets()::`18'::<lambda_1>,void,>	.?AU?$InvokerLambda@V<lambda_1>@?BC@??PrepareDrawPrepareCloudlets@World@@QEAA?AVJobFuture@enf@@XZ@X$$V@@	0x1c7c608	3	InvokerInterface<void,>	InvokerInterface<void,>;NoCopy	
InvokerLambda<World::Simulate()::`1048176'()::`2'::<lambda_1>,bool,Entity*>	.?AU?$InvokerLambda@V<lambda_1>@?1???R1?HA@??Simulate@World@@QEAAXMAEA_N0@Z@QEBA@I@Z@_NPEAVEntity@@@@	0x1c7c628	3	InvokerInterface<bool,Entity*>	InvokerInterface<bool,Entity*>;NoCopy	
InvokerLambda<World::Simulate()::`112'::<lambda_1>,void,unsigned int>	.?AU?$InvokerLambda@V<lambda_1>@?HA@??Simulate@World@@QEAAXMAEA_N0@Z@XI@@	0x1c7c528	3	InvokerInterface<void,unsigned int>	InvokerInterface<void,unsigned int>;NoCopy	
InvokerLambda<World::Simulate()::`2'::<lambda_2>,void,unsigned int>	.?AU?$InvokerLambda@V<lambda_2>@?1??Simulate@World@@QEAAXMAEA_N0@Z@XI@@	0x1c7c548	3	InvokerInterface<void,unsigned int>	InvokerInterface<void,unsigned int>;NoCopy	
InvokerLambda<World::SimulateAllVehicles()::`32'::<lambda_1>,void,Ref<Entity>&,unsigned int>	.?AU?$InvokerLambda@V<lambda_1>@?CA@??SimulateAllVehicles@World@@QEAAXM@Z@XAEAV?$Ref@VEntity@@@@I@@	0x1c7c5c8	3	InvokerInterface<void,Ref<Entity>&,unsigned int>	InvokerInterface<void,Ref<Entity>&,unsigned int>;NoCopy	
InvokerLambda<World::SimulateCloudletsAndSound()::`2'::<lambda_1>,void,unsigned int>	.?AU?$InvokerLambda@V<lambda_1>@?1??SimulateCloudletsAndSound@World@@QEAA?AVJobFuture@enf@@MPEAVIMicroJob@@@Z@XI@@	0x1c7c588	3	InvokerInterface<void,unsigned int>	InvokerInterface<void,unsigned int>;NoCopy	
InvokerLambda<World::SimulateCloudletsAndSound()::`8'::<lambda_3>,void,>	.?AU?$InvokerLambda@V<lambda_3>@?7??SimulateCloudletsAndSound@World@@QEAA?AVJobFuture@enf@@MPEAVIMicroJob@@@Z@X$$V@@	0x1c7c5a8	3	InvokerInterface<void,>	InvokerInterface<void,>;NoCopy	
InvokerLambda<World::UpdateAttachedPositions()::`6'::<lambda_1>,void,unsigned int>	.?AU?$InvokerLambda@V<lambda_1>@?5??UpdateAttachedPositions@World@@QEAA?AVJobFuture@enf@@XZ@XI@@	0x1c7c5e8	3	InvokerInterface<void,unsigned int>	InvokerInterface<void,unsigned int>;NoCopy	
InvokerLambda<WoundTextureSelections::InitLevelBasic()::`2'::<lambda_1>,void,>	.?AU?$InvokerLambda@V<lambda_1>@?1??InitLevelBasic@WoundTextureSelections@@QEAAXPEAVLODShape@@HAEBUWoundTextureSelectionsBasicDef@@@Z@X$$V@@	0x1c554a8	3	InvokerInterface<void,>	InvokerInterface<void,>;NoCopy	
InvokerLambda<WoundTextureSelections::InitLevelBasicACtx()::`2'::<lambda_1>,void,>	.?AU?$InvokerLambda@V<lambda_1>@?1??InitLevelBasicACtx@WoundTextureSelections@@QEAAXAEAVAnimationContext@@PEAVLODShape@@HAEBUWoundTextureSelectionsBasicDef@@@Z@X$$V@@	0x1c554e8	3	InvokerInterface<void,>	InvokerInterface<void,>;NoCopy	
InvokerLambda<WoundTextureSelections::InitLevelName()::`2'::<lambda_1>,void,>	.?AU?$InvokerLambda@V<lambda_1>@?1??InitLevelName@WoundTextureSelections@@QEAAXPEAVLODShape@@HAEBUWoundTextureSelectionsNameDef@@@Z@X$$V@@	0x1c554c8	3	InvokerInterface<void,>	InvokerInterface<void,>;NoCopy	
InvokerLambda<WoundTextureSelections::InitLevelNameACtx()::`2'::<lambda_1>,void,>	.?AU?$InvokerLambda@V<lambda_1>@?1??InitLevelNameACtx@WoundTextureSelections@@QEAAXAEAVAnimationContext@@PEAVLODShape@@HAEBUWoundTextureSelectionsNameDef@@@Z@X$$V@@	0x1c55508	3	InvokerInterface<void,>	InvokerInterface<void,>;NoCopy	
IObserver	.?AVIObserver@@	0x1a86760	2			
IObserverMgr	.?AVIObserverMgr@@					no-col
IOperCache	.?AVIOperCache@@	0x1cb5368	7			
IOverlapped	.?AVIOverlapped@@					no-col
IParamArrayValue	.?AVIParamArrayValue@@					no-col
IParamClassSource	.?AVIParamClassSource@@					no-col
IParamEntryIndex	.?AVIParamEntryIndex@@	0x1a984d0	4			
IParamVisibleTest	.?AVIParamVisibleTest@@	0x1a97e10	3			
IParticle	.?AUIParticle@@					no-col
IPaths	.?AVIPaths@@	0x1be4008	3			
IPositionProvider	.?AUIPositionProvider@@					no-col
IPostponedEvent	.?AVIPostponedEvent@@					no-col
IProgressDisplay	.?AVIProgressDisplay@@	0x1cc0928	6			
IPylonFunc	.?AVIPylonFunc@@	0x1acd1f0	2			
IRPointerInfo	.?AUIRPointerInfo@@	0x1c76908	3	BaseRefCount<1>	BaseRefCount<1>;RefCountBaseT<1>	
IRSensorComponent	.?AVIRSensorComponent@@	0x1ac4eb8	17	SensorBaseComponent	SensorBaseComponent;Component;BaseRefCount<1>;RefCountBaseT<1>	
IRSensorComponentType	.?AVIRSensorComponentType@@	0x1ac4e30	16	SensorBaseComponentType	SensorBaseComponentType;ComponentType;BaseRefCount<1>;RefCountBaseT<1>	
IsAbleToFireTurret	.?AUIsAbleToFireTurret@@	0x1c46700	2	ITurretFunc	ITurretFunc	
IsBetterCommander	.?AVIsBetterCommander@@	0x1c468f8	2	ITurretFunc	ITurretFunc	
IsCombatUnitFunc	.?AVIsCombatUnitFunc@@	0x1c52e30	2	ITurretFunc	ITurretFunc	
IsCrewEmpty	.?AVIsCrewEmpty@@	0x1c41dd8	2	ICrewFunc	ICrewFunc	
IsCrewEnemyInside	.?AVIsCrewEnemyInside@@	0x1c7f148	2	ICrewFunc	ICrewFunc	
IsCrewUavOrEmpty	.?AVIsCrewUavOrEmpty@@	0x1c4c868	2	ICrewFunc	ICrewFunc	
ISelEventFunctor	.?AUISelEventFunctor@@					no-col
IsEnemyFunc	.?AVIsEnemyFunc@@	0x1c467d8	2	ITurretFunc	ITurretFunc	
IShapeLoadSource	.?AVIShapeLoadSource@@	0x1ce3598	6			
IsNonAutonomousBehaviour	.?AVIsNonAutonomousBehaviour@@	0x1c47768	2	ITurretFunc	ITurretFunc	
ISoftLinkParamClassTraits	.?AVISoftLinkParamClassTraits@@	0x1a97fb0	6			
ISplashWindowDrawHandler	.?AUISplashWindowDrawHandler@@					no-col
ISplitter	.?AVISplitter@@	0x1cecdf0	4	BaseRefCount<1>	BaseRefCount<1>;RefCountBaseT<1>	
ISteamMatchmakingRulesResponse	.?AVISteamMatchmakingRulesResponse@@					no-col
ISteamMatchmakingServerListResponse	.?AVISteamMatchmakingServerListResponse@@					no-col
IStringifyPolicy<AutoArrayTrait<int>,int>	.?AU?$IStringifyPolicy@U?$AutoArrayTrait@H@@H@@					no-col
IStringifyPolicy<AutoArrayTrait<RStringCT<char>>,RStringCT<char>>	.?AU?$IStringifyPolicy@U?$AutoArrayTrait@V?$RStringCT@D@@@@V?$RStringCT@D@@@@					no-col
ISuppressCache	.?AVISuppressCache@@	0x1cb5dc8	8			
ISVNAutoUpdaterClient	.?AVISVNAutoUpdaterClient@@	0x1c2f8a8	4			
IText	.?AVIText@@					no-col
ITextContainer	.?AVITextContainer@@	0x1a85c00	8			
ITextProcessParams	.?AVITextProcessParams@@	0x1c7fca8	2			
ITextureSource	.?AVITextureSource@@	0x1c6e840	25			
ITextureSourceEx	.?AVITextureSourceEx@@					no-col
ITextureSourceFactory	.?AVITextureSourceFactory@@					no-col
IToApp	.?AVIToApp@@	0x1aac220	2			
ITurretFunc	.?AVITurretFunc@@	0x1ac5e80	2			
ITurretFuncEx	.?AVITurretFuncEx@@	0x1b43ba8	2			
ITurretFuncV	.?AVITurretFuncV@@	0x1a8f318	2			
ITurretTypeFunc	.?AVITurretTypeFunc@@	0x1a8f460	2			
ITypePair<const MuzzleType>	.?AU?$ITypePair@$$CBVMuzzleType@@@@					no-col
ITypePair<MagazineType>	.?AU?$ITypePair@VMagazineType@@@@					no-col
IUICollectibleControls	.?AVIUICollectibleControls@@	0x1a85970	4			
IUnknown	.?AUIUnknown@@					no-col
IVisViewerExchange	.?AVIVisViewerExchange@@	0x1ce5b48	40	IVisViewerExchangeDocView	IVisViewerExchangeDocView	
IVisViewerExchangeDocView	.?AVIVisViewerExchangeDocView@@	0x1ce3cb8	36			
IWaveCapture	.?AVIWaveCapture@@					no-col
IWeaponSlotItem	.?AVIWeaponSlotItem@@	0x1cef0c0,0x1cef1b8@16,0x1cef1d8@40,0x1cef200@72	30,3,4,2	IInventorySlotItem	IInventorySlotItem;IInventoryObjectBase;CMassObject;RemoveLinks;BaseRefCount<1>;RefCountBaseT<1>;SList<BaseLink,TLink<0>>;TLink<0>;SerializeClass;IHasParentContainer	MI
IWeightContainer	.?AVIWeightContainer@@	0x1cef2a8	6			
IXAPO	.?AUIXAPO@@					no-col
IXAPOParameters	.?AUIXAPOParameters@@					no-col
IXAudio2VoiceCallback	.?AUIXAudio2VoiceCallback@@					no-col
JIP_RemoveOverriddenFindTask	.?AUJIP_RemoveOverriddenFindTask@@	0x1a7a810	2	enf::Job	enf::Job;enf::JobCommon;enf::JobCore	
JIPQueueManager::WorkerJob	.?AVWorkerJob@JIPQueueManager@@	0x1a7a7e0	2	Job;NoCopy	Job;NoCopy	MI
JIPTaskAddInitAndRemoveOverridden	.?AUJIPTaskAddInitAndRemoveOverridden@@	0x1a7a850	2	JIPTaskRemoveOverridden	JIPTaskRemoveOverridden;IJIPTaskWithMessage;IJIPTask;_SLIST_ENTRY	
JIPTaskAddInitMessageOnly	.?AUJIPTaskAddInitMessageOnly@@	0x1a7a7f8	2	IJIPTaskWithMessage	IJIPTaskWithMessage;IJIPTask;_SLIST_ENTRY	
JIPTaskRemoveInitObjectDeleted	.?AUJIPTaskRemoveInitObjectDeleted@@	0x1a7a868	2	IJIPTask	IJIPTask;_SLIST_ENTRY	
JIPTaskRemoveOverridden	.?AUJIPTaskRemoveOverridden@@	0x1a7a838	2	IJIPTaskWithMessage	IJIPTaskWithMessage;IJIPTask;_SLIST_ENTRY	
Job	.?AVJob@@	0x1aadc58	2			
JobManagerThread	.?AVJobManagerThread@@	0x1aadc70	3	BaseRefCount<1>	BaseRefCount<1>;RefCountBaseT<1>	
JobMRRenderTextToTexture	.?AVJobMRRenderTextToTexture@@	0x1c6fad0,0x1c6fae8@24	2,3	World::PostUIJob	World::PostUIJob;Job;BaseRefCount<1>;RefCountBaseT<1>	MI
JobMRRenderUIToTexture	.?AVJobMRRenderUIToTexture@@	0x1acbc38,0x1acbc50@24	2,3	World::PostUIJob	World::PostUIJob;Job;BaseRefCount<1>;RefCountBaseT<1>	MI
JoinedObject	.?AVJoinedObject@@	0x1c1c0c0	3			
JoinSubgroupFunc	.?AVJoinSubgroupFunc@@	0x1cb44e0	2	ICrewFunc	ICrewFunc	
JointConnection	.?AVJointConnection@@	0x1c534c0,0x1c535a0@24	27,4	NetworkAndIdObject	NetworkAndIdObject;NetworkObject;RemoveSoftLinks<SoftLinkIdTraits<ObjectId,ObjectIdAutoDestroy>>;BaseRefCount<1>;RefCountBaseT<1>;NetworkSimpleObject	MI
JointDescription	.?AUJointDescription@@	0x1a7e380	4	SerializeClass	SerializeClass	
JointDOFs	.?AUJointDOFs@@	0x1a7e308	4	SerializeClass	SerializeClass	
JointDrives	.?AUJointDrives@@	0x1a7e358	4	SerializeClass	SerializeClass	
JointHolder	.?AVJointHolder@@	0x1b45920	12			
JointHolderPhysx3	.?AVJointHolderPhysx3@@	0x1b45998	12	JointHolder	JointHolder	
JointLimits	.?AUJointLimits@@	0x1a7e330	4	SerializeClass	SerializeClass	
JointParameters	.?AUJointParameters@@	0x1a7e3d0	4	SerializeClass	SerializeClass	
Joystick	.?AVJoystick@@	0x1c5d340	25	IJoystick	IJoystick;BaseRefCount<1>;RefCountBaseT<1>	
KBCenter	.?AVKBCenter@@	0x1b39978	3	BaseRefCount<1>	BaseRefCount<1>;RefCountBaseT<1>	
KBMessage	.?AVKBMessage@@	0x1ba4a78	3	BaseRefCount<1>	BaseRefCount<1>;RefCountBaseT<1>	
KBMessageInfo	.?AVKBMessageInfo@@	0x1ba4a98	3	BaseRefCount<1>	BaseRefCount<1>;RefCountBaseT<1>	
KBMessageTemplate	.?AVKBMessageTemplate@@	0x1ce0178	4	BaseRefCount<1>	BaseRefCount<1>;RefCountBaseT<1>	
KBMessageTemplateExt	.?AVKBMessageTemplateExt@@	0x1ce02b8	4	KBMessageTemplate	KBMessageTemplate;BaseRefCount<1>;RefCountBaseT<1>	
KBParameter	.?AVKBParameter@@	0x1ce0140	6	BaseRefCount<1>	BaseRefCount<1>;RefCountBaseT<1>	
KBParameterAmount	.?AVKBParameterAmount@@	0x1ce01a0	6	KBParameter	KBParameter;BaseRefCount<1>;RefCountBaseT<1>	
KBParameterEntity	.?AVKBParameterEntity@@	0x1ce0210	6	KBParameter	KBParameter;BaseRefCount<1>;RefCountBaseT<1>	
KBParameterPlace	.?AVKBParameterPlace@@	0x1ce0248	6	KBParameter	KBParameter;BaseRefCount<1>;RefCountBaseT<1>	
KBParameterSide	.?AVKBParameterSide@@	0x1ce01d8	6	KBParameter	KBParameter;BaseRefCount<1>;RefCountBaseT<1>	
KBParameterTime	.?AVKBParameterTime@@	0x1ce0280	6	KBParameter	KBParameter;BaseRefCount<1>;RefCountBaseT<1>	
KBTopic	.?AVKBTopic@@	0x1b39938	7	BaseRefCount<1>	BaseRefCount<1>;RefCountBaseT<1>	
KBTopicExt	.?AVKBTopicExt@@	0x1b39cc0	7	KBTopic	KBTopic;BaseRefCount<1>;RefCountBaseT<1>	
KBUIArgument	.?AUKBUIArgument@@	0x1cef3b8	3	BaseRefCount<1>	BaseRefCount<1>;RefCountBaseT<1>	
KBUINode	.?AVKBUINode@@					no-col
KBUINodeInfo	.?AVKBUINodeInfo@@	0x1cef300	3	BaseRefCount<1>	BaseRefCount<1>;RefCountBaseT<1>	
KBUIRespondingRoot	.?AVKBUIRespondingRoot@@	0x1cef430	10	KBUIRoot	KBUIRoot;KBUINode;BaseRefCount<1>;RefCountBaseT<1>	
KBUIRoot	.?AVKBUIRoot@@	0x1cef3d8	10	KBUINode	KBUINode;BaseRefCount<1>;RefCountBaseT<1>	
KBUISentence	.?AVKBUISentence@@	0x1cef4e0	10	KBUINode	KBUINode;BaseRefCount<1>;RefCountBaseT<1>	
KBUISubtopic	.?AVKBUISubtopic@@	0x1cef488	10	KBUIRoot	KBUIRoot;KBUINode;BaseRefCount<1>;RefCountBaseT<1>	
KeyProfile	.?AUKeyProfile@@	0x1c656b8	3	BaseRefCount<1>	BaseRefCount<1>;RefCountBaseT<1>	
LandCache	.?AVLandCache@@	0x1ce76f0	10	MemoryFreeOnDemandHelper	MemoryFreeOnDemandHelper;IMemoryFreeOnDemand;TLinkBidir<0>;NoCopy	
LandingSounds	.?AVLandingSounds@@	0x1bd81b8	3	BaseRefCount<1>;SoundHelper	BaseRefCount<1>;RefCountBaseT<1>;SoundHelper	MI
LandingSoundsPars	.?AULandingSoundsPars@@	0x1bd8178	3	BaseRefCount<1>	BaseRefCount<1>;RefCountBaseT<1>	
Landscape	.?AVLandscape@@	0x1ce7600,0x1ce7628@8	4,2	SerializeClass;DlcAsset	SerializeClass;DlcAsset	MI
Landscape::FilterCombineT<Landscape::FilterIgnoreTwo,Landscape::FilterIgnoreOne>	.?AV?$FilterCombineT@VFilterIgnoreTwo@Landscape@@VFilterIgnoreOne@2@@Landscape@@	0x1c1a3c0	2	IntersectionFilter	IntersectionFilter	
Landscape::FilterIgnoreOne	.?AVFilterIgnoreOne@Landscape@@	0x1ac3ef8	2	IntersectionFilter	IntersectionFilter	
Landscape::FilterIgnoreTwo	.?AVFilterIgnoreTwo@Landscape@@	0x1acd550	2	IntersectionFilter	IntersectionFilter	
Landscape::FilterNone	.?AVFilterNone@Landscape@@	0x1b316a8	2	IntersectionFilter	IntersectionFilter	
Landscape::ISupplyFunctor	.?AVISupplyFunctor@Landscape@@	0x1a899b8	2			
Landscape::LandDrawTask	.?AVLandDrawTask@Landscape@@	0x1ce7978	3	IMicroJob	IMicroJob;enf::Job;enf::JobCommon;enf::JobCore	
Landscape::WaterDrawTask	.?AVWaterDrawTask@Landscape@@	0x1ce79a0	3	IMicroJob	IMicroJob;enf::Job;enf::JobCommon;enf::JobCore	
LandscapeShadowMapCache	.?AVLandscapeShadowMapCache@@	0x1ca7948	10	MemoryFreeOnDemandHelper	MemoryFreeOnDemandHelper;IMemoryFreeOnDemand;TLinkBidir<0>;NoCopy	
LandSegment	.?AVLandSegment@@	0x1ce76a0	4	LandSegmentBase	LandSegmentBase;BaseRefCount<1>;RefCountBaseT<1>;TLinkBidir<1>;NoCopy	MI
LandSegmentBase	.?AVLandSegmentBase@@	0x1ce7678	4	BaseRefCount<1>;TLinkBidir<1>	BaseRefCount<1>;RefCountBaseT<1>;TLinkBidir<1>;NoCopy	MI
LandShadowSegment	.?AVLandShadowSegment@@	0x1ca7928	3	BaseRefCount<1>;TLinkBidir<1>	BaseRefCount<1>;RefCountBaseT<1>;TLinkBidir<1>;NoCopy	MI
LaserSensorComponent	.?AVLaserSensorComponent@@	0x1ac5118	17	SensorBaseComponent	SensorBaseComponent;Component;BaseRefCount<1>;RefCountBaseT<1>	
LaserSensorComponentType	.?AVLaserSensorComponentType@@	0x1ac5078	16	SensorBaseComponentType	SensorBaseComponentType;ComponentType;BaseRefCount<1>;RefCountBaseT<1>	
LaserTarget	.?AVLaserTarget@@	0x1bee998,0x1befdb8@24,0x1befde0@48,0x1befea0@1464,0x1befec0@1472	643,4,23,3,2	EntityAI	EntityAI;Entity;ObjectTyped;Object;NetworkObject;RemoveSoftLinks<SoftLinkIdTraits<ObjectId,ObjectIdAutoDestroy>>;BaseRefCount<1>;RefCountBaseT<1>;NetworkSimpleObject;CountInstances<Object>;EPEItem;TLinkBidir<1>;NoCopy;Animated;JoinedObject;IHasParentContainer	MI
LaserTargetType	.?AVLaserTargetType@@	0x1bee698,0x1bee920@24,0x1bee958@32,0x1bee970@752	80,6,2,4	EntityAIType	EntityAIType;EntityType;RemoveLLinks;BaseRefCount<1>;RefCountBaseT<1>;LODShapeLoadHandler;AnimatedType;LinkBidirWithFrameStoreT<FrameStoreTraits>;TLinkBidir<2>;NoCopy;ComponentHolderType<ComponentType>	MI
LayerMaskCache	.?AVLayerMaskCache@@	0x1ce6238,0x1ce6258@16	3,10	BaseRefCount<1>;MemoryFreeOnDemandHelper	BaseRefCount<1>;RefCountBaseT<1>;MemoryFreeOnDemandHelper;IMemoryFreeOnDemand;TLinkBidir<0>;NoCopy	MI
LayerMaskCacheItem	.?AVLayerMaskCacheItem@@	0x1ce61e8	3	BaseRefCount<1>;LinkBidirWithFrameStoreT<FrameStoreTraits>	BaseRefCount<1>;RefCountBaseT<1>;LinkBidirWithFrameStoreT<FrameStoreTraits>;TLinkBidir<2>;NoCopy	MI
LazyLoadFile	.?AULazyLoadFile@@					no-col
LevelOutOperation	.?AULevelOutOperation@@	0x1b227b8,0x1b227e0@32,0x1b22800@96	4,3,3	Editor3D::EditOperation;Editor3D::UndoRedoItem	Editor3D::EditOperation;BaseRefCount<1>;RefCountBaseT<1>;Editor3D::UndoRedoItem;BaseRefCount<1>;RefCountBaseT<1>	MI,VI
Light	.?AVLight@@					no-col
LightJob	.?AULightJob@@	0x1ca7d50	2	enf::Job	enf::Job;enf::JobCommon;enf::JobCore	
LightList	.?AVLightList@@					no-col
LightPoint	.?AVLightPoint@@	0x1c5f158,0x1c5f208@144	21,4	LightPositionedColored;SerializeClass	LightPositionedColored;LightPositioned;Light;RemoveLinks;BaseRefCount<1>;RefCountBaseT<1>;SList<BaseLink,TLink<0>>;TLink<0>;Frame;Matrix4P;SerializeClass	MI,VI
LightPointEntity	.?AVLightPointEntity@@	0x1c5f238,0x1c5ffb0@24,0x1c5ffd8@48	430,4,23	ILightEntity	ILightEntity;Entity;ObjectTyped;Object;NetworkObject;RemoveSoftLinks<SoftLinkIdTraits<ObjectId,ObjectIdAutoDestroy>>;BaseRefCount<1>;RefCountBaseT<1>;NetworkSimpleObject;CountInstances<Object>;EPEItem;TLinkBidir<1>;NoCopy;Animated	MI
LightPointOnVehicle	.?AVLightPointOnVehicle@@	0x1c610b8,0x1c61168@144,0x1c61190@264	21,4,4	LightPointVisible;AttachedOnVehicle	LightPointVisible;LightPoint;LightPositionedColored;LightPositioned;Light;RemoveLinks;BaseRefCount<1>;RefCountBaseT<1>;SList<BaseLink,TLink<0>>;TLink<0>;Frame;Matrix4P;SerializeClass;AttachedOnVehicle;JoinedObject;Frame;Matrix4P	MI,VI
LightPointType	.?AVLightPointType@@	0x1b354f8	3	BaseRefCount<1>	BaseRefCount<1>;RefCountBaseT<1>	
LightPointVisible	.?AVLightPointVisible@@	0x1c60098,0x1c60148@144	21,4	LightPoint	LightPoint;LightPositionedColored;LightPositioned;Light;RemoveLinks;BaseRefCount<1>;RefCountBaseT<1>;SList<BaseLink,TLink<0>>;TLink<0>;Frame;Matrix4P;SerializeClass	MI,VI
LightPositioned	.?AVLightPositioned@@					no-col
LightPositionedColored	.?AVLightPositionedColored@@	0x1c5f0a8	21	LightPositioned	LightPositioned;Light;RemoveLinks;BaseRefCount<1>;RefCountBaseT<1>;SList<BaseLink,TLink<0>>;TLink<0>;Frame;Matrix4P	MI,VI
LightReflector	.?AVLightReflector@@	0x1c60178,0x1c60228@144	21,4	LightPositionedColored;SerializeClass	LightPositionedColored;LightPositioned;Light;RemoveLinks;BaseRefCount<1>;RefCountBaseT<1>;SList<BaseLink,TLink<0>>;TLink<0>;Frame;Matrix4P;SerializeClass	MI,VI
LightReflectorEntity	.?AVLightReflectorEntity@@	0x1c60258,0x1c60fd0@24,0x1c60ff8@48	430,4,23	ILightEntity	ILightEntity;Entity;ObjectTyped;Object;NetworkObject;RemoveSoftLinks<SoftLinkIdTraits<ObjectId,ObjectIdAutoDestroy>>;BaseRefCount<1>;RefCountBaseT<1>;NetworkSimpleObject;CountInstances<Object>;EPEItem;TLinkBidir<1>;NoCopy;Animated	MI
LightReflectorOnVehicle	.?AVLightReflectorOnVehicle@@	0x1c4bd08,0x1c4bdb8@144,0x1c4bde0@232	21,4,4	LightReflector;AttachedOnVehicle	LightReflector;LightPositionedColored;LightPositioned;Light;RemoveLinks;BaseRefCount<1>;RefCountBaseT<1>;SList<BaseLink,TLink<0>>;TLink<0>;Frame;Matrix4P;SerializeClass;AttachedOnVehicle;JoinedObject;Frame;Matrix4P	MI,VI
LimiterAPO	.?AVLimiterAPO@@	0x1b5c5a0,0x1b5c638@48	18,5	CSampleXAPOBase<LimiterAPO,LimiterAPOPars>	CSampleXAPOBase<LimiterAPO,LimiterAPOPars>;CXAPOParametersBase;CXAPOBase;IXAPO;IUnknown;IXAPOParameters;IUnknown;XAPOBaseHelpers	MI
LinCurve1D	.?AVLinCurve1D@@	0x1bcd648	3	BaseRefCount<1>	BaseRefCount<1>;RefCountBaseT<1>	
LineCollideWithCrew	.?AVLineCollideWithCrew@@	0x1b43c68	2	ITurretFuncEx	ITurretFuncEx	
LinesToDraw<Vector2Templ<float,GhostTypes::BasicVector2>>	.?AU?$LinesToDraw@U?$Vector2Templ@MUBasicVector2@GhostTypes@@@@@@	0x1b228f8	6	Editor3D::IDrawable	Editor3D::IDrawable;RemoveLLinks;BaseRefCount<1>;RefCountBaseT<1>	
LinesToDraw<Vector3P>	.?AU?$LinesToDraw@VVector3P@@@@	0x1b228c0	6	Editor3D::IDrawable	Editor3D::IDrawable;RemoveLLinks;BaseRefCount<1>;RefCountBaseT<1>	
LinkBidirWithFrameStoreT<FrameStoreTraits>	.?AV?$LinkBidirWithFrameStoreT@UFrameStoreTraits@@@@					no-col
LipSyncInfo	.?AVLipSyncInfo@@	0x1b2acd0	3	AutoArray<LipsyncInfoItem,MemAllocD>;BaseRefCount<1>	AutoArray<LipsyncInfoItem,MemAllocD>;Array<LipsyncInfoItem>;MemAllocD;BaseRefCount<1>;RefCountBaseT<1>	MI
ListCrewFunc	.?AVListCrewFunc@@	0x1acd850	2	ICrewFunc	ICrewFunc	
LoadConfigStringtables()::`2'::LoadStringtablesJob	.?AVLoadStringtablesJob@?1??LoadConfigStringtables@@YAXAEBV?$FindArrayKey@UConfigPathInfo@@UFindArrayTraitsConfigPathInfo@@VMemAllocD@@@@AEBV?$RStringCT@D@@@Z@	0x1a77eb0	2	Job	Job	
LoadedMagazinesHelperBase	.?AVLoadedMagazinesHelperBase@@					no-col
LoadOutManager	.?AVLoadOutManager@@	0x1b59a20,0x1b59a40@8	3,3	IFindPairRule<const MuzzleType,MuzzleTypePair>;RemoveLinks	IFindPairRule<const MuzzleType,MuzzleTypePair>;RemoveLinks;BaseRefCount<1>;RefCountBaseT<1>;SList<BaseLink,TLink<0>>;TLink<0>	MI
LocalizeStringFunctions	.?AVLocalizeStringFunctions@@	0x1a9bf70	2			
Location	.?AULocation@@	0x1bb91b0	7	RemoveLLinks	RemoveLLinks;BaseRefCount<1>;RefCountBaseT<1>	
LocationsItem	.?AULocationsItem@@	0x1bb9270	3	BaseRefCount<1>	BaseRefCount<1>;RefCountBaseT<1>	
LocationType	.?AULocationType@@	0x1bb9190	3	RemoveLLinks	RemoveLLinks;BaseRefCount<1>;RefCountBaseT<1>	
LockCache	.?AVLockCache@@	0x1ca2cd8	5	ILockCache	ILockCache	
LockField	.?AVLockField@@	0x1ca2c88	3	BaseRefCount<1>	BaseRefCount<1>;RefCountBaseT<1>	
LODShape	.?AVLODShape@@	0x1ce1c10,0x1ce1c30@24,0x1ce1c58@40	3,4,2	RemoveLLinks;LinkBidirWithFrameStoreT<FrameStoreTraits>;EngineShapeProperties;DlcAsset	RemoveLLinks;BaseRefCount<1>;RefCountBaseT<1>;LinkBidirWithFrameStoreT<FrameStoreTraits>;TLinkBidir<2>;NoCopy;EngineShapeProperties;DlcAsset	MI
LODShapeLoadHandler	.?AVLODShapeLoadHandler@@	0x1b74448	6			
LODShapeRoad	.?AVLODShapeRoad@@	0x1ce7538,0x1ce7558@24,0x1ce7580@40	3,4,2	LODShapeWithShadow	LODShapeWithShadow;LODShape;RemoveLLinks;BaseRefCount<1>;RefCountBaseT<1>;LinkBidirWithFrameStoreT<FrameStoreTraits>;TLinkBidir<2>;NoCopy;EngineShapeProperties;DlcAsset	MI
LODShapeWithShadow	.?AVLODShapeWithShadow@@	0x1ce1c70,0x1ce1c90@24,0x1ce1cb8@40	3,4,2	LODShape	LODShape;RemoveLLinks;BaseRefCount<1>;RefCountBaseT<1>;LinkBidirWithFrameStoreT<FrameStoreTraits>;TLinkBidir<2>;NoCopy;EngineShapeProperties;DlcAsset	MI
M4Function	.?AVM4Function@@	0x1c5a770	4			
Magazine	.?AVMagazine@@	0x1c76b60,0x1c76c40@16,0x1c76c60@40	27,3,4	CMagazineItem	CMagazineItem;IInventoryObjectBase;CMassObject;RemoveLinks;BaseRefCount<1>;RefCountBaseT<1>;SList<BaseLink,TLink<0>>;TLink<0>;SerializeClass	MI
MagazineObject	.?AVMagazineObject@@	0x1c780c0,0x1c78b00@24,0x1c78b28@48	327,4,23	ObjectTyped;Animated	ObjectTyped;Object;NetworkObject;RemoveSoftLinks<SoftLinkIdTraits<ObjectId,ObjectIdAutoDestroy>>;BaseRefCount<1>;RefCountBaseT<1>;NetworkSimpleObject;CountInstances<Object>;EPEItem;TLinkBidir<1>;NoCopy;Animated	MI
MagazinePlainType	.?AVMagazinePlainType@@	0x1c77f30,0x1c78070@24,0x1c780a8@32	39,6,2	EntityPlainType	EntityPlainType;EntityType;RemoveLLinks;BaseRefCount<1>;RefCountBaseT<1>;LODShapeLoadHandler;AnimatedType;LinkBidirWithFrameStoreT<FrameStoreTraits>;TLinkBidir<2>;NoCopy	MI
MagazineSplitter	.?AVMagazineSplitter@@	0x1cece18	4	ISplitter	ISplitter;BaseRefCount<1>;RefCountBaseT<1>	
MagazineString	.?AUMagazineString@@	0x1b59198,0x1b591c8@8	5,3	SerializeClass;BaseRefCount<1>	SerializeClass;BaseRefCount<1>;RefCountBaseT<1>	MI
MagazineType	.?AVMagazineType@@	0x1c76878,0x1c76898@16,0x1c768d0@24	3,6,2	BaseRefCount<1>;LODShapeLoadHandler;CMassObject	BaseRefCount<1>;RefCountBaseT<1>;LODShapeLoadHandler;CMassObject	MI
MagazineTypePair	.?AUMagazineTypePair@@	0x1b599a0	3	ITypePair<MagazineType>	ITypePair<MagazineType>;RemoveLinks;BaseRefCount<1>;RefCountBaseT<1>;SList<BaseLink,TLink<0>>;TLink<0>	MI
MagazineWell	.?AVMagazineWell@@	0x1c76b40	3	RefArray<const MagazineType,MemAllocD>;BaseRefCount<1>	RefArray<const MagazineType,MemAllocD>;FindArrayKey<Ref<const MagazineType>,RefArrayKeyTraits<const MagazineType>,MemAllocD>;AutoArray<Ref<const MagazineType>,MemAllocD>;Array<Ref<const MagazineType>>;MemAllocD;BaseRefCount<1>;RefCountBaseT<1>	MI
MainMapInfo	.?AUMainMapInfo@@	0x1cd5d70	4	SerializeClass	SerializeClass	
Man	.?AVMan@@	0x1b36168,0x1b37fd8@24,0x1b38000@48,0x1b380c0@1464,0x1b380e0@1472,0x1b380f8@2152	973,4,23,3,2,7	Person	Person;EntityAIFull;EntityAI;Entity;ObjectTyped;Object;NetworkObject;RemoveSoftLinks<SoftLinkIdTraits<ObjectId,ObjectIdAutoDestroy>>;BaseRefCount<1>;RefCountBaseT<1>;NetworkSimpleObject;CountInstances<Object>;EPEItem;TLinkBidir<1>;NoCopy;Animated;JoinedObject;IHasParentContainer;ComponentHolder<EntityAIFull,Component>;CountInstances<Person>	MI
ManActDesc	.?AUManActDesc@@	0x1b3a9d8	3	BaseRefCount<1>	BaseRefCount<1>;RefCountBaseT<1>	
ManSensorComponent	.?AVManSensorComponent@@	0x1ac54d0	17	SensorBaseComponent	SensorBaseComponent;Component;BaseRefCount<1>;RefCountBaseT<1>	
ManSensorComponentType	.?AVManSensorComponentType@@	0x1ac5430	16	SensorBaseComponentType	SensorBaseComponentType;ComponentType;BaseRefCount<1>;RefCountBaseT<1>	
ManType	.?AVManType@@	0x1b399b8,0x1b39c48@24,0x1b39c80@32,0x1b39c98@752	81,6,2,4	PersonType	PersonType;EntityAIType;EntityType;RemoveLLinks;BaseRefCount<1>;RefCountBaseT<1>;LODShapeLoadHandler;AnimatedType;LinkBidirWithFrameStoreT<FrameStoreTraits>;TLinkBidir<2>;NoCopy;ComponentHolderType<ComponentType>	MI
ManVisualState	.?AVManVisualState@@	0x1b35d28,0x1b35de0@64	22,3	PersonVisualState	PersonVisualState;EntityVisualState;ObjectVisualState;FrameBase;Frame;Matrix4P;BaseRefCount<1>;RefCountBaseT<1>	MI
MapObject	.?AVMapObject@@	0x1b90288	15			
MapObjectForest	.?AVMapObjectForest@@	0x1b90308	15	MapObject	MapObject	
MapObjectListCache	.?AVMapObjectListCache@@	0x1c5e1b8,0x1c5e218@152	11,3	CacheContainer<MapObjectListFull,CacheTraits<MapObjectListFull>>;BaseRefCount<1>	CacheContainer<MapObjectListFull,CacheTraits<MapObjectListFull>>;MemoryFreeOnDemandHelper;IMemoryFreeOnDemand;TLinkBidir<0>;NoCopy;BaseRefCount<1>;RefCountBaseT<1>	MI
MapObjectPlain	.?AVMapObjectPlain@@	0x1b90690	15	MapObject	MapObject	
MapObjectRailWay	.?AVMapObjectRailWay@@	0x1b90488	16	MapObject	MapObject	
MapObjectRectIndex	.?AVMapObjectRectIndex@@	0x1c5de00	3	ObjectRectIndex	ObjectRectIndex;BaseRefCount<1>;RefCountBaseT<1>	
MapObjectRiver	.?AVMapObjectRiver@@	0x1b90710	15	MapObject	MapObject	
MapObjectWithAngle	.?AVMapObjectWithAngle@@	0x1b90510	15	MapObject	MapObject	
MapObjectWithLine	.?AVMapObjectWithLine@@	0x1b90408	15	MapObject	MapObject	
MapObjectWithPos	.?AVMapObjectWithPos@@	0x1b90388	15	MapObject	MapObject	
MapObjectWithRect	.?AVMapObjectWithRect@@	0x1b90590	15	MapObject	MapObject	
MapObjectWithRectColored	.?AVMapObjectWithRectColored@@	0x1b90610	15	MapObjectWithRect	MapObjectWithRect;MapObject	
MapStringToClass<LLink<EntityType,DefLLinkTraits<EntityType>>,LLinkArray<EntityType,MemAllocD>,VehicleTypeBankTraits::EntityMapHashTraits,MemAllocD>	.?AV?$MapStringToClass@V?$LLink@VEntityType@@U?$DefLLinkTraits@VEntityType@@@@@@V?$LLinkArray@VEntityType@@VMemAllocD@@@@UEntityMapHashTraits@VehicleTypeBankTraits@@VMemAllocD@@@@					no-col
MapStringToClass<LLink<LODShapeWithShadow,DefLLinkTraits<LODShapeWithShadow>>,LLinkArray<LODShapeWithShadow,MemAllocD>,BankTraits<LODShapeWithShadow>::LODShapeWithShadowHashTraits,MemAllocD>	.?AV?$MapStringToClass@V?$LLink@VLODShapeWithShadow@@U?$DefLLinkTraits@VLODShapeWithShadow@@@@@@V?$LLinkArray@VLODShapeWithShadow@@VMemAllocD@@@@ULODShapeWithShadowHashTraits@?$BankTraits@VLODShapeWithShadow@@@@VMemAllocD@@@@					no-col
MapStringToClass<LLink<TexMaterial,DefLLinkTraits<TexMaterial>>,LLinkArray<TexMaterial,MemAllocD>,BankTraits<TexMaterial>::TexMaterialHashTraits,MemAllocD>	.?AV?$MapStringToClass@V?$LLink@VTexMaterial@@U?$DefLLinkTraits@VTexMaterial@@@@@@V?$LLinkArray@VTexMaterial@@VMemAllocD@@@@UTexMaterialHashTraits@?$BankTraits@VTexMaterial@@@@VMemAllocD@@@@					no-col
MapStringToClass<Preproc::MacroParam,AutoArray<Preproc::MacroParam,MemAllocD>,MapClassTraits<Preproc::MacroParam>,MemAllocD>	.?AV?$MapStringToClass@VMacroParam@Preproc@@V?$AutoArray@VMacroParam@Preproc@@VMemAllocD@@@@U?$MapClassTraits@VMacroParam@Preproc@@@@VMemAllocD@@@@					no-col
MapStringToClass<Ref<AIBrainType>,AutoArray<Ref<AIBrainType>,MemAllocD>,AIBrainTypeBankTraits::AIBrainTypeMapHashTraits,MemAllocD>	.?AV?$MapStringToClass@V?$Ref@VAIBrainType@@@@V?$AutoArray@V?$Ref@VAIBrainType@@@@VMemAllocD@@@@UAIBrainTypeMapHashTraits@AIBrainTypeBankTraits@@VMemAllocD@@@@					no-col
MapStringToClass<Ref<EntitySimpleType>,AutoArray<Ref<EntitySimpleType>,MemAllocD>,EntitySimpleTypeTraits::EntitySimpleTypeMapHashTraits,MemAllocD>	.?AV?$MapStringToClass@V?$Ref@VEntitySimpleType@@@@V?$AutoArray@V?$Ref@VEntitySimpleType@@@@VMemAllocD@@@@UEntitySimpleTypeMapHashTraits@EntitySimpleTypeTraits@@VMemAllocD@@@@					no-col
Mark	.?AVMark@@	0x1c40210,0x1c40e90@24,0x1c40eb8@48	399,4,23	Entity	Entity;ObjectTyped;Object;NetworkObject;RemoveSoftLinks<SoftLinkIdTraits<ObjectId,ObjectIdAutoDestroy>>;BaseRefCount<1>;RefCountBaseT<1>;NetworkSimpleObject;CountInstances<Object>;EPEItem;TLinkBidir<1>;NoCopy;Animated	MI
MarkerLightShell	.?AVMarkerLightShell@@	0x1c177c0,0x1c184e8@24,0x1c18510@48	420,4,23	ShotShell	ShotShell;Shot;Entity;ObjectTyped;Object;NetworkObject;RemoveSoftLinks<SoftLinkIdTraits<ObjectId,ObjectIdAutoDestroy>>;BaseRefCount<1>;RefCountBaseT<1>;NetworkSimpleObject;CountInstances<Object>;EPEItem;TLinkBidir<1>;NoCopy;Animated	MI
MarkerSupportForDisplayWithMap	.?AVMarkerSupportForDisplayWithMap@@					no-col
MaskRefs	.?AVMaskRefs@@	0x1b2ab10	3	BaseRefCount<1>	BaseRefCount<1>;RefCountBaseT<1>	
MathPlane	.?AUMathPlane@@					no-col
Matrix4P	.?AVMatrix4P@@					no-col
MaxAmmoCostFunc	.?AVMaxAmmoCostFunc@@	0x1c529f0	2	ITurretFunc	ITurretFunc	
MaxAmmoHitFunc	.?AVMaxAmmoHitFunc@@	0x1c52a08	2	ITurretFunc	ITurretFunc	
mDNS::Browser::OnCompleted()::`15'::<lambda_1>	.?AV<lambda_1>@?P@??OnCompleted@Browser@mDNS@@AEAAXPEAVDNSRequest@@@Z@					no-col
mDNS::Browser::OnCompleted()::`16'::<lambda_2>	.?AV<lambda_2>@?BA@??OnCompleted@Browser@mDNS@@AEAAXPEAVDNSRequest@@@Z@					no-col
mDNS::Browser::StartSearch()::`2'::<lambda_1>	.?AV<lambda_1>@?1??StartSearch@Browser@mDNS@@QEAAXAEBV?$RStringCT@D@@@Z@					no-col
MemAllocD	.?AVMemAllocD@@					no-col
MemAllocLocal<Ref<Light>,32,int,MemAllocD>	.?AV?$MemAllocLocal@V?$Ref@VLight@@@@$0CA@HVMemAllocD@@@@					no-col
MemAllocPageMonotonicThreadsafe<void*,16384>	.?AV?$MemAllocPageMonotonicThreadsafe@PEAX$0EAAA@@@	0x1b91628	8	NoCopy;IMemAllocSimpleStorage	NoCopy;IMemAllocSimpleStorage	MI
MemAllocSA	.?AVMemAllocSA@@					no-col
MemAllocSimpleStorage<int,262144>	.?AV?$MemAllocSimpleStorage@H$0EAAAA@@@	0x1ce6460	8	IMemAllocSimpleStorage	IMemAllocSimpleStorage	
MemAllocSimpleStorage<int,5000>	.?AV?$MemAllocSimpleStorage@H$0BDII@@@	0x1ce7890	8	IMemAllocSimpleStorage	IMemAllocSimpleStorage	
MemAllocSimpleStorage<RoadVertex,4096>	.?AV?$MemAllocSimpleStorage@URoadVertex@@$0BAAA@@@	0x1ce78d8	8	IMemAllocSimpleStorage	IMemAllocSimpleStorage	
MemAllocVMemMonotonicThreadsafe<16,1048576>	.?AV?$MemAllocVMemMonotonicThreadsafe@$0BA@$0BAAAAA@@@	0x1a97dc0	8	NoCopy;IMemAllocSimpleStorage	NoCopy;IMemAllocSimpleStorage	MI
MemAllocVMemMonotonicThreadsafe<16,134217728>	.?AV?$MemAllocVMemMonotonicThreadsafe@$0BA@$0IAAAAAA@@@	0x1b31608	8	NoCopy;IMemAllocSimpleStorage	NoCopy;IMemAllocSimpleStorage	MI
MemAllocVMemMonotonicThreadsafe<16,2097152>	.?AV?$MemAllocVMemMonotonicThreadsafe@$0BA@$0CAAAAA@@@	0x1a97e30	8	NoCopy;IMemAllocSimpleStorage	NoCopy;IMemAllocSimpleStorage	MI
MemAllocVMemMonotonicThreadsafe<16,33554432>	.?AV?$MemAllocVMemMonotonicThreadsafe@$0BA@$0CAAAAAA@@@	0x1a97ec8	8	NoCopy;IMemAllocSimpleStorage	NoCopy;IMemAllocSimpleStorage	MI
MemAllocVMemMonotonicThreadsafe<16,4194304>	.?AV?$MemAllocVMemMonotonicThreadsafe@$0BA@$0EAAAAA@@@	0x1a97e78	8	NoCopy;IMemAllocSimpleStorage	NoCopy;IMemAllocSimpleStorage	MI
MemAllocVMemMonotonicThreadsafe<8,67108864>	.?AV?$MemAllocVMemMonotonicThreadsafe@$07$0EAAAAAA@@@	0x1b2aa58	8	NoCopy;IMemAllocSimpleStorage	NoCopy;IMemAllocSimpleStorage	MI
MemAllocVMemMonotonicThreadsafeFreeList<33554432,MemAllocD>	.?AV?$MemAllocVMemMonotonicThreadsafeFreeList@$0CAAAAAA@VMemAllocD@@@@	0x1ca7748	8	MemAllocVMemMonotonicThreadsafe<16,33554432>	MemAllocVMemMonotonicThreadsafe<16,33554432>;NoCopy;IMemAllocSimpleStorage	MI
MembFunc3<Entity,void,FSMEntity*,const float*,int,Entity,FSMEntityActionFunc>	.?AV?$MembFunc3@VEntity@@XPEAVFSMEntity@@PEBMHV1@VFSMEntityActionFunc@@@@	0x1bd51a0	2	FSMEntityActionFunc	FSMEntityActionFunc	
MembFunc3<Man,void,FSMEntity*,const float*,int,Entity,FSMEntityActionFunc>	.?AV?$MembFunc3@VMan@@XPEAVFSMEntity@@PEBMHVEntity@@VFSMEntityActionFunc@@@@	0x1b3a988	2	FSMEntityActionFunc	FSMEntityActionFunc	
MembFunc3<SeaGullAuto,void,FSMEntity*,const float*,int,Entity,FSMEntityActionFunc>	.?AV?$MembFunc3@VSeaGullAuto@@XPEAVFSMEntity@@PEBMHVEntity@@VFSMEntityActionFunc@@@@	0x1c08f38	2	FSMEntityActionFunc	FSMEntityActionFunc	
MemFunctions	.?AVMemFunctions@@					no-col
Memory::LockedFreeOnDemandEnumerator	.?AULockedFreeOnDemandEnumerator@Memory@@	0x1a792e8	5			
MemoryFreeOnDemandHelper	.?AVMemoryFreeOnDemandHelper@@					no-col
MemoryInputData	.?AVMemoryInputData@@	0x1ce0100	5	physx::PxInputData	physx::PxInputData;physx::PxInputStream	
MemoryOutputStream	.?AVMemoryOutputStream@@	0x1ce00e8	2	physx::PxOutputStream	physx::PxOutputStream	
MemoryPointList	.?AVMemoryPointList@@	0x1b31918	3	BaseRefCount<1>	BaseRefCount<1>;RefCountBaseT<1>	
MemTableFunctions	.?AVMemTableFunctions@@	0x1a79570	29	MemFunctions	MemFunctions	
Menu	.?AVMenu@@	0x1cbee68	3	BaseRefCount<1>	BaseRefCount<1>;RefCountBaseT<1>	
MenuItem	.?AVMenuItem@@	0x1cbee48	3	BaseRefCount<1>	BaseRefCount<1>;RefCountBaseT<1>	
MergeInstances<0,ShapeLoadedLevelsSB,CompareLevelDrawShadowBuffer,CompareAnimMatrixTexturesShadow,CompareInstanceHashesEmpty,0,1>	.?AU?$MergeInstances@$0A@UShapeLoadedLevelsSB@@UCompareLevelDrawShadowBuffer@@UCompareAnimMatrixTexturesShadow@@UCompareInstanceHashesEmpty@@$0A@$00@@	0x1ca8248	3	MergeInstancesBase	MergeInstancesBase	
MergeInstances<1,ShapeLoadedLevels,CompareDrawLevel,CompareAnimMatrixTexturesNormal,CompareInstanceHashesNormal,1,0>	.?AU?$MergeInstances@$00UShapeLoadedLevels@@UCompareDrawLevel@@UCompareAnimMatrixTexturesNormal@@UCompareInstanceHashesNormal@@$00$0A@@@	0x1ca8138	3	MergeInstancesBase	MergeInstancesBase	
MergeInstances<1,ShapeLoadedLevelsShadowOrSplit,CompareDrawLevel,CompareAnimMatrixTexturesNormal,CompareInstanceHashesNormal,1,0>	.?AU?$MergeInstances@$00UShapeLoadedLevelsShadowOrSplit@@UCompareDrawLevel@@UCompareAnimMatrixTexturesNormal@@UCompareInstanceHashesNormal@@$00$0A@@@	0x1ca81f8	3	MergeInstancesBase	MergeInstancesBase	
MergeInstancesBase	.?AUMergeInstancesBase@@	0x1ca78e8	3			
MHInstanceGeom	.?AVMHInstanceGeom@@					no-col
MHInstanceLODShape	.?AVMHInstanceLODShape@@					no-col
MHInstanceShape	.?AVMHInstanceShape@@					no-col
MHInstanceTexCache	.?AVMHInstanceTexCache@@					no-col
Mine	.?AVMine@@	0x1b3da78,0x1b3e798@24,0x1b3e7c0@48	419,4,23	Shot	Shot;Entity;ObjectTyped;Object;NetworkObject;RemoveSoftLinks<SoftLinkIdTraits<ObjectId,ObjectIdAutoDestroy>>;BaseRefCount<1>;RefCountBaseT<1>;NetworkSimpleObject;CountInstances<Object>;EPEItem;TLinkBidir<1>;NoCopy;Animated	MI
MineDetectorDisplayComponent	.?AVMineDetectorDisplayComponent@@	0x1acb038	23	VehicleSystemDisplayBase	VehicleSystemDisplayBase;Component;BaseRefCount<1>;RefCountBaseT<1>	
MineDetectorDisplayComponentType	.?AVMineDetectorDisplayComponentType@@	0x1acaaf8	7	VehicleSystemDisplayBaseType	VehicleSystemDisplayBaseType;ComponentType;BaseRefCount<1>;RefCountBaseT<1>	
MineFunctor	.?AVMineFunctor@@					no-col
MineFunctorDrawCursor	.?AVMineFunctorDrawCursor@@	0x1b40490	2	MineFunctor	MineFunctor	
MineFunctorDrawSign	.?AVMineFunctorDrawSign@@	0x1cd91f8	2	MineFunctor	MineFunctor	
MineFunctorTestCursorTarget	.?AVMineFunctorTestCursorTarget@@	0x1c7da18	2	MineFunctor	MineFunctor	
MineTrigger	.?AVMineTrigger@@	0x1b3d7a8,0x1b3d810@16	12,4	BaseRefCount<1>;SerializeClass	BaseRefCount<1>;RefCountBaseT<1>;SerializeClass	MI
MineTriggerRadius	.?AVMineTriggerRadius@@	0x1b3d838,0x1b3d8a0@16	12,4	MineTrigger	MineTrigger;BaseRefCount<1>;RefCountBaseT<1>;SerializeClass	MI
MineTriggerRemote	.?AVMineTriggerRemote@@	0x1b3d958,0x1b3d9c0@16	12,4	MineTrigger	MineTrigger;BaseRefCount<1>;RefCountBaseT<1>;SerializeClass	MI
MineTriggerTimer	.?AVMineTriggerTimer@@	0x1b3d9e8,0x1b3da50@16	12,4	MineTrigger	MineTrigger;BaseRefCount<1>;RefCountBaseT<1>;SerializeClass	MI
MineTriggerType	.?AVMineTriggerType@@	0x1c739b8	3	BaseRefCount<1>	BaseRefCount<1>;RefCountBaseT<1>	
MineTriggerWire	.?AVMineTriggerWire@@	0x1b3d8c8,0x1b3d930@16	12,4	MineTrigger	MineTrigger;BaseRefCount<1>;RefCountBaseT<1>;SerializeClass	MI
MinimapDisplayComponent	.?AVMinimapDisplayComponent@@	0x1acac78	23	VehicleSystemDisplayBase	VehicleSystemDisplayBase;Component;BaseRefCount<1>;RefCountBaseT<1>	
MinimapDisplayComponentType	.?AVMinimapDisplayComponentType@@	0x1aca9b8	7	VehicleSystemDisplayBaseType	VehicleSystemDisplayBaseType;ComponentType;BaseRefCount<1>;RefCountBaseT<1>	
Missile	.?AVMissile@@	0x1c15bc0,0x1c168c8@24,0x1c168f0@48	416,4,23	Shot	Shot;Entity;ObjectTyped;Object;NetworkObject;RemoveSoftLinks<SoftLinkIdTraits<ObjectId,ObjectIdAutoDestroy>>;BaseRefCount<1>;RefCountBaseT<1>;NetworkSimpleObject;CountInstances<Object>;EPEItem;TLinkBidir<1>;NoCopy;Animated	MI
MissileType	.?AVMissileType@@	0x1c53900,0x1c53a48@24,0x1c53a80@32,0x1c53a98@752	40,6,2,4	AmmoType	AmmoType;EntityType;RemoveLLinks;BaseRefCount<1>;RefCountBaseT<1>;LODShapeLoadHandler;AnimatedType;LinkBidirWithFrameStoreT<FrameStoreTraits>;TLinkBidir<2>;NoCopy;ComponentHolderType<ComponentType>	MI
Mission	.?AVMission@@	0x1a7de48,0x1a7de68@16	3,4	BaseRefCount<1>;SerializeClass	BaseRefCount<1>;RefCountBaseT<1>;SerializeClass	MI
MissionEditCursorContainer	.?AVMissionEditCursorContainer@@	0x1cb9fd0	4			
MissionEditorCamera	.?AVMissionEditorCamera@@	0x1cbf140,0x1cbfe80@24,0x1cbfea8@48	423,4,23	CameraVehicle	CameraVehicle;CameraHolder;Entity;ObjectTyped;Object;NetworkObject;RemoveSoftLinks<SoftLinkIdTraits<ObjectId,ObjectIdAutoDestroy>>;BaseRefCount<1>;RefCountBaseT<1>;NetworkSimpleObject;CountInstances<Object>;EPEItem;TLinkBidir<1>;NoCopy;Animated	MI
MissionEventSource	.?AVMissionEventSource@@					no-col
MissionHeader	.?AUMissionHeader@@	0x1b934f8	4	NMRA_401	NMRA_401;NetworkSimpleObject	
MissionManager	.?AVMissionManager@@	0x1a92680	3	BaseRefCount<1>;SingletonWithDestroy<MissionManager,SRef<MissionManager,SRefTraits<MissionManager>>>	BaseRefCount<1>;RefCountBaseT<1>;SingletonWithDestroy<MissionManager,SRef<MissionManager,SRefTraits<MissionManager>>>;Singleton<MissionManager,SRef<MissionManager,SRefTraits<MissionManager>>>;NoCopy	MI
MissionParamsManager	.?AVMissionParamsManager@@	0x1b90830	3	RemoveLinks	RemoveLinks;BaseRefCount<1>;RefCountBaseT<1>;SList<BaseLink,TLink<0>>;TLink<0>	MI
MissionPoolData	.?AVMissionPoolData@@	0x1b59520,0x1b59548@8	4,3	ContainerRawData	ContainerRawData;SerializeClass;BaseRefCount<1>;RefCountBaseT<1>	MI
MissionTree	.?AVMissionTree@@	0x1b82710,0x1b82780@24	13,76	CTree	CTree;Control;RemoveLLinks;BaseRefCount<1>;RefCountBaseT<1>;IControl;EventHandlerGroupContainer_DynArray<EventHandlerContainer_UI,enum ControlEvent>;IUICollectibleControls;IHasGameVarSpace	MI
ModelVerification	.?AVModelVerification@@	0x1b41c60	7	VisualComponent	VisualComponent	
MonetizedServerList	.?AVMonetizedServerList@@	0x1b318a8	3	ServerList	ServerList	
MonoAPO	.?AVMonoAPO@@	0x1b5fba0,0x1b5fc38@48	18,5	CSampleXAPOBase<MonoAPO,MonoAPOParams>	CSampleXAPOBase<MonoAPO,MonoAPOParams>;CXAPOParametersBase;CXAPOBase;IXAPO;IUnknown;IXAPOParameters;IUnknown;XAPOBaseHelpers	MI
MotionType	.?AVMotionType@@	0x1b20e78	2			
Motorcycle	.?AVMotorcycle@@	0x1bf4d90,0x1bf6b88@24,0x1bf6bb0@48,0x1bf6c70@1464,0x1bf6c90@1472,0x1bf6ca8@2152	958,4,23,3,2,7	TankOrCar	TankOrCar;Transport;EntityAIFull;EntityAI;Entity;ObjectTyped;Object;NetworkObject;RemoveSoftLinks<SoftLinkIdTraits<ObjectId,ObjectIdAutoDestroy>>;BaseRefCount<1>;RefCountBaseT<1>;NetworkSimpleObject;CountInstances<Object>;EPEItem;TLinkBidir<1>;NoCopy;Animated;JoinedObject;IHasParentContainer;ComponentHolder<EntityAIFull,Component>	MI
MotorcycleType	.?AVMotorcycleType@@	0x1bf4a58,0x1bf4d18@24,0x1bf4d50@32,0x1bf4d68@752	87,6,2,4	TankOrCarType	TankOrCarType;TransportType;EntityAIType;EntityType;RemoveLLinks;BaseRefCount<1>;RefCountBaseT<1>;LODShapeLoadHandler;AnimatedType;LinkBidirWithFrameStoreT<FrameStoreTraits>;TLinkBidir<2>;NoCopy;ComponentHolderType<ComponentType>	MI
MotorcycleVisualState	.?AVMotorcycleVisualState@@	0x1bf4970,0x1bf4a38@64	24,3	TankOrCarVisualState	TankOrCarVisualState;TransportVisualState;EntityVisualState;ObjectVisualState;FrameBase;Frame;Matrix4P;BaseRefCount<1>;RefCountBaseT<1>	MI
MouseControls	.?AUMouseControls@@	0x1b21380	5			
MoveGunnerHead	.?AVMoveGunnerHead@@	0x1c462d0	2	ITurretFunc	ITurretFunc	
MoveInfoAnimal	.?AVMoveInfoAnimal@@	0x1bbf8a0	7	MoveInfoAnimalCommon	MoveInfoAnimalCommon;MoveInfoBase;BaseRefCount<1>;RefCountBaseT<1>	
MoveInfoAnimalCommon	.?AVMoveInfoAnimalCommon@@	0x1bbf860	7	MoveInfoBase	MoveInfoBase;BaseRefCount<1>;RefCountBaseT<1>	
MoveInfoBase	.?AVMoveInfoBase@@	0x1b20c18	7	BaseRefCount<1>	BaseRefCount<1>;RefCountBaseT<1>	
MoveInfoGestureMan	.?AVMoveInfoGestureMan@@	0x1b2ae00	7	MoveInfoManCommon	MoveInfoManCommon;MoveInfoBase;BaseRefCount<1>;RefCountBaseT<1>	
MoveInfoMan	.?AVMoveInfoMan@@	0x1b2adc0	7	MoveInfoManCommon	MoveInfoManCommon;MoveInfoBase;BaseRefCount<1>;RefCountBaseT<1>	
MoveInfoManCommon	.?AVMoveInfoManCommon@@	0x1b2ad80	7	MoveInfoBase	MoveInfoBase;BaseRefCount<1>;RefCountBaseT<1>	
MovementTracker	.?AVMovementTracker@@	0x1cdd898	9			
MoveOperationUndo	.?AUMoveOperationUndo@@	0x1b1ac10,0x1b1ac30@88	3,3	Editor3D::UndoRedoItem	Editor3D::UndoRedoItem;BaseRefCount<1>;RefCountBaseT<1>	
MovesTypeAnimal	.?AVMovesTypeAnimal@@	0x1bbf8e0,0x1bbf918@24	6,2	MovesTypeBase	MovesTypeBase;RemoveLinks;BaseRefCount<1>;RefCountBaseT<1>;SList<BaseLink,TLink<0>>;TLink<0>;MotionType	MI
MovesTypeBase	.?AVMovesTypeBase@@	0x1b20e90,0x1b20ec8@24	6,2	RemoveLinks;MotionType	RemoveLinks;BaseRefCount<1>;RefCountBaseT<1>;SList<BaseLink,TLink<0>>;TLink<0>;MotionType	MI
MovesTypeGestureMan	.?AVMovesTypeGestureMan@@	0x1b2ae40,0x1b2ae78@24	6,2	MovesTypeBase	MovesTypeBase;RemoveLinks;BaseRefCount<1>;RefCountBaseT<1>;SList<BaseLink,TLink<0>>;TLink<0>;MotionType	MI
MovesTypeMan	.?AVMovesTypeMan@@	0x1b2ae90,0x1b2aec8@24	6,2	MovesTypeBase	MovesTypeBase;RemoveLinks;BaseRefCount<1>;RefCountBaseT<1>;SList<BaseLink,TLink<0>>;TLink<0>;MotionType	MI
MoveWidgetOperation	.?AUMoveWidgetOperation@@	0x1b1dcb8,0x1b1dce8@32,0x1b1dd08@248	5,3,3	Editor3D::UIEditOperation;Editor3D::UndoRedoItem	Editor3D::UIEditOperation;Editor3D::EditOperation;BaseRefCount<1>;RefCountBaseT<1>;Editor3D::UndoRedoItem;BaseRefCount<1>;RefCountBaseT<1>	MI,VI
MsgBox	.?AVMsgBox@@	0x1cc3e50,0x1cc4060@24,0x1cc4078@552	65,2,4	ControlsContainer	ControlsContainer;RemoveLLinks;BaseRefCount<1>;RefCountBaseT<1>;EventHandlerGroupContainer_Simple<EventHandlerContainer_UI,13,enum DisplayEvent>;IUICollectibleControls;IHasGameVarSpace	MI
MsgBoxFunctional	.?AVMsgBoxFunctional@@	0x1cc40a0,0x1cc42b0@24,0x1cc42c8@552	65,2,4	MsgBox	MsgBox;ControlsContainer;RemoveLLinks;BaseRefCount<1>;RefCountBaseT<1>;EventHandlerGroupContainer_Simple<EventHandlerContainer_UI,13,enum DisplayEvent>;IUICollectibleControls;IHasGameVarSpace	MI
MultiplayerSetupMessage	.?AVMultiplayerSetupMessage@@	0x1b7e708,0x1b7e918@24,0x1b7e930@552	65,2,4	ControlsContainer	ControlsContainer;RemoveLLinks;BaseRefCount<1>;RefCountBaseT<1>;EventHandlerGroupContainer_Simple<EventHandlerContainer_UI,13,enum DisplayEvent>;IUICollectibleControls;IHasGameVarSpace	MI
MuzzleDistanceIndexManager	.?AVMuzzleDistanceIndexManager@@	0x1b40c10,0x1b40c30@24	3,4	RemoveLinks;SerializeClass	RemoveLinks;BaseRefCount<1>;RefCountBaseT<1>;SList<BaseLink,TLink<0>>;TLink<0>;SerializeClass	MI
MuzzleDistanceIndexPair	.?AVMuzzleDistanceIndexPair@@	0x1b40be8	4	SerializeClass	SerializeClass	
MuzzleEventVoidCall	.?AVMuzzleEventVoidCall@@	0x1c50ff0	4	IPostponedEvent	IPostponedEvent;BaseRefCount<1>;RefCountBaseT<1>	
MuzzleState	.?AVMuzzleState@@	0x1c76a88,0x1c76aa8@16	3,4	BaseRefCount<1>;SerializeClass	BaseRefCount<1>;RefCountBaseT<1>;SerializeClass	MI
MuzzleType	.?AVMuzzleType@@	0x1c76928,0x1c76978@16	9,6	BaseRefCount<1>;LODShapeLoadHandler	BaseRefCount<1>;RefCountBaseT<1>;LODShapeLoadHandler	MI
MuzzleTypeLaser	.?AVMuzzleTypeLaser@@	0x1c769b0,0x1c76a00@16	9,6	MuzzleType	MuzzleType;BaseRefCount<1>;RefCountBaseT<1>;LODShapeLoadHandler	MI
MuzzleTypePair	.?AUMuzzleTypePair@@	0x1b599c0,0x1b599e0@40	3,3	ITypePair<const MuzzleType>;IFindPairRule<MagazineType,MagazineTypePair>	ITypePair<const MuzzleType>;RemoveLinks;BaseRefCount<1>;RefCountBaseT<1>;SList<BaseLink,TLink<0>>;TLink<0>;IFindPairRule<MagazineType,MagazineTypePair>	MI
NeedRearmFunc	.?AVNeedRearmFunc@@	0x1c52a38	2	ITurretFunc	ITurretFunc	
NetChannel	.?AVNetChannel@@	0x1aa6450	35	BaseRefCount<1>	BaseRefCount<1>;RefCountBaseT<1>	
NetChannelBasic	.?AVNetChannelBasic@@	0x1aa9a18	36	NetChannel	NetChannel;BaseRefCount<1>;RefCountBaseT<1>	
NetClient	.?AVNetClient@@	0x1b41e58	41	NetTranspClient	NetTranspClient;NetClientBase;NetComponentBase	
NetClientBase	.?AVNetClientBase@@	0x1b420e8	6	NetComponentBase	NetComponentBase	
NetComponentBase	.?AVNetComponentBase@@	0x1b422a8	3			
NetMessage	.?AVNetMessage@@	0x1aa9f80	3	BaseRefCount<1>	BaseRefCount<1>;RefCountBaseT<1>	
NetMessagePoolInternal	.?AUNetMessagePoolInternal@@	0x1aaa5b8	10	MemoryFreeOnDemandHelper	MemoryFreeOnDemandHelper;IMemoryFreeOnDemand;TLinkBidir<0>;NoCopy	
NetPeer	.?AVNetPeer@@	0x1aa6570	23	BaseRefCount<1>	BaseRefCount<1>;RefCountBaseT<1>	
NetPeerToPeerChannel	.?AVNetPeerToPeerChannel@@	0x1aa9fd8	8	BaseRefCount<1>	BaseRefCount<1>;RefCountBaseT<1>	
NetPeerUDP	.?AVNetPeerUDP@@	0x1aaa020	25	NetPeer	NetPeer;BaseRefCount<1>;RefCountBaseT<1>	
NetPool	.?AVNetPool@@	0x1aaa300	12	BaseRefCount<1>	BaseRefCount<1>;RefCountBaseT<1>	
NetServer	.?AVNetServer@@	0x1b42420	37	NetTranspServer	NetTranspServer;NetServerBase;NetComponentBase	
NetServerBase	.?AVNetServerBase@@	0x1b427b8	7	NetComponentBase	NetComponentBase	
NetSessionEnum	.?AVNetSessionEnum@@	0x1a7a1f8	10	NetTranspSessionEnum	NetTranspSessionEnum	
NetSessionEnum::HandleDNSDomainLookup()::`7'::<lambda_1>	.?AV<lambda_1>@?6??HandleDNSDomainLookup@NetSessionEnum@@IEAAXAEBV?$RStringCT@D@@@Z@					no-col
NetSessionEnum::HandleDNSDomainLookup()::`8'::<lambda_2>	.?AV<lambda_2>@?7??HandleDNSDomainLookup@NetSessionEnum@@IEAAXAEBV?$RStringCT@D@@@Z@					no-col
NetSessionEnum::HandleDNSDomainLookup()::`9'::<lambda_3>	.?AV<lambda_3>@?8??HandleDNSDomainLookup@NetSessionEnum@@IEAAXAEBV?$RStringCT@D@@@Z@					no-col
NetSessionEnum::HandleDNSRequestCompleted()::`28'::<lambda_2>	.?AV<lambda_2>@?BM@??HandleDNSRequestCompleted@NetSessionEnum@@IEAAXPEAVDNSRequest@@G@Z@					no-col
NetSessionEnum::HandleDNSRequestCompleted()::`29'::<lambda_3>	.?AV<lambda_3>@?BN@??HandleDNSRequestCompleted@NetSessionEnum@@IEAAXPEAVDNSRequest@@G@Z@					no-col
NetTranspClient	.?AVNetTranspClient@@	0x1b41d20	38	NetClientBase	NetClientBase;NetComponentBase	
NetTranspServer	.?AVNetTranspServer@@	0x1b422d8	35	NetServerBase	NetServerBase;NetComponentBase	
NetTranspSessionEnum	.?AVNetTranspSessionEnum@@	0x1a7a1a8	9			
NetWeaponInfo	.?AUNetWeaponInfo@@	0x1b59b18	3	RemoveLLinks	RemoveLLinks;BaseRefCount<1>;RefCountBaseT<1>	
NetworkAndIdObject	.?AVNetworkAndIdObject@@	0x1c533b8,0x1c53498@24	27,4	NetworkObject	NetworkObject;RemoveSoftLinks<SoftLinkIdTraits<ObjectId,ObjectIdAutoDestroy>>;BaseRefCount<1>;RefCountBaseT<1>;NetworkSimpleObject	MI
NetworkClient	.?AVNetworkClient@@	0x1ba8c88,0x1ba8d90@8	32,2	NetworkComponent	NetworkComponent;INetworkComponent;IConsoleLogger	MI
NetworkClientCreateTurret	.?AVNetworkClientCreateTurret@@	0x1baaa88	2	ITurretFunc	ITurretFunc	
NetworkClientUpdateTurret	.?AVNetworkClientUpdateTurret@@	0x1baa6e0	2	ITurretFunc	ITurretFunc	
NetworkComponent	.?AVNetworkComponent@@	0x1ba07c0,0x1ba0898@8	26,2	INetworkComponent;IConsoleLogger	INetworkComponent;IConsoleLogger	MI
NetworkManager	.?AVNetworkManager@@	0x1ba0a28	430	INetworkManager	INetworkManager	
NetworkMessage	.?AUNetworkMessage@@	0x1a7a3e8,0x1a7a470@16	16,4	BaseRefCount<1>;SerializeClass	BaseRefCount<1>;RefCountBaseT<1>;SerializeClass	MI
NetworkMessageFormat	.?AVNetworkMessageFormat@@	0x1b92468	4	NetworkMessageFormatBase	NetworkMessageFormatBase;NetworkSimpleObject	
NetworkMessageFormatBase	.?AVNetworkMessageFormatBase@@	0x1ba4b68	4	NetworkSimpleObject	NetworkSimpleObject	
NetworkMessageMessageWithTarget	.?AUNetworkMessageMessageWithTarget@@	0x1c46ad8,0x1c46b60@16	16,4	NetworkMessageVMessage	NetworkMessageVMessage;NetworkMessage;BaseRefCount<1>;RefCountBaseT<1>;SerializeClass	MI
NetworkMessageNetworkObject	.?AUNetworkMessageNetworkObject@@	0x1ac10d0,0x1ac1158@16	16,4	NetworkMessageWithSimulationTime	NetworkMessageWithSimulationTime;NetworkMessage;BaseRefCount<1>;RefCountBaseT<1>;SerializeClass	MI
NetworkMessageQueue	.?AVNetworkMessageQueue@@	0x1a7ad78	4	NetworkSimpleObject;RefArray<NetworkMessageQueueItem,MemAllocD>	NetworkSimpleObject;RefArray<NetworkMessageQueueItem,MemAllocD>;FindArrayKey<Ref<NetworkMessageQueueItem>,RefArrayKeyTraits<NetworkMessageQueueItem>,MemAllocD>;AutoArray<Ref<NetworkMessageQueueItem>,MemAllocD>;Array<Ref<NetworkMessageQueueItem>>;MemAllocD	MI
NetworkMessageQueueItem	.?AUNetworkMessageQueueItem@@					no-col
NetworkMessageVMessage	.?AUNetworkMessageVMessage@@	0x1c421b8,0x1c42240@16	16,4	NetworkMessage	NetworkMessage;BaseRefCount<1>;RefCountBaseT<1>;SerializeClass	MI
NetworkMessageWithSimulationTime	.?AVNetworkMessageWithSimulationTime@@					no-col
NetworkObject	.?AVNetworkObject@@	0x1b924a8,0x1b92588@24	27,4	RemoveSoftLinks<SoftLinkIdTraits<ObjectId,ObjectIdAutoDestroy>>;NetworkSimpleObject	RemoveSoftLinks<SoftLinkIdTraits<ObjectId,ObjectIdAutoDestroy>>;BaseRefCount<1>;RefCountBaseT<1>;NetworkSimpleObject	MI
NetworkObjectInfo	.?AUNetworkObjectInfo@@	0x1bb43f0	3	BaseRefCount<1>	BaseRefCount<1>;RefCountBaseT<1>	
NetworkPlayerInfo	.?AUNetworkPlayerInfo@@	0x1a7ada0	4	SerializeClass	SerializeClass	
NetworkPlayerObjectInfo	.?AUNetworkPlayerObjectInfo@@	0x1bb43b0	3	BaseRefCount<1>	BaseRefCount<1>;RefCountBaseT<1>	
NetworkServer	.?AVNetworkServer@@	0x1bb4608,0x1bb46e0@8	26,2	NetworkComponent	NetworkComponent;INetworkComponent;IConsoleLogger	MI
NetworkServer::EventHandlerGroupContainer_Server	.?AVEventHandlerGroupContainer_Server@NetworkServer@@	0x1bb4528	2	EventHandlerGroupContainer_Simple<EventHandlerContainer<NetworkServer::EventHandlerServer>,13,enum ServerEvent>	EventHandlerGroupContainer_Simple<EventHandlerContainer<NetworkServer::EventHandlerServer>,13,enum ServerEvent>	
NetworkServer::RoleIndex2PlayerName	.?AURoleIndex2PlayerName@NetworkServer@@	0x1bb44e8	4	SerializeClass	SerializeClass	
NetworkSimpleObject	.?AVNetworkSimpleObject@@	0x1a7a4d0	4			
NewDescriptionExt	.?AVNewDescriptionExt@@	0x1b1a8d0	7	IDescriptionExtWithPath	IDescriptionExtWithPath;IDescriptionExt;BaseRefCount<1>;RefCountBaseT<1>	
NewMissionTemplate	.?AVNewMissionTemplate@@	0x1b24be8	17	IMissionTemplate	IMissionTemplate;BaseRefCount<1>;RefCountBaseT<1>	
NMMA_0	.?AUNMMA_0@@	0x1b9e4b8,0x1b9e540@16	16,4	NetworkMessage	NetworkMessage;BaseRefCount<1>;RefCountBaseT<1>;SerializeClass	MI
NMMA_1	.?AUNMMA_1@@	0x1c4c280,0x1c4c308@16	16,4	NMMA_349	NMMA_349;NMMA_241;NetworkMessageNetworkObject;NetworkMessageWithSimulationTime;NetworkMessage;BaseRefCount<1>;RefCountBaseT<1>;SerializeClass	MI
NMMA_10	.?AUNMMA_10@@	0x1b9a2c0,0x1b9a348@16	16,4	NetworkMessage	NetworkMessage;BaseRefCount<1>;RefCountBaseT<1>;SerializeClass	MI
NMMA_100	.?AUNMMA_100@@	0x1ba1cd8,0x1ba1d60@16	16,4	NetworkMessage	NetworkMessage;BaseRefCount<1>;RefCountBaseT<1>;SerializeClass	MI
NMMA_101	.?AUNMMA_101@@	0x1cd9eb0,0x1cd9f38@16	16,4	NetworkMessage	NetworkMessage;BaseRefCount<1>;RefCountBaseT<1>;SerializeClass	MI
NMMA_102	.?AUNMMA_102@@	0x1b9e6f0,0x1b9e778@16	16,4	NetworkMessage	NetworkMessage;BaseRefCount<1>;RefCountBaseT<1>;SerializeClass	MI
NMMA_103	.?AUNMMA_103@@	0x1b9d538,0x1b9d5c0@16	16,4	NetworkMessage	NetworkMessage;BaseRefCount<1>;RefCountBaseT<1>;SerializeClass	MI
NMMA_104	.?AUNMMA_104@@	0x1bdc468,0x1bdc4f0@16	16,4	NMMA_131	NMMA_131;NetworkMessageNetworkObject;NetworkMessageWithSimulationTime;NetworkMessage;BaseRefCount<1>;RefCountBaseT<1>;SerializeClass	MI
NMMA_105	.?AUNMMA_105@@	0x1bd4ea8,0x1bd4f30@16	16,4	NMMA_131	NMMA_131;NetworkMessageNetworkObject;NetworkMessageWithSimulationTime;NetworkMessage;BaseRefCount<1>;RefCountBaseT<1>;SerializeClass	MI
NMMA_106	.?AUNMMA_106@@	0x1b59b38,0x1b59bc0@16	16,4	NetworkMessage	NetworkMessage;BaseRefCount<1>;RefCountBaseT<1>;SerializeClass	MI
NMMA_107	.?AUNMMA_107@@	0x1b9f688,0x1b9f710@16	16,4	NetworkMessage	NetworkMessage;BaseRefCount<1>;RefCountBaseT<1>;SerializeClass	MI
NMMA_108	.?AUNMMA_108@@	0x1ba3488,0x1ba3510@16	16,4	NetworkMessage	NetworkMessage;BaseRefCount<1>;RefCountBaseT<1>;SerializeClass	MI
NMMA_109	.?AUNMMA_109@@	0x1b976c8,0x1b97750@16	16,4	NetworkMessage	NetworkMessage;BaseRefCount<1>;RefCountBaseT<1>;SerializeClass	MI
NMMA_11	.?AUNMMA_11@@	0x1bdc528,0x1bdc5b0@16	16,4	NMMA_348	NMMA_348;NMMA_205;NMMA_157;NMMA_432;NMMA_469;NetworkMessageNetworkObject;NetworkMessageWithSimulationTime;NetworkMessage;BaseRefCount<1>;RefCountBaseT<1>;SerializeClass	MI
NMMA_110	.?AUNMMA_110@@	0x1b99e40,0x1b99ec8@16	16,4	NetworkMessage	NetworkMessage;BaseRefCount<1>;RefCountBaseT<1>;SerializeClass	MI
NMMA_111	.?AUNMMA_111@@	0x1c46a00,0x1c46a88@16	16,4	NetworkMessageVMessage	NetworkMessageVMessage;NetworkMessage;BaseRefCount<1>;RefCountBaseT<1>;SerializeClass	MI
NMMA_112	.?AUNMMA_112@@	0x1b961e0,0x1b96268@16	16,4	NetworkMessage	NetworkMessage;BaseRefCount<1>;RefCountBaseT<1>;SerializeClass	MI
NMMA_113	.?AUNMMA_113@@	0x1ba2a30,0x1ba2ab8@16	16,4	NetworkMessage	NetworkMessage;BaseRefCount<1>;RefCountBaseT<1>;SerializeClass	MI
NMMA_114	.?AUNMMA_114@@	0x1ca6ad0,0x1ca6b58@16	16,4	NetworkMessage	NetworkMessage;BaseRefCount<1>;RefCountBaseT<1>;SerializeClass	MI
NMMA_115	.?AUNMMA_115@@	0x1b9de10,0x1b9de98@16	16,4	NetworkMessage	NetworkMessage;BaseRefCount<1>;RefCountBaseT<1>;SerializeClass	MI
NMMA_116	.?AUNMMA_116@@	0x1cabd28,0x1cabdb0@16	16,4	NetworkMessageNetworkObject	NetworkMessageNetworkObject;NetworkMessageWithSimulationTime;NetworkMessage;BaseRefCount<1>;RefCountBaseT<1>;SerializeClass	MI
NMMA_117	.?AUNMMA_117@@	0x1b9c7e0,0x1b9c868@16	16,4	NetworkMessage	NetworkMessage;BaseRefCount<1>;RefCountBaseT<1>;SerializeClass	MI
NMMA_118	.?AUNMMA_118@@	0x1ba01d0,0x1ba0258@16	16,4	NMMA_31	NMMA_31;NetworkMessage;BaseRefCount<1>;RefCountBaseT<1>;SerializeClass	MI
NMMA_119	.?AUNMMA_119@@	0x1ba0700,0x1ba0788@16	16,4	NetworkMessage	NetworkMessage;BaseRefCount<1>;RefCountBaseT<1>;SerializeClass	MI
NMMA_12	.?AUNMMA_12@@	0x1b9bd78,0x1b9be00@16	16,4	NetworkMessage	NetworkMessage;BaseRefCount<1>;RefCountBaseT<1>;SerializeClass	MI
NMMA_120	.?AUNMMA_120@@	0x1b9b308,0x1b9b390@16	16,4	NetworkMessage	NetworkMessage;BaseRefCount<1>;RefCountBaseT<1>;SerializeClass	MI
NMMA_121	.?AUNMMA_121@@	0x1b958e8,0x1b95970@16	16,4	NetworkMessage	NetworkMessage;BaseRefCount<1>;RefCountBaseT<1>;SerializeClass	MI
NMMA_122	.?AUNMMA_122@@	0x1b9a8b0,0x1b9a938@16	16,4	NetworkMessage	NetworkMessage;BaseRefCount<1>;RefCountBaseT<1>;SerializeClass	MI
NMMA_123	.?AUNMMA_123@@	0x1b99258,0x1b992e0@16	16,4	NetworkMessage	NetworkMessage;BaseRefCount<1>;RefCountBaseT<1>;SerializeClass	MI
NMMA_124	.?AUNMMA_124@@	0x1ba1fd0,0x1ba2058@16	16,4	NetworkMessage	NetworkMessage;BaseRefCount<1>;RefCountBaseT<1>;SerializeClass	MI
NMMA_125	.?AUNMMA_125@@	0x1b9c4f0,0x1b9c578@16	16,4	NetworkMessage	NetworkMessage;BaseRefCount<1>;RefCountBaseT<1>;SerializeClass	MI
NMMA_126	.?AUNMMA_126@@	0x1bb3aa8,0x1bb3b30@16	16,4	NetworkMessage	NetworkMessage;BaseRefCount<1>;RefCountBaseT<1>;SerializeClass	MI
NMMA_127	.?AUNMMA_127@@	0x1ba0640,0x1ba06c8@16	16,4	NetworkMessage	NetworkMessage;BaseRefCount<1>;RefCountBaseT<1>;SerializeClass	MI
NMMA_128	.?AUNMMA_128@@	0x1b9eaa0,0x1b9eb28@16	16,4	NetworkMessage	NetworkMessage;BaseRefCount<1>;RefCountBaseT<1>;SerializeClass	MI
NMMA_129	.?AUNMMA_129@@	0x1c3d570,0x1c3d5f8@16	16,4	NMMA_131	NMMA_131;NetworkMessageNetworkObject;NetworkMessageWithSimulationTime;NetworkMessage;BaseRefCount<1>;RefCountBaseT<1>;SerializeClass	MI
NMMA_13	.?AUNMMA_13@@	0x1b59a60,0x1b59ae8@16	16,4	NetworkMessage	NetworkMessage;BaseRefCount<1>;RefCountBaseT<1>;SerializeClass	MI
NMMA_130	.?AUNMMA_130@@	0x1b9ad20,0x1b9ada8@16	16,4	NetworkMessage	NetworkMessage;BaseRefCount<1>;RefCountBaseT<1>;SerializeClass	MI
NMMA_131	.?AUNMMA_131@@	0x1b8d898,0x1b8d920@16	16,4	NetworkMessageNetworkObject	NetworkMessageNetworkObject;NetworkMessageWithSimulationTime;NetworkMessage;BaseRefCount<1>;RefCountBaseT<1>;SerializeClass	MI
NMMA_132	.?AUNMMA_132@@	0x1c4c4b0,0x1c4c538@16	16,4	NetworkMessage	NetworkMessage;BaseRefCount<1>;RefCountBaseT<1>;SerializeClass	MI
NMMA_133	.?AUNMMA_133@@	0x1c4c338,0x1c4c3c0@16	16,4	NetworkMessage	NetworkMessage;BaseRefCount<1>;RefCountBaseT<1>;SerializeClass	MI
NMMA_134	.?AUNMMA_134@@	0x1b95480,0x1b95508@16	16,4	NetworkMessage	NetworkMessage;BaseRefCount<1>;RefCountBaseT<1>;SerializeClass	MI
NMMA_135	.?AUNMMA_135@@	0x1b9b190,0x1b9b218@16	16,4	NetworkMessage	NetworkMessage;BaseRefCount<1>;RefCountBaseT<1>;SerializeClass	MI
NMMA_136	.?AUNMMA_136@@	0x1b96f50,0x1b96fd8@16	16,4	NetworkMessage	NetworkMessage;BaseRefCount<1>;RefCountBaseT<1>;SerializeClass	MI
NMMA_137	.?AUNMMA_137@@	0x1b97608,0x1b97690@16	16,4	NetworkMessage	NetworkMessage;BaseRefCount<1>;RefCountBaseT<1>;SerializeClass	MI
NMMA_138	.?AUNMMA_138@@	0x1c34188,0x1c34210@16	16,4	NMMA_84	NMMA_84;NMMA_165;NetworkMessageNetworkObject;NetworkMessageWithSimulationTime;NetworkMessage;BaseRefCount<1>;RefCountBaseT<1>;SerializeClass	MI
NMMA_139	.?AUNMMA_139@@	0x1ba3608,0x1ba3690@16	16,4	NetworkMessage	NetworkMessage;BaseRefCount<1>;RefCountBaseT<1>;SerializeClass	MI
NMMA_14	.?AUNMMA_14@@	0x1b94130,0x1b941b8@16	16,4	NMMA_458	NMMA_458;NetworkMessage;BaseRefCount<1>;RefCountBaseT<1>;SerializeClass	MI
NMMA_140	.?AUNMMA_140@@	0x1b9df88,0x1b9e010@16	16,4	NetworkMessage	NetworkMessage;BaseRefCount<1>;RefCountBaseT<1>;SerializeClass	MI
NMMA_141	.?AUNMMA_141@@	0x1b97b48,0x1b97bd0@16	16,4	NetworkMessage	NetworkMessage;BaseRefCount<1>;RefCountBaseT<1>;SerializeClass	MI
NMMA_142	.?AUNMMA_142@@	0x1c3d630,0x1c3d6b8@16	16,4	NMMA_157	NMMA_157;NMMA_432;NMMA_469;NetworkMessageNetworkObject;NetworkMessageWithSimulationTime;NetworkMessage;BaseRefCount<1>;RefCountBaseT<1>;SerializeClass	MI
NMMA_143	.?AUNMMA_143@@	0x1b9db18,0x1b9dba0@16	16,4	NetworkMessage	NetworkMessage;BaseRefCount<1>;RefCountBaseT<1>;SerializeClass	MI
NMMA_144	.?AUNMMA_144@@	0x1b93990,0x1b93a18@16	16,4	NetworkMessage	NetworkMessage;BaseRefCount<1>;RefCountBaseT<1>;SerializeClass	MI
NMMA_145	.?AUNMMA_145@@	0x1b9e278,0x1b9e300@16	16,4	NetworkMessage	NetworkMessage;BaseRefCount<1>;RefCountBaseT<1>;SerializeClass	MI
NMMA_146	.?AUNMMA_146@@	0x1b9be30,0x1b9beb8@16	16,4	NetworkMessage	NetworkMessage;BaseRefCount<1>;RefCountBaseT<1>;SerializeClass	MI
NMMA_147	.?AUNMMA_147@@	0x1b9ba78,0x1b9bb00@16	16,4	NetworkMessage	NetworkMessage;BaseRefCount<1>;RefCountBaseT<1>;SerializeClass	MI
NMMA_148	.?AUNMMA_148@@	0x1b95180,0x1b95208@16	16,4	NetworkMessage	NetworkMessage;BaseRefCount<1>;RefCountBaseT<1>;SerializeClass	MI
NMMA_149	.?AUNMMA_149@@	0x1b96dd0,0x1b96e58@16	16,4	NetworkMessage	NetworkMessage;BaseRefCount<1>;RefCountBaseT<1>;SerializeClass	MI
NMMA_15	.?AUNMMA_15@@	0x1c46de0,0x1c46e68@16	16,4	NetworkMessageMessageWithTarget	NetworkMessageMessageWithTarget;NetworkMessageVMessage;NetworkMessage;BaseRefCount<1>;RefCountBaseT<1>;SerializeClass	MI
NMMA_150	.?AUNMMA_150@@	0x1ba2ea0,0x1ba2f28@16	16,4	NetworkMessage	NetworkMessage;BaseRefCount<1>;RefCountBaseT<1>;SerializeClass	MI
NMMA_151	.?AUNMMA_151@@	0x1b97788,0x1b97810@16	16,4	NetworkMessage	NetworkMessage;BaseRefCount<1>;RefCountBaseT<1>;SerializeClass	MI
NMMA_152	.?AUNMMA_152@@	0x1b9b788,0x1b9b810@16	16,4	NetworkMessage	NetworkMessage;BaseRefCount<1>;RefCountBaseT<1>;SerializeClass	MI
NMMA_153	.?AUNMMA_153@@	0x1c76c88,0x1c76d10@16	16,4	NetworkMessage	NetworkMessage;BaseRefCount<1>;RefCountBaseT<1>;SerializeClass	MI
NMMA_154	.?AUNMMA_154@@	0x1b9af50,0x1b9afd8@16	16,4	NetworkMessage	NetworkMessage;BaseRefCount<1>;RefCountBaseT<1>;SerializeClass	MI
NMMA_155	.?AUNMMA_155@@	0x1b99fc0,0x1b9a048@16	16,4	NetworkMessage	NetworkMessage;BaseRefCount<1>;RefCountBaseT<1>;SerializeClass	MI
NMMA_156	.?AUNMMA_156@@	0x1b9c370,0x1b9c3f8@16	16,4	NetworkMessage	NetworkMessage;BaseRefCount<1>;RefCountBaseT<1>;SerializeClass	MI
NMMA_157	.?AUNMMA_157@@	0x1b2cb10,0x1b2cb98@16	16,4	NMMA_432	NMMA_432;NMMA_469;NetworkMessageNetworkObject;NetworkMessageWithSimulationTime;NetworkMessage;BaseRefCount<1>;RefCountBaseT<1>;SerializeClass	MI
NMMA_158	.?AUNMMA_158@@	0x1b9b548,0x1b9b5d0@16	16,4	NetworkMessage	NetworkMessage;BaseRefCount<1>;RefCountBaseT<1>;SerializeClass	MI
NMMA_159	.?AUNMMA_159@@	0x1b96958,0x1b969e0@16	16,4	NetworkMessage	NetworkMessage;BaseRefCount<1>;RefCountBaseT<1>;SerializeClass	MI
NMMA_16	.?AUNMMA_16@@	0x1b99850,0x1b998d8@16	16,4	NetworkMessage	NetworkMessage;BaseRefCount<1>;RefCountBaseT<1>;SerializeClass	MI
NMMA_160	.?AUNMMA_160@@	0x1b9eda0,0x1b9ee28@16	16,4	NetworkMessage	NetworkMessage;BaseRefCount<1>;RefCountBaseT<1>;SerializeClass	MI
NMMA_161	.?AUNMMA_161@@	0x1cb35f8,0x1cb3680@16	16,4	NMMA_302	NMMA_302;NetworkMessageNetworkObject;NetworkMessageWithSimulationTime;NetworkMessage;BaseRefCount<1>;RefCountBaseT<1>;SerializeClass	MI
NMMA_162	.?AUNMMA_162@@	0x1b99790,0x1b99818@16	16,4	NetworkMessage	NetworkMessage;BaseRefCount<1>;RefCountBaseT<1>;SerializeClass	MI
NMMA_163	.?AUNMMA_163@@	0x1cabc68,0x1cabcf0@16	16,4	NetworkMessage	NetworkMessage;BaseRefCount<1>;RefCountBaseT<1>;SerializeClass	MI
NMMA_164	.?AUNMMA_164@@	0x1b99b40,0x1b99bc8@16	16,4	NetworkMessage	NetworkMessage;BaseRefCount<1>;RefCountBaseT<1>;SerializeClass	MI
NMMA_165	.?AUNMMA_165@@	0x1b358e0,0x1b35968@16	16,4	NetworkMessageNetworkObject	NetworkMessageNetworkObject;NetworkMessageWithSimulationTime;NetworkMessage;BaseRefCount<1>;RefCountBaseT<1>;SerializeClass	MI
NMMA_166	.?AUNMMA_166@@	0x1bc3e20,0x1bc3ea8@16	16,4	NMMA_165	NMMA_165;NetworkMessageNetworkObject;NetworkMessageWithSimulationTime;NetworkMessage;BaseRefCount<1>;RefCountBaseT<1>;SerializeClass	MI
NMMA_167	.?AUNMMA_167@@	0x1b96ad0,0x1b96b58@16	16,4	NetworkMessage	NetworkMessage;BaseRefCount<1>;RefCountBaseT<1>;SerializeClass	MI
NMMA_168	.?AUNMMA_168@@	0x1b9cac8,0x1b9cb50@16	16,4	NetworkMessage	NetworkMessage;BaseRefCount<1>;RefCountBaseT<1>;SerializeClass	MI
NMMA_169	.?AUNMMA_169@@	0x1bbf518,0x1bbf5a0@16	16,4	NMMA_165	NMMA_165;NetworkMessageNetworkObject;NetworkMessageWithSimulationTime;NetworkMessage;BaseRefCount<1>;RefCountBaseT<1>;SerializeClass	MI
NMMA_17	.?AUNMMA_17@@	0x1ba3310,0x1ba3398@16	16,4	NetworkMessage	NetworkMessage;BaseRefCount<1>;RefCountBaseT<1>;SerializeClass	MI
NMMA_170	.?AUNMMA_170@@	0x1b9ece0,0x1b9ed68@16	16,4	NetworkMessage	NetworkMessage;BaseRefCount<1>;RefCountBaseT<1>;SerializeClass	MI
NMMA_171	.?AUNMMA_171@@	0x1b9a7f0,0x1b9a878@16	16,4	NetworkMessage	NetworkMessage;BaseRefCount<1>;RefCountBaseT<1>;SerializeClass	MI
NMMA_172	.?AUNMMA_172@@	0x1ba2f60,0x1ba2fe8@16	16,4	NetworkMessage	NetworkMessage;BaseRefCount<1>;RefCountBaseT<1>;SerializeClass	MI
NMMA_173	.?AUNMMA_173@@	0x1ba1858,0x1ba18e0@16	16,4	NetworkMessage	NetworkMessage;BaseRefCount<1>;RefCountBaseT<1>;SerializeClass	MI
NMMA_174	.?AUNMMA_174@@	0x1b9f098,0x1b9f120@16	16,4	NMMA_370	NMMA_370;NetworkMessage;BaseRefCount<1>;RefCountBaseT<1>;SerializeClass	MI
NMMA_175	.?AUNMMA_175@@	0x1ba0050,0x1ba00d8@16	16,4	NetworkMessage	NetworkMessage;BaseRefCount<1>;RefCountBaseT<1>;SerializeClass	MI
NMMA_176	.?AUNMMA_176@@	0x1b9cd08,0x1b9cd90@16	16,4	NetworkMessage	NetworkMessage;BaseRefCount<1>;RefCountBaseT<1>;SerializeClass	MI
NMMA_177	.?AUNMMA_177@@	0x1b9bcb8,0x1b9bd40@16	16,4	NetworkMessage	NetworkMessage;BaseRefCount<1>;RefCountBaseT<1>;SerializeClass	MI
NMMA_178	.?AUNMMA_178@@	0x1b95ca8,0x1b95d30@16	16,4	NetworkMessage	NetworkMessage;BaseRefCount<1>;RefCountBaseT<1>;SerializeClass	MI
NMMA_179	.?AUNMMA_179@@	0x1c3d6f0,0x1c3d778@16	16,4	NMMA_165	NMMA_165;NetworkMessageNetworkObject;NetworkMessageWithSimulationTime;NetworkMessage;BaseRefCount<1>;RefCountBaseT<1>;SerializeClass	MI
NMMA_18	.?AUNMMA_18@@	0x1b9d8f0,0x1b9d978@16	16,4	NetworkMessage	NetworkMessage;BaseRefCount<1>;RefCountBaseT<1>;SerializeClass	MI
NMMA_180	.?AUNMMA_180@@	0x1b93a78,0x1b93b00@16	16,4	NMMA_144	NMMA_144;NetworkMessage;BaseRefCount<1>;RefCountBaseT<1>;SerializeClass	MI
NMMA_181	.?AUNMMA_181@@	0x1b984f0,0x1b98578@16	16,4	NetworkMessage	NetworkMessage;BaseRefCount<1>;RefCountBaseT<1>;SerializeClass	MI
NMMA_182	.?AUNMMA_182@@	0x1c2b998,0x1c2ba20@16	16,4	NMMA_2	NMMA_2;NMMA_131;NetworkMessageNetworkObject;NetworkMessageWithSimulationTime;NetworkMessage;BaseRefCount<1>;RefCountBaseT<1>;SerializeClass	MI
NMMA_183	.?AUNMMA_183@@	0x1b9f510,0x1b9f598@16	16,4	NMMA_370	NMMA_370;NetworkMessage;BaseRefCount<1>;RefCountBaseT<1>;SerializeClass	MI
NMMA_184	.?AUNMMA_184@@	0x1b9e630,0x1b9e6b8@16	16,4	NetworkMessage	NetworkMessage;BaseRefCount<1>;RefCountBaseT<1>;SerializeClass	MI
NMMA_185	.?AUNMMA_185@@	0x1b99498,0x1b99520@16	16,4	NetworkMessage	NetworkMessage;BaseRefCount<1>;RefCountBaseT<1>;SerializeClass	MI
NMMA_186	.?AUNMMA_186@@	0x1ba36c8,0x1ba3750@16	16,4	NetworkMessage	NetworkMessage;BaseRefCount<1>;RefCountBaseT<1>;SerializeClass	MI
NMMA_187	.?AUNMMA_187@@	0x1b95828,0x1b958b0@16	16,4	NetworkMessage	NetworkMessage;BaseRefCount<1>;RefCountBaseT<1>;SerializeClass	MI
NMMA_188	.?AUNMMA_188@@	0x1b9f9a8,0x1b9fa30@16	16,4	NetworkMessage	NetworkMessage;BaseRefCount<1>;RefCountBaseT<1>;SerializeClass	MI
NMMA_189	.?AUNMMA_189@@	0x1bd0c58,0x1bd0ce0@16	16,4	NMMA_432	NMMA_432;NMMA_469;NetworkMessageNetworkObject;NetworkMessageWithSimulationTime;NetworkMessage;BaseRefCount<1>;RefCountBaseT<1>;SerializeClass	MI
NMMA_19	.?AUNMMA_19@@	0x1cacfe8,0x1cad070@16	16,4	NetworkMessageNetworkObject	NetworkMessageNetworkObject;NetworkMessageWithSimulationTime;NetworkMessage;BaseRefCount<1>;RefCountBaseT<1>;SerializeClass	MI
NMMA_190	.?AUNMMA_190@@	0x1b9fed0,0x1b9ff58@16	16,4	NetworkMessage	NetworkMessage;BaseRefCount<1>;RefCountBaseT<1>;SerializeClass	MI
NMMA_191	.?AUNMMA_191@@	0x1b959a8,0x1b95a30@16	16,4	NetworkMessage	NetworkMessage;BaseRefCount<1>;RefCountBaseT<1>;SerializeClass	MI
NMMA_192	.?AUNMMA_192@@	0x1b97848,0x1b978d0@16	16,4	NetworkMessage	NetworkMessage;BaseRefCount<1>;RefCountBaseT<1>;SerializeClass	MI
NMMA_193	.?AUNMMA_193@@	0x1b99610,0x1b99698@16	16,4	NetworkMessage	NetworkMessage;BaseRefCount<1>;RefCountBaseT<1>;SerializeClass	MI
NMMA_194	.?AUNMMA_194@@	0x1ca6870,0x1ca68f8@16	16,4	NetworkMessage	NetworkMessage;BaseRefCount<1>;RefCountBaseT<1>;SerializeClass	MI
NMMA_195	.?AUNMMA_195@@	0x1b953c0,0x1b95448@16	16,4	NetworkMessage	NetworkMessage;BaseRefCount<1>;RefCountBaseT<1>;SerializeClass	MI
NMMA_196	.?AUNMMA_196@@	0x1b98d20,0x1b98da8@16	16,4	NetworkMessage	NetworkMessage;BaseRefCount<1>;RefCountBaseT<1>;SerializeClass	MI
NMMA_197	.?AUNMMA_197@@	0x1c471b0,0x1c47238@16	16,4	NetworkMessageVMessage	NetworkMessageVMessage;NetworkMessage;BaseRefCount<1>;RefCountBaseT<1>;SerializeClass	MI
NMMA_198	.?AUNMMA_198@@	0x1b9d830,0x1b9d8b8@16	16,4	NetworkMessage	NetworkMessage;BaseRefCount<1>;RefCountBaseT<1>;SerializeClass	MI
NMMA_199	.?AUNMMA_199@@	0x1b98140,0x1b981c8@16	16,4	NetworkMessage	NetworkMessage;BaseRefCount<1>;RefCountBaseT<1>;SerializeClass	MI
NMMA_2	.?AUNMMA_2@@	0x1c2b8e0,0x1c2b968@16	16,4	NMMA_131	NMMA_131;NetworkMessageNetworkObject;NetworkMessageWithSimulationTime;NetworkMessage;BaseRefCount<1>;RefCountBaseT<1>;SerializeClass	MI
NMMA_20	.?AUNMMA_20@@	0x1b9ded0,0x1b9df58@16	16,4	NetworkMessage	NetworkMessage;BaseRefCount<1>;RefCountBaseT<1>;SerializeClass	MI
NMMA_200	.?AUNMMA_200@@	0x1c55260,0x1c552e8@16	16,4	NetworkMessage	NetworkMessage;BaseRefCount<1>;RefCountBaseT<1>;SerializeClass	MI
NMMA_201	.?AUNMMA_201@@	0x1b2f108,0x1b2f190@16	16,4	NMMA_333	NMMA_333;NMMA_271;NMMA_205;NMMA_157;NMMA_432;NMMA_469;NetworkMessageNetworkObject;NetworkMessageWithSimulationTime;NetworkMessage;BaseRefCount<1>;RefCountBaseT<1>;SerializeClass	MI
NMMA_202	.?AUNMMA_202@@	0x1c08da0,0x1c08e28@16	16,4	NMMA_432	NMMA_432;NMMA_469;NetworkMessageNetworkObject;NetworkMessageWithSimulationTime;NetworkMessage;BaseRefCount<1>;RefCountBaseT<1>;SerializeClass	MI
NMMA_203	.?AUNMMA_203@@	0x1b59300,0x1b59388@16	16,4	NetworkMessage	NetworkMessage;BaseRefCount<1>;RefCountBaseT<1>;SerializeClass	MI
NMMA_204	.?AUNMMA_204@@	0x1b96660,0x1b966e8@16	16,4	NetworkMessage	NetworkMessage;BaseRefCount<1>;RefCountBaseT<1>;SerializeClass	MI
NMMA_205	.?AUNMMA_205@@	0x1b2cbd0,0x1b2cc58@16	16,4	NMMA_157	NMMA_157;NMMA_432;NMMA_469;NetworkMessageNetworkObject;NetworkMessageWithSimulationTime;NetworkMessage;BaseRefCount<1>;RefCountBaseT<1>;SerializeClass	MI
NMMA_206	.?AUNMMA_206@@	0x1b9f2d8,0x1b9f360@16	16,4	NMMA_174	NMMA_174;NMMA_370;NetworkMessage;BaseRefCount<1>;RefCountBaseT<1>;SerializeClass	MI
NMMA_207	.?AUNMMA_207@@	0x1b95e28,0x1b95eb0@16	16,4	NetworkMessage	NetworkMessage;BaseRefCount<1>;RefCountBaseT<1>;SerializeClass	MI
NMMA_208	.?AUNMMA_208@@	0x1c7a418,0x1c7a4a0@16	16,4	NetworkMessageNetworkObject	NetworkMessageNetworkObject;NetworkMessageWithSimulationTime;NetworkMessage;BaseRefCount<1>;RefCountBaseT<1>;SerializeClass	MI
NMMA_209	.?AUNMMA_209@@	0x1bc8668,0x1bc86f0@16	16,4	NMMA_348	NMMA_348;NMMA_205;NMMA_157;NMMA_432;NMMA_469;NetworkMessageNetworkObject;NetworkMessageWithSimulationTime;NetworkMessage;BaseRefCount<1>;RefCountBaseT<1>;SerializeClass	MI
NMMA_21	.?AUNMMA_21@@	0x1b9fd60,0x1b9fde8@16	16,4	NetworkMessage	NetworkMessage;BaseRefCount<1>;RefCountBaseT<1>;SerializeClass	MI
NMMA_210	.?AUNMMA_210@@	0x1bbf458,0x1bbf4e0@16	16,4	NMMA_348	NMMA_348;NMMA_205;NMMA_157;NMMA_432;NMMA_469;NetworkMessageNetworkObject;NetworkMessageWithSimulationTime;NetworkMessage;BaseRefCount<1>;RefCountBaseT<1>;SerializeClass	MI
NMMA_211	.?AUNMMA_211@@	0x1b98ea0,0x1b98f28@16	16,4	NetworkMessage	NetworkMessage;BaseRefCount<1>;RefCountBaseT<1>;SerializeClass	MI
NMMA_212	.?AUNMMA_212@@	0x1ca6bc0,0x1ca6c48@16	16,4	NetworkMessage	NetworkMessage;BaseRefCount<1>;RefCountBaseT<1>;SerializeClass	MI
NMMA_213	.?AUNMMA_213@@	0x1b94420,0x1b944a8@16	16,4	NetworkMessage	NetworkMessage;BaseRefCount<1>;RefCountBaseT<1>;SerializeClass	MI
NMMA_214	.?AUNMMA_214@@	0x1b9c1f0,0x1b9c278@16	16,4	NetworkMessage	NetworkMessage;BaseRefCount<1>;RefCountBaseT<1>;SerializeClass	MI
NMMA_215	.?AUNMMA_215@@	0x1b98a28,0x1b98ab0@16	16,4	NetworkMessage	NetworkMessage;BaseRefCount<1>;RefCountBaseT<1>;SerializeClass	MI
NMMA_216	.?AUNMMA_216@@	0x1c470f0,0x1c47178@16	16,4	NetworkMessageVMessage	NetworkMessageVMessage;NetworkMessage;BaseRefCount<1>;RefCountBaseT<1>;SerializeClass	MI
NMMA_217	.?AUNMMA_217@@	0x1c4c570,0x1c4c5f8@16	16,4	NMMA_132	NMMA_132;NetworkMessage;BaseRefCount<1>;RefCountBaseT<1>;SerializeClass	MI
NMMA_218	.?AUNMMA_218@@	0x1b9f8e8,0x1b9f970@16	16,4	NetworkMessage	NetworkMessage;BaseRefCount<1>;RefCountBaseT<1>;SerializeClass	MI
NMMA_219	.?AUNMMA_219@@	0x1b996d0,0x1b99758@16	16,4	NetworkMessage	NetworkMessage;BaseRefCount<1>;RefCountBaseT<1>;SerializeClass	MI
NMMA_22	.?AUNMMA_22@@	0x1b973d0,0x1b97458@16	16,4	NetworkMessage	NetworkMessage;BaseRefCount<1>;RefCountBaseT<1>;SerializeClass	MI
NMMA_220	.?AUNMMA_220@@	0x1b9d478,0x1b9d500@16	16,4	NetworkMessage	NetworkMessage;BaseRefCount<1>;RefCountBaseT<1>;SerializeClass	MI
NMMA_221	.?AUNMMA_221@@	0x1ba43c0,0x1ba4448@16	16,4	NetworkMessage	NetworkMessage;BaseRefCount<1>;RefCountBaseT<1>;SerializeClass	MI
NMMA_222	.?AUNMMA_222@@	0x1bcb020,0x1bcb0a8@16	16,4	NMMA_209	NMMA_209;NMMA_348;NMMA_205;NMMA_157;NMMA_432;NMMA_469;NetworkMessageNetworkObject;NetworkMessageWithSimulationTime;NetworkMessage;BaseRefCount<1>;RefCountBaseT<1>;SerializeClass	MI
NMMA_223	.?AUNMMA_223@@	0x1cb24f8,0x1cb2580@16	16,4	NetworkMessageNetworkObject	NetworkMessageNetworkObject;NetworkMessageWithSimulationTime;NetworkMessage;BaseRefCount<1>;RefCountBaseT<1>;SerializeClass	MI
NMMA_224	.?AUNMMA_224@@	0x1ba0290,0x1ba0318@16	16,4	NetworkMessage	NetworkMessage;BaseRefCount<1>;RefCountBaseT<1>;SerializeClass	MI
NMMA_225	.?AUNMMA_225@@	0x1ba3848,0x1ba38d0@16	16,4	NetworkMessage	NetworkMessage;BaseRefCount<1>;RefCountBaseT<1>;SerializeClass	MI
NMMA_226	.?AUNMMA_226@@	0x1c46ba8,0x1c46c30@16	16,4	NetworkMessageMessageWithTarget	NetworkMessageMessageWithTarget;NetworkMessageVMessage;NetworkMessage;BaseRefCount<1>;RefCountBaseT<1>;SerializeClass	MI
NMMA_227	.?AUNMMA_227@@	0x1b99c00,0x1b99c88@16	16,4	NetworkMessage	NetworkMessage;BaseRefCount<1>;RefCountBaseT<1>;SerializeClass	MI
NMMA_228	.?AUNMMA_228@@	0x1bfb2e0,0x1bfb368@16	16,4	NMMA_348	NMMA_348;NMMA_205;NMMA_157;NMMA_432;NMMA_469;NetworkMessageNetworkObject;NetworkMessageWithSimulationTime;NetworkMessage;BaseRefCount<1>;RefCountBaseT<1>;SerializeClass	MI
NMMA_229	.?AUNMMA_229@@	0x1ba0968,0x1ba09f0@16	16,4	NetworkMessageNetworkObject	NetworkMessageNetworkObject;NetworkMessageWithSimulationTime;NetworkMessage;BaseRefCount<1>;RefCountBaseT<1>;SerializeClass	MI
NMMA_23	.?AUNMMA_23@@	0x1b9d240,0x1b9d2c8@16	16,4	NetworkMessage	NetworkMessage;BaseRefCount<1>;RefCountBaseT<1>;SerializeClass	MI
NMMA_230	.?AUNMMA_230@@	0x1ba2150,0x1ba21d8@16	16,4	NetworkMessage	NetworkMessage;BaseRefCount<1>;RefCountBaseT<1>;SerializeClass	MI
NMMA_231	.?AUNMMA_231@@	0x1ba1d98,0x1ba1e20@16	16,4	NetworkMessage	NetworkMessage;BaseRefCount<1>;RefCountBaseT<1>;SerializeClass	MI
NMMA_232	.?AUNMMA_232@@	0x1b9e1b8,0x1b9e240@16	16,4	NetworkMessage	NetworkMessage;BaseRefCount<1>;RefCountBaseT<1>;SerializeClass	MI
NMMA_233	.?AUNMMA_233@@	0x1b9f398,0x1b9f420@16	16,4	NMMA_174	NMMA_174;NMMA_370;NetworkMessage;BaseRefCount<1>;RefCountBaseT<1>;SerializeClass	MI
NMMA_234	.?AUNMMA_234@@	0x1b94dc0,0x1b94e48@16	16,4	NetworkMessage	NetworkMessage;BaseRefCount<1>;RefCountBaseT<1>;SerializeClass	MI
NMMA_235	.?AUNMMA_235@@	0x1b965a0,0x1b96628@16	16,4	NetworkMessage	NetworkMessage;BaseRefCount<1>;RefCountBaseT<1>;SerializeClass	MI
NMMA_236	.?AUNMMA_236@@	0x1b979c8,0x1b97a50@16	16,4	NetworkMessage	NetworkMessage;BaseRefCount<1>;RefCountBaseT<1>;SerializeClass	MI
NMMA_237	.?AUNMMA_237@@	0x1b94a10,0x1b94a98@16	16,4	NetworkMessage	NetworkMessage;BaseRefCount<1>;RefCountBaseT<1>;SerializeClass	MI
NMMA_238	.?AUNMMA_238@@	0x1ba3df8,0x1ba3e80@16	16,4	NetworkMessage	NetworkMessage;BaseRefCount<1>;RefCountBaseT<1>;SerializeClass	MI
NMMA_239	.?AUNMMA_239@@	0x1bb8cd0,0x1bb8d58@16	16,4	NetworkMessage	NetworkMessage;BaseRefCount<1>;RefCountBaseT<1>;SerializeClass	MI
NMMA_24	.?AUNMMA_24@@	0x1b47330,0x1b473b8@16	16,4	NetworkMessage	NetworkMessage;BaseRefCount<1>;RefCountBaseT<1>;SerializeClass	MI
NMMA_240	.?AUNMMA_240@@	0x1b95a68,0x1b95af0@16	16,4	NetworkMessage	NetworkMessage;BaseRefCount<1>;RefCountBaseT<1>;SerializeClass	MI
NMMA_241	.?AUNMMA_241@@	0x1c1aaa0,0x1c1ab28@16	16,4	NetworkMessageNetworkObject	NetworkMessageNetworkObject;NetworkMessageWithSimulationTime;NetworkMessage;BaseRefCount<1>;RefCountBaseT<1>;SerializeClass	MI
NMMA_242	.?AUNMMA_242@@	0x1b9a080,0x1b9a108@16	16,4	NetworkMessage	NetworkMessage;BaseRefCount<1>;RefCountBaseT<1>;SerializeClass	MI
NMMA_243	.?AUNMMA_243@@	0x1bff948,0x1bff9d0@16	16,4	NMMA_348	NMMA_348;NMMA_205;NMMA_157;NMMA_432;NMMA_469;NetworkMessageNetworkObject;NetworkMessageWithSimulationTime;NetworkMessage;BaseRefCount<1>;RefCountBaseT<1>;SerializeClass	MI
NMMA_244	.?AUNMMA_244@@	0x1a7a6a8,0x1a7a730@16	16,4	NetworkMessage	NetworkMessage;BaseRefCount<1>;RefCountBaseT<1>;SerializeClass	MI
NMMA_245	.?AUNMMA_245@@	0x1b97a88,0x1b97b10@16	16,4	NetworkMessage	NetworkMessage;BaseRefCount<1>;RefCountBaseT<1>;SerializeClass	MI
NMMA_246	.?AUNMMA_246@@	0x1b97310,0x1b97398@16	16,4	NetworkMessage	NetworkMessage;BaseRefCount<1>;RefCountBaseT<1>;SerializeClass	MI
NMMA_247	.?AUNMMA_247@@	0x1c47020,0x1c470a8@16	16,4	NetworkMessageVMessage	NetworkMessageVMessage;NetworkMessage;BaseRefCount<1>;RefCountBaseT<1>;SerializeClass	MI
NMMA_248	.?AUNMMA_248@@	0x1cb3318,0x1cb33a0@16	16,4	NMMA_52	NMMA_52;NetworkMessageNetworkObject;NetworkMessageWithSimulationTime;NetworkMessage;BaseRefCount<1>;RefCountBaseT<1>;SerializeClass	MI
NMMA_249	.?AUNMMA_249@@	0x1b94898,0x1b94920@16	16,4	NetworkMessage	NetworkMessage;BaseRefCount<1>;RefCountBaseT<1>;SerializeClass	MI
NMMA_25	.?AUNMMA_25@@	0x1ba2d28,0x1ba2db0@16	16,4	NetworkMessage	NetworkMessage;BaseRefCount<1>;RefCountBaseT<1>;SerializeClass	MI
NMMA_250	.?AUNMMA_250@@	0x1b97e40,0x1b97ec8@16	16,4	NetworkMessage	NetworkMessage;BaseRefCount<1>;RefCountBaseT<1>;SerializeClass	MI
NMMA_251	.?AUNMMA_251@@	0x1b9e7b0,0x1b9e838@16	16,4	NetworkMessage	NetworkMessage;BaseRefCount<1>;RefCountBaseT<1>;SerializeClass	MI
NMMA_252	.?AUNMMA_252@@	0x1b9ec20,0x1b9eca8@16	16,4	NetworkMessage	NetworkMessage;BaseRefCount<1>;RefCountBaseT<1>;SerializeClass	MI
NMMA_253	.?AUNMMA_253@@	0x1b999c0,0x1b99a48@16	16,4	NetworkMessage	NetworkMessage;BaseRefCount<1>;RefCountBaseT<1>;SerializeClass	MI
NMMA_254	.?AUNMMA_254@@	0x1bd7dc8,0x1bd7e50@16	16,4	NMMA_334	NMMA_334;NMMA_432;NMMA_469;NetworkMessageNetworkObject;NetworkMessageWithSimulationTime;NetworkMessage;BaseRefCount<1>;RefCountBaseT<1>;SerializeClass	MI
NMMA_255	.?AUNMMA_255@@	0x1ca6a10,0x1ca6a98@16	16,4	NetworkMessage	NetworkMessage;BaseRefCount<1>;RefCountBaseT<1>;SerializeClass	MI
NMMA_256	.?AUNMMA_256@@	0x1c340c8,0x1c34150@16	16,4	NMMA_209	NMMA_209;NMMA_348;NMMA_205;NMMA_157;NMMA_432;NMMA_469;NetworkMessageNetworkObject;NetworkMessageWithSimulationTime;NetworkMessage;BaseRefCount<1>;RefCountBaseT<1>;SerializeClass	MI
NMMA_257	.?AUNMMA_257@@	0x1c42698,0x1c42720@16	16,4	NetworkMessageNetworkObject	NetworkMessageNetworkObject;NetworkMessageWithSimulationTime;NetworkMessage;BaseRefCount<1>;RefCountBaseT<1>;SerializeClass	MI
NMMA_258	.?AUNMMA_258@@	0x1ba3cc0,0x1ba3d48@16	16,4	NetworkMessage	NetworkMessage;BaseRefCount<1>;RefCountBaseT<1>;SerializeClass	MI
NMMA_259	.?AUNMMA_259@@	0x1c08ce0,0x1c08d68@16	16,4	NMMA_131	NMMA_131;NetworkMessageNetworkObject;NetworkMessageWithSimulationTime;NetworkMessage;BaseRefCount<1>;RefCountBaseT<1>;SerializeClass	MI
NMMA_26	.?AUNMMA_26@@	0x1ba39c8,0x1ba3a50@16	16,4	NetworkMessage	NetworkMessage;BaseRefCount<1>;RefCountBaseT<1>;SerializeClass	MI
NMMA_260	.?AUNMMA_260@@	0x1ac1298,0x1ac1320@16	16,4	NetworkMessageNetworkObject	NetworkMessageNetworkObject;NetworkMessageWithSimulationTime;NetworkMessage;BaseRefCount<1>;RefCountBaseT<1>;SerializeClass	MI
NMMA_261	.?AUNMMA_261@@	0x1b94360,0x1b943e8@16	16,4	NetworkMessage	NetworkMessage;BaseRefCount<1>;RefCountBaseT<1>;SerializeClass	MI
NMMA_262	.?AUNMMA_262@@	0x1b96360,0x1b963e8@16	16,4	NetworkMessage	NetworkMessage;BaseRefCount<1>;RefCountBaseT<1>;SerializeClass	MI
NMMA_263	.?AUNMMA_263@@	0x1b9e928,0x1b9e9b0@16	16,4	NetworkMessage	NetworkMessage;BaseRefCount<1>;RefCountBaseT<1>;SerializeClass	MI
NMMA_264	.?AUNMMA_264@@	0x1b962a0,0x1b96328@16	16,4	NetworkMessage	NetworkMessage;BaseRefCount<1>;RefCountBaseT<1>;SerializeClass	MI
NMMA_265	.?AUNMMA_265@@	0x1ba3908,0x1ba3990@16	16,4	NetworkMessage	NetworkMessage;BaseRefCount<1>;RefCountBaseT<1>;SerializeClass	MI
NMMA_266	.?AUNMMA_266@@	0x1ba2c68,0x1ba2cf0@16	16,4	NetworkMessage	NetworkMessage;BaseRefCount<1>;RefCountBaseT<1>;SerializeClass	MI
NMMA_267	.?AUNMMA_267@@	0x1b94ad0,0x1b94b58@16	16,4	NetworkMessage	NetworkMessage;BaseRefCount<1>;RefCountBaseT<1>;SerializeClass	MI
NMMA_268	.?AUNMMA_268@@	0x1b941e8,0x1b94270@16	16,4	NMMA_458	NMMA_458;NetworkMessage;BaseRefCount<1>;RefCountBaseT<1>;SerializeClass	MI
NMMA_269	.?AUNMMA_269@@	0x1b9b6c8,0x1b9b750@16	16,4	NetworkMessage	NetworkMessage;BaseRefCount<1>;RefCountBaseT<1>;SerializeClass	MI
NMMA_27	.?AUNMMA_27@@	0x1c4c3f8,0x1c4c480@16	16,4	NMMA_133	NMMA_133;NetworkMessage;BaseRefCount<1>;RefCountBaseT<1>;SerializeClass	MI
NMMA_270	.?AUNMMA_270@@	0x1c532f8,0x1c53380@16	16,4	NetworkMessageNetworkObject	NetworkMessageNetworkObject;NetworkMessageWithSimulationTime;NetworkMessage;BaseRefCount<1>;RefCountBaseT<1>;SerializeClass	MI
NMMA_271	.?AUNMMA_271@@	0x1b2cc90,0x1b2cd18@16	16,4	NMMA_205	NMMA_205;NMMA_157;NMMA_432;NMMA_469;NetworkMessageNetworkObject;NetworkMessageWithSimulationTime;NetworkMessage;BaseRefCount<1>;RefCountBaseT<1>;SerializeClass	MI
NMMA_272	.?AUNMMA_272@@	0x1b9fa68,0x1b9faf0@16	16,4	NetworkMessage	NetworkMessage;BaseRefCount<1>;RefCountBaseT<1>;SerializeClass	MI
NMMA_273	.?AUNMMA_273@@	0x1b96068,0x1b960f0@16	16,4	NetworkMessage	NetworkMessage;BaseRefCount<1>;RefCountBaseT<1>;SerializeClass	MI
NMMA_274	.?AUNMMA_274@@	0x1ba0110,0x1ba0198@16	16,4	NetworkMessage	NetworkMessage;BaseRefCount<1>;RefCountBaseT<1>;SerializeClass	MI
NMMA_275	.?AUNMMA_275@@	0x1cb3f58,0x1cb3fe0@16	16,4	NetworkMessageNetworkObject	NetworkMessageNetworkObject;NetworkMessageWithSimulationTime;NetworkMessage;BaseRefCount<1>;RefCountBaseT<1>;SerializeClass	MI
NMMA_276	.?AUNMMA_276@@	0x1ba7198,0x1ba7220@16	16,4	NetworkMessage	NetworkMessage;BaseRefCount<1>;RefCountBaseT<1>;SerializeClass	MI
NMMA_277	.?AUNMMA_277@@	0x1c1a1f0,0x1c1a278@16	16,4	NetworkMessageNetworkObject	NetworkMessageNetworkObject;NetworkMessageWithSimulationTime;NetworkMessage;BaseRefCount<1>;RefCountBaseT<1>;SerializeClass	MI
NMMA_278	.?AUNMMA_278@@	0x1b93cb8,0x1b93d40@16	16,4	NMMA_347	NMMA_347;NetworkMessage;BaseRefCount<1>;RefCountBaseT<1>;SerializeClass	MI
NMMA_279	.?AUNMMA_279@@	0x1b9b010,0x1b9b098@16	16,4	NetworkMessage	NetworkMessage;BaseRefCount<1>;RefCountBaseT<1>;SerializeClass	MI
NMMA_28	.?AUNMMA_28@@	0x1b9f458,0x1b9f4e0@16	16,4	NMMA_370	NMMA_370;NetworkMessage;BaseRefCount<1>;RefCountBaseT<1>;SerializeClass	MI
NMMA_280	.?AUNMMA_280@@	0x1b42f88,0x1b43010@16	16,4	NetworkMessageNetworkObject	NetworkMessageNetworkObject;NetworkMessageWithSimulationTime;NetworkMessage;BaseRefCount<1>;RefCountBaseT<1>;SerializeClass	MI
NMMA_281	.?AUNMMA_281@@	0x1b97010,0x1b97098@16	16,4	NetworkMessage	NetworkMessage;BaseRefCount<1>;RefCountBaseT<1>;SerializeClass	MI
NMMA_282	.?AUNMMA_282@@	0x1bf6e00,0x1bf6e88@16	16,4	NMMA_84	NMMA_84;NMMA_165;NetworkMessageNetworkObject;NetworkMessageWithSimulationTime;NetworkMessage;BaseRefCount<1>;RefCountBaseT<1>;SerializeClass	MI
NMMA_283	.?AUNMMA_283@@	0x1b9fbe0,0x1b9fc68@16	16,4	NetworkMessage	NetworkMessage;BaseRefCount<1>;RefCountBaseT<1>;SerializeClass	MI
NMMA_284	.?AUNMMA_284@@	0x1b9dc90,0x1b9dd18@16	16,4	NetworkMessage	NetworkMessage;BaseRefCount<1>;RefCountBaseT<1>;SerializeClass	MI
NMMA_285	.?AUNMMA_285@@	0x1b96e90,0x1b96f18@16	16,4	NetworkMessage	NetworkMessage;BaseRefCount<1>;RefCountBaseT<1>;SerializeClass	MI
NMMA_286	.?AUNMMA_286@@	0x1b95d68,0x1b95df0@16	16,4	NetworkMessage	NetworkMessage;BaseRefCount<1>;RefCountBaseT<1>;SerializeClass	MI
NMMA_287	.?AUNMMA_287@@	0x1b93d78,0x1b93e00@16	16,4	NetworkMessage	NetworkMessage;BaseRefCount<1>;RefCountBaseT<1>;SerializeClass	MI
NMMA_288	.?AUNMMA_288@@	0x1b9f218,0x1b9f2a0@16	16,4	NMMA_174	NMMA_174;NMMA_370;NetworkMessage;BaseRefCount<1>;RefCountBaseT<1>;SerializeClass	MI
NMMA_289	.?AUNMMA_289@@	0x1bb8848,0x1bb88d0@16	16,4	NetworkMessage	NetworkMessage;BaseRefCount<1>;RefCountBaseT<1>;SerializeClass	MI
NMMA_29	.?AUNMMA_29@@	0x1b96a18,0x1b96aa0@16	16,4	NetworkMessage	NetworkMessage;BaseRefCount<1>;RefCountBaseT<1>;SerializeClass	MI
NMMA_290	.?AUNMMA_290@@	0x1ba3250,0x1ba32d8@16	16,4	NetworkMessage	NetworkMessage;BaseRefCount<1>;RefCountBaseT<1>;SerializeClass	MI
NMMA_291	.?AUNMMA_291@@	0x1b9efd8,0x1b9f060@16	16,4	NMMA_370	NMMA_370;NetworkMessage;BaseRefCount<1>;RefCountBaseT<1>;SerializeClass	MI
NMMA_292	.?AUNMMA_292@@	0x1b935d8,0x1b93660@16	16,4	NetworkMessage	NetworkMessage;BaseRefCount<1>;RefCountBaseT<1>;SerializeClass	MI
NMMA_293	.?AUNMMA_293@@	0x1b9ff90,0x1ba0018@16	16,4	NetworkMessage	NetworkMessage;BaseRefCount<1>;RefCountBaseT<1>;SerializeClass	MI
NMMA_294	.?AUNMMA_294@@	0x1b97250,0x1b972d8@16	16,4	NetworkMessage	NetworkMessage;BaseRefCount<1>;RefCountBaseT<1>;SerializeClass	MI
NMMA_295	.?AUNMMA_295@@	0x1b9b3c8,0x1b9b450@16	16,4	NetworkMessage	NetworkMessage;BaseRefCount<1>;RefCountBaseT<1>;SerializeClass	MI
NMMA_296	.?AUNMMA_296@@	0x1b9cc48,0x1b9ccd0@16	16,4	NetworkMessage	NetworkMessage;BaseRefCount<1>;RefCountBaseT<1>;SerializeClass	MI
NMMA_297	.?AUNMMA_297@@	0x1b94718,0x1b947a0@16	16,4	NetworkMessage	NetworkMessage;BaseRefCount<1>;RefCountBaseT<1>;SerializeClass	MI
NMMA_298	.?AUNMMA_298@@	0x1b944e0,0x1b94568@16	16,4	NMMA_213	NMMA_213;NetworkMessage;BaseRefCount<1>;RefCountBaseT<1>;SerializeClass	MI
NMMA_299	.?AUNMMA_299@@	0x1ba33c8,0x1ba3450@16	16,4	NetworkMessage	NetworkMessage;BaseRefCount<1>;RefCountBaseT<1>;SerializeClass	MI
NMMA_3	.?AUNMMA_3@@	0x1b938d8,0x1b93960@16	16,4	NetworkMessage	NetworkMessage;BaseRefCount<1>;RefCountBaseT<1>;SerializeClass	MI
NMMA_30	.?AUNMMA_30@@	0x1ba0410,0x1ba0498@16	16,4	NetworkMessage	NetworkMessage;BaseRefCount<1>;RefCountBaseT<1>;SerializeClass	MI
NMMA_300	.?AUNMMA_300@@	0x1b9cb88,0x1b9cc10@16	16,4	NetworkMessage	NetworkMessage;BaseRefCount<1>;RefCountBaseT<1>;SerializeClass	MI
NMMA_301	.?AUNMMA_301@@	0x1b9a670,0x1b9a6f8@16	16,4	NetworkMessage	NetworkMessage;BaseRefCount<1>;RefCountBaseT<1>;SerializeClass	MI
NMMA_302	.?AUNMMA_302@@	0x1cb3478,0x1cb3500@16	16,4	NetworkMessageNetworkObject	NetworkMessageNetworkObject;NetworkMessageWithSimulationTime;NetworkMessage;BaseRefCount<1>;RefCountBaseT<1>;SerializeClass	MI
NMMA_303	.?AUNMMA_303@@	0x1b9b608,0x1b9b690@16	16,4	NetworkMessage	NetworkMessage;BaseRefCount<1>;RefCountBaseT<1>;SerializeClass	MI
NMMA_304	.?AUNMMA_304@@	0x1b99198,0x1b99220@16	16,4	NetworkMessage	NetworkMessage;BaseRefCount<1>;RefCountBaseT<1>;SerializeClass	MI
NMMA_305	.?AUNMMA_305@@	0x1b9eb60,0x1b9ebe8@16	16,4	NetworkMessage	NetworkMessage;BaseRefCount<1>;RefCountBaseT<1>;SerializeClass	MI
NMMA_306	.?AUNMMA_306@@	0x1ba1e58,0x1ba1ee0@16	16,4	NetworkMessage	NetworkMessage;BaseRefCount<1>;RefCountBaseT<1>;SerializeClass	MI
NMMA_307	.?AUNMMA_307@@	0x1c42280,0x1c42308@16	16,4	NetworkMessageVMessage	NetworkMessageVMessage;NetworkMessage;BaseRefCount<1>;RefCountBaseT<1>;SerializeClass	MI
NMMA_308	.?AUNMMA_308@@	0x1cee628,0x1cee6b0@16	16,4	NetworkMessage	NetworkMessage;BaseRefCount<1>;RefCountBaseT<1>;SerializeClass	MI
NMMA_309	.?AUNMMA_309@@	0x1b98670,0x1b986f8@16	16,4	NetworkMessage	NetworkMessage;BaseRefCount<1>;RefCountBaseT<1>;SerializeClass	MI
NMMA_31	.?AUNMMA_31@@	0x1b9f748,0x1b9f7d0@16	16,4	NetworkMessage	NetworkMessage;BaseRefCount<1>;RefCountBaseT<1>;SerializeClass	MI
NMMA_310	.?AUNMMA_310@@	0x1ba2210,0x1ba2298@16	16,4	NetworkMessage	NetworkMessage;BaseRefCount<1>;RefCountBaseT<1>;SerializeClass	MI
NMMA_311	.?AUNMMA_311@@	0x1b95300,0x1b95388@16	16,4	NetworkMessage	NetworkMessage;BaseRefCount<1>;RefCountBaseT<1>;SerializeClass	MI
NMMA_312	.?AUNMMA_312@@	0x1cab6d8,0x1cab760@16	16,4	NetworkMessageNetworkObject	NetworkMessageNetworkObject;NetworkMessageWithSimulationTime;NetworkMessage;BaseRefCount<1>;RefCountBaseT<1>;SerializeClass	MI
NMMA_313	.?AUNMMA_313@@	0x1cb36b8,0x1cb3740@16	16,4	NetworkMessageNetworkObject	NetworkMessageNetworkObject;NetworkMessageWithSimulationTime;NetworkMessage;BaseRefCount<1>;RefCountBaseT<1>;SerializeClass	MI
NMMA_314	.?AUNMMA_314@@	0x1c0d4d8,0x1c0d560@16	16,4	NMMA_84	NMMA_84;NMMA_165;NetworkMessageNetworkObject;NetworkMessageWithSimulationTime;NetworkMessage;BaseRefCount<1>;RefCountBaseT<1>;SerializeClass	MI
NMMA_315	.?AUNMMA_315@@	0x1b9f158,0x1b9f1e0@16	16,4	NMMA_174	NMMA_174;NMMA_370;NetworkMessage;BaseRefCount<1>;RefCountBaseT<1>;SerializeClass	MI
NMMA_316	.?AUNMMA_316@@	0x1b99f00,0x1b99f88@16	16,4	NetworkMessage	NetworkMessage;BaseRefCount<1>;RefCountBaseT<1>;SerializeClass	MI
NMMA_317	.?AUNMMA_317@@	0x1b9d5f8,0x1b9d680@16	16,4	NetworkMessage	NetworkMessage;BaseRefCount<1>;RefCountBaseT<1>;SerializeClass	MI
NMMA_318	.?AUNMMA_318@@	0x1b9bb38,0x1b9bbc0@16	16,4	NetworkMessage	NetworkMessage;BaseRefCount<1>;RefCountBaseT<1>;SerializeClass	MI
NMMA_319	.?AUNMMA_319@@	0x1ba1918,0x1ba19a0@16	16,4	NetworkMessage	NetworkMessage;BaseRefCount<1>;RefCountBaseT<1>;SerializeClass	MI
NMMA_32	.?AUNMMA_32@@	0x1ba28b8,0x1ba2940@16	16,4	NetworkMessage	NetworkMessage;BaseRefCount<1>;RefCountBaseT<1>;SerializeClass	MI
NMMA_320	.?AUNMMA_320@@	0x1ce8cb0,0x1ce8d38@16	16,4	NetworkMessageNetworkObject	NetworkMessageNetworkObject;NetworkMessageWithSimulationTime;NetworkMessage;BaseRefCount<1>;RefCountBaseT<1>;SerializeClass	MI
NMMA_321	.?AUNMMA_321@@	0x1b98430,0x1b984b8@16	16,4	NetworkMessage	NetworkMessage;BaseRefCount<1>;RefCountBaseT<1>;SerializeClass	MI
NMMA_322	.?AUNMMA_322@@	0x1c0d418,0x1c0d4a0@16	16,4	NMMA_209	NMMA_209;NMMA_348;NMMA_205;NMMA_157;NMMA_432;NMMA_469;NetworkMessageNetworkObject;NetworkMessageWithSimulationTime;NetworkMessage;BaseRefCount<1>;RefCountBaseT<1>;SerializeClass	MI
NMMA_323	.?AUNMMA_323@@	0x1b591e8,0x1b59270@16	16,4	NetworkMessage	NetworkMessage;BaseRefCount<1>;RefCountBaseT<1>;SerializeClass	MI
NMMA_324	.?AUNMMA_324@@	0x1bcb0e0,0x1bcb168@16	16,4	NMMA_84	NMMA_84;NMMA_165;NetworkMessageNetworkObject;NetworkMessageWithSimulationTime;NetworkMessage;BaseRefCount<1>;RefCountBaseT<1>;SerializeClass	MI
NMMA_325	.?AUNMMA_325@@	0x1b97f00,0x1b97f88@16	16,4	NetworkMessage	NetworkMessage;BaseRefCount<1>;RefCountBaseT<1>;SerializeClass	MI
NMMA_326	.?AUNMMA_326@@	0x1be3310,0x1be3398@16	16,4	NMMA_104	NMMA_104;NMMA_131;NetworkMessageNetworkObject;NetworkMessageWithSimulationTime;NetworkMessage;BaseRefCount<1>;RefCountBaseT<1>;SerializeClass	MI
NMMA_327	.?AUNMMA_327@@	0x1b97488,0x1b97510@16	16,4	NetworkMessage	NetworkMessage;BaseRefCount<1>;RefCountBaseT<1>;SerializeClass	MI
NMMA_328	.?AUNMMA_328@@	0x1cab788,0x1cab810@16	16,4	NetworkMessageNetworkObject	NetworkMessageNetworkObject;NetworkMessageWithSimulationTime;NetworkMessage;BaseRefCount<1>;RefCountBaseT<1>;SerializeClass	MI
NMMA_329	.?AUNMMA_329@@	0x1b993d8,0x1b99460@16	16,4	NetworkMessage	NetworkMessage;BaseRefCount<1>;RefCountBaseT<1>;SerializeClass	MI
NMMA_33	.?AUNMMA_33@@	0x1b9ca10,0x1b9ca98@16	16,4	NetworkMessage	NetworkMessage;BaseRefCount<1>;RefCountBaseT<1>;SerializeClass	MI
NMMA_330	.?AUNMMA_330@@	0x1cb2128,0x1cb21b0@16	16,4	NetworkMessageNetworkObject	NetworkMessageNetworkObject;NetworkMessageWithSimulationTime;NetworkMessage;BaseRefCount<1>;RefCountBaseT<1>;SerializeClass	MI
NMMA_331	.?AUNMMA_331@@	0x1b95ee8,0x1b95f70@16	16,4	NetworkMessage	NetworkMessage;BaseRefCount<1>;RefCountBaseT<1>;SerializeClass	MI
NMMA_332	.?AUNMMA_332@@	0x1a7a528,0x1a7a5b0@16	16,4	NetworkMessage	NetworkMessage;BaseRefCount<1>;RefCountBaseT<1>;SerializeClass	MI
NMMA_333	.?AUNMMA_333@@	0x1b2cd50,0x1b2cdd8@16	16,4	NMMA_271	NMMA_271;NMMA_205;NMMA_157;NMMA_432;NMMA_469;NetworkMessageNetworkObject;NetworkMessageWithSimulationTime;NetworkMessage;BaseRefCount<1>;RefCountBaseT<1>;SerializeClass	MI
NMMA_334	.?AUNMMA_334@@	0x1b3d6e8,0x1b3d770@16	16,4	NMMA_432	NMMA_432;NMMA_469;NetworkMessageNetworkObject;NetworkMessageWithSimulationTime;NetworkMessage;BaseRefCount<1>;RefCountBaseT<1>;SerializeClass	MI
NMMA_335	.?AUNMMA_335@@	0x1b96b90,0x1b96c18@16	16,4	NetworkMessage	NetworkMessage;BaseRefCount<1>;RefCountBaseT<1>;SerializeClass	MI
NMMA_336	.?AUNMMA_336@@	0x1b96898,0x1b96920@16	16,4	NetworkMessage	NetworkMessage;BaseRefCount<1>;RefCountBaseT<1>;SerializeClass	MI
NMMA_337	.?AUNMMA_337@@	0x1b9ac60,0x1b9ace8@16	16,4	NetworkMessage	NetworkMessage;BaseRefCount<1>;RefCountBaseT<1>;SerializeClass	MI
NMMA_338	.?AUNMMA_338@@	0x1ba30d8,0x1ba3160@16	16,4	NetworkMessage	NetworkMessage;BaseRefCount<1>;RefCountBaseT<1>;SerializeClass	MI
NMMA_339	.?AUNMMA_339@@	0x1b96d10,0x1b96d98@16	16,4	NetworkMessage	NetworkMessage;BaseRefCount<1>;RefCountBaseT<1>;SerializeClass	MI
NMMA_34	.?AUNMMA_34@@	0x1b9e048,0x1b9e0d0@16	16,4	NetworkMessage	NetworkMessage;BaseRefCount<1>;RefCountBaseT<1>;SerializeClass	MI
NMMA_340	.?AUNMMA_340@@	0x1b93bf8,0x1b93c80@16	16,4	NMMA_347	NMMA_347;NetworkMessage;BaseRefCount<1>;RefCountBaseT<1>;SerializeClass	MI
NMMA_341	.?AUNMMA_341@@	0x1b9c2b0,0x1b9c338@16	16,4	NetworkMessage	NetworkMessage;BaseRefCount<1>;RefCountBaseT<1>;SerializeClass	MI
NMMA_342	.?AUNMMA_342@@	0x1ba04c8,0x1ba0550@16	16,4	NetworkMessage	NetworkMessage;BaseRefCount<1>;RefCountBaseT<1>;SerializeClass	MI
NMMA_343	.?AUNMMA_343@@	0x1c46f58,0x1c46fe0@16	16,4	NetworkMessageVMessage	NetworkMessageVMessage;NetworkMessage;BaseRefCount<1>;RefCountBaseT<1>;SerializeClass	MI
NMMA_344	.?AUNMMA_344@@	0x1ba2448,0x1ba24d0@16	16,4	NetworkMessage	NetworkMessage;BaseRefCount<1>;RefCountBaseT<1>;SerializeClass	MI
NMMA_345	.?AUNMMA_345@@	0x1b9b0d0,0x1b9b158@16	16,4	NetworkMessage	NetworkMessage;BaseRefCount<1>;RefCountBaseT<1>;SerializeClass	MI
NMMA_346	.?AUNMMA_346@@	0x1cda078,0x1cda100@16	16,4	NetworkMessage	NetworkMessage;BaseRefCount<1>;RefCountBaseT<1>;SerializeClass	MI
NMMA_347	.?AUNMMA_347@@	0x1b93b38,0x1b93bc0@16	16,4	NetworkMessage	NetworkMessage;BaseRefCount<1>;RefCountBaseT<1>;SerializeClass	MI
NMMA_348	.?AUNMMA_348@@	0x1bba960,0x1bba9e8@16	16,4	NMMA_205	NMMA_205;NMMA_157;NMMA_432;NMMA_469;NetworkMessageNetworkObject;NetworkMessageWithSimulationTime;NetworkMessage;BaseRefCount<1>;RefCountBaseT<1>;SerializeClass	MI
NMMA_349	.?AUNMMA_349@@	0x1c1b298,0x1c1b320@16	16,4	NMMA_241	NMMA_241;NetworkMessageNetworkObject;NetworkMessageWithSimulationTime;NetworkMessage;BaseRefCount<1>;RefCountBaseT<1>;SerializeClass	MI
NMMA_35	.?AUNMMA_35@@	0x1b9fe18,0x1b9fea0@16	16,4	NetworkMessage	NetworkMessage;BaseRefCount<1>;RefCountBaseT<1>;SerializeClass	MI
NMMA_350	.?AUNMMA_350@@	0x1b9bfb0,0x1b9c038@16	16,4	NetworkMessage	NetworkMessage;BaseRefCount<1>;RefCountBaseT<1>;SerializeClass	MI
NMMA_351	.?AUNMMA_351@@	0x1b9bbf8,0x1b9bc80@16	16,4	NetworkMessage	NetworkMessage;BaseRefCount<1>;RefCountBaseT<1>;SerializeClass	MI
NMMA_352	.?AUNMMA_352@@	0x1bc3d60,0x1bc3de8@16	16,4	NMMA_271	NMMA_271;NMMA_205;NMMA_157;NMMA_432;NMMA_469;NetworkMessageNetworkObject;NetworkMessageWithSimulationTime;NetworkMessage;BaseRefCount<1>;RefCountBaseT<1>;SerializeClass	MI
NMMA_353	.?AUNMMA_353@@	0x1ba2970,0x1ba29f8@16	16,4	NetworkMessage	NetworkMessage;BaseRefCount<1>;RefCountBaseT<1>;SerializeClass	MI
NMMA_354	.?AUNMMA_354@@	0x1b96720,0x1b967a8@16	16,4	NetworkMessage	NetworkMessage;BaseRefCount<1>;RefCountBaseT<1>;SerializeClass	MI
NMMA_355	.?AUNMMA_355@@	0x1cb33c8,0x1cb3450@16	16,4	NMMA_52	NMMA_52;NetworkMessageNetworkObject;NetworkMessageWithSimulationTime;NetworkMessage;BaseRefCount<1>;RefCountBaseT<1>;SerializeClass	MI
NMMA_356	.?AUNMMA_356@@	0x1b988b0,0x1b98938@16	16,4	NetworkMessage	NetworkMessage;BaseRefCount<1>;RefCountBaseT<1>;SerializeClass	MI
NMMA_357	.?AUNMMA_357@@	0x1ba1b58,0x1ba1be0@16	16,4	NMMA_431	NMMA_431;NetworkMessage;BaseRefCount<1>;RefCountBaseT<1>;SerializeClass	MI
NMMA_358	.?AUNMMA_358@@	0x1ca6c80,0x1ca6d08@16	16,4	NetworkMessage	NetworkMessage;BaseRefCount<1>;RefCountBaseT<1>;SerializeClass	MI
NMMA_359	.?AUNMMA_359@@	0x1b9a970,0x1b9a9f8@16	16,4	NetworkMessage	NetworkMessage;BaseRefCount<1>;RefCountBaseT<1>;SerializeClass	MI
NMMA_36	.?AUNMMA_36@@	0x1b95770,0x1b957f8@16	16,4	NetworkMessage	NetworkMessage;BaseRefCount<1>;RefCountBaseT<1>;SerializeClass	MI
NMMA_360	.?AUNMMA_360@@	0x1b98ba8,0x1b98c30@16	16,4	NetworkMessage	NetworkMessage;BaseRefCount<1>;RefCountBaseT<1>;SerializeClass	MI
NMMA_361	.?AUNMMA_361@@	0x1b95fa8,0x1b96030@16	16,4	NetworkMessage	NetworkMessage;BaseRefCount<1>;RefCountBaseT<1>;SerializeClass	MI
NMMA_362	.?AUNMMA_362@@	0x1cb21d8,0x1cb2260@16	16,4	NetworkMessageNetworkObject	NetworkMessageNetworkObject;NetworkMessageWithSimulationTime;NetworkMessage;BaseRefCount<1>;RefCountBaseT<1>;SerializeClass	MI
NMMA_363	.?AUNMMA_363@@	0x1b9ce88,0x1b9cf10@16	16,4	NetworkMessage	NetworkMessage;BaseRefCount<1>;RefCountBaseT<1>;SerializeClass	MI
NMMA_364	.?AUNMMA_364@@	0x1b59460,0x1b594e8@16	16,4	NetworkMessage	NetworkMessage;BaseRefCount<1>;RefCountBaseT<1>;SerializeClass	MI
NMMA_365	.?AUNMMA_365@@	0x1b9cdc8,0x1b9ce50@16	16,4	NetworkMessage	NetworkMessage;BaseRefCount<1>;RefCountBaseT<1>;SerializeClass	MI
NMMA_366	.?AUNMMA_366@@	0x1a7a5e8,0x1a7a670@16	16,4	NetworkMessage	NetworkMessage;BaseRefCount<1>;RefCountBaseT<1>;SerializeClass	MI
NMMA_367	.?AUNMMA_367@@	0x1bb39e8,0x1bb3a70@16	16,4	NetworkMessage	NetworkMessage;BaseRefCount<1>;RefCountBaseT<1>;SerializeClass	MI
NMMA_368	.?AUNMMA_368@@	0x1b947d8,0x1b94860@16	16,4	NetworkMessage	NetworkMessage;BaseRefCount<1>;RefCountBaseT<1>;SerializeClass	MI
NMMA_369	.?AUNMMA_369@@	0x1b95240,0x1b952c8@16	16,4	NetworkMessage	NetworkMessage;BaseRefCount<1>;RefCountBaseT<1>;SerializeClass	MI
NMMA_37	.?AUNMMA_37@@	0x1b8e848,0x1b8e8d0@16	16,4	NMMA_131	NMMA_131;NetworkMessageNetworkObject;NetworkMessageWithSimulationTime;NetworkMessage;BaseRefCount<1>;RefCountBaseT<1>;SerializeClass	MI
NMMA_370	.?AUNMMA_370@@	0x1b9ee60,0x1b9eee8@16	16,4	NetworkMessage	NetworkMessage;BaseRefCount<1>;RefCountBaseT<1>;SerializeClass	MI
NMMA_371	.?AUNMMA_371@@	0x1b95b28,0x1b95bb0@16	16,4	NetworkMessage	NetworkMessage;BaseRefCount<1>;RefCountBaseT<1>;SerializeClass	MI
NMMA_372	.?AUNMMA_372@@	0x1c4c7a8,0x1c4c830@16	16,4	NMMA_71	NMMA_71;NMMA_133;NetworkMessage;BaseRefCount<1>;RefCountBaseT<1>;SerializeClass	MI
NMMA_373	.?AUNMMA_373@@	0x1b590d8,0x1b59160@16	16,4	NetworkMessage	NetworkMessage;BaseRefCount<1>;RefCountBaseT<1>;SerializeClass	MI
NMMA_374	.?AUNMMA_374@@	0x1b970d0,0x1b97158@16	16,4	NetworkMessage	NetworkMessage;BaseRefCount<1>;RefCountBaseT<1>;SerializeClass	MI
NMMA_375	.?AUNMMA_375@@	0x1b97fc0,0x1b98048@16	16,4	NetworkMessage	NetworkMessage;BaseRefCount<1>;RefCountBaseT<1>;SerializeClass	MI
NMMA_376	.?AUNMMA_376@@	0x1b94f40,0x1b94fc8@16	16,4	NetworkMessage	NetworkMessage;BaseRefCount<1>;RefCountBaseT<1>;SerializeClass	MI
NMMA_377	.?AUNMMA_377@@	0x1b98ae8,0x1b98b70@16	16,4	NetworkMessage	NetworkMessage;BaseRefCount<1>;RefCountBaseT<1>;SerializeClass	MI
NMMA_378	.?AUNMMA_378@@	0x1b95be8,0x1b95c70@16	16,4	NetworkMessage	NetworkMessage;BaseRefCount<1>;RefCountBaseT<1>;SerializeClass	MI
NMMA_379	.?AUNMMA_379@@	0x1ca6930,0x1ca69b8@16	16,4	NetworkMessage	NetworkMessage;BaseRefCount<1>;RefCountBaseT<1>;SerializeClass	MI
NMMA_38	.?AUNMMA_38@@	0x1b9d6b8,0x1b9d740@16	16,4	NetworkMessage	NetworkMessage;BaseRefCount<1>;RefCountBaseT<1>;SerializeClass	MI
NMMA_380	.?AUNMMA_380@@	0x1b9c5b0,0x1b9c638@16	16,4	NetworkMessage	NetworkMessage;BaseRefCount<1>;RefCountBaseT<1>;SerializeClass	MI
NMMA_381	.?AUNMMA_381@@	0x1c7a358,0x1c7a3e0@16	16,4	NetworkMessageNetworkObject	NetworkMessageNetworkObject;NetworkMessageWithSimulationTime;NetworkMessage;BaseRefCount<1>;RefCountBaseT<1>;SerializeClass	MI
NMMA_382	.?AUNMMA_382@@	0x1b990d8,0x1b99160@16	16,4	NetworkMessage	NetworkMessage;BaseRefCount<1>;RefCountBaseT<1>;SerializeClass	MI
NMMA_383	.?AUNMMA_383@@	0x1b9aae8,0x1b9ab70@16	16,4	NetworkMessage	NetworkMessage;BaseRefCount<1>;RefCountBaseT<1>;SerializeClass	MI
NMMA_384	.?AUNMMA_384@@	0x1b9a5b0,0x1b9a638@16	16,4	NetworkMessage	NetworkMessage;BaseRefCount<1>;RefCountBaseT<1>;SerializeClass	MI
NMMA_385	.?AUNMMA_385@@	0x1b9c130,0x1b9c1b8@16	16,4	NetworkMessage	NetworkMessage;BaseRefCount<1>;RefCountBaseT<1>;SerializeClass	MI
NMMA_386	.?AUNMMA_386@@	0x1bd3248,0x1bd32d0@16	16,4	NMMA_165	NMMA_165;NetworkMessageNetworkObject;NetworkMessageWithSimulationTime;NetworkMessage;BaseRefCount<1>;RefCountBaseT<1>;SerializeClass	MI
NMMA_387	.?AUNMMA_387@@	0x1b9d0c0,0x1b9d148@16	16,4	NetworkMessage	NetworkMessage;BaseRefCount<1>;RefCountBaseT<1>;SerializeClass	MI
NMMA_388	.?AUNMMA_388@@	0x1b956b0,0x1b95738@16	16,4	NetworkMessage	NetworkMessage;BaseRefCount<1>;RefCountBaseT<1>;SerializeClass	MI
NMMA_389	.?AUNMMA_389@@	0x1b9a4f0,0x1b9a578@16	16,4	NetworkMessage	NetworkMessage;BaseRefCount<1>;RefCountBaseT<1>;SerializeClass	MI
NMMA_39	.?AUNMMA_39@@	0x1b9f5d0,0x1b9f658@16	16,4	NetworkMessage	NetworkMessage;BaseRefCount<1>;RefCountBaseT<1>;SerializeClass	MI
NMMA_390	.?AUNMMA_390@@	0x1c2ca10,0x1c2ca98@16	16,4	NMMA_131	NMMA_131;NetworkMessageNetworkObject;NetworkMessageWithSimulationTime;NetworkMessage;BaseRefCount<1>;RefCountBaseT<1>;SerializeClass	MI
NMMA_391	.?AUNMMA_391@@	0x1ba1a98,0x1ba1b20@16	16,4	NetworkMessage	NetworkMessage;BaseRefCount<1>;RefCountBaseT<1>;SerializeClass	MI
NMMA_392	.?AUNMMA_392@@	0x1c46e98,0x1c46f20@16	16,4	NetworkMessageVMessage	NetworkMessageVMessage;NetworkMessage;BaseRefCount<1>;RefCountBaseT<1>;SerializeClass	MI
NMMA_393	.?AUNMMA_393@@	0x1b950c0,0x1b95148@16	16,4	NetworkMessage	NetworkMessage;BaseRefCount<1>;RefCountBaseT<1>;SerializeClass	MI
NMMA_394	.?AUNMMA_394@@	0x1b982b8,0x1b98340@16	16,4	NetworkMessage	NetworkMessage;BaseRefCount<1>;RefCountBaseT<1>;SerializeClass	MI
NMMA_395	.?AUNMMA_395@@	0x1ba2ba8,0x1ba2c30@16	16,4	NetworkMessage	NetworkMessage;BaseRefCount<1>;RefCountBaseT<1>;SerializeClass	MI
NMMA_396	.?AUNMMA_396@@	0x1b35820,0x1b358a8@16	16,4	NetworkMessageNetworkObject	NetworkMessageNetworkObject;NetworkMessageWithSimulationTime;NetworkMessage;BaseRefCount<1>;RefCountBaseT<1>;SerializeClass	MI
NMMA_397	.?AUNMMA_397@@	0x1b99a80,0x1b99b08@16	16,4	NetworkMessage	NetworkMessage;BaseRefCount<1>;RefCountBaseT<1>;SerializeClass	MI
NMMA_398	.?AUNMMA_398@@	0x1ba3b40,0x1ba3bc8@16	16,4	NetworkMessage	NetworkMessage;BaseRefCount<1>;RefCountBaseT<1>;SerializeClass	MI
NMMA_399	.?AUNMMA_399@@	0x1b97190,0x1b97218@16	16,4	NetworkMessage	NetworkMessage;BaseRefCount<1>;RefCountBaseT<1>;SerializeClass	MI
NMMA_4	.?AUNMMA_4@@	0x1b9d008,0x1b9d090@16	16,4	NetworkMessage	NetworkMessage;BaseRefCount<1>;RefCountBaseT<1>;SerializeClass	MI
NMMA_40	.?AUNMMA_40@@	0x1b98378,0x1b98400@16	16,4	NetworkMessage	NetworkMessage;BaseRefCount<1>;RefCountBaseT<1>;SerializeClass	MI
NMMA_400	.?AUNMMA_400@@	0x1b97908,0x1b97990@16	16,4	NetworkMessage	NetworkMessage;BaseRefCount<1>;RefCountBaseT<1>;SerializeClass	MI
NMMA_401	.?AUNMMA_401@@	0x1b93378,0x1b93400@16	16,4	NetworkMessage	NetworkMessage;BaseRefCount<1>;RefCountBaseT<1>;SerializeClass	MI
NMMA_402	.?AUNMMA_402@@	0x1c46c68,0x1c46cf0@16	16,4	NetworkMessageMessageWithTarget	NetworkMessageMessageWithTarget;NetworkMessageVMessage;NetworkMessage;BaseRefCount<1>;RefCountBaseT<1>;SerializeClass	MI
NMMA_403	.?AUNMMA_403@@	0x1b99318,0x1b993a0@16	16,4	NetworkMessage	NetworkMessage;BaseRefCount<1>;RefCountBaseT<1>;SerializeClass	MI
NMMA_404	.?AUNMMA_404@@	0x1cb3778,0x1cb3800@16	16,4	NMMA_313	NMMA_313;NetworkMessageNetworkObject;NetworkMessageWithSimulationTime;NetworkMessage;BaseRefCount<1>;RefCountBaseT<1>;SerializeClass	MI
NMMA_405	.?AUNMMA_405@@	0x1ba3a80,0x1ba3b08@16	16,4	NetworkMessage	NetworkMessage;BaseRefCount<1>;RefCountBaseT<1>;SerializeClass	MI
NMMA_406	.?AUNMMA_406@@	0x1c472c0,0x1c47348@16	16,4	NetworkMessageVMessage	NetworkMessageVMessage;NetworkMessage;BaseRefCount<1>;RefCountBaseT<1>;SerializeClass	MI
NMMA_407	.?AUNMMA_407@@	0x1ba0350,0x1ba03d8@16	16,4	NetworkMessage	NetworkMessage;BaseRefCount<1>;RefCountBaseT<1>;SerializeClass	MI
NMMA_408	.?AUNMMA_408@@	0x1bb8ba8,0x1bb8c30@16	16,4	NetworkMessage	NetworkMessage;BaseRefCount<1>;RefCountBaseT<1>;SerializeClass	MI
NMMA_409	.?AUNMMA_409@@	0x1ba3788,0x1ba3810@16	16,4	NetworkMessage	NetworkMessage;BaseRefCount<1>;RefCountBaseT<1>;SerializeClass	MI
NMMA_41	.?AUNMMA_41@@	0x1bd0de8,0x1bd0e70@16	16,4	NMMA_157	NMMA_157;NMMA_432;NMMA_469;NetworkMessageNetworkObject;NetworkMessageWithSimulationTime;NetworkMessage;BaseRefCount<1>;RefCountBaseT<1>;SerializeClass	MI
NMMA_410	.?AUNMMA_410@@	0x1b9e570,0x1b9e5f8@16	16,4	NetworkMessage	NetworkMessage;BaseRefCount<1>;RefCountBaseT<1>;SerializeClass	MI
NMMA_411	.?AUNMMA_411@@	0x1b35fe8,0x1b36070@16	16,4	NMMA_165	NMMA_165;NetworkMessageNetworkObject;NetworkMessageWithSimulationTime;NetworkMessage;BaseRefCount<1>;RefCountBaseT<1>;SerializeClass	MI
NMMA_412	.?AUNMMA_412@@	0x1ba2090,0x1ba2118@16	16,4	NetworkMessage	NetworkMessage;BaseRefCount<1>;RefCountBaseT<1>;SerializeClass	MI
NMMA_413	.?AUNMMA_413@@	0x1b97548,0x1b975d0@16	16,4	NetworkMessage	NetworkMessage;BaseRefCount<1>;RefCountBaseT<1>;SerializeClass	MI
NMMA_414	.?AUNMMA_414@@	0x1c47b68,0x1c47bf0@16	16,4	NetworkMessageNetworkObject	NetworkMessageNetworkObject;NetworkMessageWithSimulationTime;NetworkMessage;BaseRefCount<1>;RefCountBaseT<1>;SerializeClass	MI
NMMA_415	.?AUNMMA_415@@	0x1b59748,0x1b597d0@16	16,4	NetworkMessage	NetworkMessage;BaseRefCount<1>;RefCountBaseT<1>;SerializeClass	MI
NMMA_416	.?AUNMMA_416@@	0x1b9dd50,0x1b9ddd8@16	16,4	NetworkMessage	NetworkMessage;BaseRefCount<1>;RefCountBaseT<1>;SerializeClass	MI
NMMA_417	.?AUNMMA_417@@	0x1c1b1d8,0x1c1b260@16	16,4	NMMA_396	NMMA_396;NetworkMessageNetworkObject;NetworkMessageWithSimulationTime;NetworkMessage;BaseRefCount<1>;RefCountBaseT<1>;SerializeClass	MI
NMMA_418	.?AUNMMA_418@@	0x1b9a200,0x1b9a288@16	16,4	NetworkMessage	NetworkMessage;BaseRefCount<1>;RefCountBaseT<1>;SerializeClass	MI
NMMA_419	.?AUNMMA_419@@	0x1b99d80,0x1b99e08@16	16,4	NetworkMessage	NetworkMessage;BaseRefCount<1>;RefCountBaseT<1>;SerializeClass	MI
NMMA_42	.?AUNMMA_42@@	0x1b9dbd8,0x1b9dc60@16	16,4	NetworkMessage	NetworkMessage;BaseRefCount<1>;RefCountBaseT<1>;SerializeClass	MI
NMMA_420	.?AUNMMA_420@@	0x1b99cc0,0x1b99d48@16	16,4	NetworkMessage	NetworkMessage;BaseRefCount<1>;RefCountBaseT<1>;SerializeClass	MI
NMMA_421	.?AUNMMA_421@@	0x1b9d180,0x1b9d208@16	16,4	NetworkMessage	NetworkMessage;BaseRefCount<1>;RefCountBaseT<1>;SerializeClass	MI
NMMA_422	.?AUNMMA_422@@	0x1ba1c18,0x1ba1ca0@16	16,4	NetworkMessage	NetworkMessage;BaseRefCount<1>;RefCountBaseT<1>;SerializeClass	MI
NMMA_423	.?AUNMMA_423@@	0x1b9b488,0x1b9b510@16	16,4	NetworkMessage	NetworkMessage;BaseRefCount<1>;RefCountBaseT<1>;SerializeClass	MI
NMMA_424	.?AUNMMA_424@@	0x1b9a378,0x1b9a400@16	16,4	NetworkMessage	NetworkMessage;BaseRefCount<1>;RefCountBaseT<1>;SerializeClass	MI
NMMA_425	.?AUNMMA_425@@	0x1c4c630,0x1c4c6b8@16	16,4	NetworkMessage	NetworkMessage;BaseRefCount<1>;RefCountBaseT<1>;SerializeClass	MI
NMMA_426	.?AUNMMA_426@@	0x1bb89f0,0x1bb8a78@16	16,4	NetworkMessage	NetworkMessage;BaseRefCount<1>;RefCountBaseT<1>;SerializeClass	MI
NMMA_427	.?AUNMMA_427@@	0x1b945a0,0x1b94628@16	16,4	NMMA_213	NMMA_213;NetworkMessage;BaseRefCount<1>;RefCountBaseT<1>;SerializeClass	MI
NMMA_428	.?AUNMMA_428@@	0x1ac11d8,0x1ac1260@16	16,4	NetworkMessageNetworkObject	NetworkMessageNetworkObject;NetworkMessageWithSimulationTime;NetworkMessage;BaseRefCount<1>;RefCountBaseT<1>;SerializeClass	MI
NMMA_429	.?AUNMMA_429@@	0x1b9e3f8,0x1b9e480@16	16,4	NetworkMessage	NetworkMessage;BaseRefCount<1>;RefCountBaseT<1>;SerializeClass	MI
NMMA_43	.?AUNMMA_43@@	0x1b9b9c0,0x1b9ba48@16	16,4	NetworkMessage	NetworkMessage;BaseRefCount<1>;RefCountBaseT<1>;SerializeClass	MI
NMMA_430	.?AUNMMA_430@@	0x1b9cf48,0x1b9cfd0@16	16,4	NetworkMessage	NetworkMessage;BaseRefCount<1>;RefCountBaseT<1>;SerializeClass	MI
NMMA_431	.?AUNMMA_431@@	0x1ba19d8,0x1ba1a60@16	16,4	NetworkMessage	NetworkMessage;BaseRefCount<1>;RefCountBaseT<1>;SerializeClass	MI
NMMA_432	.?AUNMMA_432@@	0x1b2ca50,0x1b2cad8@16	16,4	NMMA_469	NMMA_469;NetworkMessageNetworkObject;NetworkMessageWithSimulationTime;NetworkMessage;BaseRefCount<1>;RefCountBaseT<1>;SerializeClass	MI
NMMA_433	.?AUNMMA_433@@	0x1c55c18,0x1c55ca0@16	16,4	NetworkMessageNetworkObject	NetworkMessageNetworkObject;NetworkMessageWithSimulationTime;NetworkMessage;BaseRefCount<1>;RefCountBaseT<1>;SerializeClass	MI
NMMA_434	.?AUNMMA_434@@	0x1b9d770,0x1b9d7f8@16	16,4	NetworkMessage	NetworkMessage;BaseRefCount<1>;RefCountBaseT<1>;SerializeClass	MI
NMMA_435	.?AUNMMA_435@@	0x1b96c50,0x1b96cd8@16	16,4	NetworkMessage	NetworkMessage;BaseRefCount<1>;RefCountBaseT<1>;SerializeClass	MI
NMMA_436	.?AUNMMA_436@@	0x1c591c8,0x1c59250@16	16,4	NMMA_157	NMMA_157;NMMA_432;NMMA_469;NetworkMessageNetworkObject;NetworkMessageWithSimulationTime;NetworkMessage;BaseRefCount<1>;RefCountBaseT<1>;SerializeClass	MI
NMMA_437	.?AUNMMA_437@@	0x1ba2738,0x1ba27c0@16	16,4	NetworkMessage	NetworkMessage;BaseRefCount<1>;RefCountBaseT<1>;SerializeClass	MI
NMMA_438	.?AUNMMA_438@@	0x1b360a8,0x1b36130@16	16,4	NetworkMessageNetworkObject	NetworkMessageNetworkObject;NetworkMessageWithSimulationTime;NetworkMessage;BaseRefCount<1>;RefCountBaseT<1>;SerializeClass	MI
NMMA_439	.?AUNMMA_439@@	0x1b404c0,0x1b40548@16	16,4	NMMA_334	NMMA_334;NMMA_432;NMMA_469;NetworkMessageNetworkObject;NetworkMessageWithSimulationTime;NetworkMessage;BaseRefCount<1>;RefCountBaseT<1>;SerializeClass	MI
NMMA_44	.?AUNMMA_44@@	0x1b93ef8,0x1b93f80@16	16,4	NMMA_489	NMMA_489;NetworkMessage;BaseRefCount<1>;RefCountBaseT<1>;SerializeClass	MI
NMMA_440	.?AUNMMA_440@@	0x1b964e0,0x1b96568@16	16,4	NetworkMessage	NetworkMessage;BaseRefCount<1>;RefCountBaseT<1>;SerializeClass	MI
NMMA_441	.?AUNMMA_441@@	0x1b9d3b8,0x1b9d440@16	16,4	NetworkMessage	NetworkMessage;BaseRefCount<1>;RefCountBaseT<1>;SerializeClass	MI
NMMA_442	.?AUNMMA_442@@	0x1b9b900,0x1b9b988@16	16,4	NetworkMessage	NetworkMessage;BaseRefCount<1>;RefCountBaseT<1>;SerializeClass	MI
NMMA_443	.?AUNMMA_443@@	0x1b9bef0,0x1b9bf78@16	16,4	NetworkMessage	NetworkMessage;BaseRefCount<1>;RefCountBaseT<1>;SerializeClass	MI
NMMA_444	.?AUNMMA_444@@	0x1b97d80,0x1b97e08@16	16,4	NetworkMessage	NetworkMessage;BaseRefCount<1>;RefCountBaseT<1>;SerializeClass	MI
NMMA_445	.?AUNMMA_445@@	0x1bffbe0,0x1bffc68@16	16,4	NetworkMessageNetworkObject	NetworkMessageNetworkObject;NetworkMessageWithSimulationTime;NetworkMessage;BaseRefCount<1>;RefCountBaseT<1>;SerializeClass	MI
NMMA_446	.?AUNMMA_446@@	0x1b93438,0x1b934c0@16	16,4	NetworkMessage	NetworkMessage;BaseRefCount<1>;RefCountBaseT<1>;SerializeClass	MI
NMMA_447	.?AUNMMA_447@@	0x1b9d2f8,0x1b9d380@16	16,4	NetworkMessage	NetworkMessage;BaseRefCount<1>;RefCountBaseT<1>;SerializeClass	MI
NMMA_448	.?AUNMMA_448@@	0x1b97cc0,0x1b97d48@16	16,4	NetworkMessage	NetworkMessage;BaseRefCount<1>;RefCountBaseT<1>;SerializeClass	MI
NMMA_449	.?AUNMMA_449@@	0x1c47cd0,0x1c47d58@16	16,4	NetworkMessageNetworkObject	NetworkMessageNetworkObject;NetworkMessageWithSimulationTime;NetworkMessage;BaseRefCount<1>;RefCountBaseT<1>;SerializeClass	MI
NMMA_45	.?AUNMMA_45@@	0x1bd3190,0x1bd3218@16	16,4	NMMA_348	NMMA_348;NMMA_205;NMMA_157;NMMA_432;NMMA_469;NetworkMessageNetworkObject;NetworkMessageWithSimulationTime;NetworkMessage;BaseRefCount<1>;RefCountBaseT<1>;SerializeClass	MI
NMMA_450	.?AUNMMA_450@@	0x1b95000,0x1b95088@16	16,4	NetworkMessage	NetworkMessage;BaseRefCount<1>;RefCountBaseT<1>;SerializeClass	MI
NMMA_451	.?AUNMMA_451@@	0x1ba27f8,0x1ba2880@16	16,4	NetworkMessage	NetworkMessage;BaseRefCount<1>;RefCountBaseT<1>;SerializeClass	MI
NMMA_452	.?AUNMMA_452@@	0x1b985b0,0x1b98638@16	16,4	NetworkMessage	NetworkMessage;BaseRefCount<1>;RefCountBaseT<1>;SerializeClass	MI
NMMA_453	.?AUNMMA_453@@	0x1ba2508,0x1ba2590@16	16,4	NetworkMessage	NetworkMessage;BaseRefCount<1>;RefCountBaseT<1>;SerializeClass	MI
NMMA_454	.?AUNMMA_454@@	0x1ba2de0,0x1ba2e68@16	16,4	NetworkMessage	NetworkMessage;BaseRefCount<1>;RefCountBaseT<1>;SerializeClass	MI
NMMA_455	.?AUNMMA_455@@	0x1b93818,0x1b938a0@16	16,4	NetworkMessage	NetworkMessage;BaseRefCount<1>;RefCountBaseT<1>;SerializeClass	MI
NMMA_456	.?AUNMMA_456@@	0x1b9a730,0x1b9a7b8@16	16,4	NetworkMessage	NetworkMessage;BaseRefCount<1>;RefCountBaseT<1>;SerializeClass	MI
NMMA_457	.?AUNMMA_457@@	0x1ba3c00,0x1ba3c88@16	16,4	NetworkMessage	NetworkMessage;BaseRefCount<1>;RefCountBaseT<1>;SerializeClass	MI
NMMA_458	.?AUNMMA_458@@	0x1b94070,0x1b940f8@16	16,4	NetworkMessage	NetworkMessage;BaseRefCount<1>;RefCountBaseT<1>;SerializeClass	MI
NMMA_459	.?AUNMMA_459@@	0x1b93758,0x1b937e0@16	16,4	NetworkMessage	NetworkMessage;BaseRefCount<1>;RefCountBaseT<1>;SerializeClass	MI
NMMA_46	.?AUNMMA_46@@	0x1cda138,0x1cda1c0@16	16,4	NetworkMessage	NetworkMessage;BaseRefCount<1>;RefCountBaseT<1>;SerializeClass	MI
NMMA_460	.?AUNMMA_460@@	0x1cee3e0,0x1cee468@16	16,4	NetworkMessage	NetworkMessage;BaseRefCount<1>;RefCountBaseT<1>;SerializeClass	MI
NMMA_461	.?AUNMMA_461@@	0x1b35f28,0x1b35fb0@16	16,4	NMMA_396	NMMA_396;NetworkMessageNetworkObject;NetworkMessageWithSimulationTime;NetworkMessage;BaseRefCount<1>;RefCountBaseT<1>;SerializeClass	MI
NMMA_462	.?AUNMMA_462@@	0x1b98080,0x1b98108@16	16,4	NetworkMessage	NetworkMessage;BaseRefCount<1>;RefCountBaseT<1>;SerializeClass	MI
NMMA_463	.?AUNMMA_463@@	0x1b96420,0x1b964a8@16	16,4	NetworkMessage	NetworkMessage;BaseRefCount<1>;RefCountBaseT<1>;SerializeClass	MI
NMMA_464	.?AUNMMA_464@@	0x1b93698,0x1b93720@16	16,4	NetworkMessage	NetworkMessage;BaseRefCount<1>;RefCountBaseT<1>;SerializeClass	MI
NMMA_465	.?AUNMMA_465@@	0x1b9fca0,0x1b9fd28@16	16,4	NetworkMessage	NetworkMessage;BaseRefCount<1>;RefCountBaseT<1>;SerializeClass	MI
NMMA_466	.?AUNMMA_466@@	0x1be3490,0x1be3518@16	16,4	NMMA_86	NMMA_86;NMMA_165;NetworkMessageNetworkObject;NetworkMessageWithSimulationTime;NetworkMessage;BaseRefCount<1>;RefCountBaseT<1>;SerializeClass	MI
NMMA_467	.?AUNMMA_467@@	0x1c47d90,0x1c47e18@16	16,4	NetworkMessageNetworkObject	NetworkMessageNetworkObject;NetworkMessageWithSimulationTime;NetworkMessage;BaseRefCount<1>;RefCountBaseT<1>;SerializeClass	MI
NMMA_468	.?AUNMMA_468@@	0x1b987f0,0x1b98878@16	16,4	NetworkMessage	NetworkMessage;BaseRefCount<1>;RefCountBaseT<1>;SerializeClass	MI
NMMA_469	.?AUNMMA_469@@	0x1b2c990,0x1b2ca18@16	16,4	NetworkMessageNetworkObject	NetworkMessageNetworkObject;NetworkMessageWithSimulationTime;NetworkMessage;BaseRefCount<1>;RefCountBaseT<1>;SerializeClass	MI
NMMA_47	.?AUNMMA_47@@	0x1b9da60,0x1b9dae8@16	16,4	NetworkMessage	NetworkMessage;BaseRefCount<1>;RefCountBaseT<1>;SerializeClass	MI
NMMA_470	.?AUNMMA_470@@	0x1b9a140,0x1b9a1c8@16	16,4	NetworkMessage	NetworkMessage;BaseRefCount<1>;RefCountBaseT<1>;SerializeClass	MI
NMMA_471	.?AUNMMA_471@@	0x1ce8d70,0x1ce8df8@16	16,4	NetworkMessageNetworkObject	NetworkMessageNetworkObject;NetworkMessageWithSimulationTime;NetworkMessage;BaseRefCount<1>;RefCountBaseT<1>;SerializeClass	MI
NMMA_472	.?AUNMMA_472@@	0x1b98f60,0x1b98fe8@16	16,4	NetworkMessage	NetworkMessage;BaseRefCount<1>;RefCountBaseT<1>;SerializeClass	MI
NMMA_473	.?AUNMMA_473@@	0x1cb4008,0x1cb4090@16	16,4	NetworkMessageNetworkObject	NetworkMessageNetworkObject;NetworkMessageWithSimulationTime;NetworkMessage;BaseRefCount<1>;RefCountBaseT<1>;SerializeClass	MI
NMMA_474	.?AUNMMA_474@@	0x1b9e338,0x1b9e3c0@16	16,4	NetworkMessage	NetworkMessage;BaseRefCount<1>;RefCountBaseT<1>;SerializeClass	MI
NMMA_475	.?AUNMMA_475@@	0x1b9f828,0x1b9f8b0@16	16,4	NetworkMessage	NetworkMessage;BaseRefCount<1>;RefCountBaseT<1>;SerializeClass	MI
NMMA_476	.?AUNMMA_476@@	0x1b9c070,0x1b9c0f8@16	16,4	NetworkMessage	NetworkMessage;BaseRefCount<1>;RefCountBaseT<1>;SerializeClass	MI
NMMA_477	.?AUNMMA_477@@	0x1b35e68,0x1b35ef0@16	16,4	NMMA_271	NMMA_271;NMMA_205;NMMA_157;NMMA_432;NMMA_469;NetworkMessageNetworkObject;NetworkMessageWithSimulationTime;NetworkMessage;BaseRefCount<1>;RefCountBaseT<1>;SerializeClass	MI
NMMA_478	.?AUNMMA_478@@	0x1b94d00,0x1b94d88@16	16,4	NetworkMessage	NetworkMessage;BaseRefCount<1>;RefCountBaseT<1>;SerializeClass	MI
NMMA_479	.?AUNMMA_479@@	0x1ba22d0,0x1ba2358@16	16,4	NetworkMessage	NetworkMessage;BaseRefCount<1>;RefCountBaseT<1>;SerializeClass	MI
NMMA_48	.?AUNMMA_48@@	0x1ba08b0,0x1ba0938@16	16,4	NetworkMessageNetworkObject	NetworkMessageNetworkObject;NetworkMessageWithSimulationTime;NetworkMessage;BaseRefCount<1>;RefCountBaseT<1>;SerializeClass	MI
NMMA_480	.?AUNMMA_480@@	0x1b93fb0,0x1b94038@16	16,4	NMMA_489	NMMA_489;NetworkMessage;BaseRefCount<1>;RefCountBaseT<1>;SerializeClass	MI
NMMA_481	.?AUNMMA_481@@	0x1b94e80,0x1b94f08@16	16,4	NetworkMessage	NetworkMessage;BaseRefCount<1>;RefCountBaseT<1>;SerializeClass	MI
NMMA_482	.?AUNMMA_482@@	0x1ba3548,0x1ba35d0@16	16,4	NetworkMessage	NetworkMessage;BaseRefCount<1>;RefCountBaseT<1>;SerializeClass	MI
NMMA_483	.?AUNMMA_483@@	0x1b98730,0x1b987b8@16	16,4	NetworkMessage	NetworkMessage;BaseRefCount<1>;RefCountBaseT<1>;SerializeClass	MI
NMMA_484	.?AUNMMA_484@@	0x1b9c430,0x1b9c4b8@16	16,4	NetworkMessage	NetworkMessage;BaseRefCount<1>;RefCountBaseT<1>;SerializeClass	MI
NMMA_485	.?AUNMMA_485@@	0x1b43050,0x1b430d8@16	16,4	NetworkMessageNetworkObject	NetworkMessageNetworkObject;NetworkMessageWithSimulationTime;NetworkMessage;BaseRefCount<1>;RefCountBaseT<1>;SerializeClass	MI
NMMA_486	.?AUNMMA_486@@	0x1cb3538,0x1cb35c0@16	16,4	NMMA_302	NMMA_302;NetworkMessageNetworkObject;NetworkMessageWithSimulationTime;NetworkMessage;BaseRefCount<1>;RefCountBaseT<1>;SerializeClass	MI
NMMA_487	.?AUNMMA_487@@	0x1bd0ba8,0x1bd0c30@16	16,4	NMMA_131	NMMA_131;NetworkMessageNetworkObject;NetworkMessageWithSimulationTime;NetworkMessage;BaseRefCount<1>;RefCountBaseT<1>;SerializeClass	MI
NMMA_488	.?AUNMMA_488@@	0x1b98de0,0x1b98e68@16	16,4	NetworkMessage	NetworkMessage;BaseRefCount<1>;RefCountBaseT<1>;SerializeClass	MI
NMMA_489	.?AUNMMA_489@@	0x1b93e38,0x1b93ec0@16	16,4	NetworkMessage	NetworkMessage;BaseRefCount<1>;RefCountBaseT<1>;SerializeClass	MI
NMMA_49	.?AUNMMA_49@@	0x1b99908,0x1b99990@16	16,4	NetworkMessage	NetworkMessage;BaseRefCount<1>;RefCountBaseT<1>;SerializeClass	MI
NMMA_490	.?AUNMMA_490@@	0x1be33d0,0x1be3458@16	16,4	NMMA_11	NMMA_11;NMMA_348;NMMA_205;NMMA_157;NMMA_432;NMMA_469;NetworkMessageNetworkObject;NetworkMessageWithSimulationTime;NetworkMessage;BaseRefCount<1>;RefCountBaseT<1>;SerializeClass	MI
NMMA_5	.?AUNMMA_5@@	0x1bf6d48,0x1bf6dd0@16	16,4	NMMA_209	NMMA_209;NMMA_348;NMMA_205;NMMA_157;NMMA_432;NMMA_469;NetworkMessageNetworkObject;NetworkMessageWithSimulationTime;NetworkMessage;BaseRefCount<1>;RefCountBaseT<1>;SerializeClass	MI
NMMA_50	.?AUNMMA_50@@	0x1b96128,0x1b961b0@16	16,4	NetworkMessage	NetworkMessage;BaseRefCount<1>;RefCountBaseT<1>;SerializeClass	MI
NMMA_51	.?AUNMMA_51@@	0x1b98200,0x1b98288@16	16,4	NetworkMessage	NetworkMessage;BaseRefCount<1>;RefCountBaseT<1>;SerializeClass	MI
NMMA_52	.?AUNMMA_52@@	0x1cb3260,0x1cb32e8@16	16,4	NetworkMessageNetworkObject	NetworkMessageNetworkObject;NetworkMessageWithSimulationTime;NetworkMessage;BaseRefCount<1>;RefCountBaseT<1>;SerializeClass	MI
NMMA_53	.?AUNMMA_53@@	0x1b98c68,0x1b98cf0@16	16,4	NetworkMessage	NetworkMessage;BaseRefCount<1>;RefCountBaseT<1>;SerializeClass	MI
NMMA_54	.?AUNMMA_54@@	0x1b93520,0x1b935a8@16	16,4	NetworkMessage	NetworkMessage;BaseRefCount<1>;RefCountBaseT<1>;SerializeClass	MI
NMMA_55	.?AUNMMA_55@@	0x1c2b698,0x1c2b720@16	16,4	NMMA_131	NMMA_131;NetworkMessageNetworkObject;NetworkMessageWithSimulationTime;NetworkMessage;BaseRefCount<1>;RefCountBaseT<1>;SerializeClass	MI
NMMA_56	.?AUNMMA_56@@	0x1b9b250,0x1b9b2d8@16	16,4	NetworkMessage	NetworkMessage;BaseRefCount<1>;RefCountBaseT<1>;SerializeClass	MI
NMMA_57	.?AUNMMA_57@@	0x1b955f8,0x1b95680@16	16,4	NetworkMessage	NetworkMessage;BaseRefCount<1>;RefCountBaseT<1>;SerializeClass	MI
NMMA_58	.?AUNMMA_58@@	0x1b99020,0x1b990a8@16	16,4	NetworkMessage	NetworkMessage;BaseRefCount<1>;RefCountBaseT<1>;SerializeClass	MI
NMMA_59	.?AUNMMA_59@@	0x1b9e100,0x1b9e188@16	16,4	NetworkMessage	NetworkMessage;BaseRefCount<1>;RefCountBaseT<1>;SerializeClass	MI
NMMA_6	.?AUNMMA_6@@	0x1b942a8,0x1b94330@16	16,4	NetworkMessage	NetworkMessage;BaseRefCount<1>;RefCountBaseT<1>;SerializeClass	MI
NMMA_60	.?AUNMMA_60@@	0x1ba3020,0x1ba30a8@16	16,4	NetworkMessage	NetworkMessage;BaseRefCount<1>;RefCountBaseT<1>;SerializeClass	MI
NMMA_61	.?AUNMMA_61@@	0x1b9c8a0,0x1b9c928@16	16,4	NetworkMessage	NetworkMessage;BaseRefCount<1>;RefCountBaseT<1>;SerializeClass	MI
NMMA_62	.?AUNMMA_62@@	0x1ba3198,0x1ba3220@16	16,4	NetworkMessage	NetworkMessage;BaseRefCount<1>;RefCountBaseT<1>;SerializeClass	MI
NMMA_63	.?AUNMMA_63@@	0x1b9e870,0x1b9e8f8@16	16,4	NetworkMessage	NetworkMessage;BaseRefCount<1>;RefCountBaseT<1>;SerializeClass	MI
NMMA_64	.?AUNMMA_64@@	0x1b9c958,0x1b9c9e0@16	16,4	NetworkMessage	NetworkMessage;BaseRefCount<1>;RefCountBaseT<1>;SerializeClass	MI
NMMA_65	.?AUNMMA_65@@	0x1c70068,0x1c700f0@16	16,4	NetworkMessage	NetworkMessage;BaseRefCount<1>;RefCountBaseT<1>;SerializeClass	MI
NMMA_66	.?AUNMMA_66@@	0x1cb2288,0x1cb2310@16	16,4	NetworkMessageNetworkObject	NetworkMessageNetworkObject;NetworkMessageWithSimulationTime;NetworkMessage;BaseRefCount<1>;RefCountBaseT<1>;SerializeClass	MI
NMMA_67	.?AUNMMA_67@@	0x1c47c18,0x1c47ca0@16	16,4	NetworkMessageNetworkObject	NetworkMessageNetworkObject;NetworkMessageWithSimulationTime;NetworkMessage;BaseRefCount<1>;RefCountBaseT<1>;SerializeClass	MI
NMMA_68	.?AUNMMA_68@@	0x1b95540,0x1b955c8@16	16,4	NetworkMessage	NetworkMessage;BaseRefCount<1>;RefCountBaseT<1>;SerializeClass	MI
NMMA_69	.?AUNMMA_69@@	0x1b9ade0,0x1b9ae68@16	16,4	NetworkMessage	NetworkMessage;BaseRefCount<1>;RefCountBaseT<1>;SerializeClass	MI
NMMA_7	.?AUNMMA_7@@	0x1b99558,0x1b995e0@16	16,4	NetworkMessage	NetworkMessage;BaseRefCount<1>;RefCountBaseT<1>;SerializeClass	MI
NMMA_70	.?AUNMMA_70@@	0x1b9c728,0x1b9c7b0@16	16,4	NetworkMessage	NetworkMessage;BaseRefCount<1>;RefCountBaseT<1>;SerializeClass	MI
NMMA_71	.?AUNMMA_71@@	0x1c4c6f0,0x1c4c778@16	16,4	NMMA_133	NMMA_133;NetworkMessage;BaseRefCount<1>;RefCountBaseT<1>;SerializeClass	MI
NMMA_72	.?AUNMMA_72@@	0x1ba25c8,0x1ba2650@16	16,4	NetworkMessage	NetworkMessage;BaseRefCount<1>;RefCountBaseT<1>;SerializeClass	MI
NMMA_73	.?AUNMMA_73@@	0x1ba0588,0x1ba0610@16	16,4	NetworkMessage	NetworkMessage;BaseRefCount<1>;RefCountBaseT<1>;SerializeClass	MI
NMMA_74	.?AUNMMA_74@@	0x1ba2390,0x1ba2418@16	16,4	NetworkMessage	NetworkMessage;BaseRefCount<1>;RefCountBaseT<1>;SerializeClass	MI
NMMA_75	.?AUNMMA_75@@	0x1b9ae98,0x1b9af20@16	16,4	NetworkMessage	NetworkMessage;BaseRefCount<1>;RefCountBaseT<1>;SerializeClass	MI
NMMA_76	.?AUNMMA_76@@	0x1b9b848,0x1b9b8d0@16	16,4	NetworkMessage	NetworkMessage;BaseRefCount<1>;RefCountBaseT<1>;SerializeClass	MI
NMMA_77	.?AUNMMA_77@@	0x1b97c08,0x1b97c90@16	16,4	NetworkMessage	NetworkMessage;BaseRefCount<1>;RefCountBaseT<1>;SerializeClass	MI
NMMA_78	.?AUNMMA_78@@	0x1c46d28,0x1c46db0@16	16,4	NetworkMessageVMessage	NetworkMessageVMessage;NetworkMessage;BaseRefCount<1>;RefCountBaseT<1>;SerializeClass	MI
NMMA_79	.?AUNMMA_79@@	0x1cd9fc0,0x1cda048@16	16,4	NetworkMessage	NetworkMessage;BaseRefCount<1>;RefCountBaseT<1>;SerializeClass	MI
NMMA_8	.?AUNMMA_8@@	0x1b9aa30,0x1b9aab8@16	16,4	NetworkMessage	NetworkMessage;BaseRefCount<1>;RefCountBaseT<1>;SerializeClass	MI
NMMA_80	.?AUNMMA_80@@	0x1b9ef20,0x1b9efa8@16	16,4	NMMA_370	NMMA_370;NetworkMessage;BaseRefCount<1>;RefCountBaseT<1>;SerializeClass	MI
NMMA_81	.?AUNMMA_81@@	0x1b9a438,0x1b9a4c0@16	16,4	NetworkMessage	NetworkMessage;BaseRefCount<1>;RefCountBaseT<1>;SerializeClass	MI
NMMA_82	.?AUNMMA_82@@	0x1ba2680,0x1ba2708@16	16,4	NetworkMessage	NetworkMessage;BaseRefCount<1>;RefCountBaseT<1>;SerializeClass	MI
NMMA_83	.?AUNMMA_83@@	0x1b98970,0x1b989f8@16	16,4	NetworkMessage	NetworkMessage;BaseRefCount<1>;RefCountBaseT<1>;SerializeClass	MI
NMMA_84	.?AUNMMA_84@@	0x1bc8728,0x1bc87b0@16	16,4	NMMA_165	NMMA_165;NetworkMessageNetworkObject;NetworkMessageWithSimulationTime;NetworkMessage;BaseRefCount<1>;RefCountBaseT<1>;SerializeClass	MI
NMMA_85	.?AUNMMA_85@@	0x1c08e60,0x1c08ee8@16	16,4	NMMA_165	NMMA_165;NetworkMessageNetworkObject;NetworkMessageWithSimulationTime;NetworkMessage;BaseRefCount<1>;RefCountBaseT<1>;SerializeClass	MI
NMMA_86	.?AUNMMA_86@@	0x1bdc5e0,0x1bdc668@16	16,4	NMMA_165	NMMA_165;NetworkMessageNetworkObject;NetworkMessageWithSimulationTime;NetworkMessage;BaseRefCount<1>;RefCountBaseT<1>;SerializeClass	MI
NMMA_87	.?AUNMMA_87@@	0x1b94c48,0x1b94cd0@16	16,4	NetworkMessage	NetworkMessage;BaseRefCount<1>;RefCountBaseT<1>;SerializeClass	MI
NMMA_88	.?AUNMMA_88@@	0x1cb3838,0x1cb38c0@16	16,4	NMMA_313	NMMA_313;NetworkMessageNetworkObject;NetworkMessageWithSimulationTime;NetworkMessage;BaseRefCount<1>;RefCountBaseT<1>;SerializeClass	MI
NMMA_89	.?AUNMMA_89@@	0x1ba17a0,0x1ba1828@16	16,4	NetworkMessage	NetworkMessage;BaseRefCount<1>;RefCountBaseT<1>;SerializeClass	MI
NMMA_9	.?AUNMMA_9@@	0x1b94660,0x1b946e8@16	16,4	NetworkMessage	NetworkMessage;BaseRefCount<1>;RefCountBaseT<1>;SerializeClass	MI
NMMA_90	.?AUNMMA_90@@	0x1b9aba8,0x1b9ac30@16	16,4	NetworkMessage	NetworkMessage;BaseRefCount<1>;RefCountBaseT<1>;SerializeClass	MI
NMMA_91	.?AUNMMA_91@@	0x1ba1f18,0x1ba1fa0@16	16,4	NetworkMessage	NetworkMessage;BaseRefCount<1>;RefCountBaseT<1>;SerializeClass	MI
NMMA_92	.?AUNMMA_92@@	0x1b94b90,0x1b94c18@16	16,4	NetworkMessage	NetworkMessage;BaseRefCount<1>;RefCountBaseT<1>;SerializeClass	MI
NMMA_93	.?AUNMMA_93@@	0x1b9e9e8,0x1b9ea70@16	16,4	NetworkMessage	NetworkMessage;BaseRefCount<1>;RefCountBaseT<1>;SerializeClass	MI
NMMA_94	.?AUNMMA_94@@	0x1b9c670,0x1b9c6f8@16	16,4	NetworkMessage	NetworkMessage;BaseRefCount<1>;RefCountBaseT<1>;SerializeClass	MI
NMMA_95	.?AUNMMA_95@@	0x1b94958,0x1b949e0@16	16,4	NetworkMessage	NetworkMessage;BaseRefCount<1>;RefCountBaseT<1>;SerializeClass	MI
NMMA_96	.?AUNMMA_96@@	0x1b9d9a8,0x1b9da30@16	16,4	NetworkMessage	NetworkMessage;BaseRefCount<1>;RefCountBaseT<1>;SerializeClass	MI
NMMA_97	.?AUNMMA_97@@	0x1b967e0,0x1b96868@16	16,4	NetworkMessage	NetworkMessage;BaseRefCount<1>;RefCountBaseT<1>;SerializeClass	MI
NMMA_98	.?AUNMMA_98@@	0x1ba2af0,0x1ba2b78@16	16,4	NetworkMessage	NetworkMessage;BaseRefCount<1>;RefCountBaseT<1>;SerializeClass	MI
NMMA_99	.?AUNMMA_99@@	0x1b9fb28,0x1b9fbb0@16	16,4	NetworkMessage	NetworkMessage;BaseRefCount<1>;RefCountBaseT<1>;SerializeClass	MI
NMRA_0	.?AUNMRA_0@@	0x1ba84f0	4	NetworkSimpleObject	NetworkSimpleObject	
NMRA_10	.?AUNMRA_10@@	0x1ba7730	4	NetworkSimpleObject	NetworkSimpleObject	
NMRA_102	.?AUNMRA_102@@	0x1ba8568	4	NetworkSimpleObject	NetworkSimpleObject	
NMRA_103	.?AUNMRA_103@@	0x1ba80e0	4	NetworkSimpleObject	NetworkSimpleObject	
NMRA_107	.?AUNMRA_107@@	0x1a7ad50	4	NetworkSimpleObject	NetworkSimpleObject	
NMRA_108	.?AUNMRA_108@@	0x1ba91f0	4	NetworkSimpleObject	NetworkSimpleObject	
NMRA_109	.?AUNMRA_109@@	0x1ba6d88	4	NetworkSimpleObject	NetworkSimpleObject	
NMRA_110	.?AUNMRA_110@@	0x1ba7640	4	NetworkSimpleObject	NetworkSimpleObject	
NMRA_112	.?AUNMRA_112@@	0x1ba69a0	4	NetworkSimpleObject	NetworkSimpleObject	
NMRA_115	.?AUNMRA_115@@	0x1ba8298	4	NetworkSimpleObject	NetworkSimpleObject	
NMRA_117	.?AUNMRA_117@@	0x1ba7ed8	4	NetworkSimpleObject	NetworkSimpleObject	
NMRA_118	.?AUNMRA_118@@	0x1ba89f0	4	NMRA_31	NMRA_31;NetworkSimpleObject	
NMRA_119	.?AUNMRA_119@@	0x1ba8b08	4	NetworkSimpleObject	NetworkSimpleObject	
NMRA_12	.?AUNMRA_12@@	0x1ba7cd0	4	NetworkSimpleObject	NetworkSimpleObject	
NMRA_120	.?AUNMRA_120@@	0x1ba7aa0	4	NetworkSimpleObject	NetworkSimpleObject	
NMRA_121	.?AUNMRA_121@@	0x1ba67e8	4	NetworkSimpleObject	NetworkSimpleObject	
NMRA_122	.?AUNMRA_122@@	0x1ba7870	4	NetworkSimpleObject	NetworkSimpleObject	
NMRA_123	.?AUNMRA_123@@	0x1ba7398	4	NetworkSimpleObject	NetworkSimpleObject	
NMRA_124	.?AUNMRA_124@@	0x1ba8ed0	4	NetworkSimpleObject	NetworkSimpleObject	
NMRA_125	.?AUNMRA_125@@	0x1ba7e38	4	NetworkSimpleObject	NetworkSimpleObject	
NMRA_127	.?AUNMRA_127@@	0x1ba8ae0	4	NetworkSimpleObject	NetworkSimpleObject	
NMRA_128	.?AUNMRA_128@@	0x1ba8630	4	NetworkSimpleObject	NetworkSimpleObject	
NMRA_130	.?AUNMRA_130@@	0x1ba7960	4	NetworkSimpleObject	NetworkSimpleObject	
NMRA_134	.?AUNMRA_134@@	0x1ba66f8	4	NetworkSimpleObject	NetworkSimpleObject	
NMRA_135	.?AUNMRA_135@@	0x1ba7a50	4	NetworkSimpleObject	NetworkSimpleObject	
NMRA_136	.?AUNMRA_136@@	0x1ba6bf8	4	NetworkSimpleObject	NetworkSimpleObject	
NMRA_137	.?AUNMRA_137@@	0x1ba6d60	4	NetworkSimpleObject	NetworkSimpleObject	
NMRA_139	.?AUNMRA_139@@	0x1a7aee0	4	NetworkSimpleObject	NetworkSimpleObject	
NMRA_14	.?AUNMRA_14@@	0x1ba6310	4	NMRA_458	NMRA_458;NetworkSimpleObject	
NMRA_140	.?AUNMRA_140@@	0x1ba8388	4	NetworkSimpleObject	NetworkSimpleObject	
NMRA_141	.?AUNMRA_141@@	0x1ba6e78	4	NetworkSimpleObject	NetworkSimpleObject	
NMRA_143	.?AUNMRA_143@@	0x1a7ad28	4	NetworkSimpleObject	NetworkSimpleObject	
NMRA_144	.?AUNMRA_144@@	0x1b93a50	4	NetworkSimpleObject	NetworkSimpleObject	
NMRA_145	.?AUNMRA_145@@	0x1ba8478	4	NetworkSimpleObject	NetworkSimpleObject	
NMRA_146	.?AUNMRA_146@@	0x1ba7cf8	4	NetworkSimpleObject	NetworkSimpleObject	
NMRA_147	.?AUNMRA_147@@	0x1ba7c30	4	NetworkSimpleObject	NetworkSimpleObject	
NMRA_148	.?AUNMRA_148@@	0x1ba6658	4	NetworkSimpleObject	NetworkSimpleObject	
NMRA_149	.?AUNMRA_149@@	0x1ba6ba8	4	NetworkSimpleObject	NetworkSimpleObject	
NMRA_150	.?AUNMRA_150@@	0x1ba9100	4	NetworkSimpleObject	NetworkSimpleObject	
NMRA_151	.?AUNMRA_151@@	0x1ba6db0	4	NetworkSimpleObject	NetworkSimpleObject	
NMRA_152	.?AUNMRA_152@@	0x1ba7b90	4	NetworkSimpleObject	NetworkSimpleObject	
NMRA_154	.?AUNMRA_154@@	0x1ba79d8	4	NetworkSimpleObject	NetworkSimpleObject	
NMRA_155	.?AUNMRA_155@@	0x1ba7690	4	NetworkSimpleObject	NetworkSimpleObject	
NMRA_156	.?AUNMRA_156@@	0x1ba7de8	4	NetworkSimpleObject	NetworkSimpleObject	
NMRA_158	.?AUNMRA_158@@	0x1ba7b18	4	NetworkSimpleObject	NetworkSimpleObject	
NMRA_159	.?AUNMRA_159@@	0x1ba6b08	4	NetworkSimpleObject	NetworkSimpleObject	
NMRA_16	.?AUNMRA_16@@	0x1ba74d8	4	NetworkSimpleObject	NetworkSimpleObject	
NMRA_160	.?AUNMRA_160@@	0x1ba86d0	4	NetworkSimpleObject	NetworkSimpleObject	
NMRA_162	.?AUNMRA_162@@	0x1ba74b0	4	NetworkSimpleObject	NetworkSimpleObject	
NMRA_164	.?AUNMRA_164@@	0x1ba75a0	4	NetworkSimpleObject	NetworkSimpleObject	
NMRA_167	.?AUNMRA_167@@	0x1ba6b58	4	NetworkSimpleObject	NetworkSimpleObject	
NMRA_168	.?AUNMRA_168@@	0x1ba7f78	4	NetworkSimpleObject	NetworkSimpleObject	
NMRA_17	.?AUNMRA_17@@	0x1ba91a0	4	NetworkSimpleObject	NetworkSimpleObject	
NMRA_170	.?AUNMRA_170@@	0x1ba86a8	4	NetworkSimpleObject	NetworkSimpleObject	
NMRA_171	.?AUNMRA_171@@	0x1ba7848	4	NetworkSimpleObject	NetworkSimpleObject	
NMRA_172	.?AUNMRA_172@@	0x1a7ae90	4	NetworkSimpleObject	NetworkSimpleObject	
NMRA_173	.?AUNMRA_173@@	0x1ba8e08	4	NetworkSimpleObject	NetworkSimpleObject	
NMRA_174	.?AUNMRA_174@@	0x1a7a790	4	NMRA_370	NMRA_370;NetworkSimpleObject	
NMRA_175	.?AUNMRA_175@@	0x1ba89a0	4	NetworkSimpleObject	NetworkSimpleObject	
NMRA_176	.?AUNMRA_176@@	0x1ba7ff0	4	NetworkSimpleObject	NetworkSimpleObject	
NMRA_177	.?AUNMRA_177@@	0x1ba7ca8	4	NetworkSimpleObject	NetworkSimpleObject	
NMRA_178	.?AUNMRA_178@@	0x1ba68b0	4	NetworkSimpleObject	NetworkSimpleObject	
NMRA_18	.?AUNMRA_18@@	0x1ba81a8	4	NetworkSimpleObject	NetworkSimpleObject	
NMRA_180	.?AUNMRA_180@@	0x1ba61a8	4	NMRA_144	NMRA_144;NetworkSimpleObject	
NMRA_181	.?AUNMRA_181@@	0x1ba7058	4	NetworkSimpleObject	NetworkSimpleObject	
NMRA_183	.?AUNMRA_183@@	0x1ba87c0	4	NMRA_370	NMRA_370;NetworkSimpleObject	
NMRA_184	.?AUNMRA_184@@	0x1ba8540	4	NetworkSimpleObject	NetworkSimpleObject	
NMRA_185	.?AUNMRA_185@@	0x1ba7410	4	NetworkSimpleObject	NetworkSimpleObject	
NMRA_186	.?AUNMRA_186@@	0x1ba9218	4	NetworkSimpleObject	NetworkSimpleObject	
NMRA_187	.?AUNMRA_187@@	0x1ba67c0	4	NetworkSimpleObject	NetworkSimpleObject	
NMRA_188	.?AUNMRA_188@@	0x1ba8838	4	NetworkSimpleObject	NetworkSimpleObject	
NMRA_190	.?AUNMRA_190@@	0x1ba8950	4	NetworkSimpleObject	NetworkSimpleObject	
NMRA_191	.?AUNMRA_191@@	0x1ba6810	4	NetworkSimpleObject	NetworkSimpleObject	
NMRA_192	.?AUNMRA_192@@	0x1ba6dd8	4	NetworkSimpleObject	NetworkSimpleObject	
NMRA_193	.?AUNMRA_193@@	0x1ba7460	4	NetworkSimpleObject	NetworkSimpleObject	
NMRA_195	.?AUNMRA_195@@	0x1ba66d0	4	NetworkSimpleObject	NetworkSimpleObject	
NMRA_196	.?AUNMRA_196@@	0x1ba7280	4	NetworkSimpleObject	NetworkSimpleObject	
NMRA_198	.?AUNMRA_198@@	0x1ba8180	4	NetworkSimpleObject	NetworkSimpleObject	
NMRA_199	.?AUNMRA_199@@	0x1ba6f90	4	NetworkSimpleObject	NetworkSimpleObject	
NMRA_20	.?AUNMRA_20@@	0x1ba8360	4	NetworkSimpleObject	NetworkSimpleObject	
NMRA_204	.?AUNMRA_204@@	0x1ba6a90	4	NetworkSimpleObject	NetworkSimpleObject	
NMRA_206	.?AUNMRA_206@@	0x1ba8770	4	NMRA_174	NMRA_174;NMRA_370;NetworkSimpleObject	
NMRA_207	.?AUNMRA_207@@	0x1ba6900	4	NetworkSimpleObject	NetworkSimpleObject	
NMRA_21	.?AUNMRA_21@@	0x1ba8900	4	NetworkSimpleObject	NetworkSimpleObject	
NMRA_211	.?AUNMRA_211@@	0x1ba72d0	4	NetworkSimpleObject	NetworkSimpleObject	
NMRA_213	.?AUNMRA_213@@	0x1ba63b0	4	NetworkSimpleObject	NetworkSimpleObject	
NMRA_214	.?AUNMRA_214@@	0x1ba7d98	4	NetworkSimpleObject	NetworkSimpleObject	
NMRA_215	.?AUNMRA_215@@	0x1ba7148	4	NetworkSimpleObject	NetworkSimpleObject	
NMRA_218	.?AUNMRA_218@@	0x1ba8810	4	NetworkSimpleObject	NetworkSimpleObject	
NMRA_219	.?AUNMRA_219@@	0x1ba7488	4	NetworkSimpleObject	NetworkSimpleObject	
NMRA_22	.?AUNMRA_22@@	0x1ba6ce8	4	NetworkSimpleObject	NetworkSimpleObject	
NMRA_220	.?AUNMRA_220@@	0x1ba80b8	4	NetworkSimpleObject	NetworkSimpleObject	
NMRA_224	.?AUNMRA_224@@	0x1ba8a18	4	NetworkSimpleObject	NetworkSimpleObject	
NMRA_225	.?AUNMRA_225@@	0x1ba9240	4	NetworkSimpleObject	NetworkSimpleObject	
NMRA_227	.?AUNMRA_227@@	0x1ba75c8	4	NetworkSimpleObject	NetworkSimpleObject	
NMRA_23	.?AUNMRA_23@@	0x1ba8068	4	NetworkSimpleObject	NetworkSimpleObject	
NMRA_230	.?AUNMRA_230@@	0x1ba8ef8	4	NetworkSimpleObject	NetworkSimpleObject	
NMRA_231	.?AUNMRA_231@@	0x1a7ae18	4	NetworkSimpleObject	NetworkSimpleObject	
NMRA_232	.?AUNMRA_232@@	0x1ba8450	4	NetworkSimpleObject	NetworkSimpleObject	
NMRA_233	.?AUNMRA_233@@	0x1a7a7b8	4	NMRA_174	NMRA_174;NMRA_370;NetworkSimpleObject	
NMRA_234	.?AUNMRA_234@@	0x1ba6590	4	NetworkSimpleObject	NetworkSimpleObject	
NMRA_235	.?AUNMRA_235@@	0x1ba6a68	4	NetworkSimpleObject	NetworkSimpleObject	
NMRA_236	.?AUNMRA_236@@	0x1ba6e28	4	NetworkSimpleObject	NetworkSimpleObject	
NMRA_237	.?AUNMRA_237@@	0x1ba64c8	4	NetworkSimpleObject	NetworkSimpleObject	
NMRA_240	.?AUNMRA_240@@	0x1ba6838	4	NetworkSimpleObject	NetworkSimpleObject	
NMRA_242	.?AUNMRA_242@@	0x1ba76b8	4	NetworkSimpleObject	NetworkSimpleObject	
NMRA_244	.?AUNMRA_244@@	0x1ba8400	4	NetworkSimpleObject	NetworkSimpleObject	
NMRA_245	.?AUNMRA_245@@	0x1ba6e50	4	NetworkSimpleObject	NetworkSimpleObject	
NMRA_246	.?AUNMRA_246@@	0x1ba6cc0	4	NetworkSimpleObject	NetworkSimpleObject	
NMRA_249	.?AUNMRA_249@@	0x1ba6478	4	NetworkSimpleObject	NetworkSimpleObject	
NMRA_25	.?AUNMRA_25@@	0x1b40d08	4	NetworkSimpleObject	NetworkSimpleObject	
NMRA_250	.?AUNMRA_250@@	0x1ba6f18	4	NetworkSimpleObject	NetworkSimpleObject	
NMRA_251	.?AUNMRA_251@@	0x1ba8590	4	NetworkSimpleObject	NetworkSimpleObject	
NMRA_252	.?AUNMRA_252@@	0x1ba8680	4	NetworkSimpleObject	NetworkSimpleObject	
NMRA_253	.?AUNMRA_253@@	0x1ba7550	4	NetworkSimpleObject	NetworkSimpleObject	
NMRA_258	.?AUNMRA_258@@	0x1ba9330	4	NetworkSimpleObject	NetworkSimpleObject	
NMRA_26	.?AUNMRA_26@@	0x1ba9290	4	NetworkSimpleObject	NetworkSimpleObject	
NMRA_261	.?AUNMRA_261@@	0x1ba6388	4	NetworkSimpleObject	NetworkSimpleObject	
NMRA_262	.?AUNMRA_262@@	0x1ba69f0	4	NetworkSimpleObject	NetworkSimpleObject	
NMRA_263	.?AUNMRA_263@@	0x1ba85e0	4	NetworkSimpleObject	NetworkSimpleObject	
NMRA_264	.?AUNMRA_264@@	0x1ba69c8	4	NetworkSimpleObject	NetworkSimpleObject	
NMRA_265	.?AUNMRA_265@@	0x1ba9268	4	NetworkSimpleObject	NetworkSimpleObject	
NMRA_267	.?AUNMRA_267@@	0x1ba64f0	4	NetworkSimpleObject	NetworkSimpleObject	
NMRA_268	.?AUNMRA_268@@	0x1ba6338	4	NMRA_458	NMRA_458;NetworkSimpleObject	
NMRA_269	.?AUNMRA_269@@	0x1ba7b68	4	NetworkSimpleObject	NetworkSimpleObject	
NMRA_272	.?AUNMRA_272@@	0x1ba8860	4	NetworkSimpleObject	NetworkSimpleObject	
NMRA_273	.?AUNMRA_273@@	0x1b35ca0	4	NetworkSimpleObject	NetworkSimpleObject	
NMRA_274	.?AUNMRA_274@@	0x1ba89c8	4	NetworkSimpleObject	NetworkSimpleObject	
NMRA_276	.?AUNMRA_276@@	0x1a7ad00	4	NetworkSimpleObject	NetworkSimpleObject	
NMRA_278	.?AUNMRA_278@@	0x1ba6220	4	NMRA_347	NMRA_347;NetworkSimpleObject	
NMRA_279	.?AUNMRA_279@@	0x1ba7a00	4	NetworkSimpleObject	NetworkSimpleObject	
NMRA_28	.?AUNMRA_28@@	0x1ba8798	4	NMRA_370	NMRA_370;NetworkSimpleObject	
NMRA_281	.?AUNMRA_281@@	0x1ba6c20	4	NetworkSimpleObject	NetworkSimpleObject	
NMRA_283	.?AUNMRA_283@@	0x1ba88b0	4	NetworkSimpleObject	NetworkSimpleObject	
NMRA_284	.?AUNMRA_284@@	0x1ba8248	4	NetworkSimpleObject	NetworkSimpleObject	
NMRA_285	.?AUNMRA_285@@	0x1ba6bd0	4	NetworkSimpleObject	NetworkSimpleObject	
NMRA_286	.?AUNMRA_286@@	0x1ba68d8	4	NetworkSimpleObject	NetworkSimpleObject	
NMRA_287	.?AUNMRA_287@@	0x1ba6248	4	NetworkSimpleObject	NetworkSimpleObject	
NMRA_29	.?AUNMRA_29@@	0x1ba6b30	4	NetworkSimpleObject	NetworkSimpleObject	
NMRA_290	.?AUNMRA_290@@	0x1ba9178	4	NetworkSimpleObject	NetworkSimpleObject	
NMRA_291	.?AUNMRA_291@@	0x1ba8720	4	NMRA_370	NMRA_370;NetworkSimpleObject	
NMRA_292	.?AUNMRA_292@@					no-col
NMRA_293	.?AUNMRA_293@@	0x1ba8978	4	NetworkSimpleObject	NetworkSimpleObject	
NMRA_294	.?AUNMRA_294@@	0x1ba6c98	4	NetworkSimpleObject	NetworkSimpleObject	
NMRA_295	.?AUNMRA_295@@	0x1ba7ac8	4	NetworkSimpleObject	NetworkSimpleObject	
NMRA_296	.?AUNMRA_296@@	0x1ba7fc8	4	NetworkSimpleObject	NetworkSimpleObject	
NMRA_297	.?AUNMRA_297@@	0x1ba6450	4	NetworkSimpleObject	NetworkSimpleObject	
NMRA_298	.?AUNMRA_298@@	0x1ba63d8	4	NMRA_213	NMRA_213;NetworkSimpleObject	
NMRA_299	.?AUNMRA_299@@	0x1ba91c8	4	NetworkSimpleObject	NetworkSimpleObject	
NMRA_3	.?AUNMRA_3@@	0x1ba6180	4	NetworkSimpleObject	NetworkSimpleObject	
NMRA_30	.?AUNMRA_30@@	0x1ba8a68	4	NetworkSimpleObject	NetworkSimpleObject	
NMRA_300	.?AUNMRA_300@@	0x1ba7fa0	4	NetworkSimpleObject	NetworkSimpleObject	
NMRA_301	.?AUNMRA_301@@	0x1ba77f8	4	NetworkSimpleObject	NetworkSimpleObject	
NMRA_303	.?AUNMRA_303@@	0x1ba7b40	4	NetworkSimpleObject	NetworkSimpleObject	
NMRA_304	.?AUNMRA_304@@	0x1ba7370	4	NetworkSimpleObject	NetworkSimpleObject	
NMRA_305	.?AUNMRA_305@@	0x1ba8658	4	NetworkSimpleObject	NetworkSimpleObject	
NMRA_309	.?AUNMRA_309@@	0x1ba70a8	4	NetworkSimpleObject	NetworkSimpleObject	
NMRA_31	.?AUNMRA_31@@	0x1b9f800	4	NetworkSimpleObject	NetworkSimpleObject	
NMRA_310	.?AUNMRA_310@@	0x1ba8f20	4	NetworkSimpleObject	NetworkSimpleObject	
NMRA_311	.?AUNMRA_311@@	0x1ba66a8	4	NetworkSimpleObject	NetworkSimpleObject	
NMRA_315	.?AUNMRA_315@@	0x1ba8748	4	NMRA_174	NMRA_174;NMRA_370;NetworkSimpleObject	
NMRA_316	.?AUNMRA_316@@	0x1ba7668	4	NetworkSimpleObject	NetworkSimpleObject	
NMRA_317	.?AUNMRA_317@@	0x1ba8108	4	NetworkSimpleObject	NetworkSimpleObject	
NMRA_318	.?AUNMRA_318@@	0x1ba7c58	4	NetworkSimpleObject	NetworkSimpleObject	
NMRA_319	.?AUNMRA_319@@	0x1ba8e30	4	NetworkSimpleObject	NetworkSimpleObject	
NMRA_32	.?AUNMRA_32@@	0x1ba9088	4	NetworkSimpleObject	NetworkSimpleObject	
NMRA_321	.?AUNMRA_321@@	0x1ba7030	4	NetworkSimpleObject	NetworkSimpleObject	
NMRA_327	.?AUNMRA_327@@	0x1ba6d10	4	NetworkSimpleObject	NetworkSimpleObject	
NMRA_329	.?AUNMRA_329@@	0x1ba73e8	4	NetworkSimpleObject	NetworkSimpleObject	
NMRA_33	.?AUNMRA_33@@	0x1ba7f50	4	NetworkSimpleObject	NetworkSimpleObject	
NMRA_331	.?AUNMRA_331@@	0x1ba6928	4	NetworkSimpleObject	NetworkSimpleObject	
NMRA_332	.?AUNMRA_332@@	0x1ba7528	4	NetworkSimpleObject	NetworkSimpleObject	
NMRA_335	.?AUNMRA_335@@	0x1a7acd8	4	NetworkSimpleObject	NetworkSimpleObject	
NMRA_336	.?AUNMRA_336@@	0x1ba6ae0	4	NetworkSimpleObject	NetworkSimpleObject	
NMRA_337	.?AUNMRA_337@@	0x1ba7938	4	NetworkSimpleObject	NetworkSimpleObject	
NMRA_338	.?AUNMRA_338@@	0x1ba9128	4	NetworkSimpleObject	NetworkSimpleObject	
NMRA_339	.?AUNMRA_339@@	0x1bb4330	4	NetworkSimpleObject	NetworkSimpleObject	
NMRA_34	.?AUNMRA_34@@	0x1ba83b0	4	NetworkSimpleObject	NetworkSimpleObject	
NMRA_340	.?AUNMRA_340@@	0x1ba61f8	4	NMRA_347	NMRA_347;NetworkSimpleObject	
NMRA_341	.?AUNMRA_341@@	0x1ba7dc0	4	NetworkSimpleObject	NetworkSimpleObject	
NMRA_342	.?AUNMRA_342@@	0x1ba8a90	4	NetworkSimpleObject	NetworkSimpleObject	
NMRA_344	.?AUNMRA_344@@	0x1ba8f98	4	NetworkSimpleObject	NetworkSimpleObject	
NMRA_345	.?AUNMRA_345@@	0x1ba7a28	4	NetworkSimpleObject	NetworkSimpleObject	
NMRA_347	.?AUNMRA_347@@	0x1ba61d0	4	NetworkSimpleObject	NetworkSimpleObject	
NMRA_35	.?AUNMRA_35@@	0x1ba8928	4	NetworkSimpleObject	NetworkSimpleObject	
NMRA_350	.?AUNMRA_350@@	0x1ba7d20	4	NetworkSimpleObject	NetworkSimpleObject	
NMRA_351	.?AUNMRA_351@@	0x1ba7c80	4	NetworkSimpleObject	NetworkSimpleObject	
NMRA_354	.?AUNMRA_354@@	0x1ba6ab8	4	NetworkSimpleObject	NetworkSimpleObject	
NMRA_356	.?AUNMRA_356@@	0x1a7c0c8	4	NetworkSimpleObject	NetworkSimpleObject	
NMRA_357	.?AUNMRA_357@@	0x1ba8ea8	4	NMRA_431	NMRA_431;NetworkSimpleObject	
NMRA_359	.?AUNMRA_359@@	0x1ba7898	4	NetworkSimpleObject	NetworkSimpleObject	
NMRA_36	.?AUNMRA_36@@	0x1ba6798	4	NetworkSimpleObject	NetworkSimpleObject	
NMRA_361	.?AUNMRA_361@@	0x1ba6950	4	NetworkSimpleObject	NetworkSimpleObject	
NMRA_363	.?AUNMRA_363@@	0x1ba82c0	4	NetworkSimpleObject	NetworkSimpleObject	
NMRA_365	.?AUNMRA_365@@	0x1ba8018	4	NetworkSimpleObject	NetworkSimpleObject	
NMRA_366	.?AUNMRA_366@@	0x1ba83d8	4	NetworkSimpleObject	NetworkSimpleObject	
NMRA_368	.?AUNMRA_368@@	0x1b3cd38	4	NetworkSimpleObject	NetworkSimpleObject	
NMRA_369	.?AUNMRA_369@@	0x1ba6680	4	NetworkSimpleObject	NetworkSimpleObject	
NMRA_370	.?AUNMRA_370@@	0x1a7a768	4	NetworkSimpleObject	NetworkSimpleObject	
NMRA_371	.?AUNMRA_371@@	0x1ba6860	4	NetworkSimpleObject	NetworkSimpleObject	
NMRA_374	.?AUNMRA_374@@	0x1ba6c48	4	NetworkSimpleObject	NetworkSimpleObject	
NMRA_375	.?AUNMRA_375@@	0x1ba6f40	4	NetworkSimpleObject	NetworkSimpleObject	
NMRA_376	.?AUNMRA_376@@	0x1ba65e0	4	NetworkSimpleObject	NetworkSimpleObject	
NMRA_377	.?AUNMRA_377@@	0x1ba7170	4	NetworkSimpleObject	NetworkSimpleObject	
NMRA_378	.?AUNMRA_378@@	0x1ba6888	4	NetworkSimpleObject	NetworkSimpleObject	
NMRA_38	.?AUNMRA_38@@	0x1ba8130	4	NetworkSimpleObject	NetworkSimpleObject	
NMRA_380	.?AUNMRA_380@@	0x1ba7e60	4	NetworkSimpleObject	NetworkSimpleObject	
NMRA_382	.?AUNMRA_382@@	0x1ba7348	4	NetworkSimpleObject	NetworkSimpleObject	
NMRA_383	.?AUNMRA_383@@	0x1ba78e8	4	NetworkSimpleObject	NetworkSimpleObject	
NMRA_384	.?AUNMRA_384@@	0x1ba77d0	4	NetworkSimpleObject	NetworkSimpleObject	
NMRA_385	.?AUNMRA_385@@	0x1ba7d70	4	NetworkSimpleObject	NetworkSimpleObject	
NMRA_387	.?AUNMRA_387@@	0x1ba8338	4	NetworkSimpleObject	NetworkSimpleObject	
NMRA_388	.?AUNMRA_388@@	0x1ba6770	4	NetworkSimpleObject	NetworkSimpleObject	
NMRA_389	.?AUNMRA_389@@	0x1ba77a8	4	NetworkSimpleObject	NetworkSimpleObject	
NMRA_39	.?AUNMRA_39@@	0x1ba87e8	4	NetworkSimpleObject	NetworkSimpleObject	
NMRA_391	.?AUNMRA_391@@	0x1ba8e80	4	NetworkSimpleObject	NetworkSimpleObject	
NMRA_393	.?AUNMRA_393@@	0x1ba6630	4	NetworkSimpleObject	NetworkSimpleObject	
NMRA_394	.?AUNMRA_394@@	0x1ba6fe0	4	NetworkSimpleObject	NetworkSimpleObject	
NMRA_395	.?AUNMRA_395@@	0x1ba90d8	4	NetworkSimpleObject	NetworkSimpleObject	
NMRA_397	.?AUNMRA_397@@	0x1ba7578	4	NetworkSimpleObject	NetworkSimpleObject	
NMRA_398	.?AUNMRA_398@@	0x1ba92e0	4	NetworkSimpleObject	NetworkSimpleObject	
NMRA_399	.?AUNMRA_399@@	0x1ba6c70	4	NetworkSimpleObject	NetworkSimpleObject	
NMRA_4	.?AUNMRA_4@@	0x1ba8310	4	NetworkSimpleObject	NetworkSimpleObject	
NMRA_40	.?AUNMRA_40@@	0x1ba7008	4	NetworkSimpleObject	NetworkSimpleObject	
NMRA_400	.?AUNMRA_400@@	0x1ba6e00	4	NetworkSimpleObject	NetworkSimpleObject	
NMRA_401	.?AUNMRA_401@@					no-col
NMRA_403	.?AUNMRA_403@@	0x1ba73c0	4	NetworkSimpleObject	NetworkSimpleObject	
NMRA_405	.?AUNMRA_405@@	0x1ba92b8	4	NetworkSimpleObject	NetworkSimpleObject	
NMRA_407	.?AUNMRA_407@@	0x1ba8a40	4	NetworkSimpleObject	NetworkSimpleObject	
NMRA_409	.?AUNMRA_409@@	0x1a7af08	4	NetworkSimpleObject	NetworkSimpleObject	
NMRA_410	.?AUNMRA_410@@	0x1ba8518	4	NetworkSimpleObject	NetworkSimpleObject	
NMRA_412	.?AUNMRA_412@@	0x1a7ae68	4	NetworkSimpleObject	NetworkSimpleObject	
NMRA_413	.?AUNMRA_413@@	0x1ba6d38	4	NetworkSimpleObject	NetworkSimpleObject	
NMRA_416	.?AUNMRA_416@@	0x1ba8270	4	NetworkSimpleObject	NetworkSimpleObject	
NMRA_418	.?AUNMRA_418@@	0x1ba7708	4	NetworkSimpleObject	NetworkSimpleObject	
NMRA_419	.?AUNMRA_419@@	0x1ba7618	4	NetworkSimpleObject	NetworkSimpleObject	
NMRA_42	.?AUNMRA_42@@	0x1ba8220	4	NetworkSimpleObject	NetworkSimpleObject	
NMRA_420	.?AUNMRA_420@@	0x1ba75f0	4	NetworkSimpleObject	NetworkSimpleObject	
NMRA_421	.?AUNMRA_421@@	0x1ba8040	4	NetworkSimpleObject	NetworkSimpleObject	
NMRA_422	.?AUNMRA_422@@	0x1a7adf0	4	NetworkSimpleObject	NetworkSimpleObject	
NMRA_423	.?AUNMRA_423@@	0x1ba7af0	4	NetworkSimpleObject	NetworkSimpleObject	
NMRA_424	.?AUNMRA_424@@	0x1ba7758	4	NetworkSimpleObject	NetworkSimpleObject	
NMRA_427	.?AUNMRA_427@@	0x1ba6400	4	NMRA_213	NMRA_213;NetworkSimpleObject	
NMRA_429	.?AUNMRA_429@@	0x1ba84c8	4	NetworkSimpleObject	NetworkSimpleObject	
NMRA_43	.?AUNMRA_43@@	0x1ba7c08	4	NetworkSimpleObject	NetworkSimpleObject	
NMRA_430	.?AUNMRA_430@@	0x1ba82e8	4	NetworkSimpleObject	NetworkSimpleObject	
NMRA_431	.?AUNMRA_431@@	0x1ba8e58	4	NetworkSimpleObject	NetworkSimpleObject	
NMRA_434	.?AUNMRA_434@@	0x1ba8158	4	NetworkSimpleObject	NetworkSimpleObject	
NMRA_435	.?AUNMRA_435@@	0x1ba6b80	4	NetworkSimpleObject	NetworkSimpleObject	
NMRA_437	.?AUNMRA_437@@	0x1ba9038	4	NetworkSimpleObject	NetworkSimpleObject	
NMRA_44	.?AUNMRA_44@@	0x1ba6298	4	NMRA_489	NMRA_489;NetworkSimpleObject	
NMRA_440	.?AUNMRA_440@@	0x1ba6a40	4	NetworkSimpleObject	NetworkSimpleObject	
NMRA_441	.?AUNMRA_441@@	0x1bb4358	4	NetworkSimpleObject	NetworkSimpleObject	
NMRA_442	.?AUNMRA_442@@	0x1ba7be0	4	NetworkSimpleObject	NetworkSimpleObject	
NMRA_444	.?AUNMRA_444@@	0x1ba6ef0	4	NetworkSimpleObject	NetworkSimpleObject	
NMRA_446	.?AUNMRA_446@@	0x1ba4b90	4	NetworkSimpleObject	NetworkSimpleObject	
NMRA_447	.?AUNMRA_447@@	0x1ba8090	4	NetworkSimpleObject	NetworkSimpleObject	
NMRA_448	.?AUNMRA_448@@	0x1ba6ec8	4	NetworkSimpleObject	NetworkSimpleObject	
NMRA_450	.?AUNMRA_450@@	0x1ba6608	4	NetworkSimpleObject	NetworkSimpleObject	
NMRA_451	.?AUNMRA_451@@	0x1ba9060	4	NetworkSimpleObject	NetworkSimpleObject	
NMRA_452	.?AUNMRA_452@@	0x1ba7080	4	NetworkSimpleObject	NetworkSimpleObject	
NMRA_453	.?AUNMRA_453@@	0x1ba8fc0	4	NetworkSimpleObject	NetworkSimpleObject	
NMRA_454	.?AUNMRA_454@@	0x1b40d30	4	NetworkSimpleObject	NetworkSimpleObject	
NMRA_455	.?AUNMRA_455@@	0x1a7ac88	4	NetworkSimpleObject	NetworkSimpleObject	
NMRA_456	.?AUNMRA_456@@	0x1ba7820	4	NetworkSimpleObject	NetworkSimpleObject	
NMRA_457	.?AUNMRA_457@@	0x1ba9308	4	NetworkSimpleObject	NetworkSimpleObject	
NMRA_458	.?AUNMRA_458@@	0x1ba62e8	4	NetworkSimpleObject	NetworkSimpleObject	
NMRA_459	.?AUNMRA_459@@	0x1acd1c8	4	NetworkSimpleObject	NetworkSimpleObject	
NMRA_462	.?AUNMRA_462@@	0x1ba6f68	4	NetworkSimpleObject	NetworkSimpleObject	
NMRA_463	.?AUNMRA_463@@	0x1ba6a18	4	NetworkSimpleObject	NetworkSimpleObject	
NMRA_464	.?AUNMRA_464@@	0x1a7ab70	4	NetworkSimpleObject	NetworkSimpleObject	
NMRA_465	.?AUNMRA_465@@	0x1ba88d8	4	NetworkSimpleObject	NetworkSimpleObject	
NMRA_468	.?AUNMRA_468@@	0x1ba70f8	4	NetworkSimpleObject	NetworkSimpleObject	
NMRA_47	.?AUNMRA_47@@	0x1ba81f8	4	NetworkSimpleObject	NetworkSimpleObject	
NMRA_470	.?AUNMRA_470@@	0x1ba76e0	4	NetworkSimpleObject	NetworkSimpleObject	
NMRA_472	.?AUNMRA_472@@	0x1ba72f8	4	NetworkSimpleObject	NetworkSimpleObject	
NMRA_474	.?AUNMRA_474@@	0x1ba84a0	4	NetworkSimpleObject	NetworkSimpleObject	
NMRA_476	.?AUNMRA_476@@	0x1ba7d48	4	NetworkSimpleObject	NetworkSimpleObject	
NMRA_478	.?AUNMRA_478@@	0x1ba6568	4	NetworkSimpleObject	NetworkSimpleObject	
NMRA_479	.?AUNMRA_479@@	0x1ba8f48	4	NetworkSimpleObject	NetworkSimpleObject	
NMRA_480	.?AUNMRA_480@@	0x1ba62c0	4	NMRA_489	NMRA_489;NetworkSimpleObject	
NMRA_481	.?AUNMRA_481@@	0x1ba65b8	4	NetworkSimpleObject	NetworkSimpleObject	
NMRA_483	.?AUNMRA_483@@	0x1ba70d0	4	NetworkSimpleObject	NetworkSimpleObject	
NMRA_484	.?AUNMRA_484@@	0x1ba7e10	4	NetworkSimpleObject	NetworkSimpleObject	
NMRA_488	.?AUNMRA_488@@	0x1ba72a8	4	NetworkSimpleObject	NetworkSimpleObject	
NMRA_489	.?AUNMRA_489@@	0x1ba6270	4	NetworkSimpleObject	NetworkSimpleObject	
NMRA_49	.?AUNMRA_49@@	0x1ba7500	4	NetworkSimpleObject	NetworkSimpleObject	
NMRA_50	.?AUNMRA_50@@	0x1ba6978	4	NetworkSimpleObject	NetworkSimpleObject	
NMRA_51	.?AUNMRA_51@@	0x1ba6fb8	4	NetworkSimpleObject	NetworkSimpleObject	
NMRA_53	.?AUNMRA_53@@	0x1ba7258	4	NetworkSimpleObject	NetworkSimpleObject	
NMRA_56	.?AUNMRA_56@@	0x1ba7a78	4	NetworkSimpleObject	NetworkSimpleObject	
NMRA_57	.?AUNMRA_57@@	0x1ba6748	4	NetworkSimpleObject	NetworkSimpleObject	
NMRA_58	.?AUNMRA_58@@	0x1ba7320	4	NetworkSimpleObject	NetworkSimpleObject	
NMRA_59	.?AUNMRA_59@@	0x1ba8428	4	NetworkSimpleObject	NetworkSimpleObject	
NMRA_6	.?AUNMRA_6@@	0x1ba6360	4	NetworkSimpleObject	NetworkSimpleObject	
NMRA_60	.?AUNMRA_60@@	0x1a7aeb8	4	NetworkSimpleObject	NetworkSimpleObject	
NMRA_61	.?AUNMRA_61@@	0x1ba7f00	4	NetworkSimpleObject	NetworkSimpleObject	
NMRA_62	.?AUNMRA_62@@	0x1ba9150	4	NetworkSimpleObject	NetworkSimpleObject	
NMRA_63	.?AUNMRA_63@@	0x1ba85b8	4	NetworkSimpleObject	NetworkSimpleObject	
NMRA_64	.?AUNMRA_64@@	0x1ba7f28	4	NetworkSimpleObject	NetworkSimpleObject	
NMRA_68	.?AUNMRA_68@@	0x1ba6720	4	NetworkSimpleObject	NetworkSimpleObject	
NMRA_69	.?AUNMRA_69@@	0x1ba7988	4	NetworkSimpleObject	NetworkSimpleObject	
NMRA_7	.?AUNMRA_7@@	0x1ba7438	4	NetworkSimpleObject	NetworkSimpleObject	
NMRA_70	.?AUNMRA_70@@	0x1ba7eb0	4	NetworkSimpleObject	NetworkSimpleObject	
NMRA_72	.?AUNMRA_72@@	0x1ba8fe8	4	NetworkSimpleObject	NetworkSimpleObject	
NMRA_73	.?AUNMRA_73@@	0x1ba8ab8	4	NetworkSimpleObject	NetworkSimpleObject	
NMRA_74	.?AUNMRA_74@@	0x1ba8f70	4	NetworkSimpleObject	NetworkSimpleObject	
NMRA_75	.?AUNMRA_75@@	0x1ba79b0	4	NetworkSimpleObject	NetworkSimpleObject	
NMRA_76	.?AUNMRA_76@@	0x1ba7bb8	4	NetworkSimpleObject	NetworkSimpleObject	
NMRA_77	.?AUNMRA_77@@	0x1ba6ea0	4	NetworkSimpleObject	NetworkSimpleObject	
NMRA_8	.?AUNMRA_8@@	0x1ba78c0	4	NetworkSimpleObject	NetworkSimpleObject	
NMRA_80	.?AUNMRA_80@@	0x1ba86f8	4	NMRA_370	NMRA_370;NetworkSimpleObject	
NMRA_81	.?AUNMRA_81@@	0x1ba7780	4	NetworkSimpleObject	NetworkSimpleObject	
NMRA_82	.?AUNMRA_82@@	0x1ba9010	4	NetworkSimpleObject	NetworkSimpleObject	
NMRA_83	.?AUNMRA_83@@	0x1ba7120	4	NetworkSimpleObject	NetworkSimpleObject	
NMRA_87	.?AUNMRA_87@@	0x1ba6540	4	NetworkSimpleObject	NetworkSimpleObject	
NMRA_89	.?AUNMRA_89@@	0x1ba8de0	4	NetworkSimpleObject	NetworkSimpleObject	
NMRA_9	.?AUNMRA_9@@	0x1ba6428	4	NetworkSimpleObject	NetworkSimpleObject	
NMRA_90	.?AUNMRA_90@@	0x1ba7910	4	NetworkSimpleObject	NetworkSimpleObject	
NMRA_91	.?AUNMRA_91@@	0x1a7ae40	4	NetworkSimpleObject	NetworkSimpleObject	
NMRA_92	.?AUNMRA_92@@	0x1ba6518	4	NetworkSimpleObject	NetworkSimpleObject	
NMRA_93	.?AUNMRA_93@@	0x1ba8608	4	NetworkSimpleObject	NetworkSimpleObject	
NMRA_94	.?AUNMRA_94@@	0x1ba7e88	4	NetworkSimpleObject	NetworkSimpleObject	
NMRA_95	.?AUNMRA_95@@	0x1ba64a0	4	NetworkSimpleObject	NetworkSimpleObject	
NMRA_96	.?AUNMRA_96@@	0x1ba81d0	4	NetworkSimpleObject	NetworkSimpleObject	
NMRA_97	.?AUNMRA_97@@	0x1a7acb0	4	NetworkSimpleObject	NetworkSimpleObject	
NMRA_98	.?AUNMRA_98@@	0x1ba90b0	4	NetworkSimpleObject	NetworkSimpleObject	
NMRA_99	.?AUNMRA_99@@	0x1ba8888	4	NetworkSimpleObject	NetworkSimpleObject	
NoCopy	.?AVNoCopy@@					no-col
NodeStructured	.?AVNodeStructured@@	0x1b8f9a8	11	INode	INode;BaseRefCount<1>;RefCountBaseT<1>	
NoiseSoundPars	.?AUNoiseSoundPars@@	0x1bd8158	3	BaseRefCount<1>	BaseRefCount<1>;RefCountBaseT<1>	
NoisesSound	.?AVNoisesSound@@	0x1bdfc80	3	BaseRefCount<1>	BaseRefCount<1>;RefCountBaseT<1>	
Notepad	.?AVNotepad@@	0x1cd1710,0x1cd23a8@24,0x1cd23d0@48,0x1cd2490@1464,0x1cd26f8@1728,0x1cd2720@1992	402,4,23,76,4,6	ControlObjectContainer;LODShapeLoadHandler	ControlObjectContainer;ControlObjectWithZoom;ControlObject;Entity;ObjectTyped;Object;NetworkObject;RemoveSoftLinks<SoftLinkIdTraits<ObjectId,ObjectIdAutoDestroy>>;BaseRefCount<1>;RefCountBaseT<1>;NetworkSimpleObject;CountInstances<Object>;EPEItem;TLinkBidir<1>;NoCopy;Animated;IControl;EventHandlerGroupContainer_DynArray<EventHandlerContainer_UI,enum ControlEvent>;IUICollectibleControls;IHasGameVarSpace;SerializeClass;LODShapeLoadHandler	MI
NularOperator	.?AVNularOperator@@	0x1a9d2d0	3	BaseRefCount<1>	BaseRefCount<1>;RefCountBaseT<1>	
NumberBaseIterator<AirportsList::IteratorTrait>	.?AU?$NumberBaseIterator@UIteratorTrait@AirportsList@@@@	0x1ac0ba0	2			
NumberBaseIterator<ParamEntryVal::IteratorTrait>	.?AU?$NumberBaseIterator@UIteratorTrait@ParamEntryVal@@@@	0x1a8dfb8	2			
NumberBaseIterator<SortingIteratorTrait<CListBoxContainer>>	.?AU?$NumberBaseIterator@U?$SortingIteratorTrait@VCListBoxContainer@@@@@@	0x1ccfdc8	2			
NumberBaseIterator<SortingIteratorTrait<CListNBox>>	.?AU?$NumberBaseIterator@U?$SortingIteratorTrait@VCListNBox@@@@@@	0x1ccfe98	2			
NVMarkerTarget	.?AVNVMarkerTarget@@	0x1bf01d8,0x1bf15f8@24,0x1bf1620@48,0x1bf16e0@1464,0x1bf1700@1472	643,4,23,3,2	EntityAI	EntityAI;Entity;ObjectTyped;Object;NetworkObject;RemoveSoftLinks<SoftLinkIdTraits<ObjectId,ObjectIdAutoDestroy>>;BaseRefCount<1>;RefCountBaseT<1>;NetworkSimpleObject;CountInstances<Object>;EPEItem;TLinkBidir<1>;NoCopy;Animated;JoinedObject;IHasParentContainer	MI
NVMarkerTargetType	.?AVNVMarkerTargetType@@	0x1befed8,0x1bf0160@24,0x1bf0198@32,0x1bf01b0@752	80,6,2,4	EntityAIType	EntityAIType;EntityType;RemoveLLinks;BaseRefCount<1>;RefCountBaseT<1>;LODShapeLoadHandler;AnimatedType;LinkBidirWithFrameStoreT<FrameStoreTraits>;TLinkBidir<2>;NoCopy;ComponentHolderType<ComponentType>	MI
NVSensorComponent	.?AVNVSensorComponent@@	0x1ac4fe8	17	SensorBaseComponent	SensorBaseComponent;Component;BaseRefCount<1>;RefCountBaseT<1>	
NVSensorComponentType	.?AVNVSensorComponentType@@	0x1ac4f48	16	SensorBaseComponentType	SensorBaseComponentType;ComponentType;BaseRefCount<1>;RefCountBaseT<1>	
OALBuffer	.?AUOALBuffer@@	0x1b5b028	3	BaseRefCount<1>;NoCopy	BaseRefCount<1>;RefCountBaseT<1>;NoCopy	MI
ObjDraw<0>	.?AU?$ObjDraw@$0A@@@	0x1ca8158	3	ObjDrawBase	ObjDrawBase;IMicroJob;enf::Job;enf::JobCommon;enf::JobCore	
ObjDraw<1>	.?AU?$ObjDraw@$00@@	0x1ca8218	3	ObjDrawBase	ObjDrawBase;IMicroJob;enf::Job;enf::JobCommon;enf::JobCore	
ObjDrawBase	.?AUObjDrawBase@@	0x1ca7ef8	3	IMicroJob	IMicroJob;enf::Job;enf::JobCommon;enf::JobCore	
ObjDrawInstanced<0>	.?AU?$ObjDrawInstanced@$0A@@@	0x1ca9938	3	ObjDrawBase	ObjDrawBase;IMicroJob;enf::Job;enf::JobCommon;enf::JobCore	
ObjDrawInstanced<1>	.?AU?$ObjDrawInstanced@$00@@	0x1ca9918	3	ObjDrawBase	ObjDrawBase;IMicroJob;enf::Job;enf::JobCommon;enf::JobCore	
ObjDrawShadow<0>	.?AU?$ObjDrawShadow@$0A@@@	0x1ca8288	3	ObjDrawBase	ObjDrawBase;IMicroJob;enf::Job;enf::JobCommon;enf::JobCore	
ObjDrawShadow<1>	.?AU?$ObjDrawShadow@$00@@	0x1ca82a8	3	ObjDrawBase	ObjDrawBase;IMicroJob;enf::Job;enf::JobCommon;enf::JobCore	
ObjDrawShadowInstanced<0>	.?AU?$ObjDrawShadowInstanced@$0A@@@	0x1ca8268	3	ObjDrawBase	ObjDrawBase;IMicroJob;enf::Job;enf::JobCommon;enf::JobCore	
Object	.?AVObject@@	0x1ca2e60,0x1ca38a0@24,0x1ca38c8@48	327,4,23	NetworkObject;CountInstances<Object>;EPEItem	NetworkObject;RemoveSoftLinks<SoftLinkIdTraits<ObjectId,ObjectIdAutoDestroy>>;BaseRefCount<1>;RefCountBaseT<1>;NetworkSimpleObject;CountInstances<Object>;EPEItem;TLinkBidir<1>;NoCopy	MI
Object::RestrictedZoneObj	.?AURestrictedZoneObj@Object@@	0x1ca2e40	3	BaseRefCount<1>	BaseRefCount<1>;RefCountBaseT<1>	
ObjectColored	.?AVObjectColored@@	0x1ca4fe0,0x1ca5a20@24,0x1ca5a48@48	327,4,23	Object	Object;NetworkObject;RemoveSoftLinks<SoftLinkIdTraits<ObjectId,ObjectIdAutoDestroy>>;BaseRefCount<1>;RefCountBaseT<1>;NetworkSimpleObject;CountInstances<Object>;EPEItem;TLinkBidir<1>;NoCopy	MI
ObjectDestroyAnim	.?AVObjectDestroyAnim@@	0x1ca6630	3	BaseRefCount<1>	BaseRefCount<1>;RefCountBaseT<1>	
ObjectDestructed	.?AVObjectDestructed@@	0x1c263a0,0x1c27020@24,0x1c27048@48	399,4,23	Entity	Entity;ObjectTyped;Object;NetworkObject;RemoveSoftLinks<SoftLinkIdTraits<ObjectId,ObjectIdAutoDestroy>>;BaseRefCount<1>;RefCountBaseT<1>;NetworkSimpleObject;CountInstances<Object>;EPEItem;TLinkBidir<1>;NoCopy;Animated	MI
ObjectForcedColorEmissiveNoTask	.?AVObjectForcedColorEmissiveNoTask@@	0x1ca8df0,0x1ca9830@24,0x1ca9858@48	327,4,23	ObjectLight	ObjectLight;ObjectColored;Object;NetworkObject;RemoveSoftLinks<SoftLinkIdTraits<ObjectId,ObjectIdAutoDestroy>>;BaseRefCount<1>;RefCountBaseT<1>;NetworkSimpleObject;CountInstances<Object>;EPEItem;TLinkBidir<1>;NoCopy	MI
ObjectFunctor::FindMagazineByID	.?AVFindMagazineByID@ObjectFunctor@@	0x1ced090	2	ObjectFunctor::IFindMagazine	ObjectFunctor::IFindMagazine;ObjectFunctor::IObjectFunctor	
ObjectFunctor::FindMagazineByName	.?AVFindMagazineByName@ObjectFunctor@@	0x1ced078	2	ObjectFunctor::IFindMagazine	ObjectFunctor::IFindMagazine;ObjectFunctor::IObjectFunctor	
ObjectFunctor::IFindMagazine	.?AVIFindMagazine@ObjectFunctor@@					no-col
ObjectFunctor::IObjectFunctor	.?AVIObjectFunctor@ObjectFunctor@@	0x1ced060	2			
ObjectLight	.?AVObjectLight@@	0x1ca82c8,0x1ca8d08@24,0x1ca8d30@48	327,4,23	ObjectColored	ObjectColored;Object;NetworkObject;RemoveSoftLinks<SoftLinkIdTraits<ObjectId,ObjectIdAutoDestroy>>;BaseRefCount<1>;RefCountBaseT<1>;NetworkSimpleObject;CountInstances<Object>;EPEItem;TLinkBidir<1>;NoCopy	MI
ObjectLineDiag	.?AVObjectLineDiag@@	0x1c6d880,0x1c6e2c0@24,0x1c6e2e8@48	327,4,23	ObjectColored	ObjectColored;Object;NetworkObject;RemoveSoftLinks<SoftLinkIdTraits<ObjectId,ObjectIdAutoDestroy>>;BaseRefCount<1>;RefCountBaseT<1>;NetworkSimpleObject;CountInstances<Object>;EPEItem;TLinkBidir<1>;NoCopy	MI
ObjectListAgg	.?AVObjectListAgg@@	0x1ce7640,0x1ce7658@112	2,3	ObjectListFullBase;LinkBidirWithFrameStoreT<FrameStoreTraits>;BaseRefCount<1>	ObjectListFullBase;ObjectListFullInfo;RefArray<Object,MemAllocD>;FindArrayKey<Ref<Object>,RefArrayKeyTraits<Object>,MemAllocD>;AutoArray<Ref<Object>,MemAllocD>;Array<Ref<Object>>;MemAllocD;LinkBidirWithFrameStoreT<FrameStoreTraits>;TLinkBidir<2>;NoCopy;BaseRefCount<1>;RefCountBaseT<1>	MI
ObjectListCache	.?AVObjectListCache@@	0x1c5da60,0x1c5dac0@152	11,3	CacheContainer<ObjectListFull,CacheTraits<ObjectListFull>>;BaseRefCount<1>	CacheContainer<ObjectListFull,CacheTraits<ObjectListFull>>;MemoryFreeOnDemandHelper;IMemoryFreeOnDemand;TLinkBidir<0>;NoCopy;BaseRefCount<1>;RefCountBaseT<1>	MI
ObjectListFull	.?AVObjectListFull@@	0x1ce75c8	2	LinkBidirWithFrameStoreT<FrameStoreTraits>;ObjectListFullBase	LinkBidirWithFrameStoreT<FrameStoreTraits>;TLinkBidir<2>;NoCopy;ObjectListFullBase;ObjectListFullInfo;RefArray<Object,MemAllocD>;FindArrayKey<Ref<Object>,RefArrayKeyTraits<Object>,MemAllocD>;AutoArray<Ref<Object>,MemAllocD>;Array<Ref<Object>>;MemAllocD	MI
ObjectListFullBase	.?AVObjectListFullBase@@	0x1ce75b0	2	ObjectListFullInfo;RefArray<Object,MemAllocD>	ObjectListFullInfo;RefArray<Object,MemAllocD>;FindArrayKey<Ref<Object>,RefArrayKeyTraits<Object>,MemAllocD>;AutoArray<Ref<Object>,MemAllocD>;Array<Ref<Object>>;MemAllocD	MI
ObjectListFullInfo	.?AVObjectListFullInfo@@	0x1ce7598	2			
ObjectPlain	.?AVObjectPlain@@	0x1ca3988,0x1ca43c8@24,0x1ca43f0@48	327,4,23	Object	Object;NetworkObject;RemoveSoftLinks<SoftLinkIdTraits<ObjectId,ObjectIdAutoDestroy>>;BaseRefCount<1>;RefCountBaseT<1>;NetworkSimpleObject;CountInstances<Object>;EPEItem;TLinkBidir<1>;NoCopy	MI
ObjectRectIndex	.?AVObjectRectIndex@@	0x1c5dd70	3	BaseRefCount<1>	BaseRefCount<1>;RefCountBaseT<1>	
ObjectRemoveInfo	.?AUObjectRemoveInfo@@					no-col
ObjectTyped	.?AVObjectTyped@@	0x1ca5b08,0x1ca6548@24,0x1ca6570@48	327,4,23	Object	Object;NetworkObject;RemoveSoftLinks<SoftLinkIdTraits<ObjectId,ObjectIdAutoDestroy>>;BaseRefCount<1>;RefCountBaseT<1>;NetworkSimpleObject;CountInstances<Object>;EPEItem;TLinkBidir<1>;NoCopy	MI
ObjectViewer	.?AVObjectViewer@@	0x1c719c0,0x1c72640@24,0x1c72668@48	399,4,23	Entity	Entity;ObjectTyped;Object;NetworkObject;RemoveSoftLinks<SoftLinkIdTraits<ObjectId,ObjectIdAutoDestroy>>;BaseRefCount<1>;RefCountBaseT<1>;NetworkSimpleObject;CountInstances<Object>;EPEItem;TLinkBidir<1>;NoCopy;Animated	MI
ObjectVisualState	.?AVObjectVisualState@@	0x1b282e8,0x1b283a0@64	22,3	FrameBase;BaseRefCount<1>	FrameBase;Frame;Matrix4P;BaseRefCount<1>;RefCountBaseT<1>	MI
ObjectWindAnim	.?AVObjectWindAnim@@	0x1ca44b0,0x1ca4ef8@24,0x1ca4f20@48	328,4,23	Object	Object;NetworkObject;RemoveSoftLinks<SoftLinkIdTraits<ObjectId,ObjectIdAutoDestroy>>;BaseRefCount<1>;RefCountBaseT<1>;NetworkSimpleObject;CountInstances<Object>;EPEItem;TLinkBidir<1>;NoCopy	MI
ObjectWindAnimPar<WindAnimParBushHard>	.?AV?$ObjectWindAnimPar@UWindAnimParBushHard@@@@	0x1c6c130,0x1c6cb78@24,0x1c6cba0@48	328,4,23	ObjectWindAnim	ObjectWindAnim;Object;NetworkObject;RemoveSoftLinks<SoftLinkIdTraits<ObjectId,ObjectIdAutoDestroy>>;BaseRefCount<1>;RefCountBaseT<1>;NetworkSimpleObject;CountInstances<Object>;EPEItem;TLinkBidir<1>;NoCopy	MI
ObjectWindAnimPar<WindAnimParBushSoft>	.?AV?$ObjectWindAnimPar@UWindAnimParBushSoft@@@@	0x1c6cc60,0x1c6d6a8@24,0x1c6d6d0@48	328,4,23	ObjectWindAnim	ObjectWindAnim;Object;NetworkObject;RemoveSoftLinks<SoftLinkIdTraits<ObjectId,ObjectIdAutoDestroy>>;BaseRefCount<1>;RefCountBaseT<1>;NetworkSimpleObject;CountInstances<Object>;EPEItem;TLinkBidir<1>;NoCopy	MI
ObjectWindAnimPar<WindAnimParTreeHard>	.?AV?$ObjectWindAnimPar@UWindAnimParTreeHard@@@@	0x1c6aad0,0x1c6b518@24,0x1c6b540@48	328,4,23	ObjectWindAnim	ObjectWindAnim;Object;NetworkObject;RemoveSoftLinks<SoftLinkIdTraits<ObjectId,ObjectIdAutoDestroy>>;BaseRefCount<1>;RefCountBaseT<1>;NetworkSimpleObject;CountInstances<Object>;EPEItem;TLinkBidir<1>;NoCopy	MI
ObjectWindAnimPar<WindAnimParTreeSoft>	.?AV?$ObjectWindAnimPar@UWindAnimParTreeSoft@@@@	0x1c6b600,0x1c6c048@24,0x1c6c070@48	328,4,23	ObjectWindAnim	ObjectWindAnim;Object;NetworkObject;RemoveSoftLinks<SoftLinkIdTraits<ObjectId,ObjectIdAutoDestroy>>;BaseRefCount<1>;RefCountBaseT<1>;NetworkSimpleObject;CountInstances<Object>;EPEItem;TLinkBidir<1>;NoCopy	MI
OcclusionQuery	.?AVOcclusionQuery@@	0x1b43a38	3	BaseRefCount<1>	BaseRefCount<1>;RefCountBaseT<1>	
OfficialServerList	.?AVOfficialServerList@@	0x1b318c8	3	ServerList	ServerList	
OffTree<RoadwayFace,OffTreeTraits<RoadwayFace,MemAllocD>,MemAllocD>	.?AV?$OffTree@URoadwayFace@@U?$OffTreeTraits@URoadwayFace@@VMemAllocD@@@@VMemAllocD@@@@					no-col
OffTreeDefTraits<RoadwayFace,MemAllocD>	.?AU?$OffTreeDefTraits@URoadwayFace@@VMemAllocD@@@@					no-col
OffTreeRegionTraits<RoadwayFace,MemAllocD>	.?AU?$OffTreeRegionTraits@URoadwayFace@@VMemAllocD@@@@					no-col
OffTreeTraits<RoadwayFace,MemAllocD>	.?AU?$OffTreeTraits@URoadwayFace@@VMemAllocD@@@@					no-col
OFPApplicationInfoFunctions	.?AVOFPApplicationInfoFunctions@@	0x1d2d5b8	11	ApplicationInfoFunctions	ApplicationInfoFunctions	
OFPFrameFunctions	.?AVOFPFrameFunctions@@	0x1c65758	22	AppFrameFunctions	AppFrameFunctions	
OggDecoder	.?AVOggDecoder@@	0x1c6e480	3	BaseRefCount<1>	BaseRefCount<1>;RefCountBaseT<1>	
OggStream	.?AVOggStream@@	0x1c6e460	3	BaseRefCount<1>	BaseRefCount<1>;RefCountBaseT<1>	
OldDescriptionExt	.?AVOldDescriptionExt@@	0x1b1a890	7	IDescriptionExtWithPath	IDescriptionExtWithPath;IDescriptionExt;BaseRefCount<1>;RefCountBaseT<1>	
OldMissionTemplate	.?AVOldMissionTemplate@@	0x1b24b58	17	IMissionTemplate	IMissionTemplate;BaseRefCount<1>;RefCountBaseT<1>	
OnPlayRadioContext	.?AUOnPlayRadioContext@@	0x1c705b8	3	BaseRefCount<1>	BaseRefCount<1>;RefCountBaseT<1>	
OpenBayFunc	.?AVOpenBayFunc@@	0x1aca298	2	ITurretFunc	ITurretFunc	
OpenFireFunc	.?AVOpenFireFunc@@	0x1c468e0	2	ITurretFunc	ITurretFunc	
OperCache	.?AVOperCache@@	0x1cb5aa8,0x1cb5ae8@8	7,10	IOperCache;MemoryFreeOnDemandHelper	IOperCache;MemoryFreeOnDemandHelper;IMemoryFreeOnDemand;TLinkBidir<0>;NoCopy	MI
OperField	.?AVOperField@@	0x1cb5198	13	BaseRefCount<1>;LinkBidirWithFrameStoreT<FrameStoreTraits>	BaseRefCount<1>;RefCountBaseT<1>;LinkBidirWithFrameStoreT<FrameStoreTraits>;TLinkBidir<2>;NoCopy	MI
OperFieldFull	.?AVOperFieldFull@@	0x1cb5278	14	OperField	OperField;BaseRefCount<1>;RefCountBaseT<1>;LinkBidirWithFrameStoreT<FrameStoreTraits>;TLinkBidir<2>;NoCopy	MI
OperFieldFullExt	.?AVOperFieldFullExt@@	0x1cb52f0	14	OperFieldFull	OperFieldFull;OperField;BaseRefCount<1>;RefCountBaseT<1>;LinkBidirWithFrameStoreT<FrameStoreTraits>;TLinkBidir<2>;NoCopy	MI
OperFieldSimple	.?AVOperFieldSimple@@	0x1cb5208	13	OperField	OperField;BaseRefCount<1>;RefCountBaseT<1>;LinkBidirWithFrameStoreT<FrameStoreTraits>;TLinkBidir<2>;NoCopy	MI
OperMap	.?AVOperMap@@	0x1cb53d8	2	NoCopy;Job	NoCopy;Job	MI
OperMapField	.?AUOperMapField@@	0x1cb53a8	5	BaseRefCount<1>	BaseRefCount<1>;RefCountBaseT<1>	
OpticsState	.?AVOpticsState@@	0x1c76a60	4	SerializeClass	SerializeClass	
OpticsState::OpticsStateInfo	.?AUOpticsStateInfo@OpticsState@@	0x1c76a38	4	SerializeClass	SerializeClass	
OpusCodec	.?AVOpusCodec@@	0x1a94d80	15	VoNCodec	VoNCodec;BaseRefCount<1>;RefCountBaseT<1>	
OutEntityList	.?AVOutEntityList@@	0x1c7a500	4	SerializeClass	SerializeClass	
OverlappedGetFileTime	.?AVOverlappedGetFileTime@@	0x1aad288	13	IOverlapped	IOverlapped;BaseRefCount<1>;RefCountBaseT<1>	
OverlappedOpen	.?AVOverlappedOpen@@	0x1aad210	13	IOverlapped	IOverlapped;BaseRefCount<1>;RefCountBaseT<1>	
OverlappedReadScatter	.?AVOverlappedReadScatter@@	0x1aad300	13	IOverlapped	IOverlapped;BaseRefCount<1>;RefCountBaseT<1>	
OverrideLocation	.?AUOverrideLocation@@	0x1bb9230	7	DynamicLocation	DynamicLocation;Location;RemoveLLinks;BaseRefCount<1>;RefCountBaseT<1>	
pairNode	.?AVpairNode@@	0x1d9e670	4	DNameNode	DNameNode	
Parachute	.?AVParachute@@	0x1bf73a0,0x1bf9180@24,0x1bf91a8@48,0x1bf9268@1464,0x1bf9288@1472,0x1bf92a0@2152	955,4,23,3,2,7	Transport	Transport;EntityAIFull;EntityAI;Entity;ObjectTyped;Object;NetworkObject;RemoveSoftLinks<SoftLinkIdTraits<ObjectId,ObjectIdAutoDestroy>>;BaseRefCount<1>;RefCountBaseT<1>;NetworkSimpleObject;CountInstances<Object>;EPEItem;TLinkBidir<1>;NoCopy;Animated;JoinedObject;IHasParentContainer;ComponentHolder<EntityAIFull,Component>	MI
ParachuteAuto	.?AVParachuteAuto@@	0x1bf92e0,0x1bfb0c0@24,0x1bfb0e8@48,0x1bfb1a8@1464,0x1bfb1c8@1472,0x1bfb1e0@2152	955,4,23,3,2,7	Parachute	Parachute;Transport;EntityAIFull;EntityAI;Entity;ObjectTyped;Object;NetworkObject;RemoveSoftLinks<SoftLinkIdTraits<ObjectId,ObjectIdAutoDestroy>>;BaseRefCount<1>;RefCountBaseT<1>;NetworkSimpleObject;CountInstances<Object>;EPEItem;TLinkBidir<1>;NoCopy;Animated;JoinedObject;IHasParentContainer;ComponentHolder<EntityAIFull,Component>	MI
ParachuteType	.?AVParachuteType@@	0x1bf7068,0x1bf7328@24,0x1bf7360@32,0x1bf7378@752	87,6,2,4	TransportType	TransportType;EntityAIType;EntityType;RemoveLLinks;BaseRefCount<1>;RefCountBaseT<1>;LODShapeLoadHandler;AnimatedType;LinkBidirWithFrameStoreT<FrameStoreTraits>;TLinkBidir<2>;NoCopy;ComponentHolderType<ComponentType>	MI
ParachuteVisualState	.?AVParachuteVisualState@@	0x1bf6f80,0x1bf7048@64	24,3	TransportVisualState	TransportVisualState;EntityVisualState;ObjectVisualState;FrameBase;Frame;Matrix4P;BaseRefCount<1>;RefCountBaseT<1>	MI
Paraglide	.?AVParaglide@@	0x1bfb818,0x1bfd5f8@24,0x1bfd620@48,0x1bfd6e0@1464,0x1bfd700@1472,0x1bfd718@2152	955,4,23,3,2,7	Transport	Transport;EntityAIFull;EntityAI;Entity;ObjectTyped;Object;NetworkObject;RemoveSoftLinks<SoftLinkIdTraits<ObjectId,ObjectIdAutoDestroy>>;BaseRefCount<1>;RefCountBaseT<1>;NetworkSimpleObject;CountInstances<Object>;EPEItem;TLinkBidir<1>;NoCopy;Animated;JoinedObject;IHasParentContainer;ComponentHolder<EntityAIFull,Component>	MI
ParaglideAuto	.?AVParaglideAuto@@	0x1bfd758,0x1bff538@24,0x1bff560@48,0x1bff620@1464,0x1bff640@1472,0x1bff658@2152	955,4,23,3,2,7	Paraglide	Paraglide;Transport;EntityAIFull;EntityAI;Entity;ObjectTyped;Object;NetworkObject;RemoveSoftLinks<SoftLinkIdTraits<ObjectId,ObjectIdAutoDestroy>>;BaseRefCount<1>;RefCountBaseT<1>;NetworkSimpleObject;CountInstances<Object>;EPEItem;TLinkBidir<1>;NoCopy;Animated;JoinedObject;IHasParentContainer;ComponentHolder<EntityAIFull,Component>	MI
ParaglideType	.?AVParaglideType@@	0x1bfb4e0,0x1bfb7a0@24,0x1bfb7d8@32,0x1bfb7f0@752	87,6,2,4	TransportType	TransportType;EntityAIType;EntityType;RemoveLLinks;BaseRefCount<1>;RefCountBaseT<1>;LODShapeLoadHandler;AnimatedType;LinkBidirWithFrameStoreT<FrameStoreTraits>;TLinkBidir<2>;NoCopy;ComponentHolderType<ComponentType>	MI
ParaglideVisualState	.?AVParaglideVisualState@@	0x1bfb3f8,0x1bfb4c0@64	24,3	TransportVisualState	TransportVisualState;EntityVisualState;ObjectVisualState;FrameBase;Frame;Matrix4P;BaseRefCount<1>;RefCountBaseT<1>	MI
ParamArchive	.?AVParamArchive@@	0x1aaa708	1			
ParamArchiveLoad	.?AVParamArchiveLoad@@	0x1aaa7a0	1	ParamArchive	ParamArchive	
ParamArchiveLoadEntry	.?AVParamArchiveLoadEntry@@	0x1aaa7b0	1	ParamArchive	ParamArchive	
ParamArchiveSave	.?AVParamArchiveSave@@	0x1aaa790	1	ParamArchive	ParamArchive	
ParamArray	.?AVParamArray@@	0x1a9ac50	84	ParamEntry;ParamRawArray	ParamEntry;ParamRawArray	MI
ParamArrayValueArray	.?AVParamArrayValueArray@@	0x1a9ab50	31	IParamArrayValue;ParamRawArray	IParamArrayValue;BaseRefCount<1>;RefCountBaseT<1>;ParamRawArray	MI
ParamArrayValueSpec<ParamRawValue>	.?AV?$ParamArrayValueSpec@VParamRawValue@@@@	0x1a9a600	31	IParamArrayValue;ParamRawValue	IParamArrayValue;BaseRefCount<1>;RefCountBaseT<1>;ParamRawValue	MI
ParamArrayValueSpec<ParamRawValueExpression>	.?AV?$ParamArrayValueSpec@VParamRawValueExpression@@@@	0x1a9aa00	31	IParamArrayValue;ParamRawValueExpression	IParamArrayValue;BaseRefCount<1>;RefCountBaseT<1>;ParamRawValueExpression	MI
ParamArrayValueSpec<ParamRawValueFloat>	.?AV?$ParamArrayValueSpec@VParamRawValueFloat@@@@	0x1a9a700	31	IParamArrayValue;ParamRawValueFloat	IParamArrayValue;BaseRefCount<1>;RefCountBaseT<1>;ParamRawValueFloat	MI
ParamArrayValueSpec<ParamRawValueInt64>	.?AV?$ParamArrayValueSpec@VParamRawValueInt64@@@@	0x1a9a900	31	IParamArrayValue;ParamRawValueInt64	IParamArrayValue;BaseRefCount<1>;RefCountBaseT<1>;ParamRawValueInt64	MI
ParamArrayValueSpec<ParamRawValueInt>	.?AV?$ParamArrayValueSpec@VParamRawValueInt@@@@	0x1a9a800	31	IParamArrayValue;ParamRawValueInt	IParamArrayValue;BaseRefCount<1>;RefCountBaseT<1>;ParamRawValueInt	MI
ParamClass	.?AVParamClass@@	0x1a98510,0x1a987e8@16,0x1a98800@32	90,2,6	ParamEntry;RemoveSoftLinks<SoftLinkIdTraits<ParamClassId,ParamClassId>>;ISoftLinkParamClassTraits;TLinkBidir<0>;CountInstances<ParamClass>	ParamEntry;RemoveSoftLinks<SoftLinkIdTraits<ParamClassId,ParamClassId>>;RefCountDummy;ISoftLinkParamClassTraits;TLinkBidir<0>;NoCopy;CountInstances<ParamClass>	MI
ParamClassArrayItem	.?AVParamClassArrayItem@@	0x1a97908	6	ClassArrayItem	ClassArrayItem	
ParamClassDb	.?AVParamClassDb@@	0x1a97a20	9	ClassDb	ClassDb;BaseRefCount<1>;RefCountBaseT<1>	
ParamClassDbFunctions	.?AVParamClassDbFunctions@@	0x1aaa7c0	4	ClassDbFunctions	ClassDbFunctions	
ParamClassDecl	.?AVParamClassDecl@@	0x1a99178,0x1a99450@16,0x1a99468@32	90,2,6	ParamClass	ParamClass;ParamEntry;RemoveSoftLinks<SoftLinkIdTraits<ParamClassId,ParamClassId>>;RefCountDummy;ISoftLinkParamClassTraits;TLinkBidir<0>;NoCopy;CountInstances<ParamClass>	MI
ParamClassDelete	.?AVParamClassDelete@@	0x1a994a0,0x1a99778@16,0x1a99790@32	90,2,6	ParamClass	ParamClass;ParamEntry;RemoveSoftLinks<SoftLinkIdTraits<ParamClassId,ParamClassId>>;RefCountDummy;ISoftLinkParamClassTraits;TLinkBidir<0>;NoCopy;CountInstances<ParamClass>	MI
ParamClassEntry	.?AVParamClassEntry@@	0x1a97940	27	ClassEntry	ClassEntry	
ParamClassOwner	.?AVParamClassOwner@@	0x1a98290	17	IParamClassSource	IParamClassSource;BaseRefCount<1>;RefCountBaseT<1>	
ParamClassOwnerFilename	.?AVParamClassOwnerFilename@@	0x1a98320	17	ParamClassOwner	ParamClassOwner;IParamClassSource;BaseRefCount<1>;RefCountBaseT<1>	
ParamClassOwnerIndirectNoUnload	.?AVParamClassOwnerIndirectNoUnload@@	0x1a98440	17	IParamClassSource	IParamClassSource;BaseRefCount<1>;RefCountBaseT<1>	
ParamClassOwnerNoUnload	.?AVParamClassOwnerNoUnload@@	0x1a983b0	17	ParamClassOwner	ParamClassOwner;IParamClassSource;BaseRefCount<1>;RefCountBaseT<1>	
ParamClassPlaceholder	.?AVParamClassPlaceholder@@	0x1a98e70	84	ParamEntry	ParamEntry	
ParamEntry	.?AVParamEntry@@	0x1a97fe8	84			
ParamEntry::CatchError	.?AVCatchError@ParamEntry@@	0x1a77bf0	4	DebugLogContext::internal::IDebugLogContext	DebugLogContext::internal::IDebugLogContext	
ParamEntryAllVisible	.?AVParamEntryAllVisible@@	0x1a97da0	3	IParamVisibleTest	IParamVisibleTest	
ParamEntryCtxError	.?AVParamEntryCtxError@@	0x1a9bb40,0x1a9be18@16,0x1a9be30@32	90,2,6	ParamClass	ParamClass;ParamEntry;RemoveSoftLinks<SoftLinkIdTraits<ParamClassId,ParamClassId>>;RefCountDummy;ISoftLinkParamClassTraits;TLinkBidir<0>;NoCopy;CountInstances<ParamClass>	MI
ParamEntryError	.?AVParamEntryError@@	0x1a97a78,0x1a97d50@16,0x1a97d68@32	90,2,6	ParamClass	ParamClass;ParamEntry;RemoveSoftLinks<SoftLinkIdTraits<ParamClassId,ParamClassId>>;RefCountDummy;ISoftLinkParamClassTraits;TLinkBidir<0>;NoCopy;CountInstances<ParamClass>	MI
ParamEntryIndex	.?AVParamEntryIndex@@	0x1a9b050	4	IParamEntryIndex	IParamEntryIndex	
ParamFile	.?AVParamFile@@	0x1a98838,0x1a98b10@16,0x1a98b28@32,0x1a98b60@192	90,2,6,10	ParamClass;MemoryFreeOnDemandHelper	ParamClass;ParamEntry;RemoveSoftLinks<SoftLinkIdTraits<ParamClassId,ParamClassId>>;RefCountDummy;ISoftLinkParamClassTraits;TLinkBidir<0>;NoCopy;CountInstances<ParamClass>;MemoryFreeOnDemandHelper;IMemoryFreeOnDemand;TLinkBidir<0>;NoCopy	MI
ParamFileDynamic	.?AVParamFileDynamic@@	0x1b4aed8,0x1b4b1b0@16,0x1b4b1c8@32,0x1b4b200@192	90,2,6,10	ParamFile	ParamFile;ParamClass;ParamEntry;RemoveSoftLinks<SoftLinkIdTraits<ParamClassId,ParamClassId>>;RefCountDummy;ISoftLinkParamClassTraits;TLinkBidir<0>;NoCopy;CountInstances<ParamClass>;MemoryFreeOnDemandHelper;IMemoryFreeOnDemand;TLinkBidir<0>;NoCopy	MI
ParamFileOwnerDyn	.?AVParamFileOwnerDyn@@	0x1b4ae48	17	ParamClassOwnerFilename	ParamClassOwnerFilename;ParamClassOwner;IParamClassSource;BaseRefCount<1>;RefCountBaseT<1>	
ParamOwnerList	.?AVParamOwnerList@@	0x1c7a1e0	3	IParamVisibleTest	IParamVisibleTest	
ParamRawArray	.?AVParamRawArray@@					no-col
ParamRawValue	.?AVParamRawValue@@					no-col
ParamRawValueExpression	.?AVParamRawValueExpression@@					no-col
ParamRawValueFloat	.?AVParamRawValueFloat@@					no-col
ParamRawValueInt	.?AVParamRawValueInt@@					no-col
ParamRawValueInt64	.?AVParamRawValueInt64@@					no-col
ParamValueSpec<ParamRawValue>	.?AV?$ParamValueSpec@VParamRawValue@@@@	0x1a998b8	84	ParamEntry;ParamRawValue	ParamEntry;ParamRawValue	MI
ParamValueSpec<ParamRawValueExpression>	.?AV?$ParamValueSpec@VParamRawValueExpression@@@@	0x1a9a358	84	ParamEntry;ParamRawValueExpression	ParamEntry;ParamRawValueExpression	MI
ParamValueSpec<ParamRawValueFloat>	.?AV?$ParamValueSpec@VParamRawValueFloat@@@@	0x1a99b60	84	ParamEntry;ParamRawValueFloat	ParamEntry;ParamRawValueFloat	MI
ParamValueSpec<ParamRawValueInt64>	.?AV?$ParamValueSpec@VParamRawValueInt64@@@@	0x1a9a0b0	84	ParamEntry;ParamRawValueInt64	ParamEntry;ParamRawValueInt64	MI
ParamValueSpec<ParamRawValueInt>	.?AV?$ParamValueSpec@VParamRawValueInt@@@@	0x1a99e08	84	ParamEntry;ParamRawValueInt	ParamEntry;ParamRawValueInt	MI
ParticleConfettiFlake	.?AUParticleConfettiFlake@@	0x1b713e0	3	IParticle	IParticle	
ParticleFireworksRocket	.?AUParticleFireworksRocket@@	0x1b71380	3	IParticle	IParticle	
ParticleFireworksSpark	.?AUParticleFireworksSpark@@	0x1b713a0	3	IParticle	IParticle	
ParticleRenderDataBase	.?AUParticleRenderDataBase@@	0x1b71330	3	ISplashWindowDrawHandler	ISplashWindowDrawHandler	
ParticleRenderDataConfetti	.?AUParticleRenderDataConfetti@@	0x1b71400	3	ParticleRenderDataBase	ParticleRenderDataBase;ISplashWindowDrawHandler	
ParticleRenderDataFireworks	.?AUParticleRenderDataFireworks@@	0x1b713c0	3	ParticleRenderDataBase	ParticleRenderDataBase;ISplashWindowDrawHandler	
ParticleSourceType	.?AUParticleSourceType@@	0x1c27ed8	3	BaseRefCount<1>	BaseRefCount<1>;RefCountBaseT<1>	
PassiveRadarSensorComponent	.?AVPassiveRadarSensorComponent@@	0x1ac5380	17	SensorBaseComponent	SensorBaseComponent;Component;BaseRefCount<1>;RefCountBaseT<1>	
PassiveRadarSensorComponentType	.?AVPassiveRadarSensorComponentType@@	0x1ac52f8	16	SensorBaseComponentType	SensorBaseComponentType;ComponentType;BaseRefCount<1>;RefCountBaseT<1>	
Path	.?AVPath@@	0x1c6ff80	4	AutoArray<OperInfoResult,MemAllocD>;SerializeClass	AutoArray<OperInfoResult,MemAllocD>;Array<OperInfoResult>;MemAllocD;SerializeClass	MI
PathAction	.?AVPathAction@@					no-col
PathActionLadderBottom	.?AVPathActionLadderBottom@@	0x1be8f78	6	PathAction	PathAction;BaseRefCount<1>;RefCountBaseT<1>	
PathActionLadderTop	.?AVPathActionLadderTop@@	0x1be8f40	6	PathAction	PathAction;BaseRefCount<1>;RefCountBaseT<1>	
Pathname	.?AVPathname@@	0x1aae638	1			
PathUserActionBegin	.?AVPathUserActionBegin@@	0x1be8fb0	6	PathAction	PathAction;BaseRefCount<1>;RefCountBaseT<1>	
PathUserActionEnd	.?AVPathUserActionEnd@@	0x1be8fe8	6	PathAction	PathAction;BaseRefCount<1>;RefCountBaseT<1>	
pcharNode	.?AVpcharNode@@	0x1d9e5f8	4	DNameNode	DNameNode	
PCMCodec	.?AVPCMCodec@@	0x1aabb20	15	VoNCodec	VoNCodec;BaseRefCount<1>;RefCountBaseT<1>	
PcPeerToPeerChannel	.?AVPcPeerToPeerChannel@@	0x1aaa0f0	8	NetPeerToPeerChannel	NetPeerToPeerChannel;BaseRefCount<1>;RefCountBaseT<1>	
pDNameNode	.?AVpDNameNode@@	0x1d9e620	4	DNameNode	DNameNode	
PeerChannelFactory	.?AVPeerChannelFactory@@					no-col
PeerChannelFactoryUDP	.?AVPeerChannelFactoryUDP@@	0x1aaa368	5	PeerChannelFactory	PeerChannelFactory;BaseRefCount<1>;RefCountBaseT<1>	
PendingObject	.?AVPendingObject@@	0x1b59d18	6	SerializeClass	SerializeClass	
PendingObject::Pair	.?AVPair@PendingObject@@	0x1b59cf0	4	SerializeClass	SerializeClass	
PendingObjectWithLocking	.?AVPendingObjectWithLocking@@	0x1b59d50	6	PendingObject	PendingObject;SerializeClass	
Person	.?AVPerson@@	0x1bffca0,0x1c01ae0@24,0x1c01b08@48,0x1c01bc8@1464,0x1c01be8@1472,0x1c01c00@2152	967,4,23,3,2,7	EntityAIFull;CountInstances<Person>	EntityAIFull;EntityAI;Entity;ObjectTyped;Object;NetworkObject;RemoveSoftLinks<SoftLinkIdTraits<ObjectId,ObjectIdAutoDestroy>>;BaseRefCount<1>;RefCountBaseT<1>;NetworkSimpleObject;CountInstances<Object>;EPEItem;TLinkBidir<1>;NoCopy;Animated;JoinedObject;IHasParentContainer;ComponentHolder<EntityAIFull,Component>;CountInstances<Person>	MI
PersonInventoryDescriptor	.?AVPersonInventoryDescriptor@@	0x1b59700,0x1b59728@8	4,3	SerializeClass;BaseRefCount<1>	SerializeClass;BaseRefCount<1>;RefCountBaseT<1>	MI
PersonRemoveInfo	.?AUPersonRemoveInfo@@	0x1b8d0f0,0x1b8d178@16	16,4	ObjectRemoveInfo	ObjectRemoveInfo;BaseRefCount<1>;RefCountBaseT<1>;SerializeClass	MI
PersonTurretController	.?AVPersonTurretController@@	0x1c41e18	3	BaseRefCount<1>	BaseRefCount<1>;RefCountBaseT<1>	
PersonTurretController::Init()::`2'::UpdateDynamicRangesCache	.?AUUpdateDynamicRangesCache@?1??Init@PersonTurretController@@QEAAXPEAVTransport@@@Z@	0x1b43bd8	2	ITurretFunc	ITurretFunc	
PersonTurretInfo	.?AUPersonTurretInfo@@	0x1c41df0	4	SerializeClass	SerializeClass	
PersonType	.?AVPersonType@@	0x1b43c80,0x1b43f10@24,0x1b43f48@32,0x1b43f60@752	81,6,2,4	EntityAIType	EntityAIType;EntityType;RemoveLLinks;BaseRefCount<1>;RefCountBaseT<1>;LODShapeLoadHandler;AnimatedType;LinkBidirWithFrameStoreT<FrameStoreTraits>;TLinkBidir<2>;NoCopy;ComponentHolderType<ComponentType>	MI
PersonVisualState	.?AVPersonVisualState@@	0x1b35b38,0x1b35bf0@64	22,3	EntityVisualState	EntityVisualState;ObjectVisualState;FrameBase;Frame;Matrix4P;BaseRefCount<1>;RefCountBaseT<1>	MI
Physx3Airplane	.?AVPhysx3Airplane@@	0x1b45190	67	Physx3Transport	Physx3Transport;Physx3Object;Physx3Interface;EPEInterface	
Physx3Car	.?AVPhysx3Car@@	0x1b44f70	67	Physx3Transport	Physx3Transport;Physx3Object;Physx3Interface;EPEInterface	
Physx3Grenade	.?AVPhysx3Grenade@@	0x1b44b30	67	Physx3Object	Physx3Object;Physx3Interface;EPEInterface	
Physx3Interface	.?AVPhysx3Interface@@	0x1b90cc0	67	EPEInterface	EPEInterface	
Physx3Object	.?AVPhysx3Object@@	0x1b90ee0	67	Physx3Interface	Physx3Interface;EPEInterface	
Physx3SDKHolder	.?AVPhysx3SDKHolder@@	0x1b90c08	14	EPESDKHolder	EPESDKHolder	
Physx3Tank	.?AVPhysx3Tank@@	0x1b91320	67	Physx3Transport	Physx3Transport;Physx3Object;Physx3Interface;EPEInterface	
Physx3Thing	.?AVPhysx3Thing@@	0x1b44d50	67	Physx3Object	Physx3Object;Physx3Interface;EPEInterface	
Physx3Transport	.?AVPhysx3Transport@@	0x1b91100	67	Physx3Object	Physx3Object;Physx3Interface;EPEInterface	
physx::Ext::ContactJoint	.?AVContactJoint@Ext@physx@@					no-col
physx::Ext::D6Joint	.?AVD6Joint@Ext@physx@@					no-col
physx::Ext::DefaultCpuDispatcher	.?AVDefaultCpuDispatcher@Ext@physx@@					no-col
physx::Ext::DistanceJoint	.?AVDistanceJoint@Ext@physx@@					no-col
physx::Ext::FixedJoint	.?AVFixedJoint@Ext@physx@@					no-col
physx::Ext::PrismaticJoint	.?AVPrismaticJoint@Ext@physx@@					no-col
physx::Ext::RevoluteJoint	.?AVRevoluteJoint@Ext@physx@@					no-col
physx::Ext::SharedQueueEntry	.?AVSharedQueueEntry@Ext@physx@@					no-col
physx::Ext::SphericalJoint	.?AVSphericalJoint@Ext@physx@@					no-col
physx::PxAllocatorCallback	.?AVPxAllocatorCallback@physx@@	0x1b90a00	3			
physx::PxCCDContactModifyCallback	.?AVPxCCDContactModifyCallback@physx@@	0x1b90a70	2			
physx::PxContactModifyCallback	.?AVPxContactModifyCallback@physx@@	0x1b90a58	2			
physx::PxCpuDispatcher	.?AVPxCpuDispatcher@physx@@	0x1b90a38	3			
physx::PxDefaultCpuDispatcher	.?AVPxDefaultCpuDispatcher@physx@@					no-col
physx::PxErrorCallback	.?AVPxErrorCallback@physx@@	0x1b90a20	2			
physx::PxFilterData	.?AUPxFilterData@physx@@					no-col
physx::PxInputData	.?AVPxInputData@physx@@					no-col
physx::PxInputStream	.?AVPxInputStream@physx@@	0x1b909e8	2			
physx::PxMassProperties	.?AVPxMassProperties@physx@@					no-col
physx::PxOutputStream	.?AVPxOutputStream@physx@@	0x1ce00d0	2			
physx::PxSimulationEventCallback	.?AVPxSimulationEventCallback@physx@@	0x1b90a88	7			
physx::PxTransform	.?AVPxTransform@physx@@					no-col
physx::PxVec3	.?AVPxVec3@physx@@					no-col
physx::PxVehicleAntiRollBarData	.?AVPxVehicleAntiRollBarData@physx@@					no-col
physx::PxVehicleSuspensionData	.?AVPxVehicleSuspensionData@physx@@					no-col
physx::PxVehicleTireData	.?AVPxVehicleTireData@physx@@					no-col
physx::PxVehicleWheelData	.?AVPxVehicleWheelData@physx@@					no-col
physx::shdfnd::SListImpl	.?AUSListImpl@shdfnd@physx@@					no-col
physx::shdfnd::SyncImpl	.?AVSyncImpl@shdfnd@physx@@					no-col
physx::shdfnd::ThreadImpl	.?AVThreadImpl@shdfnd@physx@@					no-col
PhysXDefaultDispatcher	.?AVPhysXDefaultDispatcher@@	0x1b916a8	6	physx::PxDefaultCpuDispatcher	physx::PxDefaultCpuDispatcher;physx::PxCpuDispatcher	
PhysXMicroJobDispatcher	.?AVPhysXMicroJobDispatcher@@	0x1b91670	6	physx::PxDefaultCpuDispatcher	physx::PxDefaultCpuDispatcher;physx::PxCpuDispatcher	
PilotCamera	.?AVPilotCamera@@	0x1b47098,0x1b470b8@16	3,4	BaseRefCount<1>;SerializeClass	BaseRefCount<1>;RefCountBaseT<1>;SerializeClass	MI
PilotCameraType	.?AVPilotCameraType@@	0x1b47078	3	BaseRefCount<1>	BaseRefCount<1>;RefCountBaseT<1>	
PlainTextContext	.?AUPlainTextContext@@	0x1b8fbb8	2	ProcessTextContext	ProcessTextContext	
PlaneOrHeli	.?AVPlaneOrHeli@@	0x1c01f28,0x1c03d28@24,0x1c03d50@48,0x1c03e10@1464,0x1c03e30@1472,0x1c03e48@2152	959,4,23,3,2,7	Transport	Transport;EntityAIFull;EntityAI;Entity;ObjectTyped;Object;NetworkObject;RemoveSoftLinks<SoftLinkIdTraits<ObjectId,ObjectIdAutoDestroy>>;BaseRefCount<1>;RefCountBaseT<1>;NetworkSimpleObject;CountInstances<Object>;EPEItem;TLinkBidir<1>;NoCopy;Animated;JoinedObject;IHasParentContainer;ComponentHolder<EntityAIFull,Component>	MI
PlayerIdentity	.?AUPlayerIdentity@@	0x1a7abe0	4	NetworkSimpleObject	NetworkSimpleObject	
PlayerRole	.?AUPlayerRole@@	0x1b1d888,0x1b1d8b0@8	4,4	NetworkSimpleObject;SerializeClass	NetworkSimpleObject;SerializeClass	MI
PlayerRoleUpdate	.?AUPlayerRoleUpdate@@	0x1ba4bb8,0x1ba4bd8@16	3,4	BaseRefCount<1>;NMRA_292	BaseRefCount<1>;RefCountBaseT<1>;NMRA_292;NetworkSimpleObject	MI
PlayerRuntimeObject	.?AVPlayerRuntimeObject@@	0x1b43110,0x1b431f0@24	27,4	NetworkObject	NetworkObject;RemoveSoftLinks<SoftLinkIdTraits<ObjectId,ObjectIdAutoDestroy>>;BaseRefCount<1>;RefCountBaseT<1>;NetworkSimpleObject	MI
PlayersInVehicleFunc	.?AVPlayersInVehicleFunc@@	0x1ba9790	2	ICrewFunc	ICrewFunc	
PlayerSuspiciousActivityHandlerClient	.?AVPlayerSuspiciousActivityHandlerClient@@	0x1baa770	3	APlayerSuspiciousActivityHandler	APlayerSuspiciousActivityHandler	
PlayerSuspiciousActivityHandlerServer	.?AVPlayerSuspiciousActivityHandlerServer@@	0x1bb5268	3	APlayerSuspiciousActivityHandler	APlayerSuspiciousActivityHandler	
PointLight	.?AVPointLight@@	0x1c5e580,0x1c5efc0@24,0x1c5efe8@48	327,4,23	Object	Object;NetworkObject;RemoveSoftLinks<SoftLinkIdTraits<ObjectId,ObjectIdAutoDestroy>>;BaseRefCount<1>;RefCountBaseT<1>;NetworkSimpleObject;CountInstances<Object>;EPEItem;TLinkBidir<1>;NoCopy	MI
PoissonSampleItem	.?AUPoissonSampleItem@@	0x1ce7a00	3	BaseRefCount<1>;TLinkBidir<1>	BaseRefCount<1>;RefCountBaseT<1>;TLinkBidir<1>;NoCopy	MI
PolymorphPosition	.?AUPolymorphPosition@@	0x1a7e3a8	4	SerializeClass	SerializeClass	
PositionInfo	.?AUPositionInfo@@	0x1a8d7a8	4	SerializeClass	SerializeClass	
PosMapCache	.?AVPosMapCache@@	0x1ce6108	10	MemoryFreeOnDemandHelper	MemoryFreeOnDemandHelper;IMemoryFreeOnDemand;TLinkBidir<0>;NoCopy	
PostponedEventEntityCreated	.?AVPostponedEventEntityCreated@@	0x1c7c3e8	4	IPostponedEvent	IPostponedEvent;BaseRefCount<1>;RefCountBaseT<1>	
PreloadDamagedBuilding	.?AVPreloadDamagedBuilding@@	0x1be92d0,0x1be9f50@24,0x1be9f78@48	399,4,23	Entity	Entity;ObjectTyped;Object;NetworkObject;RemoveSoftLinks<SoftLinkIdTraits<ObjectId,ObjectIdAutoDestroy>>;BaseRefCount<1>;RefCountBaseT<1>;NetworkSimpleObject;CountInstances<Object>;EPEItem;TLinkBidir<1>;NoCopy;Animated	MI
PreloadDataState	.?AVPreloadDataState@@	0x1c5e078	3	BaseRefCount<1>	BaseRefCount<1>;RefCountBaseT<1>	
PreloadDataStateItem	.?AVPreloadDataStateItem@@	0x1c5e058	3	BaseRefCount<1>	BaseRefCount<1>;RefCountBaseT<1>	
PreloadGunner	.?AVPreloadGunner@@	0x1c466b8	2	ITurretFuncV	ITurretFuncV	
PrepareAnimMatricesTask	.?AVPrepareAnimMatricesTask@@	0x1b2aaa0	2	enf::Job	enf::Job;enf::JobCommon;enf::JobCore	
PrepareForGrouping	.?AVPrepareForGrouping@@	0x1b88fc8	2	ICrewFunc	ICrewFunc	
PrepareGunnerForDrawing	.?AVPrepareGunnerForDrawing@@	0x1c46658	2	ITurretFuncV	ITurretFuncV	
Preproc	.?AVPreproc@@	0x1aa4e00	5	NoCopy	NoCopy	
Preproc::DefineSymb	.?AVDefineSymb@Preproc@@	0x1aa4de0	1	Preproc::MacroParam	Preproc::MacroParam;Preproc::Symbol	
Preproc::MacroParam	.?AVMacroParam@Preproc@@	0x1a9bf98	1	Preproc::Symbol	Preproc::Symbol	
Preproc::MacTableList	.?AVMacTableList@Preproc@@	0x1aa4df0	1	MapStringToClass<Preproc::MacroParam,AutoArray<Preproc::MacroParam,MemAllocD>,MapClassTraits<Preproc::MacroParam>,MemAllocD>	MapStringToClass<Preproc::MacroParam,AutoArray<Preproc::MacroParam,MemAllocD>,MapClassTraits<Preproc::MacroParam>,MemAllocD>;MemAllocD	
Preproc::Symbol	.?AVSymbol@Preproc@@	0x1a9bf88	1			
PreprocessorFunctions	.?AVPreprocessorFunctions@@	0x1a9bfc8	3			
ProcessMenuParams	.?AVProcessMenuParams@@	0x1c7fcd8	2	ITextProcessParams	ITextProcessParams	
ProcessServerErrorsTask	.?AVProcessServerErrorsTask@@	0x1bb6a98	3	IMicroJob	IMicroJob;enf::Job;enf::JobCommon;enf::JobCore	
ProcessTextBuffer	.?AUProcessTextBuffer@@	0x1b8fbd0	2	ProcessTextContext	ProcessTextContext	
ProcessTextContext	.?AUProcessTextContext@@					no-col
ProfessionStats	.?AVProfessionStats@@	0x1acd568,0x1acd598@8	5,4	SerializeClass;NetworkSimpleObject	SerializeClass;NetworkSimpleObject	MI
Progress	.?AVProgress@@	0x1b92070	15	ProgressHandle	ProgressHandle;RemoveLLinks;BaseRefCount<1>;RefCountBaseT<1>	
ProgressDisplay	.?AVProgressDisplay@@	0x1cc0bb0,0x1cc0dc0@24,0x1cc0dd8@552,0x1cc0e00@1672,0x1cc0ed8@1720	65,2,4,26,6	Display;IProgressDisplay	Display;ControlsContainer;RemoveLLinks;BaseRefCount<1>;RefCountBaseT<1>;EventHandlerGroupContainer_Simple<EventHandlerContainer_UI,13,enum DisplayEvent>;IUICollectibleControls;IHasGameVarSpace;AbstractOptionsUI;IProgressDisplay	MI
ProgressDisplayLoadIsland	.?AVProgressDisplayLoadIsland@@	0x1cc0f28,0x1cc1138@24,0x1cc1150@552,0x1cc1178@1672,0x1cc1250@1720	65,2,4,26,6	ProgressDisplay	ProgressDisplay;Display;ControlsContainer;RemoveLLinks;BaseRefCount<1>;RefCountBaseT<1>;EventHandlerGroupContainer_Simple<EventHandlerContainer_UI,13,enum DisplayEvent>;IUICollectibleControls;IHasGameVarSpace;AbstractOptionsUI;IProgressDisplay	MI
ProgressDisplayLoadMission	.?AVProgressDisplayLoadMission@@	0x1cc12b0,0x1cc14c0@24,0x1cc14d8@552,0x1cc1500@1672,0x1cc15d8@1720	65,2,4,26,6	ProgressDisplay	ProgressDisplay;Display;ControlsContainer;RemoveLLinks;BaseRefCount<1>;RefCountBaseT<1>;EventHandlerGroupContainer_Simple<EventHandlerContainer_UI,13,enum DisplayEvent>;IUICollectibleControls;IHasGameVarSpace;AbstractOptionsUI;IProgressDisplay	MI
ProgressHandle	.?AVProgressHandle@@					no-col
ProgressMessage	.?AVProgressMessage@@	0x1cc0960,0x1cc0b70@24,0x1cc0b88@552	65,2,4	ControlsContainer	ControlsContainer;RemoveLLinks;BaseRefCount<1>;RefCountBaseT<1>;EventHandlerGroupContainer_Simple<EventHandlerContainer_UI,13,enum DisplayEvent>;IUICollectibleControls;IHasGameVarSpace	MI
ProxyCrew	.?AVProxyCrew@@	0x1c05180,0x1c05e00@24,0x1c05e28@48	399,4,23	Entity	Entity;ObjectTyped;Object;NetworkObject;RemoveSoftLinks<SoftLinkIdTraits<ObjectId,ObjectIdAutoDestroy>>;BaseRefCount<1>;RefCountBaseT<1>;NetworkSimpleObject;CountInstances<Object>;EPEItem;TLinkBidir<1>;NoCopy;Animated	MI
ProxyCrewType	.?AVProxyCrewType@@	0x1c04ff0,0x1c05130@24,0x1c05168@32	39,6,2	EntityType	EntityType;RemoveLLinks;BaseRefCount<1>;RefCountBaseT<1>;LODShapeLoadHandler;AnimatedType;LinkBidirWithFrameStoreT<FrameStoreTraits>;TLinkBidir<2>;NoCopy	MI
ProxyObject	.?AUProxyObject@@	0x1ce1af0	3	BaseRefCount<1>	BaseRefCount<1>;RefCountBaseT<1>	
ProxyObjectTyped	.?AUProxyObjectTyped@@	0x1c1ab78	3	BaseRefCount<1>	BaseRefCount<1>;RefCountBaseT<1>	
ProxyPylonPod	.?AVProxyPylonPod@@	0x1ac6468,0x1ac6ec0@24,0x1ac6ee8@48	330,4,23	ObjectTyped;Animated	ObjectTyped;Object;NetworkObject;RemoveSoftLinks<SoftLinkIdTraits<ObjectId,ObjectIdAutoDestroy>>;BaseRefCount<1>;RefCountBaseT<1>;NetworkSimpleObject;CountInstances<Object>;EPEItem;TLinkBidir<1>;NoCopy;Animated	MI
ProxyPylonPodComponentsAnimated	.?AVProxyPylonPodComponentsAnimated@@	0x1ac9388,0x1ac9de0@24,0x1ac9e08@48,0x1ac9ec8@424	330,4,23,7	ProxyPylonPodGeneric;ComponentHolder<ProxyPylonPodGenericType,PylonComponent>	ProxyPylonPodGeneric;ProxyPylonPod;ObjectTyped;Object;NetworkObject;RemoveSoftLinks<SoftLinkIdTraits<ObjectId,ObjectIdAutoDestroy>>;BaseRefCount<1>;RefCountBaseT<1>;NetworkSimpleObject;CountInstances<Object>;EPEItem;TLinkBidir<1>;NoCopy;Animated;ComponentHolder<ProxyPylonPodGenericType,PylonComponent>	MI
ProxyPylonPodComponentsAnimatedType	.?AVProxyPylonPodComponentsAnimatedType@@	0x1ac9190,0x1ac92d0@24,0x1ac9308@32,0x1ac9320@864	39,6,2,4	ProxyPylonPodGenericType;ComponentHolderType<PylonComponentType>	ProxyPylonPodGenericType;ProxyPylonPodType;EntityPlainType;EntityType;RemoveLLinks;BaseRefCount<1>;RefCountBaseT<1>;LODShapeLoadHandler;AnimatedType;LinkBidirWithFrameStoreT<FrameStoreTraits>;TLinkBidir<2>;NoCopy;ComponentHolderType<PylonComponentType>	MI
ProxyPylonPodFueltank	.?AVProxyPylonPodFueltank@@	0x1ac8628,0x1ac9080@24,0x1ac90a8@48	330,4,23	ProxyPylonPodGeneric	ProxyPylonPodGeneric;ProxyPylonPod;ObjectTyped;Object;NetworkObject;RemoveSoftLinks<SoftLinkIdTraits<ObjectId,ObjectIdAutoDestroy>>;BaseRefCount<1>;RefCountBaseT<1>;NetworkSimpleObject;CountInstances<Object>;EPEItem;TLinkBidir<1>;NoCopy;Animated	MI
ProxyPylonPodGeneric	.?AVProxyPylonPodGeneric@@	0x1ac7ae8,0x1ac8540@24,0x1ac8568@48	330,4,23	ProxyPylonPod	ProxyPylonPod;ObjectTyped;Object;NetworkObject;RemoveSoftLinks<SoftLinkIdTraits<ObjectId,ObjectIdAutoDestroy>>;BaseRefCount<1>;RefCountBaseT<1>;NetworkSimpleObject;CountInstances<Object>;EPEItem;TLinkBidir<1>;NoCopy;Animated	MI
ProxyPylonPodGenericType	.?AVProxyPylonPodGenericType@@	0x1ac62d8,0x1ac6418@24,0x1ac6450@32	39,6,2	ProxyPylonPodType	ProxyPylonPodType;EntityPlainType;EntityType;RemoveLLinks;BaseRefCount<1>;RefCountBaseT<1>;LODShapeLoadHandler;AnimatedType;LinkBidirWithFrameStoreT<FrameStoreTraits>;TLinkBidir<2>;NoCopy	MI
ProxyPylonPodType	.?AVProxyPylonPodType@@	0x1ac5fb8,0x1ac60f8@24,0x1ac6130@32	39,6,2	EntityPlainType	EntityPlainType;EntityType;RemoveLLinks;BaseRefCount<1>;RefCountBaseT<1>;LODShapeLoadHandler;AnimatedType;LinkBidirWithFrameStoreT<FrameStoreTraits>;TLinkBidir<2>;NoCopy	MI
ProxyPylonPodWeapon	.?AVProxyPylonPodWeapon@@	0x1ac6fa8,0x1ac7a00@24,0x1ac7a28@48	330,4,23	ProxyPylonPod	ProxyPylonPod;ObjectTyped;Object;NetworkObject;RemoveSoftLinks<SoftLinkIdTraits<ObjectId,ObjectIdAutoDestroy>>;BaseRefCount<1>;RefCountBaseT<1>;NetworkSimpleObject;CountInstances<Object>;EPEItem;TLinkBidir<1>;NoCopy;Animated	MI
ProxyPylonPodWeaponType	.?AVProxyPylonPodWeaponType@@	0x1ac6148,0x1ac6288@24,0x1ac62c0@32	39,6,2	ProxyPylonPodType	ProxyPylonPodType;EntityPlainType;EntityType;RemoveLLinks;BaseRefCount<1>;RefCountBaseT<1>;LODShapeLoadHandler;AnimatedType;LinkBidirWithFrameStoreT<FrameStoreTraits>;TLinkBidir<2>;NoCopy	MI
ProxyRetex	.?AVProxyRetex@@	0x1c06078,0x1c06ab8@24,0x1c06ae0@48	327,4,23	ObjectTyped	ObjectTyped;Object;NetworkObject;RemoveSoftLinks<SoftLinkIdTraits<ObjectId,ObjectIdAutoDestroy>>;BaseRefCount<1>;RefCountBaseT<1>;NetworkSimpleObject;CountInstances<Object>;EPEItem;TLinkBidir<1>;NoCopy	MI
ProxyRetexType	.?AVProxyRetexType@@	0x1c05ee8,0x1c06028@24,0x1c06060@32	39,6,2	EntityType	EntityType;RemoveLLinks;BaseRefCount<1>;RefCountBaseT<1>;LODShapeLoadHandler;AnimatedType;LinkBidirWithFrameStoreT<FrameStoreTraits>;TLinkBidir<2>;NoCopy	MI
ProxySubpart	.?AVProxySubpart@@	0x1c040f8,0x1c04d78@24,0x1c04da0@48	399,4,23	Entity	Entity;ObjectTyped;Object;NetworkObject;RemoveSoftLinks<SoftLinkIdTraits<ObjectId,ObjectIdAutoDestroy>>;BaseRefCount<1>;RefCountBaseT<1>;NetworkSimpleObject;CountInstances<Object>;EPEItem;TLinkBidir<1>;NoCopy;Animated	MI
ProxySubpartType	.?AVProxySubpartType@@	0x1c03f68,0x1c040a8@24,0x1c040e0@32	39,6,2	EntityType	EntityType;RemoveLLinks;BaseRefCount<1>;RefCountBaseT<1>;LODShapeLoadHandler;AnimatedType;LinkBidirWithFrameStoreT<FrameStoreTraits>;TLinkBidir<2>;NoCopy	MI
ProxyWeaponType	.?AVProxyWeaponType@@	0x1c04e60,0x1c04fa0@24,0x1c04fd8@32	39,6,2	EntityType	EntityType;RemoveLLinks;BaseRefCount<1>;RefCountBaseT<1>;LODShapeLoadHandler;AnimatedType;LinkBidirWithFrameStoreT<FrameStoreTraits>;TLinkBidir<2>;NoCopy	MI
PylonComponent	.?AVPylonComponent@@					no-col
PylonComponentType	.?AVPylonComponentType@@					no-col
PylonComponentWithVehicle	.?AVPylonComponentWithVehicle@@	0x1ac4970	22	PylonComponent	PylonComponent;Component;BaseRefCount<1>;RefCountBaseT<1>	
PylonMagazinesFunc	.?AVPylonMagazinesFunc@@	0x1acd898	2	IPylonFunc	IPylonFunc	
QFBank	.?AVQFBank@@	0x1aa4390	3	BaseRefCount<1>	BaseRefCount<1>;RefCountBaseT<1>	
QFBankFunctions	.?AVQFBankFunctions@@	0x1aa4c58	2			
QFBankFunctionsQFBank	.?AVQFBankFunctionsQFBank@@	0x1aa4c40	2	QFBankFunctions	QFBankFunctions	
QFBankLog	.?AVQFBankLog@@	0x1aa4418	6	IBankLog	IBankLog;BaseRefCount<1>;RefCountBaseT<1>	
QFBankPointer	.?AVQFBankPointer@@					no-col
QFBankPointerToAny	.?AVQFBankPointerToAny@@	0x1aa4700	8	QFBankPointer	QFBankPointer;BaseRefCount<1>;RefCountBaseT<1>	
QIBase64CompressedWrapperStream	.?AVQIBase64CompressedWrapperStream@@	0x1a86f18	8	QIStream	QIStream;NoCopy	
QIBase64WrapperStream	.?AVQIBase64WrapperStream@@	0x1a86ea0	8	QIStream	QIStream;NoCopy	
QIFileServerFunctions	.?AVQIFileServerFunctions@@					no-col
QIFileWriteFunctions	.?AVQIFileWriteFunctions@@					no-col
QIFStream	.?AVQIFStream@@	0x1a77ba8	8	QIStreamDataSource	QIStreamDataSource;QIStream;NoCopy	
QIFStreamB	.?AVQIFStreamB@@	0x1a97f68	8	QIFStream	QIFStream;QIStreamDataSource;QIStream;NoCopy	
QIPreprocessedStream	.?AVQIPreprocessedStream@@	0x1aa4b00	8	QIStream	QIStream;NoCopy	
QIStream	.?AVQIStream@@	0x1aa47d8	8	NoCopy	NoCopy	
QIStreamBuffer	.?AVQIStreamBuffer@@	0x1aa47b8	3	BaseRefCount<1>	BaseRefCount<1>;RefCountBaseT<1>	
QIStreamBufferMapped	.?AVQIStreamBufferMapped@@	0x1aacf70	3	QIStreamBuffer;CountInstances<QIStreamBufferMapped>	QIStreamBuffer;BaseRefCount<1>;RefCountBaseT<1>;CountInstances<QIStreamBufferMapped>	MI
QIStreamBufferMappedTgt	.?AVQIStreamBufferMappedTgt@@	0x1aacf90	3	BaseRefCount<1>;NoCopy	BaseRefCount<1>;RefCountBaseT<1>;NoCopy	MI
QIStreamBufferPage	.?AVQIStreamBufferPage@@	0x1aa4898	3	QIStreamBuffer	QIStreamBuffer;BaseRefCount<1>;RefCountBaseT<1>	
QIStreamBufferStack<256>	.?AV?$QIStreamBufferStack@$0BAA@@@	0x1aa5228	3	QIStreamBuffer	QIStreamBuffer;BaseRefCount<1>;RefCountBaseT<1>	
QIStreamBufferStack<4096>	.?AV?$QIStreamBufferStack@$0BAAA@@@	0x1a86e50	3	QIStreamBuffer	QIStreamBuffer;BaseRefCount<1>;RefCountBaseT<1>	
QIStreamBufferTemp	.?AVQIStreamBufferTemp@@	0x1aa4a98	3	QIStreamBuffer	QIStreamBuffer;BaseRefCount<1>;RefCountBaseT<1>	
QIStreamDataSource	.?AVQIStreamDataSource@@	0x1aa4ab8	8	QIStream	QIStream;NoCopy	
QIStrStream	.?AVQIStrStream@@	0x1a77b60	8	QIStream	QIStream;NoCopy	
QOBase64CompressedWrapperStream	.?AVQOBase64CompressedWrapperStream@@	0x1a86ee8	5	QOStream	QOStream;NoCopy	
QOBase64WrapperStream	.?AVQOBase64WrapperStream@@	0x1a86e70	5	QOStream	QOStream;NoCopy	
QOFStream	.?AVQOFStream@@	0x1a77b30	5	QOStream	QOStream;NoCopy	
QOFStreamChecked	.?AVQOFStreamChecked@@	0x1aa4338,0x1aa4368@64	5,3	QOFStream;IBankChecker	QOFStream;QOStream;NoCopy;IBankChecker	MI
QOStream	.?AVQOStream@@	0x1a77ad0	5	NoCopy	NoCopy	
QOStrStream	.?AVQOStrStream@@	0x1a77b00	5	QOStream	QOStream;NoCopy	
QOStrStreamData	.?AVQOStrStreamData@@	0x1b30130	5	QOStrStream	QOStrStream;QOStream;NoCopy	
QOStrStreamDataPrefixedLine	.?AVQOStrStreamDataPrefixedLine@@	0x1b30160	5	LazyLoadFile	LazyLoadFile;BaseRefCount<1>;RefCountBaseT<1>	
R2TTgtDescription	.?AUR2TTgtDescription@@	0x1c41d88	4	SerializeClass	SerializeClass	
R2TTgtPars	.?AVR2TTgtPars@@	0x1c41db0	3	BaseRefCount<1>	BaseRefCount<1>;RefCountBaseT<1>	
RadialMenu	.?AVRadialMenu@@	0x1a8b9d8,0x1a8ba38@24	11,76	CContextMenuEx	CContextMenuEx;Control;RemoveLLinks;BaseRefCount<1>;RefCountBaseT<1>;IControl;EventHandlerGroupContainer_DynArray<EventHandlerContainer_UI,enum ControlEvent>;IUICollectibleControls;IHasGameVarSpace	MI
RadioChannel	.?AVRadioChannel@@	0x1c70438,0x1c70458@24	3,4	RemoveLinks;SerializeClass	RemoveLinks;BaseRefCount<1>;RefCountBaseT<1>;SList<BaseLink,TLink<0>>;TLink<0>;SerializeClass	MI
RadioChannelType	.?AVRadioChannelType@@	0x1c70500	3	BaseRefCount<1>	BaseRefCount<1>;RefCountBaseT<1>	
RadioMessage	.?AVRadioMessage@@	0x1cae318	39	RemoveLinks	RemoveLinks;BaseRefCount<1>;RefCountBaseT<1>;SList<BaseLink,TLink<0>>;TLink<0>	MI
RadioMessageArtilleryFireStatus	.?AVRadioMessageArtilleryFireStatus@@	0x1cac210	39	RadioMessage	RadioMessage;RemoveLinks;BaseRefCount<1>;RefCountBaseT<1>;SList<BaseLink,TLink<0>>;TLink<0>	MI
RadioMessageBehaviour	.?AVRadioMessageBehaviour@@	0x1caf860	40	RadioMessageState	RadioMessageState;RadioMessage;RemoveLinks;BaseRefCount<1>;RefCountBaseT<1>;SList<BaseLink,TLink<0>>;TLink<0>	MI
RadioMessageCeaseFire	.?AVRadioMessageCeaseFire@@	0x1cafc38	39	RadioMessage	RadioMessage;RemoveLinks;BaseRefCount<1>;RefCountBaseT<1>;SList<BaseLink,TLink<0>>;TLink<0>	MI
RadioMessageClear	.?AVRadioMessageClear@@	0x1caf218	39	RadioMessageReply	RadioMessageReply;RadioMessage;RemoveLinks;BaseRefCount<1>;RefCountBaseT<1>;SList<BaseLink,TLink<0>>;TLink<0>	MI
RadioMessageCommand	.?AVRadioMessageCommand@@	0x1cb0cc8	39	RadioMessageWithMove	RadioMessageWithMove;RadioMessage;RemoveLinks;BaseRefCount<1>;RefCountBaseT<1>;SList<BaseLink,TLink<0>>;TLink<0>	MI
RadioMessageCommandConfirm	.?AVRadioMessageCommandConfirm@@	0x1caf5d8	39	RadioMessageReply	RadioMessageReply;RadioMessage;RemoveLinks;BaseRefCount<1>;RefCountBaseT<1>;SList<BaseLink,TLink<0>>;TLink<0>	MI
RadioMessageContact	.?AVRadioMessageContact@@	0x1caf0d8	39	RadioMessageReply	RadioMessageReply;RadioMessage;RemoveLinks;BaseRefCount<1>;RefCountBaseT<1>;SList<BaseLink,TLink<0>>;TLink<0>	MI
RadioMessageCovering	.?AVRadioMessageCovering@@	0x1cac5e0	39	RadioMessageReply	RadioMessageReply;RadioMessage;RemoveLinks;BaseRefCount<1>;RefCountBaseT<1>;SList<BaseLink,TLink<0>>;TLink<0>	MI
RadioMessageCoverMe	.?AVRadioMessageCoverMe@@	0x1cac4a0	39	RadioMessageReply	RadioMessageReply;RadioMessage;RemoveLinks;BaseRefCount<1>;RefCountBaseT<1>;SList<BaseLink,TLink<0>>;TLink<0>	MI
RadioMessageDepth	.?AVRadioMessageDepth@@	0x1caf9a8	40	RadioMessageState	RadioMessageState;RadioMessage;RemoveLinks;BaseRefCount<1>;RefCountBaseT<1>;SList<BaseLink,TLink<0>>;TLink<0>	MI
RadioMessageFireStatus	.?AVRadioMessageFireStatus@@	0x1cac0d0	39	RadioMessage	RadioMessage;RemoveLinks;BaseRefCount<1>;RefCountBaseT<1>;SList<BaseLink,TLink<0>>;TLink<0>	MI
RadioMessageFormation	.?AVRadioMessageFormation@@	0x1cacc20	39	RadioMessage	RadioMessage;RemoveLinks;BaseRefCount<1>;RefCountBaseT<1>;SList<BaseLink,TLink<0>>;TLink<0>	MI
RadioMessageFormationPos	.?AVRadioMessageFormationPos@@	0x1cb0148	40	RadioMessageState	RadioMessageState;RadioMessage;RemoveLinks;BaseRefCount<1>;RefCountBaseT<1>;SList<BaseLink,TLink<0>>;TLink<0>	MI
RadioMessageIncomingGrenade	.?AVRadioMessageIncomingGrenade@@	0x1cacae0	39	RadioMessageReply	RadioMessageReply;RadioMessage;RemoveLinks;BaseRefCount<1>;RefCountBaseT<1>;SList<BaseLink,TLink<0>>;TLink<0>	MI
RadioMessageJoin	.?AVRadioMessageJoin@@	0x1cae598	39	RadioMessage	RadioMessage;RemoveLinks;BaseRefCount<1>;RefCountBaseT<1>;SList<BaseLink,TLink<0>>;TLink<0>	MI
RadioMessageJoinDone	.?AVRadioMessageJoinDone@@	0x1a7de90	39	RadioMessage	RadioMessage;RemoveLinks;BaseRefCount<1>;RefCountBaseT<1>;SList<BaseLink,TLink<0>>;TLink<0>	MI
RadioMessageKeepDistance	.?AVRadioMessageKeepDistance@@	0x1cafd78	39	RadioMessage	RadioMessage;RemoveLinks;BaseRefCount<1>;RefCountBaseT<1>;SList<BaseLink,TLink<0>>;TLink<0>	MI
RadioMessageLooseFormation	.?AVRadioMessageLooseFormation@@	0x1cafeb8	40	RadioMessageState	RadioMessageState;RadioMessage;RemoveLinks;BaseRefCount<1>;RefCountBaseT<1>;SList<BaseLink,TLink<0>>;TLink<0>	MI
RadioMessageNotifyCommand	.?AVRadioMessageNotifyCommand@@	0x1caed18	39	RadioMessageReply	RadioMessageReply;RadioMessage;RemoveLinks;BaseRefCount<1>;RefCountBaseT<1>;SList<BaseLink,TLink<0>>;TLink<0>	MI
RadioMessageObjectDestroyed	.?AVRadioMessageObjectDestroyed@@	0x1caee58	39	RadioMessageReply	RadioMessageReply;RadioMessage;RemoveLinks;BaseRefCount<1>;RefCountBaseT<1>;SList<BaseLink,TLink<0>>;TLink<0>	MI
RadioMessageObjectUnconscious	.?AVRadioMessageObjectUnconscious@@	0x1caef98	39	RadioMessageReply	RadioMessageReply;RadioMessage;RemoveLinks;BaseRefCount<1>;RefCountBaseT<1>;SList<BaseLink,TLink<0>>;TLink<0>	MI
RadioMessageOpenFire	.?AVRadioMessageOpenFire@@	0x1cafaf0	40	RadioMessageState	RadioMessageState;RadioMessage;RemoveLinks;BaseRefCount<1>;RefCountBaseT<1>;SList<BaseLink,TLink<0>>;TLink<0>	MI
RadioMessageReloading	.?AVRadioMessageReloading@@	0x1cac9a0	39	RadioMessageReply	RadioMessageReply;RadioMessage;RemoveLinks;BaseRefCount<1>;RefCountBaseT<1>;SList<BaseLink,TLink<0>>;TLink<0>	MI
RadioMessageRepeatCommand	.?AVRadioMessageRepeatCommand@@	0x1caf358	39	RadioMessageReply	RadioMessageReply;RadioMessage;RemoveLinks;BaseRefCount<1>;RefCountBaseT<1>;SList<BaseLink,TLink<0>>;TLink<0>	MI
RadioMessageReply	.?AVRadioMessageReply@@	0x1caea98	39	RadioMessage	RadioMessage;RemoveLinks;BaseRefCount<1>;RefCountBaseT<1>;SList<BaseLink,TLink<0>>;TLink<0>	MI
RadioMessageReportMine	.?AVRadioMessageReportMine@@	0x1cac350	39	RadioMessage	RadioMessage;RemoveLinks;BaseRefCount<1>;RefCountBaseT<1>;SList<BaseLink,TLink<0>>;TLink<0>	MI
RadioMessageReportStatus	.?AVRadioMessageReportStatus@@	0x1cb08f8	40	RadioMessageState	RadioMessageState;RadioMessage;RemoveLinks;BaseRefCount<1>;RefCountBaseT<1>;SList<BaseLink,TLink<0>>;TLink<0>	MI
RadioMessageReportTarget	.?AVRadioMessageReportTarget@@	0x1caebd8	39	RadioMessageReply	RadioMessageReply;RadioMessage;RemoveLinks;BaseRefCount<1>;RefCountBaseT<1>;SList<BaseLink,TLink<0>>;TLink<0>	MI
RadioMessageReturnToFormation	.?AVRadioMessageReturnToFormation@@	0x1cae958	39	RadioMessage	RadioMessage;RemoveLinks;BaseRefCount<1>;RefCountBaseT<1>;SList<BaseLink,TLink<0>>;TLink<0>	MI
RadioMessageState	.?AVRadioMessageState@@	0x1caf718	40	RadioMessage	RadioMessage;RemoveLinks;BaseRefCount<1>;RefCountBaseT<1>;SList<BaseLink,TLink<0>>;TLink<0>	MI
RadioMessageSubgroupAnswer	.?AVRadioMessageSubgroupAnswer@@	0x1cae818	39	RadioMessage	RadioMessage;RemoveLinks;BaseRefCount<1>;RefCountBaseT<1>;SList<BaseLink,TLink<0>>;TLink<0>	MI
RadioMessageSupportAsk	.?AVRadioMessageSupportAsk@@	0x1c7d658	39	RadioMessage	RadioMessage;RemoveLinks;BaseRefCount<1>;RefCountBaseT<1>;SList<BaseLink,TLink<0>>;TLink<0>	MI
RadioMessageSupportConfirm	.?AVRadioMessageSupportConfirm@@	0x1caa5e8	39	RadioMessage	RadioMessage;RemoveLinks;BaseRefCount<1>;RefCountBaseT<1>;SList<BaseLink,TLink<0>>;TLink<0>	MI
RadioMessageSupportDone	.?AVRadioMessageSupportDone@@	0x1c7d798	39	RadioMessage	RadioMessage;RemoveLinks;BaseRefCount<1>;RefCountBaseT<1>;SList<BaseLink,TLink<0>>;TLink<0>	MI
RadioMessageSupportNotAvailable	.?AVRadioMessageSupportNotAvailable@@	0x1cab308	39	RadioMessage	RadioMessage;RemoveLinks;BaseRefCount<1>;RefCountBaseT<1>;SList<BaseLink,TLink<0>>;TLink<0>	MI
RadioMessageSupportReady	.?AVRadioMessageSupportReady@@	0x1caa728	39	RadioMessage	RadioMessage;RemoveLinks;BaseRefCount<1>;RefCountBaseT<1>;SList<BaseLink,TLink<0>>;TLink<0>	MI
RadioMessageTalk	.?AVRadioMessageTalk@@	0x1cb0e08	39	RadioMessage	RadioMessage;RemoveLinks;BaseRefCount<1>;RefCountBaseT<1>;SList<BaseLink,TLink<0>>;TLink<0>	MI
RadioMessageTarget	.?AVRadioMessageTarget@@	0x1cb0a40	40	RadioMessageState	RadioMessageState;RadioMessage;RemoveLinks;BaseRefCount<1>;RefCountBaseT<1>;SList<BaseLink,TLink<0>>;TLink<0>	MI
RadioMessageTask	.?AVRadioMessageTask@@	0x1beba58	39	RadioMessage;CountInstances<RadioMessageTask>	RadioMessage;RemoveLinks;BaseRefCount<1>;RefCountBaseT<1>;SList<BaseLink,TLink<0>>;TLink<0>;CountInstances<RadioMessageTask>	MI
RadioMessageTaskReceived	.?AVRadioMessageTaskReceived@@	0x1cb0f48	39	RadioMessage;CountInstances<RadioMessageTaskReceived>	RadioMessage;RemoveLinks;BaseRefCount<1>;RefCountBaseT<1>;SList<BaseLink,TLink<0>>;TLink<0>;CountInstances<RadioMessageTaskReceived>	MI
RadioMessageTaskResult	.?AVRadioMessageTaskResult@@	0x1bebb98	39	RadioMessage;CountInstances<RadioMessageTaskResult>	RadioMessage;RemoveLinks;BaseRefCount<1>;RefCountBaseT<1>;SList<BaseLink,TLink<0>>;TLink<0>;CountInstances<RadioMessageTaskResult>	MI
RadioMessageTeam	.?AVRadioMessageTeam@@	0x1cb0b88	39	RadioMessage	RadioMessage;RemoveLinks;BaseRefCount<1>;RefCountBaseT<1>;SList<BaseLink,TLink<0>>;TLink<0>	MI
RadioMessageText	.?AVRadioMessageText@@	0x1a7e190	39	RadioMessage	RadioMessage;RemoveLinks;BaseRefCount<1>;RefCountBaseT<1>;SList<BaseLink,TLink<0>>;TLink<0>	MI
RadioMessageThrowingGrenade	.?AVRadioMessageThrowingGrenade@@	0x1cac720	39	RadioMessageReply	RadioMessageReply;RadioMessage;RemoveLinks;BaseRefCount<1>;RefCountBaseT<1>;SList<BaseLink,TLink<0>>;TLink<0>	MI
RadioMessageThrowingSmoke	.?AVRadioMessageThrowingSmoke@@	0x1cac860	39	RadioMessageReply	RadioMessageReply;RadioMessage;RemoveLinks;BaseRefCount<1>;RefCountBaseT<1>;SList<BaseLink,TLink<0>>;TLink<0>	MI
RadioMessageUnderFire	.?AVRadioMessageUnderFire@@	0x1c7d8d8	39	RadioMessageReply	RadioMessageReply;RadioMessage;RemoveLinks;BaseRefCount<1>;RefCountBaseT<1>;SList<BaseLink,TLink<0>>;TLink<0>	MI
RadioMessageUnitAnswer	.?AVRadioMessageUnitAnswer@@	0x1cae6d8	39	RadioMessage	RadioMessage;RemoveLinks;BaseRefCount<1>;RefCountBaseT<1>;SList<BaseLink,TLink<0>>;TLink<0>	MI
RadioMessageUnitKilled	.?AVRadioMessageUnitKilled@@	0x1cabf90	39	RadioMessage	RadioMessage;RemoveLinks;BaseRefCount<1>;RefCountBaseT<1>;SList<BaseLink,TLink<0>>;TLink<0>	MI
RadioMessageUnitPos	.?AVRadioMessageUnitPos@@	0x1cb0000	40	RadioMessageState	RadioMessageState;RadioMessage;RemoveLinks;BaseRefCount<1>;RefCountBaseT<1>;SList<BaseLink,TLink<0>>;TLink<0>	MI
RadioMessageUnitUnconscious	.?AVRadioMessageUnitUnconscious@@	0x1cae458	39	RadioMessage	RadioMessage;RemoveLinks;BaseRefCount<1>;RefCountBaseT<1>;SList<BaseLink,TLink<0>>;TLink<0>	MI
RadioMessageVAzimut	.?AVRadioMessageVAzimut@@	0x1ba5490,0x1ba55d0@40	39,4	RadioMessage;NetworkSimpleObject	RadioMessage;RemoveLinks;BaseRefCount<1>;RefCountBaseT<1>;SList<BaseLink,TLink<0>>;TLink<0>;NetworkSimpleObject	MI
RadioMessageVFire	.?AVRadioMessageVFire@@	0x1ba4d68,0x1ba4ea8@40	39,4	RadioMessageWithTarget	RadioMessageWithTarget;RadioMessage;RemoveLinks;BaseRefCount<1>;RefCountBaseT<1>;SList<BaseLink,TLink<0>>;TLink<0>;NetworkSimpleObject	MI
RadioMessageVFireFailed	.?AVRadioMessageVFireFailed@@	0x1ba5d00,0x1ba5e40@40	39,4	RadioMessage;NetworkSimpleObject	RadioMessage;RemoveLinks;BaseRefCount<1>;RefCountBaseT<1>;SList<BaseLink,TLink<0>>;TLink<0>;NetworkSimpleObject	MI
RadioMessageVFormation	.?AVRadioMessageVFormation@@	0x1ba58c8,0x1ba5a08@40	39,4	RadioMessage;NetworkSimpleObject	RadioMessage;RemoveLinks;BaseRefCount<1>;RefCountBaseT<1>;SList<BaseLink,TLink<0>>;TLink<0>;NetworkSimpleObject	MI
RadioMessageVLoad	.?AVRadioMessageVLoad@@	0x1ba5a30,0x1ba5b70@40	39,4	RadioMessage;NetworkSimpleObject	RadioMessage;RemoveLinks;BaseRefCount<1>;RefCountBaseT<1>;SList<BaseLink,TLink<0>>;TLink<0>;NetworkSimpleObject	MI
RadioMessageVLoadMagazine	.?AVRadioMessageVLoadMagazine@@	0x1ba5b98,0x1ba5cd8@40	39,4	RadioMessage;NetworkSimpleObject	RadioMessage;RemoveLinks;BaseRefCount<1>;RefCountBaseT<1>;SList<BaseLink,TLink<0>>;TLink<0>;NetworkSimpleObject	MI
RadioMessageVMove	.?AVRadioMessageVMove@@	0x1ba5048,0x1ba5188@104	39,4	RadioMessageWithMove;NetworkSimpleObject	RadioMessageWithMove;RadioMessage;RemoveLinks;BaseRefCount<1>;RefCountBaseT<1>;SList<BaseLink,TLink<0>>;TLink<0>;NetworkSimpleObject	MI
RadioMessageVSimpleCommand	.?AVRadioMessageVSimpleCommand@@	0x1ba55f8,0x1ba5738@40	39,4	RadioMessage;NetworkSimpleObject	RadioMessage;RemoveLinks;BaseRefCount<1>;RefCountBaseT<1>;SList<BaseLink,TLink<0>>;TLink<0>;NetworkSimpleObject	MI
RadioMessageVStopTurning	.?AVRadioMessageVStopTurning@@	0x1ba5760,0x1ba58a0@40	39,4	RadioMessage;NetworkSimpleObject	RadioMessage;RemoveLinks;BaseRefCount<1>;RefCountBaseT<1>;SList<BaseLink,TLink<0>>;TLink<0>;NetworkSimpleObject	MI
RadioMessageVTarget	.?AVRadioMessageVTarget@@	0x1ba4ee0,0x1ba5020@40	39,4	RadioMessageWithTarget	RadioMessageWithTarget;RadioMessage;RemoveLinks;BaseRefCount<1>;RefCountBaseT<1>;SList<BaseLink,TLink<0>>;TLink<0>;NetworkSimpleObject	MI
RadioMessageVWatchPos	.?AVRadioMessageVWatchPos@@	0x1ba5328,0x1ba5468@40	39,4	RadioMessage;NetworkSimpleObject	RadioMessage;RemoveLinks;BaseRefCount<1>;RefCountBaseT<1>;SList<BaseLink,TLink<0>>;TLink<0>;NetworkSimpleObject	MI
RadioMessageVWatchTgt	.?AVRadioMessageVWatchTgt@@	0x1ba51c0,0x1ba5300@40	39,4	RadioMessageWithTarget	RadioMessageWithTarget;RadioMessage;RemoveLinks;BaseRefCount<1>;RefCountBaseT<1>;SList<BaseLink,TLink<0>>;TLink<0>;NetworkSimpleObject	MI
RadioMessageWatchAround	.?AVRadioMessageWatchAround@@	0x1cb0290	40	RadioMessageState	RadioMessageState;RadioMessage;RemoveLinks;BaseRefCount<1>;RefCountBaseT<1>;SList<BaseLink,TLink<0>>;TLink<0>	MI
RadioMessageWatchAuto	.?AVRadioMessageWatchAuto@@	0x1cb03d8	40	RadioMessageState	RadioMessageState;RadioMessage;RemoveLinks;BaseRefCount<1>;RefCountBaseT<1>;SList<BaseLink,TLink<0>>;TLink<0>	MI
RadioMessageWatchDir	.?AVRadioMessageWatchDir@@	0x1cb0520	40	RadioMessageState	RadioMessageState;RadioMessage;RemoveLinks;BaseRefCount<1>;RefCountBaseT<1>;SList<BaseLink,TLink<0>>;TLink<0>	MI
RadioMessageWatchPos	.?AVRadioMessageWatchPos@@	0x1cb0668	40	RadioMessageState	RadioMessageState;RadioMessage;RemoveLinks;BaseRefCount<1>;RefCountBaseT<1>;SList<BaseLink,TLink<0>>;TLink<0>	MI
RadioMessageWatchTgt	.?AVRadioMessageWatchTgt@@	0x1cb07b0	40	RadioMessageState	RadioMessageState;RadioMessage;RemoveLinks;BaseRefCount<1>;RefCountBaseT<1>;SList<BaseLink,TLink<0>>;TLink<0>	MI
RadioMessageWhereAreYou	.?AVRadioMessageWhereAreYou@@	0x1caf498	39	RadioMessageReply	RadioMessageReply;RadioMessage;RemoveLinks;BaseRefCount<1>;RefCountBaseT<1>;SList<BaseLink,TLink<0>>;TLink<0>	MI
RadioMessageWithMove	.?AVRadioMessageWithMove@@	0x1ba4938	39	RadioMessage	RadioMessage;RemoveLinks;BaseRefCount<1>;RefCountBaseT<1>;SList<BaseLink,TLink<0>>;TLink<0>	MI
RadioMessageWithTarget	.?AVRadioMessageWithTarget@@	0x1ba4c00,0x1ba4d40@40	39,4	RadioMessage;NetworkSimpleObject	RadioMessage;RemoveLinks;BaseRefCount<1>;RefCountBaseT<1>;SList<BaseLink,TLink<0>>;TLink<0>;NetworkSimpleObject	MI
RadioProtocol	.?AVRadioProtocol@@	0x1ac0e50	3	BaseRefCount<1>	BaseRefCount<1>;RefCountBaseT<1>	
RadioProtocol::Sentence	.?AUSentence@RadioProtocol@@	0x1ac0e30	3	BaseRefCount<1>	BaseRefCount<1>;RefCountBaseT<1>	
RagDollObjectCtx	.?AVRagDollObjectCtx@@	0x1cde808	1	RagDollSourceObjectCtx	RagDollSourceObjectCtx	
RagDollSourceObjectCtx	.?AVRagDollSourceObjectCtx@@	0x1cdf318	1			
RagDollWeaponInfo	.?AVRagDollWeaponInfo@@	0x1b35e40	4	SerializeClass	SerializeClass	
RandomLip	.?AVRandomLip@@	0x1b2acf0	3	BaseRefCount<1>	BaseRefCount<1>;RefCountBaseT<1>	
ReadHandleInfo	.?AUReadHandleInfo@@	0x1aace70	15	TLinkBidir<1>;RequestableObject	TLinkBidir<1>;NoCopy;RequestableObject;RemoveLLinks;BaseRefCount<1>;RefCountBaseT<1>	MI
ReadHandleInfoNormal	.?AUReadHandleInfoNormal@@	0x1aacef0	15	ReadHandleInfo	ReadHandleInfo;TLinkBidir<1>;NoCopy;RequestableObject;RemoveLLinks;BaseRefCount<1>;RefCountBaseT<1>	MI
ReadyToDrawContext	.?AUReadyToDrawContext@@	0x1b8fbe8	2	ProcessTextContext	ProcessTextContext	
RealPlayer	.?AVRealPlayer@@	0x1b3aa28	3	BaseRefCount<1>	BaseRefCount<1>;RefCountBaseT<1>	
RearmFunc	.?AVRearmFunc@@	0x1c52a20	2	ITurretFunc	ITurretFunc	
Recoil::WeaponParams	.?AVWeaponParams@Recoil@@	0x1c06c30	3	BaseRefCount<1>	BaseRefCount<1>;RefCountBaseT<1>	
RecoilFunction	.?AVRecoilFunction@@	0x1c06c10	3	BaseRefCount<1>	BaseRefCount<1>;RefCountBaseT<1>	
RefArray<const MagazineType,MemAllocD>	.?AV?$RefArray@$$CBVMagazineType@@VMemAllocD@@@@					no-col
RefArray<ConvexComponent,MemAllocD>	.?AV?$RefArray@VConvexComponent@@VMemAllocD@@@@					no-col
RefArray<DisplayGearFuturaBase::SPtrInfo<Control*>,MemAllocD>	.?AV?$RefArray@U?$SPtrInfo@PEAVControl@@@DisplayGearFuturaBase@@VMemAllocD@@@@					no-col
RefArray<Entity,MemAllocD>	.?AV?$RefArray@VEntity@@VMemAllocD@@@@					no-col
RefArray<NetworkMessageQueueItem,MemAllocD>	.?AV?$RefArray@UNetworkMessageQueueItem@@VMemAllocD@@@@					no-col
RefArray<Object,MemAllocD>	.?AV?$RefArray@VObject@@VMemAllocD@@@@					no-col
RefArray<Texture,MemAllocD>	.?AV?$RefArray@VTexture@@VMemAllocD@@@@					no-col
RefCountBaseT<0>	.?AV?$RefCountBaseT@$0A@@@					no-col
RefCountBaseT<1>	.?AV?$RefCountBaseT@$00@@					no-col
RefCountDummy	.?AVRefCountDummy@@					no-col
RefCountedArray<SteamFileInfo,MemAllocD,AutoArray>	.?AV?$RefCountedArray@VSteamFileInfo@@VMemAllocD@@VAutoArray@@@@	0x1b62828	3	AutoArray<SteamFileInfo,MemAllocD>;BaseRefCount<1>	AutoArray<SteamFileInfo,MemAllocD>;Array<SteamFileInfo>;MemAllocD;BaseRefCount<1>;RefCountBaseT<1>	MI
RefCountedArray<unsigned char,MemAllocD,AutoArray>	.?AV?$RefCountedArray@EVMemAllocD@@VAutoArray@@@@	0x1a7c878	3	AutoArray<unsigned char,MemAllocD>;BaseRefCount<1>	AutoArray<unsigned char,MemAllocD>;Array<unsigned char>;MemAllocD;BaseRefCount<1>;RefCountBaseT<1>	MI
ReflectorInfo	.?AUReflectorInfo@@	0x1c4be40	3	BaseRefCount<1>	BaseRefCount<1>;RefCountBaseT<1>	
RegistrationItem	.?AVRegistrationItem@@					no-col
RegistrationList	.?AVRegistrationList@@	0x1b40798	1	TListBidirRef<RegistrationItem,EmptyCounter<RegistrationItem>>	TListBidirRef<RegistrationItem,EmptyCounter<RegistrationItem>>;TListBidir<RegistrationItem,TLinkBidir<1>,EmptyCounter<RegistrationItem>>;TLinkBidir<1>;NoCopy	
RememberSplit	.?AVRememberSplit@@	0x1ca9a88	3	BaseRefCount<1>;LinkBidirWithFrameStoreT<FrameStoreTraits>	BaseRefCount<1>;RefCountBaseT<1>;LinkBidirWithFrameStoreT<FrameStoreTraits>;TLinkBidir<2>;NoCopy	MI
RemoteExec::IRemoteExecItemBase	.?AVIRemoteExecItemBase@RemoteExec@@	0x1b58070	2			
RemoteExec::RemoteExecContext	.?AVRemoteExecContext@RemoteExec@@	0x1b58050	3	BaseRefCount<1>	BaseRefCount<1>;RefCountBaseT<1>	
RemoteExec::RemoteExecContext::ExecutionRestrictionItem	.?AVExecutionRestrictionItem@RemoteExecContext@RemoteExec@@	0x1b58030	3	BaseRefCount<1>	BaseRefCount<1>;RefCountBaseT<1>	
RemoteExec::RemoteExecItemPerformCmd	.?AVRemoteExecItemPerformCmd@RemoteExec@@	0x1b584f0	2	RemoteExec::IRemoteExecItemBase	RemoteExec::IRemoteExecItemBase	
RemoteExec::RemoteExecItemPerformFunc	.?AVRemoteExecItemPerformFunc@RemoteExec@@	0x1b58508	2	RemoteExec::IRemoteExecItemBase	RemoteExec::IRemoteExecItemBase	
RemoteExec::RemoteExecItemRequest	.?AVRemoteExecItemRequest@RemoteExec@@	0x1b584d8	2	RemoteExec::IRemoteExecItemBase	RemoteExec::IRemoteExecItemBase	
RemoteTargetInfo	.?AVRemoteTargetInfo@@	0x1cab1b8	3	BaseRefCount<1>	BaseRefCount<1>;RefCountBaseT<1>	
RemoteTargetSensorComponent	.?AVRemoteTargetSensorComponent@@	0x1ac5730	17	SensorBaseComponent	SensorBaseComponent;Component;BaseRefCount<1>;RefCountBaseT<1>	
RemoteTargetSensorComponentType	.?AVRemoteTargetSensorComponentType@@	0x1ac56a8	16	SensorBaseComponentType	SensorBaseComponentType;ComponentType;BaseRefCount<1>;RefCountBaseT<1>	
RemoveAllMagazinesTurretFunc	.?AVRemoveAllMagazinesTurretFunc@@	0x1b4c9b0	2	ITurretFunc	ITurretFunc	
RemoveAssignementFunc	.?AVRemoveAssignementFunc@@	0x1c46390	2	ITurretFunc	ITurretFunc	
RemoveCrewCuratorLogicFunc	.?AVRemoveCrewCuratorLogicFunc@@	0x1b2f1e0	2	ICrewFunc	ICrewFunc	
RemoveGunnersFunc	.?AVRemoveGunnersFunc@@	0x1cb1d50	2	ITurretFunc	ITurretFunc	
RemoveLinks	.?AVRemoveLinks@@	0x1a7e098	3	BaseRefCount<1>;SList<BaseLink,TLink<0>>	BaseRefCount<1>;RefCountBaseT<1>;SList<BaseLink,TLink<0>>;TLink<0>	MI
RemoveLLinks	.?AVRemoveLLinks@@	0x1a85950	3	BaseRefCount<1>	BaseRefCount<1>;RefCountBaseT<1>	
RemoveSelectionFunc	.?AURemoveSelectionFunc@@	0x1ce5698	4	ISelEventFunctor	ISelEventFunctor;BaseRefCount<1>;RefCountBaseT<1>	
RemoveSoftLinks<SoftLinkIdTraits<ObjectId,ObjectIdAutoDestroy>>	.?AV?$RemoveSoftLinks@U?$SoftLinkIdTraits@VObjectId@@VObjectIdAutoDestroy@@@@@@					no-col
RemoveSoftLinks<SoftLinkIdTraits<ParamClassId,ParamClassId>>	.?AV?$RemoveSoftLinks@U?$SoftLinkIdTraits@VParamClassId@@V1@@@@@	0x1a984f8	2	RefCountDummy	RefCountDummy	
ReportDeadGunner	.?AVReportDeadGunner@@	0x1c46528	2	ITurretFunc	ITurretFunc	
ReportHackedData	.?AVReportHackedData@@	0x1bb46f8	2	CheckSignatureTimeoutFunc	CheckSignatureTimeoutFunc	
RequestableObject	.?AVRequestableObject@@	0x1aa3ec8	6	RemoveLLinks	RemoveLLinks;BaseRefCount<1>;RefCountBaseT<1>	
RequestCompletion	.?AURequestCompletion@@	0x1a945e0	3	FileRequestCompletionRefCount;RequestCompletionKey;NoCopy	FileRequestCompletionRefCount;BaseRefCount<1>;RefCountBaseT<1>;RequestCompletionKey;NoCopy	MI
RequestCompletionKey	.?AURequestCompletionKey@@					no-col
RequestMissionFile	.?AVRequestMissionFile@@	0x1ba9560	9	HttpManager::RequestSimpleFile	HttpManager::RequestSimpleFile;HttpManager::Request;BaseRefCount<1>;RefCountBaseT<1>	
ResizeWidgetRotateOperation	.?AUResizeWidgetRotateOperation@@	0x1a90db8,0x1a90de8@32,0x1a90e08@144	5,3,3	Editor3D::UIEditOperation;Editor3D::UndoRedoItem	Editor3D::UIEditOperation;Editor3D::EditOperation;BaseRefCount<1>;RefCountBaseT<1>;Editor3D::UndoRedoItem;BaseRefCount<1>;RefCountBaseT<1>	MI,VI
ResizeWidgetScaleOperation	.?AUResizeWidgetScaleOperation@@	0x1a90d38,0x1a90d68@32,0x1a90d88@184	5,3,3	Editor3D::UIEditOperation;Editor3D::UndoRedoItem	Editor3D::UIEditOperation;Editor3D::EditOperation;BaseRefCount<1>;RefCountBaseT<1>;Editor3D::UndoRedoItem;BaseRefCount<1>;RefCountBaseT<1>	MI,VI
ResourceSupply	.?AVResourceSupply@@	0x1c550b0,0x1c550e8@24	6,2	IWeightContainer;CMassObject	IWeightContainer;CMassObject	MI
RespawnPersonQueueItem	.?AVRespawnPersonQueueItem@@	0x1ba9460	9	RespawnQueueItem	RespawnQueueItem;SerializeClass	
RespawnQueueItem	.?AVRespawnQueueItem@@	0x1ba93d8	9	SerializeClass	SerializeClass	
RespawnVehicleQueueItem	.?AVRespawnVehicleQueueItem@@	0x1ba94c0	9	RespawnQueueItem	RespawnQueueItem;SerializeClass	
RestartRequestMsgBox	.?AVRestartRequestMsgBox@@	0x1cb7b40,0x1cb7d50@24,0x1cb7d68@552	65,2,4	MsgBox	MsgBox;ControlsContainer;RemoveLLinks;BaseRefCount<1>;RefCountBaseT<1>;EventHandlerGroupContainer_Simple<EventHandlerContainer_UI,13,enum DisplayEvent>;IUICollectibleControls;IHasGameVarSpace	MI
Road	.?AVRoad@@	0x1c687e0,0x1c69220@24,0x1c69248@48	327,4,23	Object	Object;NetworkObject;RemoveSoftLinks<SoftLinkIdTraits<ObjectId,ObjectIdAutoDestroy>>;BaseRefCount<1>;RefCountBaseT<1>;NetworkSimpleObject;CountInstances<Object>;EPEItem;TLinkBidir<1>;NoCopy	MI
RoadNet	.?AVRoadNet@@	0x1c70120	3	BaseRefCount<1>	BaseRefCount<1>;RefCountBaseT<1>	
RoadType	.?AVRoadType@@	0x1c687c0	3	BaseRefCount<1>;NoCopy	BaseRefCount<1>;RefCountBaseT<1>;NoCopy	MI
RoadwayFaces	.?AVRoadwayFaces@@	0x1ce1bf0	3	BaseRefCount<1>;OffTree<RoadwayFace,OffTreeTraits<RoadwayFace,MemAllocD>,MemAllocD>	BaseRefCount<1>;RefCountBaseT<1>;OffTree<RoadwayFace,OffTreeTraits<RoadwayFace,MemAllocD>,MemAllocD>;MemAllocD;OffTreeTraits<RoadwayFace,MemAllocD>;OffTreeDefTraits<RoadwayFace,MemAllocD>;OffTreeRegionTraits<RoadwayFace,MemAllocD>	MI
RopeActionContext	.?AVRopeActionContext@@	0x1c3d928	8	ActionContextBase	ActionContextBase;BaseRefCount<1>;RefCountBaseT<1>	
RopeAttachedObject	.?AURopeAttachedObject@@	0x1c3c008	4	SerializeClass	SerializeClass	
RopeObject	.?AVRopeObject@@	0x1c3c030,0x1c3d450@24,0x1c3d478@48,0x1c3d538@1464,0x1c3d558@1472	643,4,23,3,2	EntityAI	EntityAI;Entity;ObjectTyped;Object;NetworkObject;RemoveSoftLinks<SoftLinkIdTraits<ObjectId,ObjectIdAutoDestroy>>;BaseRefCount<1>;RefCountBaseT<1>;NetworkSimpleObject;CountInstances<Object>;EPEItem;TLinkBidir<1>;NoCopy;Animated;JoinedObject;IHasParentContainer	MI
RopeSegment	.?AVRopeSegment@@	0x1c3b250,0x1c3bed8@24,0x1c3bf00@48	400,4,23	Entity	Entity;ObjectTyped;Object;NetworkObject;RemoveSoftLinks<SoftLinkIdTraits<ObjectId,ObjectIdAutoDestroy>>;BaseRefCount<1>;RefCountBaseT<1>;NetworkSimpleObject;CountInstances<Object>;EPEItem;TLinkBidir<1>;NoCopy;Animated	MI
RopeSegmentType	.?AVRopeSegmentType@@	0x1c53ac0,0x1c53c00@24,0x1c53c38@32	39,6,2	EntityType	EntityType;RemoveLLinks;BaseRefCount<1>;RefCountBaseT<1>;LODShapeLoadHandler;AnimatedType;LinkBidirWithFrameStoreT<FrameStoreTraits>;TLinkBidir<2>;NoCopy	MI
RopeSimulation	.?AVRopeSimulation@@	0x1c3bfc0,0x1c3bfe0@16	3,4	BaseRefCount<1>;SerializeClass	BaseRefCount<1>;RefCountBaseT<1>;SerializeClass	MI
RopeType	.?AVRopeType@@	0x1c3af50,0x1c3b1d8@24,0x1c3b210@32,0x1c3b228@752	80,6,2,4	EntityAIType	EntityAIType;EntityType;RemoveLLinks;BaseRefCount<1>;RefCountBaseT<1>;LODShapeLoadHandler;AnimatedType;LinkBidirWithFrameStoreT<FrameStoreTraits>;TLinkBidir<2>;NoCopy;ComponentHolderType<ComponentType>	MI
RotateWidgetOperation	.?AURotateWidgetOperation@@	0x1b1dee0,0x1b1df10@32,0x1b1df30@248	5,3,3	Editor3D::UIEditOperation;Editor3D::UndoRedoItem	Editor3D::UIEditOperation;Editor3D::EditOperation;BaseRefCount<1>;RefCountBaseT<1>;Editor3D::UndoRedoItem;BaseRefCount<1>;RefCountBaseT<1>	MI,VI
RotorLibFDM::FCSHelicopterAutoTrim100	.?AVFCSHelicopterAutoTrim100@RotorLibFDM@@					no-col
RotorLibFDM::GenHeli600	.?AVGenHeli600@RotorLibFDM@@					no-col
RotorLibFDM::GenHeli600::ConfigParams	.?AVConfigParams@GenHeli600@RotorLibFDM@@					no-col
RPCHandler	.?AVRPCHandler@@	0x1a93fe8	7	SerializeClass	SerializeClass	
RPCHandlerArma	.?AVRPCHandlerArma@@	0x1b40b18	7	RPCHandler	RPCHandler;SerializeClass	
RTD::Base	.?AVBase@RTD@@	0x1bdf620	4			
RTD::ConstantRPMEngine	.?AVConstantRPMEngine@RTD@@					no-col
RTD::ConstantRPMEngine::ConfigParams	.?AVConfigParams@ConstantRPMEngine@RTD@@					no-col
RTD::ControlSystemComponentBase	.?AVControlSystemComponentBase@RTD@@					no-col
RTD::EngineModelBase	.?AVEngineModelBase@RTD@@					no-col
RTD::EntityBase	.?AVEntityBase@RTD@@					no-col
RTD::EntityBase::ConfigParams	.?AVConfigParams@EntityBase@RTD@@					no-col
RTD::FCSRotationDamper	.?AVFCSRotationDamper@RTD@@					no-col
RTD::FCSRotationDamper::ConfigParams	.?AVConfigParams@FCSRotationDamper@RTD@@					no-col
RTD::FGForce	.?AVFGForce@RTD@@	0x1be2c70,0x1be2ce0@648,0x1be2d08@656	13,4,12	RTD::ForceGenerator	RTD::ForceGenerator;RTD::SimulationVariableUser;RTD::Named;RTD::Base	MI,VI
RTD::FGGroundContact200	.?AVFGGroundContact200@RTD@@					no-col
RTD::FGGroundContact200::ConfigParams	.?AVConfigParams@FGGroundContact200@RTD@@					no-col
RTD::FGGroundContactBase	.?AVFGGroundContactBase@RTD@@					no-col
RTD::FGRotorBladeElementTheory	.?AVFGRotorBladeElementTheory@RTD@@					no-col
RTD::FGTorque	.?AVFGTorque@RTD@@	0x1bdfb08,0x1bdfb78@648,0x1bdfba0@656	13,4,12	RTD::ForceGenerator	RTD::ForceGenerator;RTD::SimulationVariableUser;RTD::Named;RTD::Base	MI,VI
RTD::ForceGenerator	.?AVForceGenerator@RTD@@					no-col
RTD::InputData	.?AVInputData@RTD@@					no-col
RTD::MBDVehicle	.?AVMBDVehicle@RTD@@					no-col
RTD::ModelComponentBase	.?AVModelComponentBase@RTD@@					no-col
RTD::ModelComponentBase::ConfigParams	.?AVConfigParams@ModelComponentBase@RTD@@					no-col
RTD::Named	.?AVNamed@RTD@@					no-col
RTD::PilotInputData	.?AVPilotInputData@RTD@@					no-col
RTD::RotorModelBase	.?AVRotorModelBase@RTD@@					no-col
RTD::RTDVariable	.?AVRTDVariable@RTD@@					no-col
RTD::SimulationVariableBase	.?AVSimulationVariableBase@RTD@@					no-col
RTD::SimulationVariableReal	.?AVSimulationVariableReal@RTD@@	0x1bdf7b0	25	RTD::SimulationVariableBase	RTD::SimulationVariableBase;RTD::RTDVariable	
RTD::SimulationVariableUser	.?AVSimulationVariableUser@RTD@@					no-col
RTD::SimulationVariableVec3r	.?AVSimulationVariableVec3r@RTD@@	0x1bdf880	25	RTD::SimulationVariableBase	RTD::SimulationVariableBase;RTD::RTDVariable	
RTD::StateVariableReal	.?AVStateVariableReal@RTD@@	0x1bdf950	25	RTD::SimulationVariableReal	RTD::SimulationVariableReal;RTD::SimulationVariableBase;RTD::RTDVariable	
RTD::StateVariableVec3r	.?AVStateVariableVec3r@RTD@@	0x1bdfa20	25	RTD::SimulationVariableVec3r	RTD::SimulationVariableVec3r;RTD::SimulationVariableBase;RTD::RTDVariable	
RTD::TerrainQueryCallback	.?AVTerrainQueryCallback@RTD@@					no-col
RTD::TraitControlSystem	.?AVTraitControlSystem@RTD@@					no-col
RTD::TraitDriveTrain	.?AVTraitDriveTrain@RTD@@					no-col
RTD::TraitDriveTrainConnection	.?AVTraitDriveTrainConnection@RTD@@					no-col
RTD::TraitEngine	.?AVTraitEngine@RTD@@					no-col
RTD::TraitGroundContact	.?AVTraitGroundContact@RTD@@					no-col
RTD::TraitStdInstruments	.?AVTraitStdInstruments@RTD@@					no-col
RTD::TraitTerrainQueryCallbackUser	.?AVTraitTerrainQueryCallbackUser@RTD@@					no-col
RTD::VehicleBase	.?AVVehicleBase@RTD@@					no-col
RTD::VehicleBase::ConfigParams	.?AVConfigParams@VehicleBase@RTD@@					no-col
RTD::World	.?AVWorld@RTD@@					no-col
RTD::WorldParticipant	.?AVWorldParticipant@RTD@@					no-col
RunningSimulation	.?AVRunningSimulation@@	0x1b41b98	7	VisualComponent	VisualComponent	
RVExtensionGraphicsLockGuard	.?AURVExtensionGraphicsLockGuard@@	0x1b2c620	2			
RVExtensionGraphicsLockGuardImpl	.?AURVExtensionGraphicsLockGuardImpl@@	0x1b2c638	2	RVExtensionGraphicsLockGuard	RVExtensionGraphicsLockGuard	
S3DMouseControls	.?AUS3DMouseControls@@	0x1b213b0,0x1b213e0@40	5,6	MouseControls;Editor3D::IDrawable;CPPEventSource<enum E3DMouseEvents,1>	MouseControls;Editor3D::IDrawable;RemoveLLinks;BaseRefCount<1>;RefCountBaseT<1>;CPPEventSource<enum E3DMouseEvents,1>	MI
SAXParser	.?AVSAXParser@@	0x1a7af70	6			
ScaleWidgetOperation	.?AUScaleWidgetOperation@@	0x1b1dfc8,0x1b1dff8@32,0x1b1e018@272	5,3,3	Editor3D::UIEditOperation;Editor3D::UndoRedoItem	Editor3D::UIEditOperation;Editor3D::EditOperation;BaseRefCount<1>;RefCountBaseT<1>;Editor3D::UndoRedoItem;BaseRefCount<1>;RefCountBaseT<1>	MI,VI
ScanWeaponRange	.?AVScanWeaponRange@@	0x1c452f8	2	ITurretFunc	ITurretFunc	
ScanWeaponTypeRange	.?AVScanWeaponTypeRange@@	0x1c452e0	2	ITurretTypeFunc	ITurretTypeFunc	
SceneHolder	.?AVSceneHolder@@	0x1b58f10	18			
SceneHolderPhysx3	.?AVSceneHolderPhysx3@@	0x1b90ac8	18	SceneHolder	SceneHolder	
Script	.?AVScript@@	0x1c70260,0x1c70298@24	6,16	RequestableObject;IDebugScript	RequestableObject;RemoveLLinks;BaseRefCount<1>;RefCountBaseT<1>;IDebugScript	MI
ScriptSimpleVM::CompileContext<GetConfigClasses()::`35'::<lambda_1>,void(StringView<char>,Ref<SourceDocPosRef>)*>	.?AU?$CompileContext@V<lambda_1>@?CD@??GetConfigClasses@@YA?AVGameValue@@PEBVGameState@@AEBV3@1@Z@P6AXV?$StringView@D@@V?$Ref@USourceDocPosRef@@@@@Z@ScriptSimpleVM@@	0x1b4b398	4	ScriptSimpleVM::CompileContextBase	ScriptSimpleVM::CompileContextBase	
ScriptSimpleVM::CompileContext<GetConfigProperties()::`39'::<lambda_5>,void(StringView<char>,Ref<SourceDocPosRef>)*>	.?AU?$CompileContext@V<lambda_5>@?CH@??GetConfigProperties@@YA?AVGameValue@@PEBVGameState@@AEBV3@@Z@P6AXV?$StringView@D@@V?$Ref@USourceDocPosRef@@@@@Z@ScriptSimpleVM@@	0x1b4b350	4	ScriptSimpleVM::CompileContextBase	ScriptSimpleVM::CompileContextBase	
ScriptSimpleVM::CompileContextBase	.?AUCompileContextBase@ScriptSimpleVM@@					no-col
ScriptSimpleVM::CompileContextLoop<Diag_testScriptSimpleVM()::`2'::<lambda_3>,Diag_testScriptSimpleVM()::`2'::<lambda_4>,Diag_testScriptSimpleVM()::`2'::<lambda_2>*>	.?AU?$CompileContextLoop@V<lambda_3>@?1??Diag_testScriptSimpleVM@@YA?AVGameValue@@PEBVGameState@@AEBV3@@Z@V<lambda_4>@?1??2@YA?AV3@01@Z@PEAV<lambda_2>@?1??2@YA?AV3@01@Z@@ScriptSimpleVM@@	0x1b52520	4	ScriptSimpleVM::CompileContextBase	ScriptSimpleVM::CompileContextBase	
ScriptSimpleVM::CompileContextLoop<ListApply()::`5'::<lambda_1>,ListApply()::`5'::<lambda_2>,void(StringView<char>,Ref<SourceDocPosRef>)*>	.?AU?$CompileContextLoop@V<lambda_1>@?4??ListApply@@YA?AVGameValue@@PEBVGameState@@AEBV3@1@Z@V<lambda_2>@?4??2@YA?AV3@011@Z@P6AXV?$StringView@D@@V?$Ref@USourceDocPosRef@@@@@Z@ScriptSimpleVM@@	0x1a9e690	4	ScriptSimpleVM::CompileContextBase	ScriptSimpleVM::CompileContextBase	
ScriptSimpleVM::CompileContextLoop<ListCountCond()::`5'::<lambda_1>,ListCountCond()::`5'::<lambda_2>,void(StringView<char>,Ref<SourceDocPosRef>)*>	.?AU?$CompileContextLoop@V<lambda_1>@?4??ListCountCond@@YA?AVGameValue@@PEBVGameState@@AEBV3@1@Z@V<lambda_2>@?4??2@YA?AV3@011@Z@P6AXV?$StringView@D@@V?$Ref@USourceDocPosRef@@@@@Z@ScriptSimpleVM@@	0x1a9e640	4	ScriptSimpleVM::CompileContextBase	ScriptSimpleVM::CompileContextBase	
ScriptSimpleVM::CompileContextLoop<ListFindCond()::`5'::<lambda_1>,ListFindCond()::`5'::<lambda_2>,void(StringView<char>,Ref<SourceDocPosRef>)*>	.?AU?$CompileContextLoop@V<lambda_1>@?4??ListFindCond@@YA?AVGameValue@@PEBVGameState@@AEBV3@1@Z@V<lambda_2>@?4??2@YA?AV3@011@Z@P6AXV?$StringView@D@@V?$Ref@USourceDocPosRef@@@@@Z@ScriptSimpleVM@@	0x1a9e668	4	ScriptSimpleVM::CompileContextBase	ScriptSimpleVM::CompileContextBase	
ScriptSimpleVM::CompileContextLoop<ListForEach()::`5'::<lambda_1>,ListForEach()::`5'::<lambda_2>,void(StringView<char>,Ref<SourceDocPosRef>)*>	.?AU?$CompileContextLoop@V<lambda_1>@?4??ListForEach@@YA?AVGameValue@@PEBVGameState@@AEBV3@1@Z@V<lambda_2>@?4??2@YA?AV3@011@Z@P6AXV?$StringView@D@@V?$Ref@USourceDocPosRef@@@@@Z@ScriptSimpleVM@@	0x1a9e6c8	4	ScriptSimpleVM::CompileContextBase	ScriptSimpleVM::CompileContextBase	
ScriptSimpleVM::CompileContextLoop<ListSelectCondition()::`7'::<lambda_1>,ListSelectCondition()::`7'::<lambda_2>,void(StringView<char>,Ref<SourceDocPosRef>)*>	.?AU?$CompileContextLoop@V<lambda_1>@?6??ListSelectCondition@@YA?AVGameValue@@PEBVGameState@@AEBV3@1@Z@V<lambda_2>@?6??2@YA?AV3@011@Z@P6AXV?$StringView@D@@V?$Ref@USourceDocPosRef@@@@@Z@ScriptSimpleVM@@	0x1a9e618	4	ScriptSimpleVM::CompileContextBase	ScriptSimpleVM::CompileContextBase	
ScriptVM	.?AVScriptVM@@	0x1aa3f88,0x1aa3fc0@24	6,16	RequestableObject;IDebugScript	RequestableObject;RemoveLLinks;BaseRefCount<1>;RefCountBaseT<1>;IDebugScript	MI
SeaGull	.?AVSeaGull@@	0x1c06f38,0x1c07c70@24,0x1c07c98@48	422,4,23	CameraHolder	CameraHolder;Entity;ObjectTyped;Object;NetworkObject;RemoveSoftLinks<SoftLinkIdTraits<ObjectId,ObjectIdAutoDestroy>>;BaseRefCount<1>;RefCountBaseT<1>;NetworkSimpleObject;CountInstances<Object>;EPEItem;TLinkBidir<1>;NoCopy;Animated	MI
SeaGullAuto	.?AVSeaGullAuto@@	0x1c07d58,0x1c08a98@24,0x1c08ac0@48	423,4,23	SeaGull	SeaGull;CameraHolder;Entity;ObjectTyped;Object;NetworkObject;RemoveSoftLinks<SoftLinkIdTraits<ObjectId,ObjectIdAutoDestroy>>;BaseRefCount<1>;RefCountBaseT<1>;NetworkSimpleObject;CountInstances<Object>;EPEItem;TLinkBidir<1>;NoCopy;Animated	MI
SeaGullType	.?AVSeaGullType@@	0x1c06da8,0x1c06ee8@24,0x1c06f20@32	39,6,2	EntityType	EntityType;RemoveLLinks;BaseRefCount<1>;RefCountBaseT<1>;LODShapeLoadHandler;AnimatedType;LinkBidirWithFrameStoreT<FrameStoreTraits>;TLinkBidir<2>;NoCopy	MI
SeaGullVisualState	.?AVSeaGullVisualState@@	0x1c06cd0,0x1c06d88@64	22,3	EntityVisualState	EntityVisualState;ObjectVisualState;FrameBase;Frame;Matrix4P;BaseRefCount<1>;RefCountBaseT<1>	MI
SearchButtonCtrl	.?AVSearchButtonCtrl@@	0x1b1e060,0x1b1e0c8@24,0x1b1e330@752	12,76,8	CButton	CButton;ButtonBase;Control;RemoveLLinks;BaseRefCount<1>;RefCountBaseT<1>;IControl;EventHandlerGroupContainer_DynArray<EventHandlerContainer_UI,enum ControlEvent>;IUICollectibleControls;IHasGameVarSpace;CTextContainer;ITextContainer	MI
SecondaryFiremode	.?AUSecondaryFiremode@@	0x1a7ac68	3	AIMovementType	AIMovementType	
Security::ACheckMemoryItemGroup	.?AVACheckMemoryItemGroup@Security@@	0x1a94938	8	BaseRefCount<1>	BaseRefCount<1>;RefCountBaseT<1>	
Security::CheckedMemoryItem	.?AUCheckedMemoryItem@Security@@	0x1a94918	3	BaseRefCount<1>	BaseRefCount<1>;RefCountBaseT<1>	
Security::CheckMemoryItemGroup_Array	.?AVCheckMemoryItemGroup_Array@Security@@	0x1a94980	8	Security::ACheckMemoryItemGroup	Security::ACheckMemoryItemGroup;BaseRefCount<1>;RefCountBaseT<1>	
Security::CheckMemoryItemGroup_ReadOnly	.?AVCheckMemoryItemGroup_ReadOnly@Security@@	0x1a949c8	8	Security::ACheckMemoryItemGroup	Security::ACheckMemoryItemGroup;BaseRefCount<1>;RefCountBaseT<1>	
SelArrow	.?AVSelArrow@@	0x1b48468,0x1b490e8@24,0x1b49110@48	399,4,23	TempVehicle	TempVehicle;Entity;ObjectTyped;Object;NetworkObject;RemoveSoftLinks<SoftLinkIdTraits<ObjectId,ObjectIdAutoDestroy>>;BaseRefCount<1>;RefCountBaseT<1>;NetworkSimpleObject;CountInstances<Object>;EPEItem;TLinkBidir<1>;NoCopy;Animated	MI
SelectLightsIntoGridTask	.?AVSelectLightsIntoGridTask@@	0x1ca7d28	3	IMicroJob	IMicroJob;enf::Job;enf::JobCommon;enf::JobCore	
SensorBaseComponent	.?AVSensorBaseComponent@@	0x1ac4da0	17	Component	Component;BaseRefCount<1>;RefCountBaseT<1>	
SensorBaseComponentType	.?AVSensorBaseComponentType@@	0x1ac4d18	16	ComponentType	ComponentType;BaseRefCount<1>;RefCountBaseT<1>	
SensorsDisplayComponent	.?AVSensorsDisplayComponent@@	0x1acaf78	23	VehicleSystemDisplayBase	VehicleSystemDisplayBase;Component;BaseRefCount<1>;RefCountBaseT<1>	
SensorsDisplayComponentType	.?AVSensorsDisplayComponentType@@	0x1acaab8	7	VehicleSystemDisplayBaseType	VehicleSystemDisplayBaseType;ComponentType;BaseRefCount<1>;RefCountBaseT<1>	
SensorsManagerComponent	.?AVSensorsManagerComponent@@	0x1ac5ba0,0x1ac5c30@56	17,7	Component;ComponentHolder<SensorsManagerComponent,SensorBaseComponent>	Component;BaseRefCount<1>;RefCountBaseT<1>;ComponentHolder<SensorsManagerComponent,SensorBaseComponent>	MI
SensorsManagerComponentType	.?AVSensorsManagerComponentType@@	0x1ac59f8,0x1ac5a38@32	7,4	ComponentType;ComponentHolderType<SensorBaseComponentType>	ComponentType;BaseRefCount<1>;RefCountBaseT<1>;ComponentHolderType<SensorBaseComponentType>	MI
SentenceParam	.?AVSentenceParam@@					no-col
SentenceParamAggrTargets	.?AVSentenceParamAggrTargets@@	0x1cb1238	5	SentenceParam	SentenceParam;BaseRefCount<1>;RefCountBaseT<1>	
SentenceParamDirection	.?AVSentenceParamDirection@@	0x1cb11d8	5	SentenceParam	SentenceParam;BaseRefCount<1>;RefCountBaseT<1>	
SentenceParamDistance	.?AVSentenceParamDistance@@	0x1cb11a8	5	SentenceParam	SentenceParam;BaseRefCount<1>;RefCountBaseT<1>	
SentenceParamFormat	.?AVSentenceParamFormat@@	0x1c447b0	5	SentenceParam	SentenceParam;BaseRefCount<1>;RefCountBaseT<1>	
SentenceParamGameValue	.?AVSentenceParamGameValue@@	0x1cb1178	5	SentenceParam	SentenceParam;BaseRefCount<1>;RefCountBaseT<1>	
SentenceParamGridCoords	.?AVSentenceParamGridCoords@@	0x1cb10b8	5	SentenceParam	SentenceParam;BaseRefCount<1>;RefCountBaseT<1>	
SentenceParamLocation	.?AVSentenceParamLocation@@	0x1cb1208	5	SentenceParam	SentenceParam;BaseRefCount<1>;RefCountBaseT<1>	
SentenceParamNumber	.?AVSentenceParamNumber@@	0x1c44780	5	SentenceParam	SentenceParam;BaseRefCount<1>;RefCountBaseT<1>	
SentenceParamTeamMember	.?AVSentenceParamTeamMember@@	0x1cb1148	5	SentenceParam	SentenceParam;BaseRefCount<1>;RefCountBaseT<1>	
SentenceParamText	.?AVSentenceParamText@@	0x1cb1088	5	SentenceParam	SentenceParam;BaseRefCount<1>;RefCountBaseT<1>	
SentenceParamUnit	.?AVSentenceParamUnit@@	0x1cb10e8	5	SentenceParam	SentenceParam;BaseRefCount<1>;RefCountBaseT<1>	
SentenceParamUnitList	.?AVSentenceParamUnitList@@	0x1cb1118	5	SentenceParam	SentenceParam;BaseRefCount<1>;RefCountBaseT<1>	
SentenceParamWordText	.?AVSentenceParamWordText@@	0x1c447e0	5	SentenceParam	SentenceParam;BaseRefCount<1>;RefCountBaseT<1>	
SerializeClass	.?AVSerializeClass@@	0x1a77c18	4			
ServerList	.?AVServerList@@	0x1b31888	3			
ServerQueueItem	.?AUServerQueueItem@@	0x1bb4388	4	NetworkMessageQueueItem	NetworkMessageQueueItem;BaseRefCount<1>;RefCountBaseT<1>	
SessionFilter	.?AUSessionFilter@@	0x1b87f98	4	SerializeClass	SerializeClass	
SetAmmoFunc	.?AVSetAmmoFunc@@	0x1cab8f0	2	ITurretFunc	ITurretFunc	
SetAutonomousBehaviour	.?AVSetAutonomousBehaviour@@	0x1c47750	2	ITurretFunc	ITurretFunc	
SetExtensionInfoHashmapValues_FileBased()::`7'::<lambda_2>	.?AV<lambda_2>@?6??SetExtensionInfoHashmapValues_FileBased@@YAXPEBVGameState@@AEAV?$MapStringToClass@UGameDataHashMapValue@@V?$AutoArray@UGameDataHashMapValue@@VMemAllocD@@@@UGameDataHashMapValueTraits@@VMemAllocD@@@@AEBUExtensionInfo@@@Z@					no-col
SetGunnerStateFunc	.?AVSetGunnerStateFunc@@	0x1cb4630	2	ITurretFunc	ITurretFunc	
SetHideGunner	.?AVSetHideGunner@@	0x1c448c8	2	ITurretTypeFunc	ITurretTypeFunc	
ShadowCache	.?AVShadowCache@@	0x1ca9aa8	10	MemoryFreeOnDemandHelper	MemoryFreeOnDemandHelper;IMemoryFreeOnDemand;TLinkBidir<0>;NoCopy	
Shape	.?AVShape@@	0x1ce1b10	6	VertexTable;LinkBidirWithFrameStoreT<FrameStoreTraits>	VertexTable;BaseRefCount<1>;RefCountBaseT<1>;LinkBidirWithFrameStoreT<FrameStoreTraits>;TLinkBidir<2>;NoCopy	MI
ShapeBank	.?AVShapeBank@@	0x1ca9c28,0x1ca9ca8@32,0x1ca9d28@64	15,15,15	BankArray<LODShapeWithShadow,BankTraits<LODShapeWithShadow>,BankTraitsExt<BankTraits<LODShapeWithShadow>>>;MHInstanceGeom;MHInstanceShape;MHInstanceLODShape	BankArray<LODShapeWithShadow,BankTraits<LODShapeWithShadow>,BankTraitsExt<BankTraits<LODShapeWithShadow>>>;MapStringToClass<LLink<LODShapeWithShadow,DefLLinkTraits<LODShapeWithShadow>>,LLinkArray<LODShapeWithShadow,MemAllocD>,BankTraits<LODShapeWithShadow>::LODShapeWithShadowHashTraits,MemAllocD>;MemAllocD;BankTraitsExt<BankTraits<LODShapeWithShadow>>;DefBankTraitsExt<BankTraits<LODShapeWithShadow>>;MHInstanceGeom;MemoryFreeOnDemandHelper;IMemoryFreeOnDemand;TLinkBidir<0>;NoCopy;MHInstanceShape;MemoryFreeOnDemandHelper;IMemoryFreeOnDemand;TLinkBidir<0>;NoCopy;MHInstanceLODShape;MemoryFreeOnDemandHelper;IMemoryFreeOnDemand;TLinkBidir<0>;NoCopy	MI
ShapeFiles::IShape	.?AVIShape@ShapeFiles@@	0x1aae078	21	IMultiInterfaceBase	IMultiInterfaceBase	
ShapeFiles::IShapePolygonTest	.?AVIShapePolygonTest@ShapeFiles@@					no-col
ShapeFiles::ShapeBase	.?AVShapeBase@ShapeFiles@@					no-col
ShapeFiles::ShapeFileReader	.?AVShapeFileReader@ShapeFiles@@					no-col
ShapeFiles::ShapeMultiPoint	.?AVShapeMultiPoint@ShapeFiles@@	0x1aae1e0	23	ShapeFiles::ShapeBase	ShapeFiles::ShapeBase;ShapeFiles::IShape;IMultiInterfaceBase	
ShapeFiles::ShapeOrganizer::ReadShapeFile()::`2'::MyShapeFileReader	.?AVMyShapeFileReader@?1??ReadShapeFile@ShapeOrganizer@ShapeFiles@@QEAA_NAEBVPathname@@IPEAVIDBColumnNameConvert@3@0PEAV?$AutoArray@IVMemAllocD@@@@@Z@	0x1aae5d8	4	ShapeFiles::ShapeFileReader	ShapeFiles::ShapeFileReader	
ShapeFiles::ShapeOrganizer::ReadShapeFileAuto()::`2'::MyShapeFileReader	.?AVMyShapeFileReader@?1??ReadShapeFileAuto@ShapeOrganizer@ShapeFiles@@QEAA_NV?$RStringCT@D@@IPEAVIDBColumnNameConvert@3@V4@PEAV?$AutoArray@IVMemAllocD@@@@@Z@	0x1aae608	4	ShapeFiles::ShapeFileReader	ShapeFiles::ShapeFileReader	
ShapeFiles::ShapePoint	.?AVShapePoint@ShapeFiles@@	0x1aae128	22	ShapeFiles::ShapeBase	ShapeFiles::ShapeBase;ShapeFiles::IShape;IMultiInterfaceBase	
ShapeFiles::ShapePoly	.?AVShapePoly@ShapeFiles@@	0x1aae2a0	25	ShapeFiles::ShapeMultiPoint	ShapeFiles::ShapeMultiPoint;ShapeFiles::ShapeBase;ShapeFiles::IShape;IMultiInterfaceBase	
ShapeFiles::ShapePolygon	.?AVShapePolygon@ShapeFiles@@	0x1aae370,0x1aae458@136	28,1	ShapeFiles::ShapePoly;ShapeFiles::IShapePolygonTest	ShapeFiles::ShapePoly;ShapeFiles::ShapeMultiPoint;ShapeFiles::ShapeBase;ShapeFiles::IShape;IMultiInterfaceBase;ShapeFiles::IShapePolygonTest	MI
ShapeFiles::ShapePolyLine	.?AVShapePolyLine@ShapeFiles@@	0x1aae468	26	ShapeFiles::ShapePoly	ShapeFiles::ShapePoly;ShapeFiles::ShapeMultiPoint;ShapeFiles::ShapeBase;ShapeFiles::IShape;IMultiInterfaceBase	
ShapeLoadSourceQFStreamB	.?AVShapeLoadSourceQFStreamB@@	0x1ce3790	6	IShapeLoadSource	IShapeLoadSource	
ShapeProperties	.?AVShapeProperties@@	0x1aa49a8	14	IFileBuffer	IFileBuffer;BaseRefCount<1>;RefCountBaseT<1>	
ShapeRef	.?AVShapeRef@@	0x1ce1b48	20	BaseRefCount<1>	BaseRefCount<1>;RefCountBaseT<1>	
ShapeRefLoadable	.?AVShapeRefLoadable@@	0x1ce36b0	27	ShapeRefManaged	ShapeRefManaged;ShapeRef;BaseRefCount<1>;RefCountBaseT<1>;LinkBidirWithFrameStoreT<FrameStoreTraits>;TLinkBidir<2>;NoCopy	MI
ShapeRefManaged	.?AVShapeRefManaged@@	0x1ce35d0	27	ShapeRef;LinkBidirWithFrameStoreT<FrameStoreTraits>	ShapeRef;BaseRefCount<1>;RefCountBaseT<1>;LinkBidirWithFrameStoreT<FrameStoreTraits>;TLinkBidir<2>;NoCopy	MI
ShapeRefPermanent	.?AVShapeRefPermanent@@	0x1ce1cd0	20	ShapeRef	ShapeRef;BaseRefCount<1>;RefCountBaseT<1>	
SharedResourceInfo	.?AVSharedResourceInfo@@	0x1ce4fd8	3	BaseRefCount<1>	BaseRefCount<1>;RefCountBaseT<1>	
Ship	.?AVShip@@	0x1c093c0,0x1c0b1c0@24,0x1c0b1e8@48,0x1c0b2a8@1464,0x1c0b2c8@1472,0x1c0b2e0@2152	959,4,23,3,2,7	TankOrCar	TankOrCar;Transport;EntityAIFull;EntityAI;Entity;ObjectTyped;Object;NetworkObject;RemoveSoftLinks<SoftLinkIdTraits<ObjectId,ObjectIdAutoDestroy>>;BaseRefCount<1>;RefCountBaseT<1>;NetworkSimpleObject;CountInstances<Object>;EPEItem;TLinkBidir<1>;NoCopy;Animated;JoinedObject;IHasParentContainer;ComponentHolder<EntityAIFull,Component>	MI
ShipEPE	.?AVShipEPE@@	0x1c0d950,0x1c0f750@24,0x1c0f778@48,0x1c0f838@1464,0x1c0f858@1472,0x1c0f870@2152	959,4,23,3,2,7	ShipWithAI	ShipWithAI;Ship;TankOrCar;Transport;EntityAIFull;EntityAI;Entity;ObjectTyped;Object;NetworkObject;RemoveSoftLinks<SoftLinkIdTraits<ObjectId,ObjectIdAutoDestroy>>;BaseRefCount<1>;RefCountBaseT<1>;NetworkSimpleObject;CountInstances<Object>;EPEItem;TLinkBidir<1>;NoCopy;Animated;JoinedObject;IHasParentContainer;ComponentHolder<EntityAIFull,Component>	MI
ShipEPEType	.?AVShipEPEType@@	0x1c0d618,0x1c0d8d8@24,0x1c0d910@32,0x1c0d928@752	87,6,2,4	ShipType	ShipType;TankOrCarType;TransportType;EntityAIType;EntityType;RemoveLLinks;BaseRefCount<1>;RefCountBaseT<1>;LODShapeLoadHandler;AnimatedType;LinkBidirWithFrameStoreT<FrameStoreTraits>;TLinkBidir<2>;NoCopy;ComponentHolderType<ComponentType>	MI
ShipType	.?AVShipType@@	0x1c09088,0x1c09348@24,0x1c09380@32,0x1c09398@752	87,6,2,4	TankOrCarType	TankOrCarType;TransportType;EntityAIType;EntityType;RemoveLLinks;BaseRefCount<1>;RefCountBaseT<1>;LODShapeLoadHandler;AnimatedType;LinkBidirWithFrameStoreT<FrameStoreTraits>;TLinkBidir<2>;NoCopy;ComponentHolderType<ComponentType>	MI
ShipVisualState	.?AVShipVisualState@@	0x1c08fa0,0x1c09068@64	24,3	TankOrCarVisualState	TankOrCarVisualState;TransportVisualState;EntityVisualState;ObjectVisualState;FrameBase;Frame;Matrix4P;BaseRefCount<1>;RefCountBaseT<1>	MI
ShipWithAI	.?AVShipWithAI@@	0x1c0b320,0x1c0d120@24,0x1c0d148@48,0x1c0d208@1464,0x1c0d228@1472,0x1c0d240@2152	959,4,23,3,2,7	Ship	Ship;TankOrCar;Transport;EntityAIFull;EntityAI;Entity;ObjectTyped;Object;NetworkObject;RemoveSoftLinks<SoftLinkIdTraits<ObjectId,ObjectIdAutoDestroy>>;BaseRefCount<1>;RefCountBaseT<1>;NetworkSimpleObject;CountInstances<Object>;EPEItem;TLinkBidir<1>;NoCopy;Animated;JoinedObject;IHasParentContainer;ComponentHolder<EntityAIFull,Component>	MI
Shot	.?AVShot@@	0x1c0f990,0x1c10698@24,0x1c106c0@48	416,4,23	Entity	Entity;ObjectTyped;Object;NetworkObject;RemoveSoftLinks<SoftLinkIdTraits<ObjectId,ObjectIdAutoDestroy>>;BaseRefCount<1>;RefCountBaseT<1>;NetworkSimpleObject;CountInstances<Object>;EPEItem;TLinkBidir<1>;NoCopy;Animated	MI
ShotBullet	.?AVShotBullet@@	0x1c131b0,0x1c13ed8@24,0x1c13f00@48	420,4,23	ShotShell	ShotShell;Shot;Entity;ObjectTyped;Object;NetworkObject;RemoveSoftLinks<SoftLinkIdTraits<ObjectId,ObjectIdAutoDestroy>>;BaseRefCount<1>;RefCountBaseT<1>;NetworkSimpleObject;CountInstances<Object>;EPEItem;TLinkBidir<1>;NoCopy;Animated	MI
ShotDeploy	.?AVShotDeploy@@	0x1c123a0,0x1c130c8@24,0x1c130f0@48	420,4,23	ShotShell	ShotShell;Shot;Entity;ObjectTyped;Object;NetworkObject;RemoveSoftLinks<SoftLinkIdTraits<ObjectId,ObjectIdAutoDestroy>>;BaseRefCount<1>;RefCountBaseT<1>;NetworkSimpleObject;CountInstances<Object>;EPEItem;TLinkBidir<1>;NoCopy;Animated	MI
ShotEPE	.?AVShotEPE@@	0x1bd5380,0x1bd60a8@24,0x1bd60d0@48	420,4,23	ShotShell	ShotShell;Shot;Entity;ObjectTyped;Object;NetworkObject;RemoveSoftLinks<SoftLinkIdTraits<ObjectId,ObjectIdAutoDestroy>>;BaseRefCount<1>;RefCountBaseT<1>;NetworkSimpleObject;CountInstances<Object>;EPEItem;TLinkBidir<1>;NoCopy;Animated	MI
ShotLaser	.?AVShotLaser@@	0x1c14dd0,0x1c15ad8@24,0x1c15b00@48	416,4,23	Shot	Shot;Entity;ObjectTyped;Object;NetworkObject;RemoveSoftLinks<SoftLinkIdTraits<ObjectId,ObjectIdAutoDestroy>>;BaseRefCount<1>;RefCountBaseT<1>;NetworkSimpleObject;CountInstances<Object>;EPEItem;TLinkBidir<1>;NoCopy;Animated	MI
ShotShell	.?AVShotShell@@	0x1c10780,0x1c114a8@24,0x1c114d0@48	420,4,23	Shot	Shot;Entity;ObjectTyped;Object;NetworkObject;RemoveSoftLinks<SoftLinkIdTraits<ObjectId,ObjectIdAutoDestroy>>;BaseRefCount<1>;RefCountBaseT<1>;NetworkSimpleObject;CountInstances<Object>;EPEItem;TLinkBidir<1>;NoCopy;Animated	MI
ShotSpread	.?AVShotSpread@@	0x1c13fc0,0x1c14ce8@24,0x1c14d10@48	420,4,23	ShotBullet	ShotBullet;ShotShell;Shot;Entity;ObjectTyped;Object;NetworkObject;RemoveSoftLinks<SoftLinkIdTraits<ObjectId,ObjectIdAutoDestroy>>;BaseRefCount<1>;RefCountBaseT<1>;NetworkSimpleObject;CountInstances<Object>;EPEItem;TLinkBidir<1>;NoCopy;Animated	MI
ShotSubmunitions	.?AVShotSubmunitions@@	0x1c11590,0x1c122b8@24,0x1c122e0@48	420,4,23	ShotShell	ShotShell;Shot;Entity;ObjectTyped;Object;NetworkObject;RemoveSoftLinks<SoftLinkIdTraits<ObjectId,ObjectIdAutoDestroy>>;BaseRefCount<1>;RefCountBaseT<1>;NetworkSimpleObject;CountInstances<Object>;EPEItem;TLinkBidir<1>;NoCopy;Animated	MI
ShouldBeAbleToFireTurret	.?AUShouldBeAbleToFireTurret@@	0x1c46718	2	ITurretFunc	ITurretFunc	
SideInfo	.?AUSideInfo@@					no-col
SimpleTask	.?AVSimpleTask@@	0x1bebcf8	16	Task	Task;RemoveLLinks;BaseRefCount<1>;RefCountBaseT<1>	
simul::base::BaseMemoryAllocator	.?AVBaseMemoryAllocator@base@simul@@					no-col
simul::base::Observer	.?AVObserver@base@simul@@	0x1d5fc98	2			
simul::base::Referenced	.?AVReferenced@base@simul@@	0x1a7ecf8	2			
simul::clouds::BaseCloudRenderer	.?AVBaseCloudRenderer@clouds@simul@@	0x1a82288,0x1a822f8@8,0x1a82328@16	13,5,22	simul::clouds::CloudRenderCallback;simul::clouds::CloudShadowCallback;simul::graph::meta::Group	simul::clouds::CloudRenderCallback;simul::clouds::CloudShadowCallback;simul::graph::meta::Group;simul::graph::meta::Node;simul::base::Referenced	MI
simul::clouds::CellularCloudGrid	.?AVCellularCloudGrid@clouds@simul@@	0x1a80688,0x1a806e0@8	10,109	simul::graph::standardnodes::MemoryUsageInterface;simul::clouds::CloudInterface	simul::graph::standardnodes::MemoryUsageInterface;simul::clouds::CloudInterface	MI
simul::clouds::CellularCloudNode	.?AVCellularCloudNode@clouds@simul@@	0x1a80c20,0x1a80c80@8,0x1a80ff0@128,0x1a810a8@200,0x1a810c0@216	11,109,22,2,2	simul::clouds::CellularCloudGrid;simul::graph::meta::Group;simul::graph::meta::ResourceUser<simul::graph::standardnodes::ShowProgressInterface>;simul::graph::meta::ResourceUser<simul::graph::meta::MemoryInterface>	simul::clouds::CellularCloudGrid;simul::graph::standardnodes::MemoryUsageInterface;simul::clouds::CloudInterface;simul::graph::meta::Group;simul::graph::meta::Node;simul::base::Referenced;simul::graph::meta::ResourceUser<simul::graph::standardnodes::ShowProgressInterface>;simul::graph::meta::ResourceUser<simul::graph::meta::MemoryInterface>	MI
simul::clouds::CloudClientInterface	.?AVCloudClientInterface@clouds@simul@@	0x1a7f750	4			
simul::clouds::CloudGeometryHelper	.?AVCloudGeometryHelper@clouds@simul@@	0x1a7ef08,0x1a7ef20@24	2,1	simul::base::Referenced;simul::graph::standardnodes::MemoryUsageInterface	simul::base::Referenced;simul::graph::standardnodes::MemoryUsageInterface	MI
simul::clouds::CloudInterface	.?AVCloudInterface@clouds@simul@@	0x1a7f778	109			
simul::clouds::CloudKeyframer	.?AVCloudKeyframer@clouds@simul@@	0x1a7f128,0x1a7f148@8,0x1a7f200@80,0x1a7f210@88	3,22,1,10	simul::clouds::CloudKeyframerInterface;simul::graph::meta::Group;simul::sky::OvercastCallback;simul::sky::BaseKeyframer	simul::clouds::CloudKeyframerInterface;simul::graph::meta::Group;simul::graph::meta::Node;simul::base::Referenced;simul::sky::OvercastCallback;simul::sky::BaseKeyframer	MI
simul::clouds::CloudKeyframer::Keyframe	.?AUKeyframe@CloudKeyframer@clouds@simul@@	0x1a7f0c8	11	simul::sky::BaseKeyframe	simul::sky::BaseKeyframe	
simul::clouds::CloudKeyframerInterface	.?AVCloudKeyframerInterface@clouds@simul@@	0x1a7ef30	3			
simul::clouds::CloudRenderCallback	.?AVCloudRenderCallback@clouds@simul@@	0x1a7ee70	10			
simul::clouds::CloudShadowCallback	.?AVCloudShadowCallback@clouds@simul@@	0x1a82258	5			
simul::clouds::FastCloudNode	.?AVFastCloudNode@clouds@simul@@	0x1a81628,0x1a81688@8,0x1a819f8@128,0x1a81ab0@200,0x1a81ac8@216	11,109,22,2,2	simul::clouds::CellularCloudNode	simul::clouds::CellularCloudNode;simul::clouds::CellularCloudGrid;simul::graph::standardnodes::MemoryUsageInterface;simul::clouds::CloudInterface;simul::graph::meta::Group;simul::graph::meta::Node;simul::base::Referenced;simul::graph::meta::ResourceUser<simul::graph::standardnodes::ShowProgressInterface>;simul::graph::meta::ResourceUser<simul::graph::meta::MemoryInterface>	MI
simul::clouds::HumidityCallbackInterface	.?AVHumidityCallbackInterface@clouds@simul@@					no-col
simul::clouds::LightningRenderInterface	.?AVLightningRenderInterface@clouds@simul@@					no-col
simul::clouds::ThunderCloudNode	.?AVThunderCloudNode@clouds@simul@@	0x1a81b38,0x1a81b98@8,0x1a81f08@128,0x1a81fc0@200,0x1a81fd8@216,0x1a81ff0@704	11,109,22,2,2,21	simul::clouds::FastCloudNode;simul::clouds::LightningRenderInterface	simul::clouds::FastCloudNode;simul::clouds::CellularCloudNode;simul::clouds::CellularCloudGrid;simul::graph::standardnodes::MemoryUsageInterface;simul::clouds::CloudInterface;simul::graph::meta::Group;simul::graph::meta::Node;simul::base::Referenced;simul::graph::meta::ResourceUser<simul::graph::standardnodes::ShowProgressInterface>;simul::graph::meta::ResourceUser<simul::graph::meta::MemoryInterface>;simul::clouds::LightningRenderInterface	MI
simul::clouds::TimedNoise3D	.?AVTimedNoise3D@clouds@simul@@	0x1d5fb50	8	simul::math::Noise3D	simul::math::Noise3D;simul::math::NoiseInterface;simul::graph::standardnodes::MemoryUsageInterface	
simul::graph::meta::ConstNodeVisitor	.?AVConstNodeVisitor@meta@graph@simul@@	0x1a7f680	3			
simul::graph::meta::Group	.?AVGroup@meta@graph@simul@@	0x1a7ed88	22	simul::graph::meta::Node	simul::graph::meta::Node;simul::base::Referenced	
simul::graph::meta::Node	.?AVNode@meta@graph@simul@@	0x1a7ed10	14	simul::base::Referenced	simul::base::Referenced	
simul::graph::meta::NodeVisitor	.?AVNodeVisitor@meta@graph@simul@@	0x1a7f660	3			
simul::graph::meta::ResourceUser<simul::graph::meta::MemoryInterface>	.?AV?$ResourceUser@VMemoryInterface@meta@graph@simul@@@meta@graph@simul@@	0x1a80be8	2			
simul::graph::meta::ResourceUser<simul::graph::standardnodes::ShowProgressInterface>	.?AV?$ResourceUser@VShowProgressInterface@standardnodes@graph@simul@@@meta@graph@simul@@	0x1a80bd0	2			
simul::graph::meta::SingleTracker<simul::clouds::CellularCloudNode,simul::clouds::HumidityCallbackInterface>	.?AV?$SingleTracker@VCellularCloudNode@clouds@simul@@VHumidityCallbackInterface@23@@meta@graph@simul@@	0x1a80c00	3			
simul::graph::meta::TimeStepVisitor	.?AVTimeStepVisitor@meta@graph@simul@@	0x1a7f6a0	3	simul::graph::meta::NodeVisitor	simul::graph::meta::NodeVisitor	
simul::graph::standardnodes::MemoryUsageInterface	.?AVMemoryUsageInterface@standardnodes@graph@simul@@					no-col
simul::math::Noise1D	.?AVNoise1D@math@simul@@	0x1d5fbd0	2			
simul::math::Noise2D	.?AVNoise2D@math@simul@@	0x1d5fbf8	9	simul::math::NoiseInterface	simul::math::NoiseInterface;simul::graph::standardnodes::MemoryUsageInterface	
simul::math::Noise3D	.?AVNoise3D@math@simul@@	0x1a7f708	8	simul::math::NoiseInterface	simul::math::NoiseInterface;simul::graph::standardnodes::MemoryUsageInterface	
simul::math::NoiseFilter	.?AVNoiseFilter@math@simul@@					no-col
simul::math::NoiseInterface	.?AVNoiseInterface@math@simul@@	0x1a7f6c0	8	simul::graph::standardnodes::MemoryUsageInterface	simul::graph::standardnodes::MemoryUsageInterface	
simul::math::RandomNumberGenerator	.?AVRandomNumberGenerator@math@simul@@	0x1a7eec8	1			
simul::math::Vector	.?AVVector@math@simul@@	0x1d5fcc8	4			
simul::math::VirtualVector	.?AVVirtualVector@math@simul@@	0x1a7eed8	5	simul::math::Vector	simul::math::Vector	
simul::sky::AtmosphereDensityInterface	.?AVAtmosphereDensityInterface@sky@simul@@	0x1a82940	2			
simul::sky::BaseKeyframe	.?AUBaseKeyframe@sky@simul@@	0x1a7ef60	11			
simul::sky::BaseKeyframer	.?AVBaseKeyframer@sky@simul@@	0x1a7efc0	10			
simul::sky::BaseSky	.?AVBaseSky@sky@simul@@	0x1a83180	85	simul::sky::SkyInterface	simul::sky::SkyInterface;simul::sky::BaseSkyInterface	
simul::sky::BaseSkyInterface	.?AVBaseSkyInterface@sky@simul@@	0x1a82958	16			
simul::sky::BaseSkyRenderer	.?AVBaseSkyRenderer@sky@simul@@	0x1a84148,0x1a84198@8	9,22	simul::sky::SkyTexturesCallback;simul::graph::meta::Group	simul::sky::SkyTexturesCallback;simul::graph::meta::Group;simul::graph::meta::Node;simul::base::Referenced	MI
simul::sky::ColourSky	.?AVColourSky@sky@simul@@	0x1d60040,0x1d602f0@160,0x1d60318@168	85,4,2	simul::sky::BaseSky;simul::sky::OpticalLengthInterface;simul::sky::AtmosphereDensityInterface	simul::sky::BaseSky;simul::sky::SkyInterface;simul::sky::BaseSkyInterface;simul::sky::OpticalLengthInterface;simul::sky::AtmosphereDensityInterface	MI
simul::sky::ColourSkyKeyframer	.?AVColourSkyKeyframer@sky@simul@@	0x1d60710,0x1d60790@24,0x1d607e8@32,0x1d60840@96	15,10,10,16	simul::sky::SkyKeyframer	simul::sky::SkyKeyframer;simul::base::Referenced;simul::sky::FadeTableInterface;simul::sky::BaseKeyframer;simul::sky::BaseSkyInterface	MI
simul::sky::ColourSkyKeyframer::ColourKeyframe	.?AUColourKeyframe@ColourSkyKeyframer@sky@simul@@	0x1d60a30	11	simul::sky::SkyKeyframer::SkyKeyframe	simul::sky::SkyKeyframer::SkyKeyframe;simul::sky::BaseKeyframe	
simul::sky::ColourSkyNode	.?AVColourSkyNode@sky@simul@@	0x1d603a0,0x1d60420@48,0x1d606d0@208,0x1d606f8@216	15,85,4,2	simul::graph::meta::Node;simul::sky::ColourSky	simul::graph::meta::Node;simul::base::Referenced;simul::sky::ColourSky;simul::sky::BaseSky;simul::sky::SkyInterface;simul::sky::BaseSkyInterface;simul::sky::OpticalLengthInterface;simul::sky::AtmosphereDensityInterface	MI
simul::sky::FadeTableInterface	.?AVFadeTableInterface@sky@simul@@	0x1a83870	10			
simul::sky::OpticalLengthInterface	.?AVOpticalLengthInterface@sky@simul@@	0x1a82918	4			
simul::sky::OvercastCallback	.?AVOvercastCallback@sky@simul@@	0x1a7ef50	1			
simul::sky::SiderealSkyInterface	.?AVSiderealSkyInterface@sky@simul@@	0x1a82418	36			
simul::sky::Sky	.?AVSky@sky@simul@@	0x1a84370,0x1a84628@160,0x1a84750@168	86,36,4	simul::sky::BaseSky;simul::sky::SiderealSkyInterface;simul::sky::OpticalLengthInterface	simul::sky::BaseSky;simul::sky::SkyInterface;simul::sky::BaseSkyInterface;simul::sky::SiderealSkyInterface;simul::sky::OpticalLengthInterface	MI
simul::sky::SkyInterface	.?AVSkyInterface@sky@simul@@	0x1a82ad0	70	simul::sky::BaseSkyInterface	simul::sky::BaseSkyInterface	
simul::sky::SkyKeyframer	.?AVSkyKeyframer@sky@simul@@	0x1a83970,0x1a839f0@24,0x1a83a48@32,0x1a83aa0@96	15,10,10,16	simul::base::Referenced;simul::sky::FadeTableInterface;simul::sky::BaseKeyframer;simul::sky::BaseSkyInterface	simul::base::Referenced;simul::sky::FadeTableInterface;simul::sky::BaseKeyframer;simul::sky::BaseSkyInterface	MI
simul::sky::SkyKeyframer::SkyKeyframe	.?AUSkyKeyframe@SkyKeyframer@sky@simul@@	0x1a83910	11	simul::sky::BaseKeyframe	simul::sky::BaseKeyframe	
simul::sky::SkyNode	.?AVSkyNode@sky@simul@@	0x1a84cf8,0x1a84d78@48,0x1a85030@208,0x1a85158@216	15,86,36,4	simul::graph::meta::Node;simul::sky::Sky	simul::graph::meta::Node;simul::base::Referenced;simul::sky::Sky;simul::sky::BaseSky;simul::sky::SkyInterface;simul::sky::BaseSkyInterface;simul::sky::SiderealSkyInterface;simul::sky::OpticalLengthInterface	MI
simul::sky::SkyTexturesCallback	.?AVSkyTexturesCallback@sky@simul@@	0x1a83838	6			
simul::sky::Stars	.?AVStars@sky@simul@@	0x1a83900	1			
simul::sky::TextureGenerator::BadParameter	.?AVBadParameter@TextureGenerator@sky@simul@@					no-col
SimulateGunnerFunc	.?AVSimulateGunnerFunc@@	0x1c46540	2	ITurretFuncEx	ITurretFuncEx	
SimulateWeaponActivityFunc	.?AVSimulateWeaponActivityFunc@@	0x1c51060	2	ITurretFuncEx	ITurretFuncEx	
SimulCloudRendererBase	.?AVSimulCloudRendererBase@@	0x1cea7d8,0x1cea890@8,0x1cea8c0@16	22,5,22	simul::clouds::BaseCloudRenderer	simul::clouds::BaseCloudRenderer;simul::clouds::CloudRenderCallback;simul::clouds::CloudShadowCallback;simul::graph::meta::Group;simul::graph::meta::Node;simul::base::Referenced	MI
SimulSkyRendererBase	.?AVSimulSkyRendererBase@@	0x1ceaff0,0x1ceb070@8	15,22	simul::sky::BaseSkyRenderer	simul::sky::BaseSkyRenderer;simul::sky::SkyTexturesCallback;simul::graph::meta::Group;simul::graph::meta::Node;simul::base::Referenced	MI
SimulWeatherBase	.?AVSimulWeatherBase@@	0x1ceb3f8,0x1ceb468@16	13,4	BaseRefCount<1>;SerializeClass	BaseRefCount<1>;RefCountBaseT<1>;SerializeClass	MI
SimulWeatherMemAllocatorArma	.?AVSimulWeatherMemAllocatorArma@@	0x1ceb670	4	simul::base::BaseMemoryAllocator	simul::base::BaseMemoryAllocator	
SimulWeatherUtils::CloudKeyframerLoad	.?AVCloudKeyframerLoad@SimulWeatherUtils@@	0x1ceb7b8,0x1ceb810@64	10,3	simul::sky::BaseKeyframer;BaseRefCount<1>	simul::sky::BaseKeyframer;BaseRefCount<1>;RefCountBaseT<1>	MI
SimulWeatherUtils::SkyKeyframerLoad	.?AVSkyKeyframerLoad@SimulWeatherUtils@@	0x1ceb740,0x1ceb798@64	10,3	simul::sky::BaseKeyframer;BaseRefCount<1>	simul::sky::BaseKeyframer;BaseRefCount<1>;RefCountBaseT<1>	MI
Singleton<Editor3D::Manager,Ref<Editor3D::Manager>>	.?AV?$Singleton@VManager@Editor3D@@V?$Ref@VManager@Editor3D@@@@@@					no-col
Singleton<MissionManager,SRef<MissionManager,SRefTraits<MissionManager>>>	.?AV?$Singleton@VMissionManager@@V?$SRef@VMissionManager@@U?$SRefTraits@VMissionManager@@@@@@@@					no-col
Singleton<Sound::AudioStreamCache,SRef<Sound::AudioStreamCache,SRefTraits<Sound::AudioStreamCache>>>	.?AV?$Singleton@VAudioStreamCache@Sound@@V?$SRef@VAudioStreamCache@Sound@@U?$SRefTraits@VAudioStreamCache@Sound@@@@@@@@					no-col
Singleton<Sound::Internal::AudioHeaderCache,SRef<Sound::Internal::AudioHeaderCache,SRefTraits<Sound::Internal::AudioHeaderCache>>>	.?AV?$Singleton@VAudioHeaderCache@Internal@Sound@@V?$SRef@VAudioHeaderCache@Internal@Sound@@U?$SRefTraits@VAudioHeaderCache@Internal@Sound@@@@@@@@					no-col
Singleton<Sound::Internal::XA2VoiceCache,SRef<Sound::Internal::XA2VoiceCache,SRefTraits<Sound::Internal::XA2VoiceCache>>>	.?AV?$Singleton@VXA2VoiceCache@Internal@Sound@@V?$SRef@VXA2VoiceCache@Internal@Sound@@U?$SRefTraits@VXA2VoiceCache@Internal@Sound@@@@@@@@					no-col
Singleton<Sound::SoundCurveBank,SRef<Sound::SoundCurveBank,SRefTraits<Sound::SoundCurveBank>>>	.?AV?$Singleton@VSoundCurveBank@Sound@@V?$SRef@VSoundCurveBank@Sound@@U?$SRefTraits@VSoundCurveBank@Sound@@@@@@@@					no-col
Singleton<Sound::SoundDistanceLPFBank,SRef<Sound::SoundDistanceLPFBank,SRefTraits<Sound::SoundDistanceLPFBank>>>	.?AV?$Singleton@VSoundDistanceLPFBank@Sound@@V?$SRef@VSoundDistanceLPFBank@Sound@@U?$SRefTraits@VSoundDistanceLPFBank@Sound@@@@@@@@					no-col
Singleton<Sound::SoundEmitterBank,SRef<Sound::SoundEmitterBank,SRefTraits<Sound::SoundEmitterBank>>>	.?AV?$Singleton@VSoundEmitterBank@Sound@@V?$SRef@VSoundEmitterBank@Sound@@U?$SRefTraits@VSoundEmitterBank@Sound@@@@@@@@					no-col
Singleton<Sound::SoundPannerBank,SRef<Sound::SoundPannerBank,SRefTraits<Sound::SoundPannerBank>>>	.?AV?$Singleton@VSoundPannerBank@Sound@@V?$SRef@VSoundPannerBank@Sound@@U?$SRefTraits@VSoundPannerBank@Sound@@@@@@@@					no-col
Singleton<Sound::SoundParamsBank,SRef<Sound::SoundParamsBank,SRefTraits<Sound::SoundParamsBank>>>	.?AV?$Singleton@VSoundParamsBank@Sound@@V?$SRef@VSoundParamsBank@Sound@@U?$SRefTraits@VSoundParamsBank@Sound@@@@@@@@					no-col
Singleton<Sound::SoundShapeConeBank,SRef<Sound::SoundShapeConeBank,SRefTraits<Sound::SoundShapeConeBank>>>	.?AV?$Singleton@VSoundShapeConeBank@Sound@@V?$SRef@VSoundShapeConeBank@Sound@@U?$SRefTraits@VSoundShapeConeBank@Sound@@@@@@@@					no-col
Singleton<Sound::SoundSurPanBank,SRef<Sound::SoundSurPanBank,SRefTraits<Sound::SoundSurPanBank>>>	.?AV?$Singleton@VSoundSurPanBank@Sound@@V?$SRef@VSoundSurPanBank@Sound@@U?$SRefTraits@VSoundSurPanBank@Sound@@@@@@@@					no-col
SingletonWithDestroy<Editor3D::Manager,Ref<Editor3D::Manager>>	.?AV?$SingletonWithDestroy@VManager@Editor3D@@V?$Ref@VManager@Editor3D@@@@@@					no-col
SingletonWithDestroy<MissionManager,SRef<MissionManager,SRefTraits<MissionManager>>>	.?AV?$SingletonWithDestroy@VMissionManager@@V?$SRef@VMissionManager@@U?$SRefTraits@VMissionManager@@@@@@@@					no-col
Skeleton	.?AVSkeleton@@	0x1ca70c8	3	RemoveLinks	RemoveLinks;BaseRefCount<1>;RefCountBaseT<1>;SList<BaseLink,TLink<0>>;TLink<0>	MI
SkeletonSource	.?AVSkeletonSource@@	0x1ca70a8	3	BaseRefCount<1>	BaseRefCount<1>;RefCountBaseT<1>	
SlingLoadDisplayComponent	.?AVSlingLoadDisplayComponent@@	0x1acad38	23	VehicleSystemDisplayBase	VehicleSystemDisplayBase;Component;BaseRefCount<1>;RefCountBaseT<1>	
SlingLoadDisplayComponentType	.?AVSlingLoadDisplayComponentType@@	0x1aca9f8	7	VehicleSystemDisplayBaseType	VehicleSystemDisplayBaseType;ComponentType;BaseRefCount<1>;RefCountBaseT<1>	
SlingLoadingControlsFunc	.?AVSlingLoadingControlsFunc@@	0x1c46558	2	ITurretFunc	ITurretFunc	
SlingLoadManagerMainMap	.?AVSlingLoadManagerMainMap@@	0x1b8ba08,0x1b8bae8@24,0x1b8bd50@568	27,76,8	CStaticMapMain	CStaticMapMain;CStaticMap;CStatic;Control;RemoveLLinks;BaseRefCount<1>;RefCountBaseT<1>;IControl;EventHandlerGroupContainer_DynArray<EventHandlerContainer_UI,enum ControlEvent>;IUICollectibleControls;IHasGameVarSpace;CTextContainer;ITextContainer	MI
SLinkedItemInfo	.?AUSLinkedItemInfo@@	0x1cee958	3	RemoveLLinks	RemoveLLinks;BaseRefCount<1>;RefCountBaseT<1>	
SList<BaseLink,TLink<0>>	.?AV?$SList@VBaseLink@@V?$TLink@$0A@@@@@					no-col
SListControlled	.?AVSListControlled@@	0x1b303a8	1	_SLIST_ENTRY	_SLIST_ENTRY	
Slop	.?AVSlop@@	0x1c255a8,0x1c26228@24,0x1c26250@48	399,4,23	Smoke	Smoke;Entity;ObjectTyped;Object;NetworkObject;RemoveSoftLinks<SoftLinkIdTraits<ObjectId,ObjectIdAutoDestroy>>;BaseRefCount<1>;RefCountBaseT<1>;NetworkSimpleObject;CountInstances<Object>;EPEItem;TLinkBidir<1>;NoCopy;Animated	MI
SlotsManagerMagazinesHelper	.?AVSlotsManagerMagazinesHelper@@	0x1b59910	6	LoadedMagazinesHelperBase	LoadedMagazinesHelperBase;RemoveLinks;BaseRefCount<1>;RefCountBaseT<1>;SList<BaseLink,TLink<0>>;TLink<0>	MI
SMagazineActionResult	.?AVSMagazineActionResult@@	0x1cee3b8	4	ExtendedBoolResult<AutoArray<int,MemAllocD>>	ExtendedBoolResult<AutoArray<int,MemAllocD>>;Z::AEBH::ExtendedResult<bool,0,AutoArray<int,MemAllocD>,AutoArrayTrait<int>,&AutoArrayTrait<int>::StoreInfo>;IStringifyPolicy<AutoArrayTrait<int>,int>	
SMathPlane	.?AUSMathPlane@@	0x1a90b60	6	MathPlane;Editor3D::IDrawable	MathPlane;Editor3D::IDrawable;RemoveLLinks;BaseRefCount<1>;RefCountBaseT<1>	MI
smEventGeneratorTrait	.?AVsmEventGeneratorTrait@@	0x1bdf4b0	9	smNamed	smNamed	
smGraphPoint	.?AVsmGraphPoint@@	0x1b4fb78	1			
smIntegralType	.?AVsmIntegralType@@	0x1bdf500	17	smEventGeneratorTrait	smEventGeneratorTrait;smNamed	
smManager<smEventGeneratorTrait::EventHandler>	.?AV?$smManager@VEventHandler@smEventGeneratorTrait@@@@	0x1bdf4a0	1			
smNamed	.?AVsmNamed@@	0x1bdf468	5			
Smoke	.?AVSmoke@@	0x1c21e00,0x1c22a80@24,0x1c22aa8@48	399,4,23	Entity	Entity;ObjectTyped;Object;NetworkObject;RemoveSoftLinks<SoftLinkIdTraits<ObjectId,ObjectIdAutoDestroy>>;BaseRefCount<1>;RefCountBaseT<1>;NetworkSimpleObject;CountInstances<Object>;EPEItem;TLinkBidir<1>;NoCopy;Animated	MI
SmokeShell	.?AVSmokeShell@@	0x1c185d0,0x1c192f8@24,0x1c19320@48	420,4,23	ShotShell;SmokeShellInterface	ShotShell;Shot;Entity;ObjectTyped;Object;NetworkObject;RemoveSoftLinks<SoftLinkIdTraits<ObjectId,ObjectIdAutoDestroy>>;BaseRefCount<1>;RefCountBaseT<1>;NetworkSimpleObject;CountInstances<Object>;EPEItem;TLinkBidir<1>;NoCopy;Animated;SmokeShellInterface	MI
SmokeShellEPE	.?AVSmokeShellEPE@@	0x1bd6fa0,0x1bd7cc8@24,0x1bd7cf0@48	420,4,23	ShotEPE;SmokeShellInterface	ShotEPE;ShotShell;Shot;Entity;ObjectTyped;Object;NetworkObject;RemoveSoftLinks<SoftLinkIdTraits<ObjectId,ObjectIdAutoDestroy>>;BaseRefCount<1>;RefCountBaseT<1>;NetworkSimpleObject;CountInstances<Object>;EPEItem;TLinkBidir<1>;NoCopy;Animated;SmokeShellInterface	MI
SmokeShellInterface	.?AVSmokeShellInterface@@					no-col
SmokeSource	.?AVSmokeSource@@	0x1c239a8	4	CloudletSource	CloudletSource;SerializeClass	
SmokeSourceOnVehicle	.?AVSmokeSourceOnVehicle@@	0x1c247b8,0x1c25440@24,0x1c25468@48,0x1c25528@1464,0x1c25550@1664,0x1c25578@2104	400,4,23,4,4,4	SmokeSourceVehicle;AttachedOnVehicle	SmokeSourceVehicle;Entity;ObjectTyped;Object;NetworkObject;RemoveSoftLinks<SoftLinkIdTraits<ObjectId,ObjectIdAutoDestroy>>;BaseRefCount<1>;RefCountBaseT<1>;NetworkSimpleObject;CountInstances<Object>;EPEItem;TLinkBidir<1>;NoCopy;Animated;SmokeSource;CloudletSource;SerializeClass;IExplosion;AttachedOnVehicle;JoinedObject;Frame;Matrix4P	MI,VI
SmokeSourceVehicle	.?AVSmokeSourceVehicle@@	0x1c239f8,0x1c24680@24,0x1c246a8@48,0x1c24768@1464,0x1c24790@1664	400,4,23,4,4	Entity;SmokeSource;IExplosion	Entity;ObjectTyped;Object;NetworkObject;RemoveSoftLinks<SoftLinkIdTraits<ObjectId,ObjectIdAutoDestroy>>;BaseRefCount<1>;RefCountBaseT<1>;NetworkSimpleObject;CountInstances<Object>;EPEItem;TLinkBidir<1>;NoCopy;Animated;SmokeSource;CloudletSource;SerializeClass;IExplosion	MI
smTime	.?AVsmTime@@	0x1bdf590	17	smIntegralType	smIntegralType;smEventGeneratorTrait;smNamed	
SMuzzleInfo	.?AUSMuzzleInfo@@	0x1b59980	3	RemoveLinks	RemoveLinks;BaseRefCount<1>;RefCountBaseT<1>;SList<BaseLink,TLink<0>>;TLink<0>	MI
SnowflakeRenderData	.?AUSnowflakeRenderData@@	0x1b71440	3	.?AU?$ParticleMultiImageData@$03U?$ParticleBase@$00$00$AECAAAAAA@@@@@	.?AU?$ParticleMultiImageData@$03U?$ParticleBase@$00$00$AECAAAAAA@@@@@;ParticleRenderDataBase;ISplashWindowDrawHandler	
SObjectCollection	.?AUSObjectCollection@@	0x1cecdd0	3	RemoveLinks	RemoveLinks;BaseRefCount<1>;RefCountBaseT<1>;SList<BaseLink,TLink<0>>;TLink<0>	MI
Soldier	.?AVSoldier@@	0x1b3aca0,0x1b3cb20@24,0x1b3cb48@48,0x1b3cc08@1464,0x1b3cc28@1472,0x1b3cc40@2152	975,4,23,3,2,7	Man	Man;Person;EntityAIFull;EntityAI;Entity;ObjectTyped;Object;NetworkObject;RemoveSoftLinks<SoftLinkIdTraits<ObjectId,ObjectIdAutoDestroy>>;BaseRefCount<1>;RefCountBaseT<1>;NetworkSimpleObject;CountInstances<Object>;EPEItem;TLinkBidir<1>;NoCopy;Animated;JoinedObject;IHasParentContainer;ComponentHolder<EntityAIFull,Component>;CountInstances<Person>	MI
SortByInstancingHashTask	.?AVSortByInstancingHashTask@@	0x1ca7f20	3	IMicroJob	IMicroJob;enf::Job;enf::JobCommon;enf::JobCore	
SortObject	.?AVSortObject@@	0x1ca78c8	3	BaseRefCount<1>;NoCopy	BaseRefCount<1>;RefCountBaseT<1>;NoCopy	MI
SortObjStorageFreeOnDemand	.?AUSortObjStorageFreeOnDemand@@	0x1ca7860	10	MemoryFreeOnDemandHelper	MemoryFreeOnDemandHelper;IMemoryFreeOnDemand;TLinkBidir<0>;NoCopy	
Sound::AbstractAudioStream	.?AVAbstractAudioStream@Sound@@	0x1b5d360	18	BaseRefCount<1>;NoCopy	BaseRefCount<1>;RefCountBaseT<1>;NoCopy	MI
Sound::AbstractEffectVoice	.?AUAbstractEffectVoice@Sound@@	0x1b5e2d0	5			
Sound::AbstractSoundScene	.?AVAbstractSoundScene@Sound@@	0x1b5a9a0	52			
Sound::AbstractWaveXA2	.?AVAbstractWaveXA2@Sound@@	0x1b5e430,0x1b5e6c8@80	82,5	AbstractWave;Sound::AbstractEffectVoice;NoCopy	AbstractWave;RemoveLinks;BaseRefCount<1>;RefCountBaseT<1>;SList<BaseLink,TLink<0>>;TLink<0>;Sound::AbstractEffectVoice;NoCopy	MI
Sound::AudioBuffer	.?AUAudioBuffer@Sound@@	0x1b5a2d8	3	BaseRefCount<1>;NoCopy	BaseRefCount<1>;RefCountBaseT<1>;NoCopy	MI
Sound::AudioStream	.?AVAudioStream@Sound@@	0x1b5daa8	18	Sound::AbstractAudioStream	Sound::AbstractAudioStream;BaseRefCount<1>;RefCountBaseT<1>;NoCopy	MI
Sound::AudioStreamCache	.?AVAudioStreamCache@Sound@@	0x1b5cb98	3	BaseRefCount<1>;Singleton<Sound::AudioStreamCache,SRef<Sound::AudioStreamCache,SRefTraits<Sound::AudioStreamCache>>>	BaseRefCount<1>;RefCountBaseT<1>;Singleton<Sound::AudioStreamCache,SRef<Sound::AudioStreamCache,SRefTraits<Sound::AudioStreamCache>>>;NoCopy	MI
Sound::BaseBank<Sound::DistanceFilter>	.?AV?$BaseBank@UDistanceFilter@Sound@@@Sound@@	0x1b5a6a8	1	NoCopy	NoCopy	
Sound::BaseBank<Sound::Internal::`anonymous namespace'::AudioHeaderCacheItem>	.?AV?$BaseBank@UAudioHeaderCacheItem@?A0xb1073c8c@Internal@Sound@@@Sound@@	0x1b5d970	1	NoCopy	NoCopy	
Sound::BaseBank<Sound::Internal::`anonymous namespace'::AudioHeaderCacheItem>	.?AV?$BaseBank@UAudioHeaderCacheItem@?A0xfc2948ab@Internal@Sound@@@Sound@@					no-col
Sound::BaseBank<Sound::MultiChannelEmitter>	.?AV?$BaseBank@UMultiChannelEmitter@Sound@@@Sound@@	0x1b5a688	1	NoCopy	NoCopy	
Sound::BaseBank<Sound::MultiChannelPanner>	.?AV?$BaseBank@UMultiChannelPanner@Sound@@@Sound@@	0x1b5a668	1	NoCopy	NoCopy	
Sound::BaseBank<Sound::SoundConeShape>	.?AV?$BaseBank@VSoundConeShape@Sound@@@Sound@@	0x1b5a6e8	1	NoCopy	NoCopy	
Sound::BaseBank<Sound::SoundCurve>	.?AV?$BaseBank@VSoundCurve@Sound@@@Sound@@	0x1b5a648	1	NoCopy	NoCopy	
Sound::BaseBank<Sound::SoundParams>	.?AV?$BaseBank@VSoundParams@Sound@@@Sound@@	0x1b5ba58	1	NoCopy	NoCopy	
Sound::BaseBank<Sound::SurroundPanner>	.?AV?$BaseBank@USurroundPanner@Sound@@@Sound@@	0x1b5a6c8	1	NoCopy	NoCopy	
Sound::CachePruneJob	.?AUCachePruneJob@Sound@@	0x1b5dc38	5	Sound::Internal::Threading::AudioJob	Sound::Internal::Threading::AudioJob;_SLIST_ENTRY;BaseRefCount<1>;RefCountBaseT<1>;NoCopy	MI
Sound::DistanceFilter	.?AUDistanceFilter@Sound@@	0x1b5a880	3	BaseRefCount<0>	BaseRefCount<0>;RefCountBaseT<0>	
Sound::DummySoundScene	.?AVDummySoundScene@Sound@@	0x1b5ab48	53	Sound::AbstractSoundScene	Sound::AbstractSoundScene	
Sound::Internal::`anonymous namespace'::AudioHeaderCacheItem	.?AUAudioHeaderCacheItem@?A0xb1073c8c@Internal@Sound@@	0x1b5d950	3	BaseRefCount<0>;TLinkBidir<1>	BaseRefCount<0>;RefCountBaseT<0>;TLinkBidir<1>;NoCopy	MI
Sound::Internal::AudioHeaderCache	.?AVAudioHeaderCache@Internal@Sound@@	0x1b5cbb8	1	Singleton<Sound::Internal::AudioHeaderCache,SRef<Sound::Internal::AudioHeaderCache,SRefTraits<Sound::Internal::AudioHeaderCache>>>;Sound::BaseBank<Sound::Internal::`anonymous namespace'::AudioHeaderCacheItem>	Singleton<Sound::Internal::AudioHeaderCache,SRef<Sound::Internal::AudioHeaderCache,SRefTraits<Sound::Internal::AudioHeaderCache>>>;NoCopy;Sound::BaseBank<Sound::Internal::`anonymous namespace'::AudioHeaderCacheItem>;NoCopy	MI
Sound::Internal::AudioStreamJob	.?AUAudioStreamJob@Internal@Sound@@					no-col
Sound::Internal::LoadContentJob	.?AULoadContentJob@Internal@Sound@@	0x1b5dce8	5	Sound::Internal::LoadHeaderJob	Sound::Internal::LoadHeaderJob;Sound::Internal::AudioStreamJob;Sound::Internal::Threading::AudioJob;_SLIST_ENTRY;BaseRefCount<1>;RefCountBaseT<1>;NoCopy	MI
Sound::Internal::LoadHeaderJob	.?AULoadHeaderJob@Internal@Sound@@	0x1b5dc88	5	Sound::Internal::AudioStreamJob	Sound::Internal::AudioStreamJob;Sound::Internal::Threading::AudioJob;_SLIST_ENTRY;BaseRefCount<1>;RefCountBaseT<1>;NoCopy	MI
Sound::Internal::LoadStreamNextJob	.?AULoadStreamNextJob@Internal@Sound@@	0x1b5dcb8	5	Sound::Internal::AudioStreamJob	Sound::Internal::AudioStreamJob;Sound::Internal::Threading::AudioJob;_SLIST_ENTRY;BaseRefCount<1>;RefCountBaseT<1>;NoCopy	MI
Sound::Internal::StreamMixerJob	.?AUStreamMixerJob@Internal@Sound@@	0x1b5e240	5	Sound::Internal::Threading::AudioJob	Sound::Internal::Threading::AudioJob;_SLIST_ENTRY;BaseRefCount<1>;RefCountBaseT<1>;NoCopy	MI
Sound::Internal::Threading::AudioJob	.?AVAudioJob@Threading@Internal@Sound@@	0x1b5dc08	5	_SLIST_ENTRY;BaseRefCount<1>;NoCopy	_SLIST_ENTRY;BaseRefCount<1>;RefCountBaseT<1>;NoCopy	MI
Sound::Internal::Threading::AudioJobWorker	.?AVAudioJobWorker@Threading@Internal@Sound@@	0x1b5d9f8	1			
Sound::Internal::VoiceAndStream	.?AUVoiceAndStream@Internal@Sound@@	0x1b5fef0	3	BaseRefCount<1>	BaseRefCount<1>;RefCountBaseT<1>	
Sound::Internal::XA2VoiceCache	.?AVXA2VoiceCache@Internal@Sound@@	0x1b5ff10	8	Singleton<Sound::Internal::XA2VoiceCache,SRef<Sound::Internal::XA2VoiceCache,SRefTraits<Sound::Internal::XA2VoiceCache>>>;IXAudio2VoiceCallback	Singleton<Sound::Internal::XA2VoiceCache,SRef<Sound::Internal::XA2VoiceCache,SRefTraits<Sound::Internal::XA2VoiceCache>>>;NoCopy;IXAudio2VoiceCallback	MI
Sound::MultiAudioStream	.?AVMultiAudioStream@Sound@@	0x1b5e030	18	Sound::AbstractAudioStream	Sound::AbstractAudioStream;BaseRefCount<1>;RefCountBaseT<1>;NoCopy	MI
Sound::MultiChannelEmitter	.?AUMultiChannelEmitter@Sound@@	0x1b5ad10	5	Sound::ProcessingType	Sound::ProcessingType;BaseRefCount<0>;RefCountBaseT<0>	
Sound::MultiChannelPanner	.?AUMultiChannelPanner@Sound@@	0x1b5ad60	5	Sound::ProcessingType	Sound::ProcessingType;BaseRefCount<0>;RefCountBaseT<0>	
Sound::MusicTrackCallback	.?AVMusicTrackCallback@Sound@@	0x1b5bcf8	3	BaseRefCount<1>	BaseRefCount<1>;RefCountBaseT<1>	
Sound::ProcessingType	.?AUProcessingType@Sound@@	0x1b5baa0	5	BaseRefCount<0>	BaseRefCount<0>;RefCountBaseT<0>	
Sound::SoundConeShape	.?AVSoundConeShape@Sound@@	0x1b5c028	5	Sound::SoundShape	Sound::SoundShape;BaseRefCount<1>;RefCountBaseT<1>	
Sound::SoundCurve	.?AVSoundCurve@Sound@@	0x1b5ada0	3	BaseRefCount<0>;NoCopy	BaseRefCount<0>;RefCountBaseT<0>;NoCopy	MI
Sound::SoundCurveBank	.?AVSoundCurveBank@Sound@@	0x1b5a658	1	Sound::BaseBank<Sound::SoundCurve>;Singleton<Sound::SoundCurveBank,SRef<Sound::SoundCurveBank,SRefTraits<Sound::SoundCurveBank>>>	Sound::BaseBank<Sound::SoundCurve>;NoCopy;Singleton<Sound::SoundCurveBank,SRef<Sound::SoundCurveBank,SRefTraits<Sound::SoundCurveBank>>>;NoCopy	MI
Sound::SoundCurveXA2	.?AVSoundCurveXA2@Sound@@	0x1b5e210	3	BaseRefCount<1>	BaseRefCount<1>;RefCountBaseT<1>	
Sound::SoundDistanceLPFBank	.?AVSoundDistanceLPFBank@Sound@@	0x1b5a6b8	1	Sound::BaseBank<Sound::DistanceFilter>;Singleton<Sound::SoundDistanceLPFBank,SRef<Sound::SoundDistanceLPFBank,SRefTraits<Sound::SoundDistanceLPFBank>>>	Sound::BaseBank<Sound::DistanceFilter>;NoCopy;Singleton<Sound::SoundDistanceLPFBank,SRef<Sound::SoundDistanceLPFBank,SRefTraits<Sound::SoundDistanceLPFBank>>>;NoCopy	MI
Sound::SoundEmitterBank	.?AVSoundEmitterBank@Sound@@	0x1b5a698	1	Sound::BaseBank<Sound::MultiChannelEmitter>;Singleton<Sound::SoundEmitterBank,SRef<Sound::SoundEmitterBank,SRefTraits<Sound::SoundEmitterBank>>>	Sound::BaseBank<Sound::MultiChannelEmitter>;NoCopy;Singleton<Sound::SoundEmitterBank,SRef<Sound::SoundEmitterBank,SRefTraits<Sound::SoundEmitterBank>>>;NoCopy	MI
Sound::SoundObject	.?AVSoundObject@Sound@@	0x1b5ade0	3	BaseRefCount<0>	BaseRefCount<0>;RefCountBaseT<0>	
Sound::SoundObjectBuilder	.?AVSoundObjectBuilder@Sound@@	0x1b5ae10	3	BaseRefCount<0>	BaseRefCount<0>;RefCountBaseT<0>	
Sound::SoundPannerBank	.?AVSoundPannerBank@Sound@@	0x1b5a678	1	Sound::BaseBank<Sound::MultiChannelPanner>;Singleton<Sound::SoundPannerBank,SRef<Sound::SoundPannerBank,SRefTraits<Sound::SoundPannerBank>>>	Sound::BaseBank<Sound::MultiChannelPanner>;NoCopy;Singleton<Sound::SoundPannerBank,SRef<Sound::SoundPannerBank,SRefTraits<Sound::SoundPannerBank>>>;NoCopy	MI
Sound::SoundParams	.?AVSoundParams@Sound@@	0x1b5ba38	3	BaseRefCount<0>;NoCopy	BaseRefCount<0>;RefCountBaseT<0>;NoCopy	MI
Sound::SoundParamsBank	.?AVSoundParamsBank@Sound@@	0x1b5ba68	1	Sound::BaseBank<Sound::SoundParams>;Singleton<Sound::SoundParamsBank,SRef<Sound::SoundParamsBank,SRefTraits<Sound::SoundParamsBank>>>	Sound::BaseBank<Sound::SoundParams>;NoCopy;Singleton<Sound::SoundParamsBank,SRef<Sound::SoundParamsBank,SRefTraits<Sound::SoundParamsBank>>>;NoCopy	MI
Sound::SoundScene	.?AVSoundScene@Sound@@	0x1b5bb28,0x1b5bcd0@8	52,4	Sound::AbstractSoundScene;EventHandlerGroupContainer_Serialized<EventHandlerContainerSerialized<EventHandlerSerialized>,enum AudioEvent>	Sound::AbstractSoundScene;EventHandlerGroupContainer_Serialized<EventHandlerContainerSerialized<EventHandlerSerialized>,enum AudioEvent>;EventHandlerGroupContainer_DynArray<EventHandlerContainerSerialized<EventHandlerSerialized>,enum AudioEvent>;SerializeClass	MI
Sound::SoundShape	.?AUSoundShape@Sound@@					no-col
Sound::SoundShapeConeBank	.?AVSoundShapeConeBank@Sound@@	0x1b5a6f8	1	Sound::BaseBank<Sound::SoundConeShape>;Singleton<Sound::SoundShapeConeBank,SRef<Sound::SoundShapeConeBank,SRefTraits<Sound::SoundShapeConeBank>>>	Sound::BaseBank<Sound::SoundConeShape>;NoCopy;Singleton<Sound::SoundShapeConeBank,SRef<Sound::SoundShapeConeBank,SRefTraits<Sound::SoundShapeConeBank>>>;NoCopy	MI
Sound::SoundSurPanBank	.?AVSoundSurPanBank@Sound@@	0x1b5a6d8	1	Sound::BaseBank<Sound::SurroundPanner>;Singleton<Sound::SoundSurPanBank,SRef<Sound::SoundSurPanBank,SRefTraits<Sound::SoundSurPanBank>>>	Sound::BaseBank<Sound::SurroundPanner>;NoCopy;Singleton<Sound::SoundSurPanBank,SRef<Sound::SoundSurPanBank,SRefTraits<Sound::SoundSurPanBank>>>;NoCopy	MI
Sound::SourceVoice	.?AVSourceVoice@Sound@@	0x1b5fed0	3	BaseRefCount<1>	BaseRefCount<1>;RefCountBaseT<1>	
Sound::SurroundPanner	.?AUSurroundPanner@Sound@@	0x1b5d208	5	Sound::ProcessingType	Sound::ProcessingType;BaseRefCount<0>;RefCountBaseT<0>	
Sound::SurroundPanner::Callback	.?AUCallback@SurroundPanner@Sound@@					no-col
Sound::WaveXA2	.?AVWaveXA2@Sound@@	0x1b5e7b8,0x1b5ea50@80	82,5	Sound::AbstractWaveXA2	Sound::AbstractWaveXA2;AbstractWave;RemoveLinks;BaseRefCount<1>;RefCountBaseT<1>;SList<BaseLink,TLink<0>>;TLink<0>;Sound::AbstractEffectVoice;NoCopy	MI
Sound::WaveXA2LoopExt	.?AVWaveXA2LoopExt@Sound@@	0x1b5eaa0,0x1b5ed38@80	82,5	Sound::WaveXA2New	Sound::WaveXA2New;Sound::AbstractWaveXA2;AbstractWave;RemoveLinks;BaseRefCount<1>;RefCountBaseT<1>;SList<BaseLink,TLink<0>>;TLink<0>;Sound::AbstractEffectVoice;NoCopy	MI
Sound::WaveXA2MultiStream	.?AVWaveXA2MultiStream@Sound@@	0x1b5ed78,0x1b5f010@80	82,5	Sound::WaveXA2New	Sound::WaveXA2New;Sound::AbstractWaveXA2;AbstractWave;RemoveLinks;BaseRefCount<1>;RefCountBaseT<1>;SList<BaseLink,TLink<0>>;TLink<0>;Sound::AbstractEffectVoice;NoCopy	MI
Sound::WaveXA2New	.?AVWaveXA2New@Sound@@	0x1b5f050,0x1b5f2e8@80	82,5	Sound::AbstractWaveXA2	Sound::AbstractWaveXA2;AbstractWave;RemoveLinks;BaseRefCount<1>;RefCountBaseT<1>;SList<BaseLink,TLink<0>>;TLink<0>;Sound::AbstractEffectVoice;NoCopy	MI
Sound::WaveXA2Queue	.?AVWaveXA2Queue@Sound@@	0x1b5f370,0x1b5f608@80	82,5	Sound::WaveXA2	Sound::WaveXA2;Sound::AbstractWaveXA2;AbstractWave;RemoveLinks;BaseRefCount<1>;RefCountBaseT<1>;SList<BaseLink,TLink<0>>;TLink<0>;Sound::AbstractEffectVoice;NoCopy	MI
Sound::WaveXA2SingleStream	.?AVWaveXA2SingleStream@Sound@@	0x1b5f658,0x1b5f8f0@80	82,5	Sound::WaveXA2New	Sound::WaveXA2New;Sound::AbstractWaveXA2;AbstractWave;RemoveLinks;BaseRefCount<1>;RefCountBaseT<1>;SList<BaseLink,TLink<0>>;TLink<0>;Sound::AbstractEffectVoice;NoCopy	MI
Sound::WaveXA2Triggered	.?AVWaveXA2Triggered@Sound@@	0x1b8eef8,0x1b8f190@80	82,5	Sound::WaveXA2New	Sound::WaveXA2New;Sound::AbstractWaveXA2;AbstractWave;RemoveLinks;BaseRefCount<1>;RefCountBaseT<1>;SList<BaseLink,TLink<0>>;TLink<0>;Sound::AbstractEffectVoice;NoCopy	MI
Sound::XA2AttenuationEffectPars	.?AUXA2AttenuationEffectPars@Sound@@	0x1b5ded0	4	Sound::XA2SimpleEffectPars	Sound::XA2SimpleEffectPars;BaseRefCount<1>;RefCountBaseT<1>	
Sound::XA2ReverEffectPars	.?AUXA2ReverEffectPars@Sound@@	0x1b5def8	4	Sound::XA2SimpleEffectPars	Sound::XA2SimpleEffectPars;BaseRefCount<1>;RefCountBaseT<1>	
Sound::XA2SimpleEffectPars	.?AUXA2SimpleEffectPars@Sound@@					no-col
Sound::XA2Stereo3DEffect	.?AVXA2Stereo3DEffect@Sound@@	0x1b5df60	3	BaseRefCount<1>	BaseRefCount<1>;RefCountBaseT<1>	
Sound::XA2Submix	.?AVXA2Submix@Sound@@	0x1b5e300,0x1b5e390@24	17,5	AbstractSubmix;Sound::AbstractEffectVoice	AbstractSubmix;RemoveLinks;BaseRefCount<1>;RefCountBaseT<1>;SList<BaseLink,TLink<0>>;TLink<0>;Sound::AbstractEffectVoice	MI
Sound::XA2VehicleAttenuateEffect	.?AVXA2VehicleAttenuateEffect@Sound@@	0x1b5df20	3	BaseRefCount<1>	BaseRefCount<1>;RefCountBaseT<1>	
Sound::XA2WeaponFireDistanceEffect	.?AVXA2WeaponFireDistanceEffect@Sound@@	0x1b5df40	3	BaseRefCount<1>	BaseRefCount<1>;RefCountBaseT<1>	
SoundComponentEx	.?AVSoundComponentEx@@	0x1ba9358	7	RunningSimulation	RunningSimulation;VisualComponent	
SoundEnvironExt	.?AUSoundEnvironExt@@	0x1b5d310	3	BaseRefCount<1>	BaseRefCount<1>;RefCountBaseT<1>	
SoundHelper	.?AVSoundHelper@@					no-col
SoundMoveInfo	.?AVSoundMoveInfo@@	0x1b20bf8	3	BaseRefCount<1>	BaseRefCount<1>;RefCountBaseT<1>	
SoundObject	.?AVSoundObject@@	0x1bd3338	3	RemoveLLinks	RemoveLLinks;BaseRefCount<1>;RefCountBaseT<1>	
SoundOnVehicle	.?AVSoundOnVehicle@@	0x1bd3358,0x1bd3fd8@24,0x1bd4000@48	399,4,23	Entity	Entity;ObjectTyped;Object;NetworkObject;RemoveSoftLinks<SoftLinkIdTraits<ObjectId,ObjectIdAutoDestroy>>;BaseRefCount<1>;RefCountBaseT<1>;NetworkSimpleObject;CountInstances<Object>;EPEItem;TLinkBidir<1>;NoCopy;Animated	MI
SoundsHolder	.?AVSoundsHolder@@	0x1c42798	3	AbstractSoundsHolder	AbstractSoundsHolder;BaseRefCount<1>;RefCountBaseT<1>	
SoundSystemOAL	.?AVSoundSystemOAL@@	0x1b5b468,0x1b5b488@16,0x1b5b670@32	3,60,10	BaseRefCount<1>;AbstractSoundSystem;MemoryFreeOnDemandHelper	BaseRefCount<1>;RefCountBaseT<1>;AbstractSoundSystem;MemoryFreeOnDemandHelper;IMemoryFreeOnDemand;TLinkBidir<0>;NoCopy	MI
SoundSystemXA2	.?AVSoundSystemXA2@@	0x1b5c938,0x1b5c958@16,0x1b5cb40@32	3,60,10	BaseRefCount<1>;AbstractSoundSystem;MemoryFreeOnDemandHelper	BaseRefCount<1>;RefCountBaseT<1>;AbstractSoundSystem;MemoryFreeOnDemandHelper;IMemoryFreeOnDemand;TLinkBidir<0>;NoCopy	MI
SourceDoc	.?AUSourceDoc@@	0x1a8f2f0	4	SerializeClass	SerializeClass	
SourceDocPos	.?AUSourceDocPos@@	0x1a9d468	4	SerializeClass	SerializeClass	
SourceDocPosRef	.?AUSourceDocPosRef@@	0x1a9d490,0x1a9d4b8@40	4,3	SourceDocPos;BaseRefCount<1>	SourceDocPos;SerializeClass;BaseRefCount<1>;RefCountBaseT<1>	MI
SParam	.?AUSParam@@	0x1b90810	3	RemoveLinks	RemoveLinks;BaseRefCount<1>;RefCountBaseT<1>;SList<BaseLink,TLink<0>>;TLink<0>	MI
SpeexCodec	.?AVSpeexCodec@@	0x1aabbe0	15	VoNCodec	VoNCodec;BaseRefCount<1>;RefCountBaseT<1>	
SplashWindowDrawHandlerCombiner	.?AUSplashWindowDrawHandlerCombiner@@	0x1b71310	3	ISplashWindowDrawHandler	ISplashWindowDrawHandler	
SPosMessage	.?AVSPosMessage@@	0x1ce5758	8	BaseRefCount<1>	BaseRefCount<1>;RefCountBaseT<1>	
SPosMessageEx<int>	.?AV?$SPosMessageEx@H@@	0x1ce5b00	8	SPosMessage	SPosMessage;BaseRefCount<1>;RefCountBaseT<1>	
SPosMessageEx<SLandSelPosMessData>	.?AV?$SPosMessageEx@USLandSelPosMessData@@@@	0x1ce5950	8	SPosMessage	SPosMessage;BaseRefCount<1>;RefCountBaseT<1>	
SPosMessageEx<SMoveObjectPosMessData>	.?AV?$SPosMessageEx@USMoveObjectPosMessData@@@@	0x1ce57a0	8	SPosMessage	SPosMessage;BaseRefCount<1>;RefCountBaseT<1>	
SPosMessageEx<SObjectPosMessData>	.?AV?$SPosMessageEx@USObjectPosMessData@@@@	0x1ce5830	8	SPosMessage	SPosMessage;BaseRefCount<1>;RefCountBaseT<1>	
SPosMessageEx<STexturePosMessData>	.?AV?$SPosMessageEx@USTexturePosMessData@@@@	0x1ce58c0	8	SPosMessage	SPosMessage;BaseRefCount<1>;RefCountBaseT<1>	
SPosMessageMulti<float>	.?AV?$SPosMessageMulti@M@@	0x1ce5a70	8	SPosMessage	SPosMessage;BaseRefCount<1>;RefCountBaseT<1>	
SPosMessageMulti<int>	.?AV?$SPosMessageMulti@H@@	0x1ce5ab8	8	SPosMessage	SPosMessage;BaseRefCount<1>;RefCountBaseT<1>	
SPosMessageMulti<SLandSelPosMessData>	.?AV?$SPosMessageMulti@USLandSelPosMessData@@@@	0x1ce59e0	8	SPosMessage	SPosMessage;BaseRefCount<1>;RefCountBaseT<1>	
SPosMessageMulti<SMoveObjectPosMessData>	.?AV?$SPosMessageMulti@USMoveObjectPosMessData@@@@	0x1ce5998	8	SPosMessage	SPosMessage;BaseRefCount<1>;RefCountBaseT<1>	
SPosMessageMulti<STexturePosMessData>	.?AV?$SPosMessageMulti@USTexturePosMessData@@@@	0x1ce5a28	8	SPosMessage	SPosMessage;BaseRefCount<1>;RefCountBaseT<1>	
SPosMessageVarLength<SLandscapePosMessData>	.?AV?$SPosMessageVarLength@USLandscapePosMessData@@@@	0x1ce5878	8	SPosMessage	SPosMessage;BaseRefCount<1>;RefCountBaseT<1>	
SPosMessageVarLength<SLoadSavePosMessData>	.?AV?$SPosMessageVarLength@USLoadSavePosMessData@@@@	0x1ce5908	8	SPosMessage	SPosMessage;BaseRefCount<1>;RefCountBaseT<1>	
SPosMessageVarLength<SObjectNamePosMessData>	.?AV?$SPosMessageVarLength@USObjectNamePosMessData@@@@	0x1ce57e8	8	SPosMessage	SPosMessage;BaseRefCount<1>;RefCountBaseT<1>	
SquadIdentity	.?AUSquadIdentity@@	0x1a7ab98,0x1a7abb8@16	3,4	BaseRefCount<1>;NMRA_464	BaseRefCount<1>;RefCountBaseT<1>;NMRA_464;NetworkSimpleObject	MI
SquadParser	.?AVSquadParser@@	0x1a7b528	6	SAXParser	SAXParser	
SRoadInfoExtDesc	.?AUSRoadInfoExtDesc@@	0x1ce75e0	3	RemoveLLinks	RemoveLLinks;BaseRefCount<1>;RefCountBaseT<1>	
Stamina::Logic	.?AVLogic@Stamina@@	0x1b3cde8	3	BaseRefCount<1>	BaseRefCount<1>;RefCountBaseT<1>	
StaminaBar	.?AVStaminaBar@@	0x1b83298,0x1b83310@24,0x1b83578@568	14,76,8	CStatic	CStatic;Control;RemoveLLinks;BaseRefCount<1>;RefCountBaseT<1>;IControl;EventHandlerGroupContainer_DynArray<EventHandlerContainer_UI,enum ControlEvent>;IUICollectibleControls;IHasGameVarSpace;CTextContainer;ITextContainer	MI
StartStopHolder	.?AVStartStopHolder@@	0x1c42758	3	BaseRefCount<1>	BaseRefCount<1>;RefCountBaseT<1>	
StaticArrayAuto<BoneMask>	.?AV?$StaticArrayAuto@UBoneMask@@@@					no-col
Statistics::StatEventAppClosed	.?AVStatEventAppClosed@Statistics@@	0x1b607f8	1	Statistics::StatEventBase	Statistics::StatEventBase	
Statistics::StatEventAppCrashed	.?AVStatEventAppCrashed@Statistics@@	0x1b60880	1	Statistics::StatEventBase	Statistics::StatEventBase	
Statistics::StatEventAppStarted	.?AVStatEventAppStarted@Statistics@@	0x1b608d0	1	Statistics::StatEventBase	Statistics::StatEventBase	
Statistics::StatEventBase	.?AVStatEventBase@Statistics@@	0x1b60d18	1			
Statistics::StatEventMissionBase	.?AVStatEventMissionBase@Statistics@@	0x1b61078	1	Statistics::StatEventBase	Statistics::StatEventBase	
Statistics::StatEventMissionEnded	.?AVStatEventMissionEnded@Statistics@@	0x1b60970	1	Statistics::StatEventMissionBase	Statistics::StatEventMissionBase;Statistics::StatEventBase	
Statistics::StatEventMissionStarted	.?AVStatEventMissionStarted@Statistics@@	0x1b60a10	1	Statistics::StatEventMissionBase	Statistics::StatEventMissionBase;Statistics::StatEventBase	
Statistics::StatEventPlayerKicked	.?AVStatEventPlayerKicked@Statistics@@	0x1b60a40	1	Statistics::StatEventBase	Statistics::StatEventBase	
Statistics::StatEventPlayerKilled	.?AVStatEventPlayerKilled@Statistics@@	0x1b60a90	1	Statistics::StatEventMissionBase	Statistics::StatEventMissionBase;Statistics::StatEventBase	
Statistics::StatEventServerDown	.?AVStatEventServerDown@Statistics@@	0x1b60bd8	1	Statistics::StatEventBase	Statistics::StatEventBase	
Statistics::StatEventServerMissionStarted	.?AVStatEventServerMissionStarted@Statistics@@	0x1b60c18	1	Statistics::StatEventMissionBase	Statistics::StatEventMissionBase;Statistics::StatEventBase	
Statistics::StatEventServerUp	.?AVStatEventServerUp@Statistics@@	0x1b60c50	1	Statistics::StatEventBase	Statistics::StatEventBase	
Statistics::StatisticsMissionHelper	.?AVStatisticsMissionHelper@Statistics@@	0x1b61178	3	BaseRefCount<1>	BaseRefCount<1>;RefCountBaseT<1>	
StatisticsLib::IStatisticsAPI	.?AVIStatisticsAPI@StatisticsLib@@	0x1d310b8	7			
StatisticsLib::IStatisticsIdManager	.?AVIStatisticsIdManager@StatisticsLib@@					no-col
StatisticsLib::IStatItem	.?AVIStatItem@StatisticsLib@@	0x1d312f8	3			
StatisticsLib::IStatsDataItem	.?AUIStatsDataItem@StatisticsLib@@	0x1d32b80	7			
StatisticsLib::IStatsService	.?AVIStatsService@StatisticsLib@@	0x1d31f88	5			
StatisticsLib::StatisticsAPI	.?AVStatisticsAPI@StatisticsLib@@	0x1d310f8	7	StatisticsLib::IStatisticsAPI	StatisticsLib::IStatisticsAPI	
StatisticsLib::StatisticsIdManager	.?AVStatisticsIdManager@StatisticsLib@@	0x1d313f0	3	StatisticsLib::IStatisticsIdManager	StatisticsLib::IStatisticsIdManager	
StatisticsLib::StatItemArrayImpl	.?AVStatItemArrayImpl@StatisticsLib@@	0x1d30f18	3	StatisticsLib::IStatItem	StatisticsLib::IStatItem	
StatisticsLib::StatItemBool	.?AVStatItemBool@StatisticsLib@@	0x1d31318	3	StatisticsLib::IStatItem	StatisticsLib::IStatItem	
StatisticsLib::StatItemEventImpl	.?AVStatItemEventImpl@StatisticsLib@@	0x1d30eb0	3	StatisticsLib::StatItemObjectImpl	StatisticsLib::StatItemObjectImpl;StatisticsLib::IStatItem	
StatisticsLib::StatItemFloat	.?AVStatItemFloat@StatisticsLib@@	0x1d31380	3	StatisticsLib::IStatItem	StatisticsLib::IStatItem	
StatisticsLib::StatItemInt	.?AVStatItemInt@StatisticsLib@@	0x1d31350	3	StatisticsLib::IStatItem	StatisticsLib::IStatItem	
StatisticsLib::StatItemObjectImpl	.?AVStatItemObjectImpl@StatisticsLib@@	0x1d30b38	3	StatisticsLib::IStatItem	StatisticsLib::IStatItem	
StatisticsLib::StatItemText	.?AVStatItemText@StatisticsLib@@	0x1d313b8	3	StatisticsLib::IStatItem	StatisticsLib::IStatItem	
StatisticsLib::StatsDataItemJsonSR	.?AUStatsDataItemJsonSR@StatisticsLib@@	0x1d345c0	7	StatisticsLib::IStatsDataItem	StatisticsLib::IStatsDataItem	
StatisticsLib::StatsDataItemJsonTD	.?AUStatsDataItemJsonTD@StatisticsLib@@	0x1d337f0	7	StatisticsLib::IStatsDataItem	StatisticsLib::IStatsDataItem	
StatisticsLib::StatsDataItemLocal	.?AUStatsDataItemLocal@StatisticsLib@@	0x1d32bc0	7	StatisticsLib::IStatsDataItem	StatisticsLib::IStatsDataItem	
StatisticsLib::StatsServiceLocal	.?AVStatsServiceLocal@StatisticsLib@@	0x1d31b98	5	StatisticsLib::IStatsService	StatisticsLib::IStatsService	
StatisticsLib::StatsServiceSR	.?AVStatsServiceSR@StatisticsLib@@	0x1d31dc8	5	StatisticsLib::IStatsService	StatisticsLib::IStatsService	
StatisticsLib::StatsServiceTD	.?AVStatsServiceTD@StatisticsLib@@	0x1d319c0	5	StatisticsLib::IStatsService	StatisticsLib::IStatsService	
std::__non_rtti_object	.?AV__non_rtti_object@std@@	0x1d9d230	2	std::bad_typeid	std::bad_typeid;std::exception	
std::_Associated_state<AutoArray<ExtensionSignature,MemAllocD>>	.?AV?$_Associated_state@V?$AutoArray@UExtensionSignature@@VMemAllocD@@@@@std@@	0x1b40f68	6			
std::_Associated_state<RStringCT<char>>	.?AV?$_Associated_state@V?$RStringCT@D@@@std@@	0x1b41048	6			
std::_Associated_state<std::pair<RStringCT<char>,RStringCT<char>>>	.?AV?$_Associated_state@U?$pair@V?$RStringCT@D@@V1@@std@@@std@@	0x1b40fd8	6			
std::_Associated_state<unsigned long>	.?AV?$_Associated_state@K@std@@	0x1a79fa8	6			
std::_Crt_new_delete	.?AU_Crt_new_delete@std@@					no-col
std::_Facet_base	.?AV_Facet_base@std@@	0x1a7ea80	3			
std::_Fmt_buffer<char>	.?AV?$_Fmt_buffer@D@std@@					no-col
std::_Fmt_iterator_buffer<char*,char,std::_Fmt_buffer_traits>	.?AV?$_Fmt_iterator_buffer@PEADDU_Fmt_buffer_traits@std@@@std@@	0x1aa9598	1	std::_Fmt_buffer<char>	std::_Fmt_buffer<char>	
std::_Func_base<AutoArray<ExtensionSignature,MemAllocD>,>	.?AV?$_Func_base@V?$AutoArray@UExtensionSignature@@VMemAllocD@@@@$$V@std@@					no-col
std::_Func_base<bool,const SessionInfo&>	.?AV?$_Func_base@_NAEBUSessionInfo@@@std@@					no-col
std::_Func_base<bool,Editor3D::E3DItem*>	.?AV?$_Func_base@_NPEAVE3DItem@Editor3D@@@std@@					no-col
std::_Func_base<bool,ObjectVisualState&>	.?AV?$_Func_base@_NAEAVObjectVisualState@@@std@@					no-col
std::_Func_base<const ManProxy&,int>	.?AV?$_Func_base@AEBUManProxy@@H@std@@					no-col
std::_Func_base<GameValue,const ExtensionSignature&>	.?AV?$_Func_base@VGameValue@@AEBUExtensionSignature@@@std@@					no-col
std::_Func_base<RStringCT<char>,>	.?AV?$_Func_base@V?$RStringCT@D@@$$V@std@@					no-col
std::_Func_base<std::pair<RStringCT<char>,RStringCT<char>>,>	.?AV?$_Func_base@U?$pair@V?$RStringCT@D@@V1@@std@@$$V@std@@					no-col
std::_Func_base<void,>	.?AV?$_Func_base@X$$V@std@@					no-col
std::_Func_base<void,_CMSG_SIGNER_INFO*>	.?AV?$_Func_base@XPEAU_CMSG_SIGNER_INFO@@@std@@					no-col
std::_Func_base<void,const _CERT_CHAIN_CONTEXT*>	.?AV?$_Func_base@XPEBU_CERT_CHAIN_CONTEXT@@@std@@					no-col
std::_Func_base<void,const _CERT_CONTEXT*>	.?AV?$_Func_base@XPEBU_CERT_CONTEXT@@@std@@					no-col
std::_Func_base<void,CreateExtensionSignatureFromCertContext()::`66'::Microsoft_forgot_to_document_me*>	.?AV?$_Func_base@XPEAUMicrosoft_forgot_to_document_me@?EC@??CreateExtensionSignatureFromCertContext@@YA?AUExtensionSignature@@AEBVWinCrypt@@PEBU_CERT_CONTEXT@@PEAXPEAU_CMSG_SIGNER_INFO@@@Z@@std@@					no-col
std::_Func_base<void,HINSTANCE__*>	.?AV?$_Func_base@XPEAUHINSTANCE__@@@std@@					no-col
std::_Func_base<void,HUDDrawContext&>	.?AV?$_Func_base@XAEAVHUDDrawContext@@@std@@					no-col
std::_Func_base<void,rapidjson::GenericValue<rapidjson::UTF8<char>,rapidjson::MemoryPoolAllocator<rapidjson::CrtAllocator>>&,const ExtensionSignature&>	.?AV?$_Func_base@XAEAV?$GenericValue@U?$UTF8@D@rapidjson@@V?$MemoryPoolAllocator@VCrtAllocator@rapidjson@@@2@@rapidjson@@AEBUExtensionSignature@@@std@@					no-col
std::_Func_base<void,void*>	.?AV?$_Func_base@XPEAX@std@@					no-col
std::_Func_impl_no_alloc<`332703162704213076587272973'()::`6'::<lambda_1>,const ManProxy&,int>	.?AV?$_Func_impl_no_alloc@V<lambda_1>@?5???RBasicGunnerSimulation@@UEAA_NPEAVEntityAIFull@@AEAUTurretContextV@@@Z@AEBUManProxy@@H@std@@	0x1c47928	6	std::_Func_base<const ManProxy&,int>	std::_Func_base<const ManProxy&,int>	
std::_Func_impl_no_alloc<`anonymous namespace'::InFlightRequest::`1'()::`2'::<lambda_1>,void,>	.?AV?$_Func_impl_no_alloc@V<lambda_1>@?1???0InFlightRequest@?A0x16987b2f@@QEAA@XZ@X$$V@std@@	0x1b418a8	6	std::_Func_base<void,>	std::_Func_base<void,>	
std::_Func_impl_no_alloc<`anonymous namespace'::InFlightRequest::`1'()::`2'::<lambda_2>,void,>	.?AV?$_Func_impl_no_alloc@V<lambda_2>@?1???0InFlightRequest@?A0x16987b2f@@QEAA@XZ@X$$V@std@@	0x1b418e0	6	std::_Func_base<void,>	std::_Func_base<void,>	
std::_Func_impl_no_alloc<`anonymous namespace'::InFlightRequestService::`1'()::`2'::<lambda_1>,void,>	.?AV?$_Func_impl_no_alloc@V<lambda_1>@?1???0InFlightRequestService@?A0x16987b2f@@QEAA@XZ@X$$V@std@@	0x1b41918	6	std::_Func_base<void,>	std::_Func_base<void,>	
std::_Func_impl_no_alloc<`anonymous namespace'::InFlightRequestService::`1'()::`2'::<lambda_2>,void,>	.?AV?$_Func_impl_no_alloc@V<lambda_2>@?1???0InFlightRequestService@?A0x16987b2f@@QEAA@XZ@X$$V@std@@	0x1b41950	6	std::_Func_base<void,>	std::_Func_base<void,>	
std::_Func_impl_no_alloc<BattlEyeClient::BEIntegrityCheckPacketReceived()::`14'::<lambda_1>,RStringCT<char>,>	.?AV?$_Func_impl_no_alloc@V<lambda_1>@?O@??BEIntegrityCheckPacketReceived@BattlEyeClient@@QEAAXPEAD_K@Z@V?$RStringCT@D@@$$V@std@@	0x1b411b0	6	std::_Func_base<RStringCT<char>,>	std::_Func_base<RStringCT<char>,>	
std::_Func_impl_no_alloc<BattlEyeClient::BEIntegrityCheckPacketReceived()::`14'::<lambda_2>,std::pair<RStringCT<char>,RStringCT<char>>,>	.?AV?$_Func_impl_no_alloc@V<lambda_2>@?O@??BEIntegrityCheckPacketReceived@BattlEyeClient@@QEAAXPEAD_K@Z@U?$pair@V?$RStringCT@D@@V1@@std@@$$V@std@@	0x1b411e8	6	std::_Func_base<std::pair<RStringCT<char>,RStringCT<char>>,>	std::_Func_base<std::pair<RStringCT<char>,RStringCT<char>>,>	
std::_Func_impl_no_alloc<BattlEyeClient::BEIntegrityCheckPacketReceived()::`14'::<lambda_3>,AutoArray<ExtensionSignature,MemAllocD>,>	.?AV?$_Func_impl_no_alloc@V<lambda_3>@?O@??BEIntegrityCheckPacketReceived@BattlEyeClient@@QEAAXPEAD_K@Z@V?$AutoArray@UExtensionSignature@@VMemAllocD@@@@$$V@std@@	0x1b41220	6	std::_Func_base<AutoArray<ExtensionSignature,MemAllocD>,>	std::_Func_base<AutoArray<ExtensionSignature,MemAllocD>,>	
std::_Func_impl_no_alloc<BattlEyeClient::BEIntegrityCheckPacketReceived()::`14'::<lambda_4>,RStringCT<char>,>	.?AV?$_Func_impl_no_alloc@V<lambda_4>@?O@??BEIntegrityCheckPacketReceived@BattlEyeClient@@QEAAXPEAD_K@Z@V?$RStringCT@D@@$$V@std@@	0x1b41258	6	std::_Func_base<RStringCT<char>,>	std::_Func_base<RStringCT<char>,>	
std::_Func_impl_no_alloc<BattlEyeClient::BEIntegrityCheckPacketReceived()::`25'::<lambda_10>,void,rapidjson::GenericValue<rapidjson::UTF8<char>,rapidjson::MemoryPoolAllocator<rapidjson::CrtAllocator>>&,const ExtensionSignature&>	.?AV?$_Func_impl_no_alloc@V<lambda_10>@?BJ@??BEIntegrityCheckPacketReceived@BattlEyeClient@@QEAAXPEAD_K@Z@XAEAV?$GenericValue@U?$UTF8@D@rapidjson@@V?$MemoryPoolAllocator@VCrtAllocator@rapidjson@@@2@@rapidjson@@AEBUExtensionSignature@@@std@@	0x1b41178	6	std::_Func_base<void,rapidjson::GenericValue<rapidjson::UTF8<char>,rapidjson::MemoryPoolAllocator<rapidjson::CrtAllocator>>&,const ExtensionSignature&>	std::_Func_base<void,rapidjson::GenericValue<rapidjson::UTF8<char>,rapidjson::MemoryPoolAllocator<rapidjson::CrtAllocator>>&,const ExtensionSignature&>	
std::_Func_impl_no_alloc<Editor3D::CreateCustomCompositionOperation::ProcessOperation()::`11'::<lambda_1>,bool,Editor3D::E3DItem*>	.?AV?$_Func_impl_no_alloc@V<lambda_1>@?L@??ProcessOperation@CreateCustomCompositionOperation@Editor3D@@UEAA_NXZ@_NPEAVE3DItem@4@@std@@	0x1a8d9b8	6	std::_Func_base<bool,Editor3D::E3DItem*>	std::_Func_base<bool,Editor3D::E3DItem*>	
std::_Func_impl_no_alloc<Editor3D::CreateCustomCompositionOperation::ProcessOperation()::`11'::<lambda_2>,bool,Editor3D::E3DItem*>	.?AV?$_Func_impl_no_alloc@V<lambda_2>@?L@??ProcessOperation@CreateCustomCompositionOperation@Editor3D@@UEAA_NXZ@_NPEAVE3DItem@4@@std@@	0x1a8d9f0	6	std::_Func_base<bool,Editor3D::E3DItem*>	std::_Func_base<bool,Editor3D::E3DItem*>	
std::_Func_impl_no_alloc<Editor3D::CreateSteamCompositionOperation::ProcessOperation()::`11'::<lambda_1>,bool,Editor3D::E3DItem*>	.?AV?$_Func_impl_no_alloc@V<lambda_1>@?L@??ProcessOperation@CreateSteamCompositionOperation@Editor3D@@UEAA_NXZ@_NPEAVE3DItem@4@@std@@	0x1a8dc68	6	std::_Func_base<bool,Editor3D::E3DItem*>	std::_Func_base<bool,Editor3D::E3DItem*>	
std::_Func_impl_no_alloc<Editor3D::CreateSteamCompositionOperation::ProcessOperation()::`11'::<lambda_2>,bool,Editor3D::E3DItem*>	.?AV?$_Func_impl_no_alloc@V<lambda_2>@?L@??ProcessOperation@CreateSteamCompositionOperation@Editor3D@@UEAA_NXZ@_NPEAVE3DItem@4@@std@@	0x1a8dca0	6	std::_Func_base<bool,Editor3D::E3DItem*>	std::_Func_base<bool,Editor3D::E3DItem*>	
std::_Func_impl_no_alloc<GetSignatures()::`2'::<lambda_1>,void,void*>	.?AV?$_Func_impl_no_alloc@V<lambda_1>@?1??GetSignatures@@YA?AV?$AutoArray@UExtensionSignature@@VMemAllocD@@@@AEBV?$RStringCT@D@@@Z@XPEAX@std@@	0x1b2c498	6	std::_Func_base<void,void*>	std::_Func_base<void,void*>	
std::_Func_impl_no_alloc<int(const _CERT_CONTEXT*)*,void,const _CERT_CONTEXT*>	.?AV?$_Func_impl_no_alloc@P6AHPEBU_CERT_CONTEXT@@@ZXPEBU1@@std@@	0x1b2c3f0	6	std::_Func_base<void,const _CERT_CONTEXT*>	std::_Func_base<void,const _CERT_CONTEXT*>	
std::_Func_impl_no_alloc<int(HINSTANCE__*)*,void,HINSTANCE__*>	.?AV?$_Func_impl_no_alloc@P6AHPEAUHINSTANCE__@@@ZXPEAU1@@std@@	0x1b2c348	6	std::_Func_base<void,HINSTANCE__*>	std::_Func_base<void,HINSTANCE__*>	
std::_Func_impl_no_alloc<int(void*)*,void,void*>	.?AV?$_Func_impl_no_alloc@P6AHPEAX@ZXPEAX@std@@	0x1b2c380	6	std::_Func_base<void,void*>	std::_Func_base<void,void*>	
std::_Func_impl_no_alloc<mDNS::Browser::OnCompleted()::`15'::<lambda_1>,void,>	.?AV?$_Func_impl_no_alloc@V<lambda_1>@?P@??OnCompleted@Browser@mDNS@@AEAAXPEAVDNSRequest@@@Z@X$$V@std@@	0x1a79fe0	6	std::_Func_base<void,>	std::_Func_base<void,>	
std::_Func_impl_no_alloc<mDNS::Browser::OnCompleted()::`16'::<lambda_2>,void,>	.?AV?$_Func_impl_no_alloc@V<lambda_2>@?BA@??OnCompleted@Browser@mDNS@@AEAAXPEAVDNSRequest@@@Z@X$$V@std@@	0x1a7a018	6	std::_Func_base<void,>	std::_Func_base<void,>	
std::_Func_impl_no_alloc<mDNS::Browser::StartSearch()::`2'::<lambda_1>,void,>	.?AV?$_Func_impl_no_alloc@V<lambda_1>@?1??StartSearch@Browser@mDNS@@QEAAXAEBV?$RStringCT@D@@@Z@X$$V@std@@	0x1a7a050	6	std::_Func_base<void,>	std::_Func_base<void,>	
std::_Func_impl_no_alloc<NetSessionEnum::HandleDNSDomainLookup()::`7'::<lambda_1>,void,>	.?AV?$_Func_impl_no_alloc@V<lambda_1>@?6??HandleDNSDomainLookup@NetSessionEnum@@IEAAXAEBV?$RStringCT@D@@@Z@X$$V@std@@	0x1a7a2b0	6	std::_Func_base<void,>	std::_Func_base<void,>	
std::_Func_impl_no_alloc<NetSessionEnum::HandleDNSDomainLookup()::`8'::<lambda_2>,void,>	.?AV?$_Func_impl_no_alloc@V<lambda_2>@?7??HandleDNSDomainLookup@NetSessionEnum@@IEAAXAEBV?$RStringCT@D@@@Z@X$$V@std@@	0x1a7a2e8	6	std::_Func_base<void,>	std::_Func_base<void,>	
std::_Func_impl_no_alloc<NetSessionEnum::HandleDNSDomainLookup()::`9'::<lambda_3>,void,>	.?AV?$_Func_impl_no_alloc@V<lambda_3>@?8??HandleDNSDomainLookup@NetSessionEnum@@IEAAXAEBV?$RStringCT@D@@@Z@X$$V@std@@	0x1a7a320	6	std::_Func_base<void,>	std::_Func_base<void,>	
std::_Func_impl_no_alloc<NetSessionEnum::HandleDNSRequestCompleted()::`28'::<lambda_2>,void,>	.?AV?$_Func_impl_no_alloc@V<lambda_2>@?BM@??HandleDNSRequestCompleted@NetSessionEnum@@IEAAXPEAVDNSRequest@@G@Z@X$$V@std@@	0x1a7a358	6	std::_Func_base<void,>	std::_Func_base<void,>	
std::_Func_impl_no_alloc<NetSessionEnum::HandleDNSRequestCompleted()::`29'::<lambda_3>,void,>	.?AV?$_Func_impl_no_alloc@V<lambda_3>@?BN@??HandleDNSRequestCompleted@NetSessionEnum@@IEAAXPEAVDNSRequest@@G@Z@X$$V@std@@	0x1a7a390	6	std::_Func_base<void,>	std::_Func_base<void,>	
std::_Func_impl_no_alloc<SetExtensionInfoHashmapValues_FileBased()::`7'::<lambda_2>,GameValue,const ExtensionSignature&>	.?AV?$_Func_impl_no_alloc@V<lambda_2>@?6??SetExtensionInfoHashmapValues_FileBased@@YAXPEBVGameState@@AEAV?$MapStringToClass@UGameDataHashMapValue@@V?$AutoArray@UGameDataHashMapValue@@VMemAllocD@@@@UGameDataHashMapValueTraits@@VMemAllocD@@@@AEBUExtensionInfo@@@Z@VGameValue@@AEBUExtensionSignature@@@std@@	0x1a7d540	6	std::_Func_base<GameValue,const ExtensionSignature&>	std::_Func_base<GameValue,const ExtensionSignature&>	
std::_Func_impl_no_alloc<std::reference_wrapper<HUDElementGroup::Draw()::`2'::<lambda_1>>,void,HUDDrawContext&>	.?AV?$_Func_impl_no_alloc@V?$reference_wrapper@V<lambda_1>@?1??Draw@HUDElementGroup@@UEBAXAEBVHUDDrawContext@@@Z@@std@@XAEAVHUDDrawContext@@@std@@	0x1beb798	6	std::_Func_base<void,HUDDrawContext&>	std::_Func_base<void,HUDDrawContext&>	
std::_Func_impl_no_alloc<std::reference_wrapper<Object::FirstTouch()::`32'::<lambda_1>>,bool,ObjectVisualState&>	.?AV?$_Func_impl_no_alloc@V?$reference_wrapper@V<lambda_1>@?CA@??FirstTouch@Object@@QEBAHAEAMAEAVVector3P@@AEBVObjectVisualState@@PEBV3@2AEBV4@@Z@@std@@_NAEAVObjectVisualState@@@std@@	0x1ca6f30	6	std::_Func_base<bool,ObjectVisualState&>	std::_Func_base<bool,ObjectVisualState&>	
std::_Func_impl_no_alloc<std::reference_wrapper<Object::Intersect()::`60'::<lambda_3>>,bool,ObjectVisualState&>	.?AV?$_Func_impl_no_alloc@V?$reference_wrapper@V<lambda_3>@?DM@??Intersect@Object@@QEBAXAEAVCollisionBuffer@@PEBV3@AEBVObjectVisualState@@2H_N@Z@@std@@_NAEAVObjectVisualState@@@std@@	0x1ca6e88	6	std::_Func_base<bool,ObjectVisualState&>	std::_Func_base<bool,ObjectVisualState&>	
std::_Func_impl_no_alloc<std::reference_wrapper<Object::Intersect()::`63'::<lambda_4>>,bool,ObjectVisualState&>	.?AV?$_Func_impl_no_alloc@V?$reference_wrapper@V<lambda_4>@?DP@??Intersect@Object@@QEBAXAEAVCollisionBuffer@@PEBV3@AEBVObjectVisualState@@2H_N@Z@@std@@_NAEAVObjectVisualState@@@std@@	0x1ca6ef8	6	std::_Func_base<bool,ObjectVisualState&>	std::_Func_base<bool,ObjectVisualState&>	
std::_Func_impl_no_alloc<std::reference_wrapper<Object::IntersectLine()::`61'::<lambda_2>>,bool,ObjectVisualState&>	.?AV?$_Func_impl_no_alloc@V?$reference_wrapper@V<lambda_2>@?DN@??IntersectLine@Object@@QEBAXAEBVObjectVisualState@@AEAVCollisionBuffer@@AEBVVector3P@@2MW4ObjIntersect@@PEBVConvexComponents@@HHI@Z@@std@@_NAEAVObjectVisualState@@@std@@	0x1ca6f88	6	std::_Func_base<bool,ObjectVisualState&>	std::_Func_base<bool,ObjectVisualState&>	
std::_Func_impl_no_alloc<std::reference_wrapper<Object::IntersectLinePlanes()::`47'::<lambda_2>>,bool,ObjectVisualState&>	.?AV?$_Func_impl_no_alloc@V?$reference_wrapper@V<lambda_2>@?CP@??IntersectLinePlanes@Object@@QEBAXAEBVObjectVisualState@@AEAVCollisionBuffer@@AEBVVector3P@@2MW4ObjIntersect@@PEBVShape@@HHI@Z@@std@@_NAEAVObjectVisualState@@@std@@	0x1ca6fe0	6	std::_Func_base<bool,ObjectVisualState&>	std::_Func_base<bool,ObjectVisualState&>	
std::_Func_impl_no_alloc<Steam::SteamMatchmaking::PrepareResults()::`2'::<lambda_1>,bool,const SessionInfo&>	.?AV?$_Func_impl_no_alloc@V<lambda_1>@?1??PrepareResults@SteamMatchmaking@Steam@@IEAAXXZ@_NAEBUSessionInfo@@@std@@	0x1b6f6a0	6	std::_Func_base<bool,const SessionInfo&>	std::_Func_base<bool,const SessionInfo&>	
std::_Func_impl_no_alloc<Steam::SteamMatchmaking::PrepareResults()::`2'::<lambda_2>,bool,const SessionInfo&>	.?AV?$_Func_impl_no_alloc@V<lambda_2>@?1??PrepareResults@SteamMatchmaking@Steam@@IEAAXXZ@_NAEBUSessionInfo@@@std@@	0x1b6f6d8	6	std::_Func_base<bool,const SessionInfo&>	std::_Func_base<bool,const SessionInfo&>	
std::_Func_impl_no_alloc<Transport::SimulatePost()::`5'::<lambda_1>,const ManProxy&,int>	.?AV?$_Func_impl_no_alloc@V<lambda_1>@?4??SimulatePost@Transport@@QEAAXMW4SimulationImportance@@@Z@AEBUManProxy@@H@std@@	0x1c47960	6	std::_Func_base<const ManProxy&,int>	std::_Func_base<const ManProxy&,int>	
std::_Func_impl_no_alloc<void(const _CERT_CHAIN_CONTEXT*)*,void,const _CERT_CHAIN_CONTEXT*>	.?AV?$_Func_impl_no_alloc@P6AXPEBU_CERT_CHAIN_CONTEXT@@@ZXPEBU1@@std@@	0x1b2c460	6	std::_Func_base<void,const _CERT_CHAIN_CONTEXT*>	std::_Func_base<void,const _CERT_CHAIN_CONTEXT*>	
std::_Func_impl_no_alloc<void(void*)*,void,void*>	.?AV?$_Func_impl_no_alloc@P6AXPEAX@ZXPEAX@std@@	0x1b2c428	6	std::_Func_base<void,void*>	std::_Func_base<void,void*>	
std::_Func_impl_no_alloc<void*(void*)*,void,_CMSG_SIGNER_INFO*>	.?AV?$_Func_impl_no_alloc@P6APEAXPEAX@ZXPEAU_CMSG_SIGNER_INFO@@@std@@	0x1b2c4d0	6	std::_Func_base<void,_CMSG_SIGNER_INFO*>	std::_Func_base<void,_CMSG_SIGNER_INFO*>	
std::_Func_impl_no_alloc<void*(void*)*,void,CreateExtensionSignatureFromCertContext()::`66'::Microsoft_forgot_to_document_me*>	.?AV?$_Func_impl_no_alloc@P6APEAXPEAX@ZXPEAUMicrosoft_forgot_to_document_me@?EC@??CreateExtensionSignatureFromCertContext@@YA?AUExtensionSignature@@AEBVWinCrypt@@PEBU_CERT_CONTEXT@@0PEAU_CMSG_SIGNER_INFO@@@Z@@std@@	0x1b2c508	6	std::_Func_base<void,CreateExtensionSignatureFromCertContext()::`66'::Microsoft_forgot_to_document_me*>	std::_Func_base<void,CreateExtensionSignatureFromCertContext()::`66'::Microsoft_forgot_to_document_me*>	
std::_Future_error_category2	.?AV_Future_error_category2@std@@	0x1a79ea8	6	std::error_category	std::error_category	
std::_Generic_error_category	.?AV_Generic_error_category@std@@	0x1a97668	6	std::error_category	std::error_category	
std::_Iosb<int>	.?AV?$_Iosb@H@std@@					no-col
std::_Iostream_error_category2	.?AV_Iostream_error_category2@std@@	0x1a7ea20	6	std::error_category	std::error_category	
std::_Node_assert	.?AV_Node_assert@std@@	0x1a8e138	1	std::_Node_base	std::_Node_base	
std::_Node_back	.?AV_Node_back@std@@	0x1a8e158	1	std::_Node_base	std::_Node_base	
std::_Node_base	.?AV_Node_base@std@@	0x1a8e108	1			
std::_Node_capture	.?AV_Node_capture@std@@	0x1a8e148	1	std::_Node_base	std::_Node_base	
std::_Node_class<char,std::regex_traits<char>>	.?AV?$_Node_class@DV?$regex_traits@D@std@@@std@@	0x1a8e810	1	std::_Node_base	std::_Node_base	
std::_Node_end_group	.?AV_Node_end_group@std@@	0x1a8e128	1	std::_Node_base	std::_Node_base	
std::_Node_end_rep	.?AV_Node_end_rep@std@@	0x1a8e188	1	std::_Node_base	std::_Node_base	
std::_Node_endif	.?AV_Node_endif@std@@	0x1a8e168	1	std::_Node_base	std::_Node_base	
std::_Node_if	.?AV_Node_if@std@@	0x1a8e178	1	std::_Node_base	std::_Node_base	
std::_Node_rep	.?AV_Node_rep@std@@	0x1a8e198	1	std::_Node_base	std::_Node_base	
std::_Node_str<char>	.?AV?$_Node_str@D@std@@	0x1a8e800	1	std::_Node_base	std::_Node_base	
std::_Ref_count<boost::re_detail_500::basic_regex_implementation<char,boost::regex_traits<char,boost::w32_regex_traits<char>>>>	.?AV?$_Ref_count@V?$basic_regex_implementation@DU?$regex_traits@DV?$w32_regex_traits@D@boost@@@boost@@@re_detail_500@boost@@@std@@	0x1b4e778	4	std::_Ref_count_base	std::_Ref_count_base	
std::_Ref_count<boost::re_detail_500::basic_regex_implementation<wchar_t,boost::regex_traits<wchar_t,boost::w32_regex_traits<wchar_t>>>>	.?AV?$_Ref_count@V?$basic_regex_implementation@_WU?$regex_traits@_WV?$w32_regex_traits@_W@boost@@@boost@@@re_detail_500@boost@@@std@@	0x1b4e7a0	4	std::_Ref_count_base	std::_Ref_count_base	
std::_Ref_count<boost::re_detail_500::w32_regex_traits_implementation<char>>	.?AV?$_Ref_count@V?$w32_regex_traits_implementation@D@re_detail_500@boost@@@std@@	0x1b4f840	72	std::_Ref_count_base	std::_Ref_count_base	
std::_Ref_count<boost::re_detail_500::w32_regex_traits_implementation<wchar_t>>	.?AV?$_Ref_count@V?$w32_regex_traits_implementation@_W@re_detail_500@boost@@@std@@	0x1b4f818	4	std::_Ref_count_base	std::_Ref_count_base	
std::_Ref_count<boost::regex_iterator_implementation<const char*,char,boost::regex_traits<char,boost::w32_regex_traits<char>>>>	.?AV?$_Ref_count@V?$regex_iterator_implementation@PEBDDU?$regex_traits@DV?$w32_regex_traits@D@boost@@@boost@@@boost@@@std@@	0x1b4e7f0	4	std::_Ref_count_base	std::_Ref_count_base	
std::_Ref_count<boost::regex_iterator_implementation<const wchar_t*,wchar_t,boost::regex_traits<wchar_t,boost::w32_regex_traits<wchar_t>>>>	.?AV?$_Ref_count@V?$regex_iterator_implementation@PEB_W_WU?$regex_traits@_WV?$w32_regex_traits@_W@boost@@@boost@@@boost@@@std@@	0x1b4e818	4	std::_Ref_count_base	std::_Ref_count_base	
std::_Ref_count<boost::regex_traits_wrapper<boost::regex_traits<char,boost::w32_regex_traits<char>>>>	.?AV?$_Ref_count@U?$regex_traits_wrapper@U?$regex_traits@DV?$w32_regex_traits@D@boost@@@boost@@@boost@@@std@@	0x1b4e8d0	4	std::_Ref_count_base	std::_Ref_count_base	
std::_Ref_count<boost::regex_traits_wrapper<boost::regex_traits<wchar_t,boost::w32_regex_traits<wchar_t>>>>	.?AV?$_Ref_count@U?$regex_traits_wrapper@U?$regex_traits@_WV?$w32_regex_traits@_W@boost@@@boost@@@boost@@@std@@	0x1b4e8f8	4	std::_Ref_count_base	std::_Ref_count_base	
std::_Ref_count_base	.?AV_Ref_count_base@std@@					no-col
std::_Ref_count_obj2<rapidjson::GenericDocument<rapidjson::UTF8<char>,rapidjson::MemoryPoolAllocator<rapidjson::CrtAllocator>>>	.?AV?$_Ref_count_obj2@V?$GenericDocument@U?$UTF8@D@rapidjson@@V?$MemoryPoolAllocator@VCrtAllocator@rapidjson@@@2@@rapidjson@@@std@@	0x1b8f970	4	std::_Ref_count_base	std::_Ref_count_base	
std::_Ref_count_obj2<StatisticsLib::StatisticsIdManager>	.?AV?$_Ref_count_obj2@VStatisticsIdManager@StatisticsLib@@@std@@	0x1d312d0	4	std::_Ref_count_base	std::_Ref_count_base	
std::_Ref_count_obj2<StatisticsLib::StatisticsServices>	.?AV?$_Ref_count_obj2@VStatisticsServices@StatisticsLib@@@std@@	0x1d312a8	4	std::_Ref_count_base	std::_Ref_count_base	
std::_Ref_count_obj2<StatisticsLib::StatItemArrayImpl>	.?AV?$_Ref_count_obj2@VStatItemArrayImpl@StatisticsLib@@@std@@	0x1d30e88	4	std::_Ref_count_base	std::_Ref_count_base	
std::_Ref_count_obj2<StatisticsLib::StatItemBool>	.?AV?$_Ref_count_obj2@VStatItemBool@StatisticsLib@@@std@@	0x1d30e38	4	std::_Ref_count_base	std::_Ref_count_base	
std::_Ref_count_obj2<StatisticsLib::StatItemFloat>	.?AV?$_Ref_count_obj2@VStatItemFloat@StatisticsLib@@@std@@	0x1d30e10	4	std::_Ref_count_base	std::_Ref_count_base	
std::_Ref_count_obj2<StatisticsLib::StatItemInt>	.?AV?$_Ref_count_obj2@VStatItemInt@StatisticsLib@@@std@@	0x1d30de8	4	std::_Ref_count_base	std::_Ref_count_base	
std::_Ref_count_obj2<StatisticsLib::StatItemObjectImpl>	.?AV?$_Ref_count_obj2@VStatItemObjectImpl@StatisticsLib@@@std@@	0x1d30e60	4	std::_Ref_count_base	std::_Ref_count_base	
std::_Ref_count_obj2<StatisticsLib::StatItemText>	.?AV?$_Ref_count_obj2@VStatItemText@StatisticsLib@@@std@@	0x1d30dc0	4	std::_Ref_count_base	std::_Ref_count_base	
std::_Ref_count_obj2<StatisticsLib::StatsEventSenderSR>	.?AV?$_Ref_count_obj2@VStatsEventSenderSR@StatisticsLib@@@std@@	0x1d31f48	4	std::_Ref_count_base	std::_Ref_count_base	
std::_Ref_count_obj2<StatisticsLib::StatsEventSenderTD>	.?AV?$_Ref_count_obj2@VStatsEventSenderTD@StatisticsLib@@@std@@	0x1d31b70	4	std::_Ref_count_base	std::_Ref_count_base	
std::_Ref_count_obj2<StatisticsLib::StatsEventSR>	.?AV?$_Ref_count_obj2@VStatsEventSR@StatisticsLib@@@std@@	0x1d33020	4	std::_Ref_count_base	std::_Ref_count_base	
std::_Ref_count_obj2<StatisticsLib::StatsEventTD>	.?AV?$_Ref_count_obj2@VStatsEventTD@StatisticsLib@@@std@@	0x1d32080	4	std::_Ref_count_base	std::_Ref_count_base	
std::_Ref_count_obj2<StatisticsLib::StatsHttpRequestSR>	.?AV?$_Ref_count_obj2@VStatsHttpRequestSR@StatisticsLib@@@std@@	0x1d33478	4	std::_Ref_count_base	std::_Ref_count_base	
std::_Ref_count_obj2<StatisticsLib::StatsHttpRequestTD>	.?AV?$_Ref_count_obj2@VStatsHttpRequestTD@StatisticsLib@@@std@@	0x1d32b58	4	std::_Ref_count_base	std::_Ref_count_base	
std::_Ref_count_obj2<StatisticsLib::StatsJsonBuilderSR>	.?AV?$_Ref_count_obj2@VStatsJsonBuilderSR@StatisticsLib@@@std@@	0x1d31f20	4	std::_Ref_count_base	std::_Ref_count_base	
std::_Ref_count_obj2<StatisticsLib::StatsJsonBuilderTD>	.?AV?$_Ref_count_obj2@VStatsJsonBuilderTD@StatisticsLib@@@std@@	0x1d31b48	4	std::_Ref_count_base	std::_Ref_count_base	
std::_Ref_count_obj2<StatisticsLib::StatsServiceLocal>	.?AV?$_Ref_count_obj2@VStatsServiceLocal@StatisticsLib@@@std@@	0x1d316b0	4	std::_Ref_count_base	std::_Ref_count_base	
std::_Ref_count_obj2<StatisticsLib::StatsServiceSR>	.?AV?$_Ref_count_obj2@VStatsServiceSR@StatisticsLib@@@std@@	0x1d316d8	4	std::_Ref_count_base	std::_Ref_count_base	
std::_Ref_count_obj2<StatisticsLib::StatsServiceTD>	.?AV?$_Ref_count_obj2@VStatsServiceTD@StatisticsLib@@@std@@	0x1d31688	4	std::_Ref_count_base	std::_Ref_count_base	
std::_Ref_count_obj2<std::filesystem::_Dir_enum_impl>	.?AV?$_Ref_count_obj2@U_Dir_enum_impl@filesystem@std@@@std@@	0x1a97778	4	std::_Ref_count_base	std::_Ref_count_base	
std::_Ref_count_obj2<std::filesystem::_Recursive_dir_enum_impl>	.?AV?$_Ref_count_obj2@U_Recursive_dir_enum_impl@filesystem@std@@@std@@	0x1b4ac20	4	std::_Ref_count_base	std::_Ref_count_base	
std::_Ref_count_resource<HINSTANCE__*,void(void*)*>	.?AV?$_Ref_count_resource@PEAUHINSTANCE__@@P6AXPEAX@Z@std@@	0x1b4e7c8	4	std::_Ref_count_base	std::_Ref_count_base	
std::_Root_node	.?AV_Root_node@std@@	0x1a8e118	1	std::_Node_base	std::_Node_base	
std::_System_error	.?AV_System_error@std@@	0x1a7e9d8	3	std::runtime_error	std::runtime_error;stdext::exception	
std::_System_error_category	.?AV_System_error_category@std@@	0x1a976a8	6	std::error_category	std::error_category	
std::bad_alloc	.?AVbad_alloc@std@@	0x1d306e8	2	std::exception	std::exception	
std::bad_cast	.?AVbad_cast@std@@	0x1d5f638	2	std::exception	std::exception	
std::bad_exception	.?AVbad_exception@std@@	0x1d412c0	2	std::exception	std::exception	
std::bad_function_call	.?AVbad_function_call@std@@	0x1d40cc8	2	std::exception	std::exception	
std::bad_optional_access	.?AVbad_optional_access@std@@	0x1acd0b0	3	stdext::exception	stdext::exception	
std::bad_typeid	.?AVbad_typeid@std@@	0x1d9d218	2	std::exception	std::exception	
std::basic_filebuf<char,std::char_traits<char>>	.?AV?$basic_filebuf@DU?$char_traits@D@std@@@std@@	0x1ab5bf8	15	std::basic_streambuf<char,std::char_traits<char>>	std::basic_streambuf<char,std::char_traits<char>>	
std::basic_ifstream<char,std::char_traits<char>>	.?AV?$basic_ifstream@DU?$char_traits@D@std@@@std@@	0x1ab5c90@176	1	std::basic_istream<char,std::char_traits<char>>	std::basic_istream<char,std::char_traits<char>>;std::basic_ios<char,std::char_traits<char>>;std::ios_base;std::_Iosb<int>	
std::basic_ios<char,std::char_traits<char>>	.?AV?$basic_ios@DU?$char_traits@D@std@@@std@@	0x1a7eba8	1	std::ios_base	std::ios_base;std::_Iosb<int>	
std::basic_iostream<char,std::char_traits<char>>	.?AV?$basic_iostream@DU?$char_traits@D@std@@@std@@	0x1a7ee40@32	1	std::basic_istream<char,std::char_traits<char>>;std::basic_ostream<char,std::char_traits<char>>	std::basic_istream<char,std::char_traits<char>>;std::basic_ios<char,std::char_traits<char>>;std::ios_base;std::_Iosb<int>;std::basic_ostream<char,std::char_traits<char>>;std::basic_ios<char,std::char_traits<char>>;std::ios_base;std::_Iosb<int>	MI,VI
std::basic_istream<char,std::char_traits<char>>	.?AV?$basic_istream@DU?$char_traits@D@std@@@std@@	0x1a7ecd0@24	1	std::basic_ios<char,std::char_traits<char>>	std::basic_ios<char,std::char_traits<char>>;std::ios_base;std::_Iosb<int>	
std::basic_ofstream<char,std::char_traits<char>>	.?AV?$basic_ofstream@DU?$char_traits@D@std@@@std@@	0x1ab5c78@168	1	std::basic_ostream<char,std::char_traits<char>>	std::basic_ostream<char,std::char_traits<char>>;std::basic_ios<char,std::char_traits<char>>;std::ios_base;std::_Iosb<int>	
std::basic_ostream<char,std::char_traits<char>>	.?AV?$basic_ostream@DU?$char_traits@D@std@@@std@@	0x1a7ebb8@16	1	std::basic_ios<char,std::char_traits<char>>	std::basic_ios<char,std::char_traits<char>>;std::ios_base;std::_Iosb<int>	
std::basic_ostringstream<char,std::char_traits<char>,std::allocator<char>>	.?AV?$basic_ostringstream@DU?$char_traits@D@std@@V?$allocator@D@2@@std@@	0x1ab5918@136	1	std::basic_ostream<char,std::char_traits<char>>	std::basic_ostream<char,std::char_traits<char>>;std::basic_ios<char,std::char_traits<char>>;std::ios_base;std::_Iosb<int>	
std::basic_streambuf<char,std::char_traits<char>>	.?AV?$basic_streambuf@DU?$char_traits@D@std@@@std@@	0x1a7ebd0	15			
std::basic_string<char,std::char_traits<char>,std::allocator<char>>	.?AV?$basic_string@DU?$char_traits@D@std@@V?$allocator@D@2@@std@@					no-col
std::basic_stringbuf<char,std::char_traits<char>,std::allocator<char>>	.?AV?$basic_stringbuf@DU?$char_traits@D@std@@V?$allocator@D@2@@std@@	0x1a7ec50	15	std::basic_streambuf<char,std::char_traits<char>>	std::basic_streambuf<char,std::char_traits<char>>	
std::basic_stringstream<char,std::char_traits<char>,std::allocator<char>>	.?AV?$basic_stringstream@DU?$char_traits@D@std@@V?$allocator@D@2@@std@@	0x1a7ee50@152	1	std::basic_iostream<char,std::char_traits<char>>	std::basic_iostream<char,std::char_traits<char>>;std::basic_istream<char,std::char_traits<char>>;std::basic_ios<char,std::char_traits<char>>;std::ios_base;std::_Iosb<int>;std::basic_ostream<char,std::char_traits<char>>;std::basic_ios<char,std::char_traits<char>>;std::ios_base;std::_Iosb<int>	MI,VI
std::codecvt<char,char,_Mbstatet>	.?AV?$codecvt@DDU_Mbstatet@@@std@@	0x1abf190	10	std::codecvt_base	std::codecvt_base;std::locale::facet;std::_Facet_base;std::_Crt_new_delete	MI
std::codecvt_base	.?AVcodecvt_base@std@@	0x1ab58e0	6	std::locale::facet	std::locale::facet;std::_Facet_base;std::_Crt_new_delete	MI
std::collate<char>	.?AV?$collate@D@std@@	0x1a8e6f0	6	std::locale::facet	std::locale::facet;std::_Facet_base;std::_Crt_new_delete	MI
std::ctype<char>	.?AV?$ctype@D@std@@	0x1a7ead0	11	std::ctype_base	std::ctype_base;std::locale::facet;std::_Facet_base;std::_Crt_new_delete	MI
std::ctype_base	.?AUctype_base@std@@					no-col
std::error_category	.?AVerror_category@std@@					no-col
std::exception	.?AVexception@std@@	0x1d306b8	2			
std::filesystem::filesystem_error	.?AVfilesystem_error@filesystem@std@@	0x1a976f0	3	std::system_error	std::system_error;std::_System_error;std::runtime_error;stdext::exception	
std::format_error	.?AVformat_error@std@@	0x1aa8b70	3	std::runtime_error	std::runtime_error;stdext::exception	
std::future_error	.?AVfuture_error@std@@	0x1a79e88	3	std::logic_error	std::logic_error;stdext::exception	
std::invalid_argument	.?AVinvalid_argument@std@@	0x1ab4128	3	std::logic_error	std::logic_error;stdext::exception	
std::ios_base	.?AVios_base@std@@	0x1a7eb50	1	std::_Iosb<int>	std::_Iosb<int>	
std::ios_base::failure	.?AVfailure@ios_base@std@@	0x1a7eb30	3	std::system_error	std::system_error;std::_System_error;std::runtime_error;stdext::exception	
std::istrstream	.?AVistrstream@std@@	0x1ceb728@176	1	std::basic_istream<char,std::char_traits<char>>	std::basic_istream<char,std::char_traits<char>>;std::basic_ios<char,std::char_traits<char>>;std::ios_base;std::_Iosb<int>	
std::length_error	.?AVlength_error@std@@	0x1d40cf8	2	std::logic_error	std::logic_error;std::exception	
std::locale::_Locimp	.?AV_Locimp@locale@std@@	0x1d42100	3	std::locale::facet	std::locale::facet;std::_Facet_base;std::_Crt_new_delete	MI
std::locale::facet	.?AVfacet@locale@std@@	0x1a7eab0	3	std::_Facet_base;std::_Crt_new_delete	std::_Facet_base;std::_Crt_new_delete	MI
std::logic_error	.?AVlogic_error@std@@	0x1a79e08	3	stdext::exception	stdext::exception	
std::num_put<char,std::ostreambuf_iterator<char,std::char_traits<char>>>	.?AV?$num_put@DV?$ostreambuf_iterator@DU?$char_traits@D@std@@@std@@@std@@	0x1abf1e8	11	std::locale::facet	std::locale::facet;std::_Facet_base;std::_Crt_new_delete	MI
std::numpunct<char>	.?AV?$numpunct@D@std@@	0x1aa9818	8	std::locale::facet	std::locale::facet;std::_Facet_base;std::_Crt_new_delete	MI
std::out_of_range	.?AVout_of_range@std@@	0x1d40d10	2	std::logic_error	std::logic_error;std::exception	
std::range_error	.?AVrange_error@std@@	0x1ab4148	3	std::runtime_error	std::runtime_error;stdext::exception	
std::reference_wrapper<HUDElementGroup::Draw()::`2'::<lambda_1>>	.?AV?$reference_wrapper@V<lambda_1>@?1??Draw@HUDElementGroup@@UEBAXAEBVHUDDrawContext@@@Z@@std@@					no-col
std::reference_wrapper<Object::FirstTouch()::`32'::<lambda_1>>	.?AV?$reference_wrapper@V<lambda_1>@?CA@??FirstTouch@Object@@QEBAHAEAMAEAVVector3P@@AEBVObjectVisualState@@PEBV3@2AEBV4@@Z@@std@@					no-col
std::reference_wrapper<Object::Intersect()::`60'::<lambda_3>>	.?AV?$reference_wrapper@V<lambda_3>@?DM@??Intersect@Object@@QEBAXAEAVCollisionBuffer@@PEBV3@AEBVObjectVisualState@@2H_N@Z@@std@@					no-col
std::reference_wrapper<Object::Intersect()::`63'::<lambda_4>>	.?AV?$reference_wrapper@V<lambda_4>@?DP@??Intersect@Object@@QEBAXAEAVCollisionBuffer@@PEBV3@AEBVObjectVisualState@@2H_N@Z@@std@@					no-col
std::reference_wrapper<Object::IntersectLine()::`61'::<lambda_2>>	.?AV?$reference_wrapper@V<lambda_2>@?DN@??IntersectLine@Object@@QEBAXAEBVObjectVisualState@@AEAVCollisionBuffer@@AEBVVector3P@@2MW4ObjIntersect@@PEBVConvexComponents@@HHI@Z@@std@@					no-col
std::reference_wrapper<Object::IntersectLinePlanes()::`47'::<lambda_2>>	.?AV?$reference_wrapper@V<lambda_2>@?CP@??IntersectLinePlanes@Object@@QEBAXAEBVObjectVisualState@@AEAVCollisionBuffer@@AEBVVector3P@@2MW4ObjIntersect@@PEBVShape@@HHI@Z@@std@@					no-col
std::regex_error	.?AVregex_error@std@@	0x1d40d28	2	std::runtime_error	std::runtime_error;std::exception	
std::runtime_error	.?AVruntime_error@std@@	0x1a7e9b8	3	stdext::exception	stdext::exception	
std::strstreambuf	.?AVstrstreambuf@std@@	0x1ceb6a8	15	std::basic_streambuf<char,std::char_traits<char>>	std::basic_streambuf<char,std::char_traits<char>>	
std::system_error	.?AVsystem_error@std@@	0x1a7ea00	3	std::_System_error	std::_System_error;std::runtime_error;stdext::exception	
stdext::bad_alloc	.?AVbad_alloc@stdext@@	0x1a79da0	3	stdext::exception	stdext::exception	
stdext::bad_array_new_length	.?AVbad_array_new_length@stdext@@	0x1a79dc0	3	stdext::bad_alloc	stdext::bad_alloc;stdext::exception	
stdext::exception	.?AVexception@stdext@@	0x1a79d68	3			
Steam::Dlc::<unnamed-type-___>	.?AV<unnamed-type-___>@Dlc@Steam@@	0x1b617e0	2	Job	Job	
Steam::Dlc::DlcManager::UpdateDlcItemsOwnership()::`2'::DIOJ	.?AVDIOJ@?1??UpdateDlcItemsOwnership@DlcManager@Dlc@Steam@@QEAAX_N@Z@	0x1b61c60	2	Job	Job	
Steam::IMatchmakingResultProcessor	.?AVIMatchmakingResultProcessor@Steam@@	0x1b7e020	2			
Steam::ISteamSessionQueryInitiator	.?AVISteamSessionQueryInitiator@Steam@@	0x1b6f650	2			
Steam::LeaderboardInfo	.?AVLeaderboardInfo@Steam@@	0x1b62028	3	BaseRefCount<1>	BaseRefCount<1>;RefCountBaseT<1>	
Steam::LeaderboardRow	.?AVLeaderboardRow@Steam@@	0x1b62058	3	BaseRefCount<1>	BaseRefCount<1>;RefCountBaseT<1>	
Steam::MatchmakingService	.?AVMatchmakingService@Steam@@	0x1b627b8	4	ISteamMatchmakingServerListResponse	ISteamMatchmakingServerListResponse	
Steam::Query::CallbackQuery<Steam::Query::CreateItemArgs,Steam::Query::QueryArgs,CreateItemResult_t,Steam::Query::CreateItem,Steam::Utils::DefaultResultChecker>	.?AV?$CallbackQuery@VCreateItemArgs@Query@Steam@@VQueryArgs@23@UCreateItemResult_t@@VCreateItem@23@UDefaultResultChecker@Utils@3@@Query@Steam@@	0x1b6f7d0	7	Steam::Query::QueryBase<Steam::Query::CreateItemArgs,Steam::Query::QueryArgs,Steam::Query::CreateItem>	Steam::Query::QueryBase<Steam::Query::CreateItemArgs,Steam::Query::QueryArgs,Steam::Query::CreateItem>;BaseRefCount<1>;RefCountBaseT<1>	
Steam::Query::CallbackQuery<Steam::Query::DeleteItemArgs,Steam::Query::QueryArgs,DeleteItemResult_t,Steam::Query::DeleteItem,Steam::Utils::DefaultResultChecker>	.?AV?$CallbackQuery@VDeleteItemArgs@Query@Steam@@VQueryArgs@23@UDeleteItemResult_t@@VDeleteItem@23@UDefaultResultChecker@Utils@3@@Query@Steam@@	0x1b6f898	7	Steam::Query::QueryBase<Steam::Query::DeleteItemArgs,Steam::Query::QueryArgs,Steam::Query::DeleteItem>	Steam::Query::QueryBase<Steam::Query::DeleteItemArgs,Steam::Query::QueryArgs,Steam::Query::DeleteItem>;BaseRefCount<1>;RefCountBaseT<1>	
Steam::Query::CallbackQuery<Steam::Query::QueryArgs,Steam::Query::QueryArgs,SubmitItemUpdateResult_t,Steam::Query::SubmitUpdate,Steam::Utils::DefaultResultChecker>	.?AV?$CallbackQuery@VQueryArgs@Query@Steam@@V123@USubmitItemUpdateResult_t@@VSubmitUpdate@23@UDefaultResultChecker@Utils@3@@Query@Steam@@	0x1b62f70	7	Steam::Query::QueryBase<Steam::Query::QueryArgs,Steam::Query::QueryArgs,Steam::Query::SubmitUpdate>	Steam::Query::QueryBase<Steam::Query::QueryArgs,Steam::Query::QueryArgs,Steam::Query::SubmitUpdate>;BaseRefCount<1>;RefCountBaseT<1>	
Steam::Query::CallbackQuery<Steam::Query::UGCDetailsArgs,Steam::Query::QueryArgs,SteamUGCQueryCompleted_t,Steam::Query::UGCDetails,Steam::Utils::DefaultResultChecker>	.?AV?$CallbackQuery@VUGCDetailsArgs@Query@Steam@@VQueryArgs@23@USteamUGCQueryCompleted_t@@VUGCDetails@23@UDefaultResultChecker@Utils@3@@Query@Steam@@	0x1b62e38	7	Steam::Query::QueryBase<Steam::Query::UGCDetailsArgs,Steam::Query::QueryArgs,Steam::Query::UGCDetails>	Steam::Query::QueryBase<Steam::Query::UGCDetailsArgs,Steam::Query::QueryArgs,Steam::Query::UGCDetails>;BaseRefCount<1>;RefCountBaseT<1>	
Steam::Query::CallbackQuery<Steam::Query::UserContentListArgs,Steam::Query::QueryArgs,SteamUGCQueryCompleted_t,Steam::Query::UserContentList,Steam::Utils::DefaultResultChecker>	.?AV?$CallbackQuery@VUserContentListArgs@Query@Steam@@VQueryArgs@23@USteamUGCQueryCompleted_t@@VUserContentList@23@UDefaultResultChecker@Utils@3@@Query@Steam@@	0x1b63138	7	Steam::Query::QueryBase<Steam::Query::UserContentListArgs,Steam::Query::QueryArgs,Steam::Query::UserContentList>	Steam::Query::QueryBase<Steam::Query::UserContentListArgs,Steam::Query::QueryArgs,Steam::Query::UserContentList>;BaseRefCount<1>;RefCountBaseT<1>	
Steam::Query::ContentListCollector	.?AVContentListCollector@Query@Steam@@	0x1b62ae0	4	Steam::Query::Query	Steam::Query::Query;BaseRefCount<1>;RefCountBaseT<1>	
Steam::Query::CreateItem	.?AVCreateItem@Query@Steam@@	0x1b6f810	7	Steam::Query::CallbackQuery<Steam::Query::CreateItemArgs,Steam::Query::QueryArgs,CreateItemResult_t,Steam::Query::CreateItem,Steam::Utils::DefaultResultChecker>	Steam::Query::CallbackQuery<Steam::Query::CreateItemArgs,Steam::Query::QueryArgs,CreateItemResult_t,Steam::Query::CreateItem,Steam::Utils::DefaultResultChecker>;Steam::Query::QueryBase<Steam::Query::CreateItemArgs,Steam::Query::QueryArgs,Steam::Query::CreateItem>;BaseRefCount<1>;RefCountBaseT<1>	
Steam::Query::CreateItemArgs	.?AVCreateItemArgs@Query@Steam@@	0x1b62b18	3	BaseRefCount<1>	BaseRefCount<1>;RefCountBaseT<1>	
Steam::Query::DeleteItem	.?AVDeleteItem@Query@Steam@@	0x1b6f8d8	7	Steam::Query::CallbackQuery<Steam::Query::DeleteItemArgs,Steam::Query::QueryArgs,DeleteItemResult_t,Steam::Query::DeleteItem,Steam::Utils::DefaultResultChecker>	Steam::Query::CallbackQuery<Steam::Query::DeleteItemArgs,Steam::Query::QueryArgs,DeleteItemResult_t,Steam::Query::DeleteItem,Steam::Utils::DefaultResultChecker>;Steam::Query::QueryBase<Steam::Query::DeleteItemArgs,Steam::Query::QueryArgs,Steam::Query::DeleteItem>;BaseRefCount<1>;RefCountBaseT<1>	
Steam::Query::DeleteItemArgs	.?AVDeleteItemArgs@Query@Steam@@	0x1b62b48	3	BaseRefCount<1>	BaseRefCount<1>;RefCountBaseT<1>	
Steam::Query::PublishedFailedArgs	.?AVPublishedFailedArgs@Query@Steam@@	0x1b63038	3	Steam::Query::QueryArgs	Steam::Query::QueryArgs;BaseRefCount<1>;RefCountBaseT<1>	
Steam::Query::Query	.?AVQuery@0Steam@@	0x1b62aa8	4	BaseRefCount<1>	BaseRefCount<1>;RefCountBaseT<1>	
Steam::Query::QueryArgs	.?AVQueryArgs@Query@Steam@@	0x1b62b78	3	BaseRefCount<1>	BaseRefCount<1>;RefCountBaseT<1>	
Steam::Query::QueryBase<Steam::Query::CreateItemArgs,Steam::Query::QueryArgs,Steam::Query::CreateItem>	.?AV?$QueryBase@VCreateItemArgs@Query@Steam@@VQueryArgs@23@VCreateItem@23@@Query@Steam@@	0x1b6f788	4	BaseRefCount<1>	BaseRefCount<1>;RefCountBaseT<1>	
Steam::Query::QueryBase<Steam::Query::DeleteItemArgs,Steam::Query::QueryArgs,Steam::Query::DeleteItem>	.?AV?$QueryBase@VDeleteItemArgs@Query@Steam@@VQueryArgs@23@VDeleteItem@23@@Query@Steam@@	0x1b6f850	4	BaseRefCount<1>	BaseRefCount<1>;RefCountBaseT<1>	
Steam::Query::QueryBase<Steam::Query::QueryArgs,Steam::Query::QueryArgs,Steam::Query::SubmitUpdate>	.?AV?$QueryBase@VQueryArgs@Query@Steam@@V123@VSubmitUpdate@23@@Query@Steam@@	0x1b62f28	4	BaseRefCount<1>	BaseRefCount<1>;RefCountBaseT<1>	
Steam::Query::QueryBase<Steam::Query::UGCDetailsArgs,Steam::Query::QueryArgs,Steam::Query::UGCDetails>	.?AV?$QueryBase@VUGCDetailsArgs@Query@Steam@@VQueryArgs@23@VUGCDetails@23@@Query@Steam@@	0x1b62df0	4	BaseRefCount<1>	BaseRefCount<1>;RefCountBaseT<1>	
Steam::Query::QueryBase<Steam::Query::UserContentListArgs,Steam::Query::QueryArgs,Steam::Query::UserContentList>	.?AV?$QueryBase@VUserContentListArgs@Query@Steam@@VQueryArgs@23@VUserContentList@23@@Query@Steam@@	0x1b630f0	4	BaseRefCount<1>	BaseRefCount<1>;RefCountBaseT<1>	
Steam::Query::SubmitUpdate	.?AVSubmitUpdate@Query@Steam@@	0x1b62fb0	7	Steam::Query::CallbackQuery<Steam::Query::QueryArgs,Steam::Query::QueryArgs,SubmitItemUpdateResult_t,Steam::Query::SubmitUpdate,Steam::Utils::DefaultResultChecker>	Steam::Query::CallbackQuery<Steam::Query::QueryArgs,Steam::Query::QueryArgs,SubmitItemUpdateResult_t,Steam::Query::SubmitUpdate,Steam::Utils::DefaultResultChecker>;Steam::Query::QueryBase<Steam::Query::QueryArgs,Steam::Query::QueryArgs,Steam::Query::SubmitUpdate>;BaseRefCount<1>;RefCountBaseT<1>	
Steam::Query::UGCDetails	.?AVUGCDetails@Query@Steam@@	0x1b62ec0	8	Steam::Query::UGCQuery<Steam::Query::UGCDetailsArgs,Steam::Query::QueryArgs,Steam::Query::UGCDetails>	Steam::Query::UGCQuery<Steam::Query::UGCDetailsArgs,Steam::Query::QueryArgs,Steam::Query::UGCDetails>;Steam::Query::CallbackQuery<Steam::Query::UGCDetailsArgs,Steam::Query::QueryArgs,SteamUGCQueryCompleted_t,Steam::Query::UGCDetails,Steam::Utils::DefaultResultChecker>;Steam::Query::QueryBase<Steam::Query::UGCDetailsArgs,Steam::Query::QueryArgs,Steam::Query::UGCDetails>;BaseRefCount<1>;RefCountBaseT<1>	
Steam::Query::UGCDetailsArgs	.?AVUGCDetailsArgs@Query@Steam@@	0x1b62c40	3	Steam::Query::QueryArgs	Steam::Query::QueryArgs;BaseRefCount<1>;RefCountBaseT<1>	
Steam::Query::UGCQuery<Steam::Query::UGCDetailsArgs,Steam::Query::QueryArgs,Steam::Query::UGCDetails>	.?AV?$UGCQuery@VUGCDetailsArgs@Query@Steam@@VQueryArgs@23@VUGCDetails@23@@Query@Steam@@	0x1b62e78	8	Steam::Query::CallbackQuery<Steam::Query::UGCDetailsArgs,Steam::Query::QueryArgs,SteamUGCQueryCompleted_t,Steam::Query::UGCDetails,Steam::Utils::DefaultResultChecker>	Steam::Query::CallbackQuery<Steam::Query::UGCDetailsArgs,Steam::Query::QueryArgs,SteamUGCQueryCompleted_t,Steam::Query::UGCDetails,Steam::Utils::DefaultResultChecker>;Steam::Query::QueryBase<Steam::Query::UGCDetailsArgs,Steam::Query::QueryArgs,Steam::Query::UGCDetails>;BaseRefCount<1>;RefCountBaseT<1>	
Steam::Query::UGCQuery<Steam::Query::UserContentListArgs,Steam::Query::QueryArgs,Steam::Query::UserContentList>	.?AV?$UGCQuery@VUserContentListArgs@Query@Steam@@VQueryArgs@23@VUserContentList@23@@Query@Steam@@	0x1b63178	8	Steam::Query::CallbackQuery<Steam::Query::UserContentListArgs,Steam::Query::QueryArgs,SteamUGCQueryCompleted_t,Steam::Query::UserContentList,Steam::Utils::DefaultResultChecker>	Steam::Query::CallbackQuery<Steam::Query::UserContentListArgs,Steam::Query::QueryArgs,SteamUGCQueryCompleted_t,Steam::Query::UserContentList,Steam::Utils::DefaultResultChecker>;Steam::Query::QueryBase<Steam::Query::UserContentListArgs,Steam::Query::QueryArgs,Steam::Query::UserContentList>;BaseRefCount<1>;RefCountBaseT<1>	
Steam::Query::UGCUpdate	.?AVUGCUpdate@Query@Steam@@	0x1b62ff0	4	Steam::Query::Query	Steam::Query::Query;BaseRefCount<1>;RefCountBaseT<1>	
Steam::Query::UnsubscribeArgs	.?AVUnsubscribeArgs@Query@Steam@@	0x1b63058	3	Steam::Query::QueryArgs	Steam::Query::QueryArgs;BaseRefCount<1>;RefCountBaseT<1>	
Steam::Query::UnsubscribeQuery	.?AVUnsubscribeQuery@Query@Steam@@	0x1b63098	4	Steam::Query::Query	Steam::Query::Query;BaseRefCount<1>;RefCountBaseT<1>	
Steam::Query::UserContentList	.?AVUserContentList@Query@Steam@@	0x1b631c0	8	Steam::Query::UGCQuery<Steam::Query::UserContentListArgs,Steam::Query::QueryArgs,Steam::Query::UserContentList>	Steam::Query::UGCQuery<Steam::Query::UserContentListArgs,Steam::Query::QueryArgs,Steam::Query::UserContentList>;Steam::Query::CallbackQuery<Steam::Query::UserContentListArgs,Steam::Query::QueryArgs,SteamUGCQueryCompleted_t,Steam::Query::UserContentList,Steam::Utils::DefaultResultChecker>;Steam::Query::QueryBase<Steam::Query::UserContentListArgs,Steam::Query::QueryArgs,Steam::Query::UserContentList>;BaseRefCount<1>;RefCountBaseT<1>	
Steam::Query::UserContentListArgs	.?AVUserContentListArgs@Query@Steam@@	0x1b630d0	3	Steam::Query::QueryArgs	Steam::Query::QueryArgs;BaseRefCount<1>;RefCountBaseT<1>	
Steam::RichPresence::RichPresenceManager::RichPresenceItem	.?AVRichPresenceItem@RichPresenceManager@RichPresence@Steam@@	0x1b63238	3	BaseRefCount<1>	BaseRefCount<1>;RefCountBaseT<1>	
Steam::ServerRulesService	.?AVServerRulesService@Steam@@	0x1b635a0,0x1b635c0@16	3,3	BaseRefCount<1>;ISteamMatchmakingRulesResponse	BaseRefCount<1>;RefCountBaseT<1>;ISteamMatchmakingRulesResponse	MI
Steam::SteamContentListCheckingObj	.?AVSteamContentListCheckingObj@Steam@@	0x1b624b0	3	RemoveLLinks	RemoveLLinks;BaseRefCount<1>;RefCountBaseT<1>	
Steam::SteamFriends::SteamFriendInfo	.?AVSteamFriendInfo@SteamFriends@Steam@@	0x1b61f98	3	RemoveLLinks	RemoveLLinks;BaseRefCount<1>;RefCountBaseT<1>	
Steam::SteamMatchmaking	.?AVSteamMatchmaking@Steam@@	0x1b6f668	2	Steam::ISteamSessionQueryInitiator	Steam::ISteamSessionQueryInitiator	
Steam::SteamMatchmaking::PrepareResults()::`2'::<lambda_1>	.?AV<lambda_1>@?1??PrepareResults@SteamMatchmaking@Steam@@IEAAXXZ@					no-col
Steam::SteamMatchmaking::PrepareResults()::`2'::<lambda_2>	.?AV<lambda_2>@?1??PrepareResults@SteamMatchmaking@Steam@@IEAAXXZ@					no-col
Steam::SteamServerBrowser	.?AVSteamServerBrowser@Steam@@	0x1b71ac8	2	Steam::ISteamSessionQueryInitiator	Steam::ISteamSessionQueryInitiator	
Steam::SteamSessionPending	.?AUSteamSessionPending@Steam@@	0x1b71b58	3	BaseRefCount<1>	BaseRefCount<1>;RefCountBaseT<1>	
Steam::SteamStats::StatsManager::IStatItem	.?AVIStatItem@StatsManager@SteamStats@Steam@@	0x1b67508	14	BaseRefCount<1>	BaseRefCount<1>;RefCountBaseT<1>	
Steam::SteamStats::StatsManager::StatItemAvg	.?AVStatItemAvg@StatsManager@SteamStats@Steam@@	0x1b67670	14	Steam::SteamStats::StatsManager::IStatItem	Steam::SteamStats::StatsManager::IStatItem;BaseRefCount<1>;RefCountBaseT<1>	
Steam::SteamStats::StatsManager::StatItemFloat	.?AVStatItemFloat@StatsManager@SteamStats@Steam@@	0x1b67580	14	Steam::SteamStats::StatsManager::IStatItem	Steam::SteamStats::StatsManager::IStatItem;BaseRefCount<1>;RefCountBaseT<1>	
Steam::SteamStats::StatsManager::StatItemFloatToInt	.?AVStatItemFloatToInt@StatsManager@SteamStats@Steam@@	0x1b676e8	14	Steam::SteamStats::StatsManager::IStatItem	Steam::SteamStats::StatsManager::IStatItem;BaseRefCount<1>;RefCountBaseT<1>	
Steam::SteamStats::StatsManager::StatItemInt	.?AVStatItemInt@StatsManager@SteamStats@Steam@@	0x1b675f8	14	Steam::SteamStats::StatsManager::IStatItem	Steam::SteamStats::StatsManager::IStatItem;BaseRefCount<1>;RefCountBaseT<1>	
SteamFileDelete	.?AVSteamFileDelete@@	0x1b6fec8	13	SteamQuery	SteamQuery;BaseRefCount<1>;RefCountBaseT<1>	
SteamFilePublisher	.?AVSteamFilePublisher@@	0x1b6fd78	14	SteamPublishQuery	SteamPublishQuery;SteamQuery;BaseRefCount<1>;RefCountBaseT<1>	
SteamFileUpdater	.?AVSteamFileUpdater@@	0x1b6fe30	14	SteamPublishQuery	SteamPublishQuery;SteamQuery;BaseRefCount<1>;RefCountBaseT<1>	
SteamFileVerification	.?AUSteamFileVerification@@	0x1a7ac48	3	AIMovementType	AIMovementType	
SteamFolderDelete	.?AVSteamFolderDelete@@	0x1b6fa08	13	SteamQuery	SteamQuery;BaseRefCount<1>;RefCountBaseT<1>	
SteamFolderPublisher	.?AVSteamFolderPublisher@@	0x1b6f918	14	SteamPublishQuery	SteamPublishQuery;SteamQuery;BaseRefCount<1>;RefCountBaseT<1>	
SteamFolderUpdater	.?AVSteamFolderUpdater@@	0x1b6f990	14	SteamFolderPublisher	SteamFolderPublisher;SteamPublishQuery;SteamQuery;BaseRefCount<1>;RefCountBaseT<1>	
SteamKeyValueList	.?AVSteamKeyValueList@@	0x1b71b38	2			
SteamKeyValueListLoad	.?AVSteamKeyValueListLoad@@	0x1b92318	2	SteamKeyValueList	SteamKeyValueList	
SteamOverlayDisabledMsgBox	.?AVSteamOverlayDisabledMsgBox@@	0x1cc4790,0x1cc49a0@24,0x1cc49b8@552	65,2,4	MsgBox	MsgBox;ControlsContainer;RemoveLLinks;BaseRefCount<1>;RefCountBaseT<1>;EventHandlerGroupContainer_Simple<EventHandlerContainer_UI,13,enum DisplayEvent>;IUICollectibleControls;IHasGameVarSpace	MI
SteamPublishQuery	.?AVSteamPublishQuery@@	0x1b6fcc0	14	SteamQuery	SteamQuery;BaseRefCount<1>;RefCountBaseT<1>	
SteamQuery	.?AVSteamQuery@@	0x1b6fc50	13	BaseRefCount<1>	BaseRefCount<1>;RefCountBaseT<1>	
SteamRelayRouter	.?AVSteamRelayRouter@@	0x1a7cde8	7	INetPeerSubnetRouter	INetPeerSubnetRouter;BaseRefCount<1>;RefCountBaseT<1>	
SteamRelayRouter::CCallbackInternal_OnSessionFailed	.?AUCCallbackInternal_OnSessionFailed@SteamRelayRouter@@	0x1a7cd70	4	CCallbackImpl<696>	CCallbackImpl<696>;CCallbackBase	
SteamRelayRouter::CCallbackInternal_OnSessionFailedSrv	.?AUCCallbackInternal_OnSessionFailedSrv@SteamRelayRouter@@	0x1a7cdc0	4	CCallbackImpl<696>	CCallbackImpl<696>;CCallbackBase	
SteamRelayRouter::CCallbackInternal_OnSessionRequest	.?AUCCallbackInternal_OnSessionRequest@SteamRelayRouter@@	0x1a7cd20	4	CCallbackImpl<136>	CCallbackImpl<136>;CCallbackBase	
SteamRelayRouter::CCallbackInternal_OnSessionRequestSrv	.?AUCCallbackInternal_OnSessionRequestSrv@SteamRelayRouter@@	0x1a7cd98	4	CCallbackImpl<136>	CCallbackImpl<136>;CCallbackBase	
SteamStartAppMsgBox	.?AVSteamStartAppMsgBox@@	0x1cc49e0,0x1cc4bf0@24,0x1cc4c08@552	65,2,4	MsgBox	MsgBox;ControlsContainer;RemoveLLinks;BaseRefCount<1>;RefCountBaseT<1>;EventHandlerGroupContainer_Simple<EventHandlerContainer_UI,13,enum DisplayEvent>;IUICollectibleControls;IHasGameVarSpace	MI
SteamStatsCfg::CustomMissionRules	.?AUCustomMissionRules@SteamStatsCfg@@	0x1b31860	4	SteamStatsCfg::CustomStatRules	SteamStatsCfg::CustomStatRules;RemoveLLinks;BaseRefCount<1>;RefCountBaseT<1>	
SteamStatsCfg::CustomMissionRules::MissionVariable	.?AUMissionVariable@CustomMissionRules@SteamStatsCfg@@	0x1b68a60	4	SteamStatsCfg::CustomStatRules::VariableBase	SteamStatsCfg::CustomStatRules::VariableBase;BaseRefCount<1>;RefCountBaseT<1>	
SteamStatsCfg::CustomStatRules	.?AUCustomStatRules@SteamStatsCfg@@	0x1b31838	4	RemoveLLinks	RemoveLLinks;BaseRefCount<1>;RefCountBaseT<1>	
SteamStatsCfg::CustomStatRules::DLCVariable	.?AUDLCVariable@CustomStatRules@SteamStatsCfg@@	0x1b68a38	4	SteamStatsCfg::CustomStatRules::VariableBase	SteamStatsCfg::CustomStatRules::VariableBase;BaseRefCount<1>;RefCountBaseT<1>	
SteamStatsCfg::CustomStatRules::StatVariable	.?AUStatVariable@CustomStatRules@SteamStatsCfg@@	0x1b68a10	4	SteamStatsCfg::CustomStatRules::VariableBase	SteamStatsCfg::CustomStatRules::VariableBase;BaseRefCount<1>;RefCountBaseT<1>	
SteamStatsCfg::CustomStatRules::VariableBase	.?AUVariableBase@CustomStatRules@SteamStatsCfg@@	0x1b689e8	4	BaseRefCount<1>	BaseRefCount<1>;RefCountBaseT<1>	
SteamTag	.?AUSteamTag@@	0x1b62098	3	BaseRefCount<1>	BaseRefCount<1>;RefCountBaseT<1>	
SteamUGCDownloadPreviewFile	.?AVSteamUGCDownloadPreviewFile@@	0x1b6ffd0	14	SteamUGCFileDownload	SteamUGCFileDownload;SteamQuery;BaseRefCount<1>;RefCountBaseT<1>	
SteamUGCFileDownload	.?AVSteamUGCFileDownload@@	0x1b6ff58	14	SteamQuery	SteamQuery;BaseRefCount<1>;RefCountBaseT<1>	
Stereo3DEffectAPO	.?AVStereo3DEffectAPO@@	0x1b5fd30,0x1b5fdc8@48	18,5	CSampleXAPOBase<Stereo3DEffectAPO,Stereo3DEffectPars>	CSampleXAPOBase<Stereo3DEffectAPO,Stereo3DEffectPars>;CXAPOParametersBase;CXAPOBase;IXAPO;IUnknown;IXAPOParameters;IUnknown;XAPOBaseHelpers	MI
StreetLamp	.?AVStreetLamp@@	0x1c66218,0x1c66e98@24,0x1c66ec0@48	399,4,23	Entity	Entity;ObjectTyped;Object;NetworkObject;RemoveSoftLinks<SoftLinkIdTraits<ObjectId,ObjectIdAutoDestroy>>;BaseRefCount<1>;RefCountBaseT<1>;NetworkSimpleObject;CountInstances<Object>;EPEItem;TLinkBidir<1>;NoCopy;Animated	MI
StreetLampType	.?AVStreetLampType@@	0x1c66088,0x1c661c8@24,0x1c66200@32	39,6,2	EntityType	EntityType;RemoveLLinks;BaseRefCount<1>;RefCountBaseT<1>;LODShapeLoadHandler;AnimatedType;LinkBidirWithFrameStoreT<FrameStoreTraits>;TLinkBidir<2>;NoCopy	MI
StringPreprocessor	.?AVStringPreprocessor@@	0x1cb4f28	5	Preproc	Preproc;NoCopy	
StringtableExtParserFunctions	.?AVStringtableExtParserFunctions@@	0x1aa61d8	4			
StringtableFunctions	.?AVStringtableFunctions@@	0x1a9bf58	2	LocalizeStringFunctions	LocalizeStringFunctions	
StringtableParser	.?AVStringtableParser@@	0x1aa6230	10	StringtableParserXMLBase	StringtableParserXMLBase;SAXParser	
StringtableParserXMLBase	.?AVStringtableParserXMLBase@@	0x1aa6138	10	SAXParser	SAXParser	
StringtableXMLParserFunctions	.?AVStringtableXMLParserFunctions@@	0x1aa6200	4	StringtableExtParserFunctions	StringtableExtParserFunctions	
StructuredMenuItem	.?AVStructuredMenuItem@@	0x1b1c498	4	RemoveLLinks	RemoveLLinks;BaseRefCount<1>;RefCountBaseT<1>	
StructuredMenuItemDoubleData	.?AUStructuredMenuItemDoubleData@@	0x1b266a8	4	StructuredMenuItem	StructuredMenuItem;RemoveLLinks;BaseRefCount<1>;RefCountBaseT<1>	
SubmarineEPE	.?AVSubmarineEPE@@	0x1c2d8e8,0x1c2f6e8@24,0x1c2f710@48,0x1c2f7d0@1464,0x1c2f7f0@1472,0x1c2f808@2152	959,4,23,3,2,7	ShipEPE	ShipEPE;ShipWithAI;Ship;TankOrCar;Transport;EntityAIFull;EntityAI;Entity;ObjectTyped;Object;NetworkObject;RemoveSoftLinks<SoftLinkIdTraits<ObjectId,ObjectIdAutoDestroy>>;BaseRefCount<1>;RefCountBaseT<1>;NetworkSimpleObject;CountInstances<Object>;EPEItem;TLinkBidir<1>;NoCopy;Animated;JoinedObject;IHasParentContainer;ComponentHolder<EntityAIFull,Component>	MI
SubmarineEPEType	.?AVSubmarineEPEType@@	0x1c2d5b0,0x1c2d870@24,0x1c2d8a8@32,0x1c2d8c0@752	87,6,2,4	ShipType	ShipType;TankOrCarType;TransportType;EntityAIType;EntityType;RemoveLLinks;BaseRefCount<1>;RefCountBaseT<1>;LODShapeLoadHandler;AnimatedType;LinkBidirWithFrameStoreT<FrameStoreTraits>;TLinkBidir<2>;NoCopy;ComponentHolderType<ComponentType>	MI
SubmixGroup	.?AUSubmixGroup@@	0x1c448f0	1	BaseSubmixGroup<SoundParsEx>	BaseSubmixGroup<SoundParsEx>	
SubTypeContainer	.?AUSubTypeContainer@@	0x1cbb430	3	BaseRefCount<1>	BaseRefCount<1>;RefCountBaseT<1>	
SumCalculator	.?AVSumCalculator@@	0x1a9c028	4			
SumCalculatorFunctions	.?AVSumCalculatorFunctions@@	0x1a9c050	2			
SumEntityThreat	.?AVSumEntityThreat@@	0x1b205f8	2	ITurretFunc	ITurretFunc	
SumEntityTypeStrategicThreat	.?AVSumEntityTypeStrategicThreat@@	0x1b205c8	2	ITurretTypeFunc	ITurretTypeFunc	
SumEntityTypeThreat	.?AVSumEntityTypeThreat@@	0x1b205e0	2	ITurretTypeFunc	ITurretTypeFunc	
SUnitInfoSlotsData	.?AUSUnitInfoSlotsData@@	0x1cd16c0,0x1cd16f0@8	5,3	SWeaponSlotsData	SWeaponSlotsData;NetworkSimpleObject;BaseRefCount<1>;RefCountBaseT<1>	MI
SuppressBailingOutCrewFunc	.?AVSuppressBailingOutCrewFunc@@	0x1c44810	2	ICrewFunc	ICrewFunc	
SuppressCache	.?AVSuppressCache@@	0x1cb5e58,0x1cb5ea0@8	8,10	ISuppressCache;MemoryFreeOnDemandHelper	ISuppressCache;MemoryFreeOnDemandHelper;IMemoryFreeOnDemand;TLinkBidir<0>;NoCopy	MI
SuppressField	.?AVSuppressField@@					no-col
SuppressFieldFull	.?AVSuppressFieldFull@@	0x1cb5e10,0x1cb5e40@48	5,2	SuppressField;SupressIdList	SuppressField;BaseRefCount<1>;RefCountBaseT<1>;TLinkBidir<1>;NoCopy;SupressIdList	MI
SuppressTarget	.?AVSuppressTarget@@	0x1bf3258,0x1bf4678@24,0x1bf46a0@48,0x1bf4760@1464,0x1bf4780@1472	643,4,23,3,2	EntityAI	EntityAI;Entity;ObjectTyped;Object;NetworkObject;RemoveSoftLinks<SoftLinkIdTraits<ObjectId,ObjectIdAutoDestroy>>;BaseRefCount<1>;RefCountBaseT<1>;NetworkSimpleObject;CountInstances<Object>;EPEItem;TLinkBidir<1>;NoCopy;Animated;JoinedObject;IHasParentContainer	MI
SuppressTargetType	.?AVSuppressTargetType@@	0x1bf2f58,0x1bf31e0@24,0x1bf3218@32,0x1bf3230@752	80,6,2,4	EntityAIType	EntityAIType;EntityType;RemoveLLinks;BaseRefCount<1>;RefCountBaseT<1>;LODShapeLoadHandler;AnimatedType;LinkBidirWithFrameStoreT<FrameStoreTraits>;TLinkBidir<2>;NoCopy;ComponentHolderType<ComponentType>	MI
SupressIdList	.?AVSupressIdList@@	0x1cb5db0	2			
SurfaceInfo	.?AUSurfaceInfo@@	0x1c71010	3	BaseRefCount<1>;NoCopy	BaseRefCount<1>;RefCountBaseT<1>;NoCopy	MI
SVG::BuildCountlineJob	.?AVBuildCountlineJob@SVG@@	0x1cdb478	3	IMicroJob	IMicroJob;enf::Job;enf::JobCommon;enf::JobCore	
SVG::BuildRoadPolylineJob	.?AVBuildRoadPolylineJob@SVG@@	0x1cdb350	3	IMicroJob	IMicroJob;enf::Job;enf::JobCommon;enf::JobCore	
SVNAutoUpdaterClient	.?AVSVNAutoUpdaterClient@@	0x1c2f8d0	4	ISVNAutoUpdaterClient	ISVNAutoUpdaterClient	
SwapLogicsUndo	.?AUSwapLogicsUndo@@	0x1b22728,0x1b22748@32	3,3	Editor3D::UndoRedoItem	Editor3D::UndoRedoItem;BaseRefCount<1>;RefCountBaseT<1>	
SwapObjectsUndo	.?AUSwapObjectsUndo@@	0x1b226e0,0x1b22700@40	3,3	Editor3D::UndoRedoItem	Editor3D::UndoRedoItem;BaseRefCount<1>;RefCountBaseT<1>	
SWeaponSlotsData	.?AUSWeaponSlotsData@@	0x1cee4a0,0x1cee4d0@8	5,3	NetworkSimpleObject;BaseRefCount<1>	NetworkSimpleObject;BaseRefCount<1>;RefCountBaseT<1>	MI
SynchroManager	.?AVSynchroManager@@	0x1caafb0	4	SerializeClass	SerializeClass	
Tank	.?AVTank@@	0x1c30020,0x1c31e18@24,0x1c31e40@48,0x1c31f00@1464,0x1c31f20@1472,0x1c31f38@2152	958,4,23,3,2,7	TankOrCar	TankOrCar;Transport;EntityAIFull;EntityAI;Entity;ObjectTyped;Object;NetworkObject;RemoveSoftLinks<SoftLinkIdTraits<ObjectId,ObjectIdAutoDestroy>>;BaseRefCount<1>;RefCountBaseT<1>;NetworkSimpleObject;CountInstances<Object>;EPEItem;TLinkBidir<1>;NoCopy;Animated;JoinedObject;IHasParentContainer;ComponentHolder<EntityAIFull,Component>	MI
TankEPE	.?AVTankEPE@@	0x1c343a0,0x1c36198@24,0x1c361c0@48,0x1c36280@1464,0x1c362a0@1472,0x1c362b8@2152	958,4,23,3,2,7	TankWithAI	TankWithAI;Tank;TankOrCar;Transport;EntityAIFull;EntityAI;Entity;ObjectTyped;Object;NetworkObject;RemoveSoftLinks<SoftLinkIdTraits<ObjectId,ObjectIdAutoDestroy>>;BaseRefCount<1>;RefCountBaseT<1>;NetworkSimpleObject;CountInstances<Object>;EPEItem;TLinkBidir<1>;NoCopy;Animated;JoinedObject;IHasParentContainer;ComponentHolder<EntityAIFull,Component>	MI
TankEPEType	.?AVTankEPEType@@	0x1c53c50,0x1c53f10@24,0x1c53f48@32,0x1c53f60@752	87,6,2,4	TankType	TankType;TankOrCarType;TransportType;EntityAIType;EntityType;RemoveLLinks;BaseRefCount<1>;RefCountBaseT<1>;LODShapeLoadHandler;AnimatedType;LinkBidirWithFrameStoreT<FrameStoreTraits>;TLinkBidir<2>;NoCopy;ComponentHolderType<ComponentType>	MI
TankEPEVisualState	.?AVTankEPEVisualState@@	0x1c342b8,0x1c34380@64	24,3	TankVisualState	TankVisualState;TankOrCarVisualState;TransportVisualState;EntityVisualState;ObjectVisualState;FrameBase;Frame;Matrix4P;BaseRefCount<1>;RefCountBaseT<1>	MI
TankOrCar	.?AVTankOrCar@@	0x1c366d0,0x1c384c8@24,0x1c384f0@48,0x1c385b0@1464,0x1c385d0@1472,0x1c385e8@2152	958,4,23,3,2,7	Transport	Transport;EntityAIFull;EntityAI;Entity;ObjectTyped;Object;NetworkObject;RemoveSoftLinks<SoftLinkIdTraits<ObjectId,ObjectIdAutoDestroy>>;BaseRefCount<1>;RefCountBaseT<1>;NetworkSimpleObject;CountInstances<Object>;EPEItem;TLinkBidir<1>;NoCopy;Animated;JoinedObject;IHasParentContainer;ComponentHolder<EntityAIFull,Component>	MI
TankOrCarType	.?AVTankOrCarType@@	0x1c36398,0x1c36658@24,0x1c36690@32,0x1c366a8@752	87,6,2,4	TransportType	TransportType;EntityAIType;EntityType;RemoveLLinks;BaseRefCount<1>;RefCountBaseT<1>;LODShapeLoadHandler;AnimatedType;LinkBidirWithFrameStoreT<FrameStoreTraits>;TLinkBidir<2>;NoCopy;ComponentHolderType<ComponentType>	MI
TankOrCarVisualState	.?AVTankOrCarVisualState@@	0x1bc8580,0x1bc8648@64	24,3	TransportVisualState	TransportVisualState;EntityVisualState;ObjectVisualState;FrameBase;Frame;Matrix4P;BaseRefCount<1>;RefCountBaseT<1>	MI
TankType	.?AVTankType@@	0x1c2fce8,0x1c2ffa8@24,0x1c2ffe0@32,0x1c2fff8@752	87,6,2,4	TankOrCarType	TankOrCarType;TransportType;EntityAIType;EntityType;RemoveLLinks;BaseRefCount<1>;RefCountBaseT<1>;LODShapeLoadHandler;AnimatedType;LinkBidirWithFrameStoreT<FrameStoreTraits>;TLinkBidir<2>;NoCopy;ComponentHolderType<ComponentType>	MI
TankVisualState	.?AVTankVisualState@@	0x1c2fc00,0x1c2fcc8@64	24,3	TankOrCarVisualState	TankOrCarVisualState;TransportVisualState;EntityVisualState;ObjectVisualState;FrameBase;Frame;Matrix4P;BaseRefCount<1>;RefCountBaseT<1>	MI
TankWithAI	.?AVTankWithAI@@	0x1c31f78,0x1c33d70@24,0x1c33d98@48,0x1c33e58@1464,0x1c33e78@1472,0x1c33e90@2152	958,4,23,3,2,7	Tank	Tank;TankOrCar;Transport;EntityAIFull;EntityAI;Entity;ObjectTyped;Object;NetworkObject;RemoveSoftLinks<SoftLinkIdTraits<ObjectId,ObjectIdAutoDestroy>>;BaseRefCount<1>;RefCountBaseT<1>;NetworkSimpleObject;CountInstances<Object>;EPEItem;TLinkBidir<1>;NoCopy;Animated;JoinedObject;IHasParentContainer;ComponentHolder<EntityAIFull,Component>	MI
Target	.?AVTarget@@	0x1b1f480	54	RemoveLLinks;NoCopy	RemoveLLinks;BaseRefCount<1>;RefCountBaseT<1>;NoCopy	MI
TargetAggregation	.?AUTargetAggregation@@	0x1ce0418	3	BaseRefCount<1>	BaseRefCount<1>;RefCountBaseT<1>	
TargetCandidate	.?AUTargetCandidate@@	0x1ce03e0	3	BaseRefCount<1>	BaseRefCount<1>;RefCountBaseT<1>	
TargetFunctor	.?AVTargetFunctor@@	0x1a856d0	2			
TargetGhost	.?AVTargetGhost@@	0x1b20090	55	Target	Target;RemoveLLinks;BaseRefCount<1>;RefCountBaseT<1>;NoCopy	MI
TargetInAgent	.?AVTargetInAgent@@	0x1b1fad8	72	TargetNormal	TargetNormal;Target;RemoveLLinks;BaseRefCount<1>;RefCountBaseT<1>;NoCopy;CountInstances<TargetNormal>	MI
TargetInAgent::TrackContext	.?AUTrackContext@TargetInAgent@@	0x1b207b8	9	TargetNormal::TrackContext	TargetNormal::TrackContext;SideInfo	
TargetingInfo::DrawTurretsAimFunc	.?AVDrawTurretsAimFunc@TargetingInfo@@	0x1b88548	2	ITurretFunc	ITurretFunc	
TargetInGroup	.?AVTargetInGroup@@	0x1b1f890	72	TargetNormal	TargetNormal;Target;RemoveLLinks;BaseRefCount<1>;RefCountBaseT<1>;NoCopy;CountInstances<TargetNormal>	MI
TargetInGroup::TrackContext	.?AUTrackContext@TargetInGroup@@	0x1b20768	9	TargetNormal::TrackContext	TargetNormal::TrackContext;SideInfo	
TargetKnowledge	.?AVTargetKnowledge@@	0x1b1fd20	54	Target	Target;RemoveLLinks;BaseRefCount<1>;RefCountBaseT<1>;NoCopy	MI
TargetList	.?AVTargetList@@	0x1b208d0	4	CountInstances<TargetList>	CountInstances<TargetList>	
TargetListInAgent	.?AVTargetListInAgent@@	0x1b20920	4	TargetList	TargetList;CountInstances<TargetList>	
TargetListInGroup	.?AVTargetListInGroup@@	0x1b208f8	4	TargetList	TargetList;CountInstances<TargetList>	
TargetManager	.?AVTargetManager@@	0x1b20948	2	NoCopy	NoCopy	
TargetManagerAgent	.?AVTargetManagerAgent@@	0x1b20978	2	TargetManager	TargetManager;NoCopy	
TargetManagerGroup	.?AVTargetManagerGroup@@	0x1b20960	2	TargetManager	TargetManager;NoCopy	
TargetMinimal	.?AVTargetMinimal@@	0x1b1fed8	54	Target;CountInstances<TargetMinimal>	Target;RemoveLLinks;BaseRefCount<1>;RefCountBaseT<1>;NoCopy;CountInstances<TargetMinimal>	MI
TargetNormal	.?AVTargetNormal@@	0x1b1f648	72	Target;CountInstances<TargetNormal>	Target;RemoveLLinks;BaseRefCount<1>;RefCountBaseT<1>;NoCopy;CountInstances<TargetNormal>	MI
TargetNormal::PerUnitInfo	.?AUPerUnitInfo@TargetNormal@@	0x1b1f638	1			
TargetNormal::TrackContext	.?AUTrackContext@TargetNormal@@					no-col
TargetSuppress	.?AVTargetSuppress@@	0x1b20250	72	TargetInGroup	TargetInGroup;TargetNormal;Target;RemoveLLinks;BaseRefCount<1>;RefCountBaseT<1>;NoCopy;CountInstances<TargetNormal>	MI
Task	.?AVTask@@	0x1beb910	15	RemoveLLinks	RemoveLLinks;BaseRefCount<1>;RefCountBaseT<1>	
TaskComputeClutterCacheItem	.?AVTaskComputeClutterCacheItem@@	0x1ce6430	3	IMicroJob	IMicroJob;enf::Job;enf::JobCommon;enf::JobCore	
TaskComputeInstanceHashes	.?AVTaskComputeInstanceHashes@@	0x1ca80f0	3	IMicroJob	IMicroJob;enf::Job;enf::JobCommon;enf::JobCore	
TaskComputeInstanceHashesObjArrayPart	.?AVTaskComputeInstanceHashesObjArrayPart@@	0x1ca8118	3	IMicroJob	IMicroJob;enf::Job;enf::JobCommon;enf::JobCore	
TaskConvertSortBase	.?AVTaskConvertSortBase@@	0x1ca7f48	3	IMicroJob	IMicroJob;enf::Job;enf::JobCommon;enf::JobCore	
TaskConvertSortPass1AF	.?AVTaskConvertSortPass1AF@@	0x1ca7ff0	3	TaskConvertSortBase	TaskConvertSortBase;IMicroJob;enf::Job;enf::JobCommon;enf::JobCore	
TaskConvertSortPass1AN	.?AVTaskConvertSortPass1AN@@	0x1ca7fd0	3	TaskConvertSortBase	TaskConvertSortBase;IMicroJob;enf::Job;enf::JobCommon;enf::JobCore	
TaskConvertSortPass1OF	.?AVTaskConvertSortPass1OF@@	0x1ca7f90	3	TaskConvertSortPass1ON	TaskConvertSortPass1ON;TaskConvertSortBase;IMicroJob;enf::Job;enf::JobCommon;enf::JobCore	
TaskConvertSortPass1OFOverdraw	.?AVTaskConvertSortPass1OFOverdraw@@	0x1ca7fb0	3	TaskConvertSortPass1ON	TaskConvertSortPass1ON;TaskConvertSortBase;IMicroJob;enf::Job;enf::JobCommon;enf::JobCore	
TaskConvertSortPass1ON	.?AVTaskConvertSortPass1ON@@	0x1ca7f70	3	TaskConvertSortBase	TaskConvertSortBase;IMicroJob;enf::Job;enf::JobCommon;enf::JobCore	
TaskConvertSortPass2	.?AVTaskConvertSortPass2@@	0x1ca8010	3	TaskConvertSortBase	TaskConvertSortBase;IMicroJob;enf::Job;enf::JobCommon;enf::JobCore	
TaskConvertSortPass3	.?AVTaskConvertSortPass3@@	0x1ca8030	3	TaskConvertSortBase	TaskConvertSortBase;IMicroJob;enf::Job;enf::JobCommon;enf::JobCore	
TaskConvertSortPass4	.?AVTaskConvertSortPass4@@	0x1ca8050	3	TaskConvertSortBase	TaskConvertSortBase;IMicroJob;enf::Job;enf::JobCommon;enf::JobCore	
TaskConvertSortPass5	.?AVTaskConvertSortPass5@@	0x1ca80d0	3	TaskConvertSortBase	TaskConvertSortBase;IMicroJob;enf::Job;enf::JobCommon;enf::JobCore	
TaskConvertSortPassOnSurface	.?AVTaskConvertSortPassOnSurface@@	0x1ca8070	3	TaskConvertSortBase	TaskConvertSortBase;IMicroJob;enf::Job;enf::JobCommon;enf::JobCore	
TaskConvertSortPassRainOccluders	.?AVTaskConvertSortPassRainOccluders@@	0x1ca80b0	3	TaskConvertSortBase	TaskConvertSortBase;IMicroJob;enf::Job;enf::JobCommon;enf::JobCore	
TaskConvertSortPassShadows	.?AVTaskConvertSortPassShadows@@	0x1ca8090	3	TaskConvertSortBase	TaskConvertSortBase;IMicroJob;enf::Job;enf::JobCommon;enf::JobCore	
TempVehicle	.?AVTempVehicle@@	0x1b476f8,0x1b48378@24,0x1b483a0@48	399,4,23	Entity	Entity;ObjectTyped;Object;NetworkObject;RemoveSoftLinks<SoftLinkIdTraits<ObjectId,ObjectIdAutoDestroy>>;BaseRefCount<1>;RefCountBaseT<1>;NetworkSimpleObject;CountInstances<Object>;EPEItem;TLinkBidir<1>;NoCopy;Animated	MI
TerrainDecal	.?AVTerrainDecal@@	0x1c69308,0x1c69d48@24,0x1c69d70@48	327,4,23	Road	Road;Object;NetworkObject;RemoveSoftLinks<SoftLinkIdTraits<ObjectId,ObjectIdAutoDestroy>>;BaseRefCount<1>;RefCountBaseT<1>;NetworkSimpleObject;CountInstances<Object>;EPEItem;TLinkBidir<1>;NoCopy	MI
TertiaryController	.?AVTertiaryController@@	0x1b41cb0	7	ModelVerification	ModelVerification;VisualComponent	
TexGenInfo	.?AVTexGenInfo@@	0x1ce15c8	4	SerializeClass	SerializeClass	
TexMaterial	.?AVTexMaterial@@	0x1ce15f0	8	RequestableObject;LinkBidirWithFrameStoreT<FrameStoreTraits>	RequestableObject;RemoveLLinks;BaseRefCount<1>;RefCountBaseT<1>;LinkBidirWithFrameStoreT<FrameStoreTraits>;TLinkBidir<2>;NoCopy	MI
TexMaterial::CustomData	.?AVCustomData@TexMaterial@@					no-col
TexMaterialBank	.?AVTexMaterialBank@@	0x1ce1690	10	BankArrayCached<TexMaterial,BankTraits<TexMaterial>,BankTraitsExt<BankTraits<TexMaterial>>>	BankArrayCached<TexMaterial,BankTraits<TexMaterial>,BankTraitsExt<BankTraits<TexMaterial>>>;BankArray<TexMaterial,BankTraits<TexMaterial>,BankTraitsExt<BankTraits<TexMaterial>>>;MapStringToClass<LLink<TexMaterial,DefLLinkTraits<TexMaterial>>,LLinkArray<TexMaterial,MemAllocD>,BankTraits<TexMaterial>::TexMaterialHashTraits,MemAllocD>;MemAllocD;BankTraitsExt<BankTraits<TexMaterial>>;MemoryFreeOnDemandHelper;IMemoryFreeOnDemand;TLinkBidir<0>;NoCopy	MI
TexMaterialType	.?AVTexMaterialType@@					no-col
TexMaterialTypeDerived	.?AVTexMaterialTypeDerived@@	0x1ce07a0	10	TexMaterialType	TexMaterialType;BaseRefCount<1>;RefCountBaseT<1>	
TexMaterialTypeModelSpace	.?AVTexMaterialTypeModelSpace@@	0x1ce7488	10	TexMaterialTypeDerived	TexMaterialTypeDerived;TexMaterialType;BaseRefCount<1>;RefCountBaseT<1>	
TexMaterialTypeNormal	.?AVTexMaterialTypeNormal@@	0x1ce0748	10	TexMaterialType	TexMaterialType;BaseRefCount<1>;RefCountBaseT<1>	
TexMaterialTypeRoad	.?AVTexMaterialTypeRoad@@	0x1ce0820	10	TexMaterialTypeDerived	TexMaterialTypeDerived;TexMaterialType;BaseRefCount<1>;RefCountBaseT<1>	
TexMaterialTypeSimpleTerrain	.?AVTexMaterialTypeSimpleTerrain@@	0x1ce74e0	10	TexMaterialTypeModelSpace	TexMaterialTypeModelSpace;TexMaterialTypeDerived;TexMaterialType;BaseRefCount<1>;RefCountBaseT<1>	
TexStageInfo	.?AVTexStageInfo@@	0x1ce15a0	4	SerializeClass	SerializeClass	
TextASCII	.?AVTextASCII@@	0x1b8fc30	13	IText	IText;INode;BaseRefCount<1>;RefCountBaseT<1>	
TextBankDummy	.?AVTextBankDummy@@	0x1d2b400	43	AbstractTextBank	AbstractTextBank;MHInstanceTexCache;MemoryFreeOnDemandHelper;IMemoryFreeOnDemand;TLinkBidir<0>;NoCopy	
TextBreak	.?AVTextBreak@@	0x1b8fda8	13	IText	IText;INode;BaseRefCount<1>;RefCountBaseT<1>	
TextFontSize	.?AUTextFontSize@@	0x1acd5f8	3	BaseRefCount<1>	BaseRefCount<1>;RefCountBaseT<1>	
TextImage	.?AVTextImage@@	0x1b8fd28	13	IText	IText;INode;BaseRefCount<1>;RefCountBaseT<1>	
TextParser	.?AVTextParser@@	0x1b8fe40	6	SAXParser	SAXParser	
Texture	.?AVTexture@@	0x1c71030,0x1c71180@32	41,1	RequestableObject;LinkBidirWithFrameStoreT<FrameStoreTraits>;SListControlled	RequestableObject;RemoveLLinks;BaseRefCount<1>;RefCountBaseT<1>;LinkBidirWithFrameStoreT<FrameStoreTraits>;TLinkBidir<2>;NoCopy;SListControlled;_SLIST_ENTRY	MI
TextureDummy	.?AVTextureDummy@@	0x1d2b2a0,0x1d2b3f0@32	41,1	Texture	Texture;RequestableObject;RemoveLLinks;BaseRefCount<1>;RefCountBaseT<1>;LinkBidirWithFrameStoreT<FrameStoreTraits>;TLinkBidir<2>;NoCopy;SListControlled;_SLIST_ENTRY	MI
TextureSampler	.?AVTextureSampler@@	0x1c70ff0	3	BaseRefCount<1>;NoCopy	BaseRefCount<1>;RefCountBaseT<1>;NoCopy	MI
TextureSourceColor	.?AVTextureSourceColor@@	0x1c6f160	25	TextureSourceSimple	TextureSourceSimple;ITextureSource	
TextureSourceDither	.?AVTextureSourceDither@@	0x1c6f860	25	ITextureSource	ITextureSource	
TextureSourceExtension	.?AVTextureSourceExtension@@	0x1b2c540	25	TextureSourceSimple	TextureSourceSimple;ITextureSource	
TextureSourceExtensionUI	.?AVTextureSourceExtensionUI@@	0x1a862b8,0x1a86388@24	25,8	TextureSourceSimple;ITextureSourceEx	TextureSourceSimple;ITextureSource;ITextureSourceEx	MI
TextureSourceFresnel	.?AVTextureSourceFresnel@@	0x1c6f4d0	25	TextureSourceSimple	TextureSourceSimple;ITextureSource	
TextureSourceFresnelGlass	.?AVTextureSourceFresnelGlass@@	0x1c6f3d0	25	TextureSourceSimple	TextureSourceSimple;ITextureSource	
TextureSourceIrradiance	.?AVTextureSourceIrradiance@@	0x1c6f230	25	TextureSourceSimple	TextureSourceSimple;ITextureSource	
TextureSourceJPEG	.?AVTextureSourceJPEG@@	0x1c80038	25	ITextureSource	ITextureSource	
TextureSourceJPEGFactory	.?AVTextureSourceJPEGFactory@@	0x1c7ffe8	6	ITextureSourceFactory	ITextureSourceFactory	
TextureSourcePac	.?AVTextureSourcePac@@	0x1c6e9f0	27	TextureSourcePacBase	TextureSourcePacBase;ITextureSource	
TextureSourcePacBase	.?AVTextureSourcePacBase@@	0x1c6e910	27	ITextureSource	ITextureSource	
TextureSourcePacFactory	.?AVTextureSourcePacFactory@@	0x1c6e7d0	6	ITextureSourceFactory	ITextureSourceFactory	
TextureSourcePerlin	.?AVTextureSourcePerlin@@	0x1c6f930	25	TextureSourceSimple	TextureSourceSimple;ITextureSource	
TextureSourcePoint	.?AVTextureSourcePoint@@	0x1c6fa00	25	TextureSourceSimple	TextureSourceSimple;ITextureSource	
TextureSourceProcFactory	.?AVTextureSourceProcFactory@@	0x1c6e758	6	ITextureSourceFactory	ITextureSourceFactory	
TextureSourceR2T	.?AVTextureSourceR2T@@	0x1c6f090	25	TextureSourceSimple	TextureSourceSimple;ITextureSource	
TextureSourceRandomTest	.?AVTextureSourceRandomTest@@	0x1c6f5f0	25	TextureSourceSimple	TextureSourceSimple;ITextureSource	
TextureSourceSimple	.?AVTextureSourceSimple@@	0x1c6ead0	25	ITextureSource	ITextureSource	
TextureSourceText	.?AVTextureSourceText@@	0x1c6fb08,0x1c6fbd8@24	25,8	TextureSourceSimple;ITextureSourceEx	TextureSourceSimple;ITextureSource;ITextureSourceEx	MI
TextureSourceTreeCrown	.?AVTextureSourceTreeCrown@@	0x1c6f6c0	25	TextureSourceSimple	TextureSourceSimple;ITextureSource	
TextureSourceTreeCrownAmb	.?AVTextureSourceTreeCrownAmb@@	0x1c6f790	25	TextureSourceSimple	TextureSourceSimple;ITextureSource	
TextureSourceUI	.?AVTextureSourceUI@@	0x1acbc70,0x1acbd40@24	25,8	TextureSourceSimple;ITextureSourceEx	TextureSourceSimple;ITextureSource;ITextureSourceEx	MI
TextureSourceVideo	.?AVTextureSourceVideo@@	0x1c6eba0	25	ITextureSource	ITextureSource	
TextureSourceVideoFactory	.?AVTextureSourceVideoFactory@@	0x1c6e808	6	ITextureSourceFactory	ITextureSourceFactory	
TextureSourceWaterIrradiance	.?AVTextureSourceWaterIrradiance@@	0x1c6f300	25	TextureSourceSimple	TextureSourceSimple;ITextureSource	
TextureSourceWebBrowser	.?AVTextureSourceWebBrowser@@	0x1a87540,0x1a87610@24	25,8	TextureSourceSimple;ITextureSourceEx	TextureSourceSimple;ITextureSource;ITextureSourceEx	MI
ThermalResolution	.?AUThermalResolution@@	0x1c73998	3	BaseRefCount<1>	BaseRefCount<1>;RefCountBaseT<1>	
Thing	.?AVThing@@	0x1c38ca8,0x1c3a0c8@24,0x1c3a0f0@48,0x1c3a1b0@1464,0x1c3a1d0@1472	643,4,23,3,2	EntityAI	EntityAI;Entity;ObjectTyped;Object;NetworkObject;RemoveSoftLinks<SoftLinkIdTraits<ObjectId,ObjectIdAutoDestroy>>;BaseRefCount<1>;RefCountBaseT<1>;NetworkSimpleObject;CountInstances<Object>;EPEItem;TLinkBidir<1>;NoCopy;Animated;JoinedObject;IHasParentContainer	MI
ThingEffectLight	.?AVThingEffectLight@@	0x1c3a1e8,0x1c3ae68@24,0x1c3ae90@48	399,4,23	Entity	Entity;ObjectTyped;Object;NetworkObject;RemoveSoftLinks<SoftLinkIdTraits<ObjectId,ObjectIdAutoDestroy>>;BaseRefCount<1>;RefCountBaseT<1>;NetworkSimpleObject;CountInstances<Object>;EPEItem;TLinkBidir<1>;NoCopy;Animated	MI
ThingEPE	.?AVThingEPE@@	0x1c3ddf8,0x1c3f218@24,0x1c3f240@48,0x1c3f300@1464,0x1c3f320@1472	643,4,23,3,2	Thing	Thing;EntityAI;Entity;ObjectTyped;Object;NetworkObject;RemoveSoftLinks<SoftLinkIdTraits<ObjectId,ObjectIdAutoDestroy>>;BaseRefCount<1>;RefCountBaseT<1>;NetworkSimpleObject;CountInstances<Object>;EPEItem;TLinkBidir<1>;NoCopy;Animated;JoinedObject;IHasParentContainer	MI
ThingEPEType	.?AVThingEPEType@@	0x1c3daf8,0x1c3dd80@24,0x1c3ddb8@32,0x1c3ddd0@752	80,6,2,4	ThingType	ThingType;EntityAIType;EntityType;RemoveLLinks;BaseRefCount<1>;RefCountBaseT<1>;LODShapeLoadHandler;AnimatedType;LinkBidirWithFrameStoreT<FrameStoreTraits>;TLinkBidir<2>;NoCopy;ComponentHolderType<ComponentType>	MI
ThingType	.?AVThingType@@	0x1c389a8,0x1c38c30@24,0x1c38c68@32,0x1c38c80@752	80,6,2,4	EntityAIType	EntityAIType;EntityType;RemoveLLinks;BaseRefCount<1>;RefCountBaseT<1>;LODShapeLoadHandler;AnimatedType;LinkBidirWithFrameStoreT<FrameStoreTraits>;TLinkBidir<2>;NoCopy;ComponentHolderType<ComponentType>	MI
ThunderBolt	.?AVThunderBolt@@	0x1ce9380,0x1cea000@24,0x1cea028@48	399,4,23	Entity	Entity;ObjectTyped;Object;NetworkObject;RemoveSoftLinks<SoftLinkIdTraits<ObjectId,ObjectIdAutoDestroy>>;BaseRefCount<1>;RefCountBaseT<1>;NetworkSimpleObject;CountInstances<Object>;EPEItem;TLinkBidir<1>;NoCopy;Animated	MI
TitleEffect	.?AVTitleEffect@@					no-col
TitleEffectBasic	.?AVTitleEffectBasic@@					no-col
TitleEffectBlack	.?AVTitleEffectBlack@@	0x1c70f18	20	TitleEffectBlackFaded	TitleEffectBlackFaded;TitleEffectBasic;TitleEffectTimed;TitleEffect;RemoveLinks;BaseRefCount<1>;RefCountBaseT<1>;SList<BaseLink,TLink<0>>;TLink<0>	MI
TitleEffectBlackFaded	.?AVTitleEffectBlackFaded@@					no-col
TitleEffectBlackIn	.?AVTitleEffectBlackIn@@	0x1c70c78	20	TitleEffectColorIn	TitleEffectColorIn;TitleEffectBlackFaded;TitleEffectBasic;TitleEffectTimed;TitleEffect;RemoveLinks;BaseRefCount<1>;RefCountBaseT<1>;SList<BaseLink,TLink<0>>;TLink<0>	MI
TitleEffectBlackOut	.?AVTitleEffectBlackOut@@	0x1c70d20	20	TitleEffectColorOut	TitleEffectColorOut;TitleEffectBlackFaded;TitleEffectBasic;TitleEffectTimed;TitleEffect;RemoveLinks;BaseRefCount<1>;RefCountBaseT<1>;SList<BaseLink,TLink<0>>;TLink<0>	MI
TitleEffectColorIn	.?AVTitleEffectColorIn@@					no-col
TitleEffectColorOut	.?AVTitleEffectColorOut@@					no-col
TitleEffectPlain	.?AVTitleEffectPlain@@	0x1c70a50	20	TitleEffectBasic	TitleEffectBasic;TitleEffectTimed;TitleEffect;RemoveLinks;BaseRefCount<1>;RefCountBaseT<1>;SList<BaseLink,TLink<0>>;TLink<0>	MI
TitleEffectPlainDown	.?AVTitleEffectPlainDown@@	0x1c70ba0	20	TitleEffectBasic	TitleEffectBasic;TitleEffectTimed;TitleEffect;RemoveLinks;BaseRefCount<1>;RefCountBaseT<1>;SList<BaseLink,TLink<0>>;TLink<0>	MI
TitleEffectPlainNoFade	.?AVTitleEffectPlainNoFade@@	0x1c70af8	20	TitleEffectBasic	TitleEffectBasic;TitleEffectTimed;TitleEffect;RemoveLinks;BaseRefCount<1>;RefCountBaseT<1>;SList<BaseLink,TLink<0>>;TLink<0>	MI
TitleEffectTimed	.?AVTitleEffectTimed@@					no-col
TitleEffectWhiteIn	.?AVTitleEffectWhiteIn@@	0x1c70dc8	20	TitleEffectColorIn	TitleEffectColorIn;TitleEffectBlackFaded;TitleEffectBasic;TitleEffectTimed;TitleEffect;RemoveLinks;BaseRefCount<1>;RefCountBaseT<1>;SList<BaseLink,TLink<0>>;TLink<0>	MI
TitleEffectWhiteOut	.?AVTitleEffectWhiteOut@@	0x1c70e70	20	TitleEffectColorOut	TitleEffectColorOut;TitleEffectBlackFaded;TitleEffectBasic;TitleEffectTimed;TitleEffect;RemoveLinks;BaseRefCount<1>;RefCountBaseT<1>;SList<BaseLink,TLink<0>>;TLink<0>	MI
TLink<0>	.?AV?$TLink@$0A@@@					no-col
TLinkBidir<0>	.?AV?$TLinkBidir@$0A@@@					no-col
TLinkBidir<1>	.?AV?$TLinkBidir@$00@@					no-col
TLinkBidir<2>	.?AV?$TLinkBidir@$01@@					no-col
TListBidir<RegistrationItem,TLinkBidir<1>,EmptyCounter<RegistrationItem>>	.?AV?$TListBidir@VRegistrationItem@@V?$TLinkBidir@$00@@V?$EmptyCounter@VRegistrationItem@@@@@@					no-col
TListBidirRef<RegistrationItem,EmptyCounter<RegistrationItem>>	.?AV?$TListBidirRef@VRegistrationItem@@V?$EmptyCounter@VRegistrationItem@@@@@@					no-col
TrackDraw	.?AVTrackDraw@@	0x1c401f0	3	BaseRefCount<1>	BaseRefCount<1>;RefCountBaseT<1>	
TrackIR	.?AVTrackIR@@	0x1cde0e0	9	MovementTracker	MovementTracker	
TrackLLinks	.?AVTrackLLinks@@	0x1a8f418	3	BaseRefCount<1>	BaseRefCount<1>;RefCountBaseT<1>	
TrackStep	.?AVTrackStep@@	0x1c3f488,0x1c40108@24,0x1c40130@48	399,4,23	Entity	Entity;ObjectTyped;Object;NetworkObject;RemoveSoftLinks<SoftLinkIdTraits<ObjectId,ObjectIdAutoDestroy>>;BaseRefCount<1>;RefCountBaseT<1>;NetworkSimpleObject;CountInstances<Object>;EPEItem;TLinkBidir<1>;NoCopy;Animated	MI
TransformMatrixOp	.?AVTransformMatrixOp@@	0x1b35e28	2	IMaskedOperation	IMaskedOperation	
TransformPointOp	.?AVTransformPointOp@@	0x1b2ab60	2	IMaskedOperation	IMaskedOperation	
TranslateAttackFunc	.?AVTranslateAttackFunc@@	0x1cb1d68	2	ITurretFunc	ITurretFunc	
Transport	.?AVTransport@@	0x1c427b8,0x1c44598@24,0x1c445c0@48,0x1c44680@1464,0x1c446a0@1472,0x1c446b8@2152	955,4,23,3,2,7	EntityAIFull	EntityAIFull;EntityAI;Entity;ObjectTyped;Object;NetworkObject;RemoveSoftLinks<SoftLinkIdTraits<ObjectId,ObjectIdAutoDestroy>>;BaseRefCount<1>;RefCountBaseT<1>;NetworkSimpleObject;CountInstances<Object>;EPEItem;TLinkBidir<1>;NoCopy;Animated;JoinedObject;IHasParentContainer;ComponentHolder<EntityAIFull,Component>	MI
Transport::DestroyObject()::`2'::EjectRemainingFunc	.?AVEjectRemainingFunc@?1??DestroyObject@Transport@@UEAAXXZ@	0x1c47738	2	ICrewFunc	ICrewFunc	
Transport::IsCrewed()::`2'::IsSomeGunner	.?AVIsSomeGunner@?1??IsCrewed@Transport@@UEBA_NXZ@	0x1c462b8	2	ITurretFunc	ITurretFunc	
Transport::RemovePylonPod()::`9'::RemovePylonHelper	.?AVRemovePylonHelper@?8??RemovePylonPod@Transport@@QEAA_NH_N@Z@	0x1c477b8	2	ITurretFunc	ITurretFunc	
Transport::SetCurrentLoadout()::`2'::RemovePylonPodWeaponHelper	.?AVRemovePylonPodWeaponHelper@?1??SetCurrentLoadout@Transport@@UEAA_NAEBV?$RStringCT@D@@@Z@	0x1c47878	2	ITurretFunc	ITurretFunc	
Transport::SetPylonsPriority()::`2'::ResetPylonsFunc	.?AVResetPylonsFunc@?1??SetPylonsPriority@Transport@@QEAAXAEBV?$Array@H@@@Z@	0x1c47780	2	ITurretFunc	ITurretFunc	
Transport::SimulatePost()::`5'::<lambda_1>	.?AV<lambda_1>@?4??SimulatePost@Transport@@QEAAXMW4SimulationImportance@@@Z@					no-col
Transport::Sound()::`111'::SoundTurretSoldiers	.?AUSoundTurretSoldiers@?GP@??Sound@Transport@@UEAAX_NM@Z@	0x1c469b8	2	ITurretFunc	ITurretFunc	
TransportCallback	.?AUTransportCallback@@	0x1c46978	4	Sound::SurroundPanner::Callback	Sound::SurroundPanner::Callback;BaseRefCount<1>;RefCountBaseT<1>	
TransportCountermeasuresComponent	.?AVTransportCountermeasuresComponent@@	0x1b212c0	17	Component	Component;BaseRefCount<1>;RefCountBaseT<1>	
TransportCountermeasuresComponentType	.?AVTransportCountermeasuresComponentType@@	0x1b21248	7	ComponentType	ComponentType;BaseRefCount<1>;RefCountBaseT<1>	
TransportFeedDisplayComponent	.?AVTransportFeedDisplayComponent@@	0x1acaeb8	23	VehicleSystemDisplayBase	VehicleSystemDisplayBase;Component;BaseRefCount<1>;RefCountBaseT<1>	
TransportFeedDisplayComponentType	.?AVTransportFeedDisplayComponentType@@	0x1acaa78	7	VehicleSystemDisplayBaseType	VehicleSystemDisplayBaseType;ComponentType;BaseRefCount<1>;RefCountBaseT<1>	
TransportOccupation::CountEmptyTurrets	.?AUCountEmptyTurrets@TransportOccupation@@	0x1a8f330	2	ITurretFuncV	ITurretFuncV	
TransportPylonsComponent	.?AVTransportPylonsComponent@@	0x1ac5d00	17	Component	Component;BaseRefCount<1>;RefCountBaseT<1>	
TransportPylonsComponent::GetCurrentLoadout()::`10'::GetMagOwner	.?AVGetMagOwner@?9??GetCurrentLoadout@TransportPylonsComponent@@QEBA?AV?$RStringCT@D@@PEBVTransport@@@Z@	0x1aca2c8	2	ITurretFunc	ITurretFunc	
TransportPylonsComponent::GetCurrentLoadout()::`2'::IndexToTurretPathFnc	.?AVIndexToTurretPathFnc@?1??GetCurrentLoadout@TransportPylonsComponent@@QEBA?AV?$RStringCT@D@@PEBVTransport@@@Z@	0x1aca2b0	2	ITurretTypeFunc	ITurretTypeFunc	
TransportPylonsComponentType	.?AVTransportPylonsComponentType@@	0x1ac5cc0	7	ComponentType	ComponentType;BaseRefCount<1>;RefCountBaseT<1>	
TransportRemoveInfo	.?AUTransportRemoveInfo@@	0x1b8d1a0,0x1b8d228@16	16,4	ObjectRemoveInfo	ObjectRemoveInfo;BaseRefCount<1>;RefCountBaseT<1>;SerializeClass	MI
TransportScudComponent	.?AVTransportScudComponent@@	0x1aca6f0	17	Component	Component;BaseRefCount<1>;RefCountBaseT<1>	
TransportScudComponentType	.?AVTransportScudComponentType@@	0x1aca698	7	ComponentType	ComponentType;BaseRefCount<1>;RefCountBaseT<1>	
TransportType	.?AVTransportType@@	0x1c42360,0x1c42620@24,0x1c42658@32,0x1c42670@752	87,6,2,4	EntityAIType	EntityAIType;EntityType;RemoveLLinks;BaseRefCount<1>;RefCountBaseT<1>;LODShapeLoadHandler;AnimatedType;LinkBidirWithFrameStoreT<FrameStoreTraits>;TLinkBidir<2>;NoCopy;ComponentHolderType<ComponentType>	MI
TransportVisualState	.?AVTransportVisualState@@	0x1b284b8,0x1b28580@64	24,3	EntityVisualState	EntityVisualState;ObjectVisualState;FrameBase;Frame;Matrix4P;BaseRefCount<1>;RefCountBaseT<1>	MI
TreeWithContextMenu	.?AVTreeWithContextMenu@@	0x1a900e8,0x1a90160@24	14,76	CTree	CTree;Control;RemoveLLinks;BaseRefCount<1>;RefCountBaseT<1>;IControl;EventHandlerGroupContainer_DynArray<EventHandlerContainer_UI,enum ControlEvent>;IUICollectibleControls;IHasGameVarSpace	MI
TriggerDebugLogContext	.?AVTriggerDebugLogContext@@	0x1bd0d40	4	DebugLogContext::internal::IDebugLogContext	DebugLogContext::internal::IDebugLogContext	
Turret	.?AVTurret@@	0x1c47e98,0x1c47f78@24,0x1c47fa0@48	27,4,7	NetworkObject;ComponentHolder<EntityAIFull,Component>	NetworkObject;RemoveSoftLinks<SoftLinkIdTraits<ObjectId,ObjectIdAutoDestroy>>;BaseRefCount<1>;RefCountBaseT<1>;NetworkSimpleObject;ComponentHolder<EntityAIFull,Component>	MI
TurretDirectionIndicatorCtrl	.?AVTurretDirectionIndicatorCtrl@@	0x1a894e8,0x1a89540@24	10,76	Control	Control;RemoveLLinks;BaseRefCount<1>;RefCountBaseT<1>;IControl;EventHandlerGroupContainer_DynArray<EventHandlerContainer_UI,enum ControlEvent>;IUICollectibleControls;IHasGameVarSpace	MI
TurretDisclosureAction	.?AVTurretDisclosureAction@@	0x1ca2b60	2	ITurretFunc	ITurretFunc	
TurretMagazinesCollector	.?AVTurretMagazinesCollector@@	0x1b4c998	2	ITurretFunc	ITurretFunc	
TurretPathToIndex()::`2'::TurretPathToIndexFnc	.?AVTurretPathToIndexFnc@?1??TurretPathToIndex@@YAHPEBVTransportType@@AEBV?$AutoArray@HV?$MemAllocLocal@H$0BA@HVMemAllocD@@@@@@@Z@	0x1a8fe58	2	ITurretTypeFunc	ITurretTypeFunc	
TurretsClearReflectors	.?AVTurretsClearReflectors@@	0x1c510a8	2	ITurretFunc	ITurretFunc	
TurretsCount()::`2'::TurretsCountFnc	.?AVTurretsCountFnc@?1??TurretsCount@@YAHPEBVTransportType@@AEAV?$AutoArray@V?$RStringCT@D@@V?$MemAllocLocal@V?$RStringCT@D@@$04HVMemAllocD@@@@@@1@Z@	0x1a8fe40	2	ITurretTypeFunc	ITurretTypeFunc	
TurretType	.?AVTurretType@@	0x1c47b20,0x1c47b40@16	3,4	BaseRefCount<1>;ComponentHolderType<ComponentType>	BaseRefCount<1>;RefCountBaseT<1>;ComponentHolderType<ComponentType>	MI
TurretVisualState	.?AVTurretVisualState@@	0x1c47e50	3	BaseRefCount<1>	BaseRefCount<1>;RefCountBaseT<1>	
type_info	.?AVtype_info@@	0x1d5f728	1			
UAVFeedDisplayComponent	.?AVUAVFeedDisplayComponent@@	0x1acadf8	23	VehicleSystemDisplayBase	VehicleSystemDisplayBase;Component;BaseRefCount<1>;RefCountBaseT<1>	
UAVFeedDisplayComponentType	.?AVUAVFeedDisplayComponentType@@	0x1acaa38	7	VehicleSystemDisplayBaseType	VehicleSystemDisplayBaseType;ComponentType;BaseRefCount<1>;RefCountBaseT<1>	
UavPilot	.?AVUavPilot@@	0x1c490a8,0x1c4af28@24,0x1c4af50@48,0x1c4b010@1464,0x1c4b030@1472,0x1c4b048@2152	975,4,23,3,2,7	Soldier	Soldier;Man;Person;EntityAIFull;EntityAI;Entity;ObjectTyped;Object;NetworkObject;RemoveSoftLinks<SoftLinkIdTraits<ObjectId,ObjectIdAutoDestroy>>;BaseRefCount<1>;RefCountBaseT<1>;NetworkSimpleObject;CountInstances<Object>;EPEItem;TLinkBidir<1>;NoCopy;Animated;JoinedObject;IHasParentContainer;ComponentHolder<EntityAIFull,Component>;CountInstances<Person>	MI
UavPilotType	.?AVUavPilotType@@	0x1c48da0,0x1c49030@24,0x1c49068@32,0x1c49080@752	81,6,2,4	ManType	ManType;PersonType;EntityAIType;EntityType;RemoveLLinks;BaseRefCount<1>;RefCountBaseT<1>;LODShapeLoadHandler;AnimatedType;LinkBidirWithFrameStoreT<FrameStoreTraits>;TLinkBidir<2>;NoCopy;ComponentHolderType<ComponentType>	MI
UavTerminalStaticMapMain	.?AVUavTerminalStaticMapMain@@	0x1cd8ad8,0x1cd8bb8@24,0x1cd8e20@568	27,76,8	CStaticMapMain	CStaticMapMain;CStaticMap;CStatic;Control;RemoveLLinks;BaseRefCount<1>;RefCountBaseT<1>;IControl;EventHandlerGroupContainer_DynArray<EventHandlerContainer_UI,enum ControlEvent>;IUICollectibleControls;IHasGameVarSpace;CTextContainer;ITextContainer	MI
UIViewport	.?AVUIViewport@@	0x1acb718	62			
UnaryOperator	.?AVUnaryOperator@@	0x1a9d2f0	3	BaseRefCount<1>	BaseRefCount<1>;RefCountBaseT<1>	
UnderbarrelObject	.?AVUnderbarrelObject@@	0x1c75d48,0x1c76790@24,0x1c767b8@48	328,4,23	WeaponObject;Animated	WeaponObject;ObjectTyped;Object;NetworkObject;RemoveSoftLinks<SoftLinkIdTraits<ObjectId,ObjectIdAutoDestroy>>;BaseRefCount<1>;RefCountBaseT<1>;NetworkSimpleObject;CountInstances<Object>;EPEItem;TLinkBidir<1>;NoCopy;Animated	MI
UniformPositionProvider	.?AUUniformPositionProvider@@	0x1a8b9b8	3	IPositionProvider	IPositionProvider	
UnimportanceColJob	.?AUUnimportanceColJob@@	0x1a79008	2	enf::Job	enf::Job;enf::JobCommon;enf::JobCore	
UnimportanceRowJob	.?AUUnimportanceRowJob@@	0x1a78fe8	2	enf::Job	enf::Job;enf::JobCommon;enf::JobCore	
UniqueIDProvider	.?AUUniqueIDProvider@@	0x1a8ed50	4	SerializeClass	SerializeClass	
UnitRemoveMng::ObjectRemoveContainer	.?AVObjectRemoveContainer@UnitRemoveMng@@	0x1b8d300	4	SerializeClass	SerializeClass	
UnitRemoveMng::ObjectRemoveGroup	.?AVObjectRemoveGroup@UnitRemoveMng@@	0x1b8d328	4	SerializeClass	SerializeClass	
UnitWeaponsInfo	.?AVUnitWeaponsInfo@@	0x1cd63e8,0x1cd6410@8	4,4	NetworkSimpleObject;SerializeClass	NetworkSimpleObject;SerializeClass	MI
UpnpJob	.?AVUpnpJob@@	0x1b8cb18	2	Job	Job	
UpnpMsgBox	.?AVUpnpMsgBox@@	0x1b8cb30,0x1b8cd40@24,0x1b8cd58@552	65,2,4	MsgBox	MsgBox;ControlsContainer;RemoveLLinks;BaseRefCount<1>;RefCountBaseT<1>;EventHandlerGroupContainer_Simple<EventHandlerContainer_UI,13,enum DisplayEvent>;IUICollectibleControls;IHasGameVarSpace	MI
UserDisplay	.?AVUserDisplay@@	0x1b8cd80,0x1b8cf90@24,0x1b8cfa8@552,0x1b8cfd0@1672	65,2,4,26	Display	Display;ControlsContainer;RemoveLLinks;BaseRefCount<1>;RefCountBaseT<1>;EventHandlerGroupContainer_Simple<EventHandlerContainer_UI,13,enum DisplayEvent>;IUICollectibleControls;IHasGameVarSpace;AbstractOptionsUI	MI
UserFileErrorMsg	.?AVUserFileErrorMsg@@	0x1b7a808,0x1b7aa18@24,0x1b7aa30@552	65,2,4	MsgBox	MsgBox;ControlsContainer;RemoveLLinks;BaseRefCount<1>;RefCountBaseT<1>;EventHandlerGroupContainer_Simple<EventHandlerContainer_UI,13,enum DisplayEvent>;IUICollectibleControls;IHasGameVarSpace	MI
VASILights	.?AVVASILights@@	0x1c67280,0x1c686a0@24,0x1c686c8@48,0x1c68788@1464,0x1c687a8@1472	643,4,23,3,2	EntityAI	EntityAI;Entity;ObjectTyped;Object;NetworkObject;RemoveSoftLinks<SoftLinkIdTraits<ObjectId,ObjectIdAutoDestroy>>;BaseRefCount<1>;RefCountBaseT<1>;NetworkSimpleObject;CountInstances<Object>;EPEItem;TLinkBidir<1>;NoCopy;Animated;JoinedObject;IHasParentContainer	MI
VASILightsType	.?AVVASILightsType@@	0x1c66f80,0x1c67208@24,0x1c67240@32,0x1c67258@752	80,6,2,4	EntityAIType	EntityAIType;EntityType;RemoveLLinks;BaseRefCount<1>;RefCountBaseT<1>;LODShapeLoadHandler;AnimatedType;LinkBidirWithFrameStoreT<FrameStoreTraits>;TLinkBidir<2>;NoCopy;ComponentHolderType<ComponentType>	MI
VehicleSystemDisplayBase	.?AVVehicleSystemDisplayBase@@	0x1acabb8	23	Component	Component;BaseRefCount<1>;RefCountBaseT<1>	
VehicleSystemDisplayBaseType	.?AVVehicleSystemDisplayBaseType@@					no-col
VehicleSystemsDisplayManager	.?AVVehicleSystemsDisplayManager@@	0x1acb488,0x1acb528@56	19,7	Component;ComponentHolder<VehicleSystemsDisplayManager,VehicleSystemDisplayBase>	Component;BaseRefCount<1>;RefCountBaseT<1>;ComponentHolder<VehicleSystemsDisplayManager,VehicleSystemDisplayBase>	MI
VehicleSystemsDisplayManager::DisplayNamePair	.?AUDisplayNamePair@VehicleSystemsDisplayManager@@	0x1acb278	3	BaseRefCount<1>	BaseRefCount<1>;RefCountBaseT<1>	
VehicleSystemsDisplayManagerType	.?AVVehicleSystemsDisplayManagerType@@	0x1acb3c0,0x1acb400@32	7,4	ComponentType;ComponentHolderType<VehicleSystemDisplayBaseType>	ComponentType;BaseRefCount<1>;RefCountBaseT<1>;ComponentHolderType<VehicleSystemDisplayBaseType>	MI
VehicleTypeBank	.?AVVehicleTypeBank@@	0x1c538a8	10	BankArrayCached<EntityType,VehicleTypeBankTraits,VehicleTypeBankTraitsExt>	BankArrayCached<EntityType,VehicleTypeBankTraits,VehicleTypeBankTraitsExt>;BankArray<EntityType,VehicleTypeBankTraits,VehicleTypeBankTraitsExt>;MapStringToClass<LLink<EntityType,DefLLinkTraits<EntityType>>,LLinkArray<EntityType,MemAllocD>,VehicleTypeBankTraits::EntityMapHashTraits,MemAllocD>;MemAllocD;VehicleTypeBankTraitsExt;MemoryFreeOnDemandHelper;IMemoryFreeOnDemand;TLinkBidir<0>;NoCopy	MI
VehicleTypeBankTraitsExt	.?AUVehicleTypeBankTraitsExt@@					no-col
VerifyCreatePlayerAsync	.?AVVerifyCreatePlayerAsync@@	0x1a7af30	2	Job;NoCopy	Job;NoCopy	MI
VertexBuffer	.?AVVertexBuffer@@	0x1b30358	9	BaseRefCount<1>	BaseRefCount<1>;RefCountBaseT<1>	
VertexTable	.?AVVertexTable@@	0x1ce3c10	6	BaseRefCount<1>	BaseRefCount<1>;RefCountBaseT<1>	
VertexTableData	.?AUVertexTableData@@	0x1ce3bf0	3	BaseRefCount<1>	BaseRefCount<1>;RefCountBaseT<1>	
VestObject	.?AVVestObject@@	0x1c75218,0x1c75c60@24,0x1c75c88@48	328,4,23	WeaponObject	WeaponObject;ObjectTyped;Object;NetworkObject;RemoveSoftLinks<SoftLinkIdTraits<ObjectId,ObjectIdAutoDestroy>>;BaseRefCount<1>;RefCountBaseT<1>;NetworkSimpleObject;CountInstances<Object>;EPEItem;TLinkBidir<1>;NoCopy	MI
Viewport2D	.?AVViewport2D@@	0x1cdd1b0	62	UIViewport	UIViewport	
Viewport3D	.?AVViewport3D@@	0x1cdd3a8	62	UIViewport	UIViewport	
VirtDelegate0<void>	.?AV?$VirtDelegate0@X@@	0x1b304d8	2			
VirtualGround	.?AVVirtualGround@@	0x1a90b98	3	BaseRefCount<1>	BaseRefCount<1>;RefCountBaseT<1>	
VisibleFuncMultiThreaded<const Target&>	.?AV?$VisibleFuncMultiThreaded@AEBVTarget@@@@	0x1b20598	2	ITurretFunc	ITurretFunc	
VisibleFuncMultiThreaded<const Target&>::VisCheckJob	.?AUVisCheckJob@?$VisibleFuncMultiThreaded@AEBVTarget@@@@	0x1b20668	2	enf::Job	enf::Job;enf::JobCommon;enf::JobCore	
VisibleFuncMultiThreaded<EntityAI*>	.?AV?$VisibleFuncMultiThreaded@PEAVEntityAI@@@@	0x1b20580	2	ITurretFunc	ITurretFunc	
VisibleFuncMultiThreaded<EntityAI*>::VisCheckJob	.?AUVisCheckJob@?$VisibleFuncMultiThreaded@PEAVEntityAI@@@@	0x1b20688	2	enf::Job	enf::Job;enf::JobCommon;enf::JobCore	
VisionModeInfo	.?AUVisionModeInfo@@	0x1acd0f0	4	SerializeClass	SerializeClass	
VisionSettings	.?AUVisionSettings@@	0x1c01ef8	4	VisionModeInfo	VisionModeInfo;SerializeClass	
VisualComponent	.?AVVisualComponent@@	0x1b41b58	7			
VisualSensorComponent	.?AVVisualSensorComponent@@	0x1ac5600	17	SensorBaseComponent	SensorBaseComponent;Component;BaseRefCount<1>;RefCountBaseT<1>	
VisualSensorComponentType	.?AVVisualSensorComponentType@@	0x1ac5578	16	SensorBaseComponentType	SensorBaseComponentType;ComponentType;BaseRefCount<1>;RefCountBaseT<1>	
VisViewerExchange	.?AVVisViewerExchange@@	0x1ce5c90,0x1ce5df8@24	44,3	IVisViewerExchange;BaseRefCount<1>	IVisViewerExchange;IVisViewerExchangeDocView;BaseRefCount<1>;RefCountBaseT<1>	MI
VisViewerPipe	.?AVVisViewerPipe@@	0x1ce5e28,0x1ce5f90@24	44,3	VisViewerExchange	VisViewerExchange;IVisViewerExchange;IVisViewerExchangeDocView;BaseRefCount<1>;RefCountBaseT<1>	MI
VisViewerSocket	.?AVVisViewerSocket@@	0x1ce4ff8,0x1ce5160@24	44,3	VisViewerExchange	VisViewerExchange;IVisViewerExchange;IVisViewerExchangeDocView;BaseRefCount<1>;RefCountBaseT<1>	MI
VMContext	.?AUVMContext@@	0x1a9d508	4	SerializeClass	SerializeClass	
VMContextBattlEyeMonitor	.?AVVMContextBattlEyeMonitor@@	0x1b40cf0	2	VMContextCallback	VMContextCallback	
VMContextCallback	.?AVVMContextCallback@@	0x1b40cd0	2			
VoiceServer	.?AVVoiceServer@@	0x1b423f8	4	VoNServer	VoNServer;BaseRefCount<1>;RefCountBaseT<1>	
VoN3DPosition	.?AVVoN3DPosition@@	0x1bb7940	2			
VoNCaptureBufferOAL	.?AVVoNCaptureBufferOAL@@	0x1bb7a30	23	VoNSoundBuffer	VoNSoundBuffer;BaseRefCount<1>;RefCountBaseT<1>	
VoNCaptureBufferXA2	.?AVVoNCaptureBufferXA2@@	0x1bb7f08	23	VoNSoundBuffer	VoNSoundBuffer;BaseRefCount<1>;RefCountBaseT<1>	
VoNChannel	.?AVVoNChannel@@	0x1aabe20	3	BaseRefCount<1>	BaseRefCount<1>;RefCountBaseT<1>	
VoNClient	.?AVVoNClient@@	0x1aabe68	3	BaseRefCount<1>	BaseRefCount<1>;RefCountBaseT<1>	
VoNCodec	.?AVVoNCodec@@					no-col
VoNRecorder	.?AVVoNRecorder@@	0x1aabd80	10	BaseRefCount<1>	BaseRefCount<1>;RefCountBaseT<1>	
VoNReplayer	.?AVVoNReplayer@@	0x1aabdd8	8	BaseRefCount<1>	BaseRefCount<1>;RefCountBaseT<1>	
VoNServer	.?AVVoNServer@@	0x1aabe40	4	BaseRefCount<1>	BaseRefCount<1>;RefCountBaseT<1>	
VoNSoundBuffer	.?AVVoNSoundBuffer@@					no-col
VoNSoundBufferOAL	.?AVVoNSoundBufferOAL@@	0x1bb7958,0x1bb7a18@40	23,2	VoNSoundBuffer;VoN3DPosition	VoNSoundBuffer;BaseRefCount<1>;RefCountBaseT<1>;VoN3DPosition	MI
VoNSoundBufferXA2	.?AVVoNSoundBufferXA2@@	0x1bb7e30,0x1bb7ef0@40	23,2	VoNSoundBuffer;VoN3DPosition	VoNSoundBuffer;BaseRefCount<1>;RefCountBaseT<1>;VoN3DPosition	MI
VoNSystem	.?AVVoNSystem@@	0x1aabe88	33	BaseRefCount<1>	BaseRefCount<1>;RefCountBaseT<1>	
VoNSystemOAL	.?AVVoNSystemOAL@@	0x1bb7af0	34	VoNSystem	VoNSystem;BaseRefCount<1>;RefCountBaseT<1>	
VoNSystemRetranslate	.?AVVoNSystemRetranslate@@	0x1b42af0	33	VoNSystem	VoNSystem;BaseRefCount<1>;RefCountBaseT<1>	
VoNSystemXA2	.?AVVoNSystemXA2@@	0x1bb7fc8	35	VoNSystem	VoNSystem;BaseRefCount<1>;RefCountBaseT<1>	
WaitingMessageInfo	.?AUWaitingMessageInfo@@	0x1bb43d0	3	BaseRefCount<1>	BaseRefCount<1>;RefCountBaseT<1>	
Watch	.?AVWatch@@	0x1cd4990,0x1cd5628@24,0x1cd5650@48,0x1cd5710@1464,0x1cd5978@1728,0x1cd59a0@1928,0x1cd59d8@1944	402,4,23,76,4,6,2	ControlObjectAnimated;IControlObject	ControlObjectAnimated;ControlObjectWithZoom;ControlObject;Entity;ObjectTyped;Object;NetworkObject;RemoveSoftLinks<SoftLinkIdTraits<ObjectId,ObjectIdAutoDestroy>>;BaseRefCount<1>;RefCountBaseT<1>;NetworkSimpleObject;CountInstances<Object>;EPEItem;TLinkBidir<1>;NoCopy;Animated;IControl;EventHandlerGroupContainer_DynArray<EventHandlerContainer_UI,enum ControlEvent>;IUICollectibleControls;IHasGameVarSpace;SerializeClass;LODShapeLoadHandler;IControlObject	MI
WaterRenderParameters::ParsBaseClass	.?AVParsBaseClass@WaterRenderParameters@@	0x1ce7428	2			
WaterRenderParameters::SeaWaterShaderPars	.?AVSeaWaterShaderPars@WaterRenderParameters@@	0x1ce7458	2	WaterRenderParameters::ParsBaseClass	WaterRenderParameters::ParsBaseClass	
WaterRenderParameters::UnderwaterPars	.?AVUnderwaterPars@WaterRenderParameters@@	0x1ce7440	2	WaterRenderParameters::ParsBaseClass	WaterRenderParameters::ParsBaseClass	
WaterRenderParameters::WaterExPars	.?AVWaterExPars@WaterRenderParameters@@	0x1ce7470	2	WaterRenderParameters::ParsBaseClass	WaterRenderParameters::ParsBaseClass	
WaterSegment	.?AVWaterSegment@@	0x1ce76c8	4	LandSegmentBase	LandSegmentBase;BaseRefCount<1>;RefCountBaseT<1>;TLinkBidir<1>;NoCopy	MI
WaveBuffersOAL	.?AVWaveBuffersOAL@@					no-col
WaveCaptureMME	.?AVWaveCaptureMME@@	0x1b60028	9	IWaveCapture	IWaveCapture	
WaveCaptureWASAPI	.?AVWaveCaptureWASAPI@@	0x1b60078,0x1b600d0@8,0x1b60118@16	10,8,9	IAudioSessionEvents;IMMNotificationClient;IWaveCapture	IAudioSessionEvents;IUnknown;IMMNotificationClient;IUnknown;IWaveCapture	MI
WaveDecoderXA2	.?AVWaveDecoderXA2@@	0x1b5c898,0x1b5c8f8@24	11,7	AbstractDecoderWave;IXAudio2VoiceCallback	AbstractDecoderWave;RemoveLinks;BaseRefCount<1>;RefCountBaseT<1>;SList<BaseLink,TLink<0>>;TLink<0>;IXAudio2VoiceCallback	MI
WaveGlobalOAL	.?AVWaveGlobalOAL@@	0x1b5b258	65	WaveOAL	WaveOAL;AbstractWave;RemoveLinks;BaseRefCount<1>;RefCountBaseT<1>;SList<BaseLink,TLink<0>>;TLink<0>;WaveBuffersOAL	MI
WaveOAL	.?AVWaveOAL@@	0x1b5b048	65	AbstractWave;WaveBuffersOAL	AbstractWave;RemoveLinks;BaseRefCount<1>;RefCountBaseT<1>;SList<BaseLink,TLink<0>>;TLink<0>;WaveBuffersOAL	MI
WaveStream	.?AVWaveStream@@					no-col
WaveStreamOGG	.?AVWaveStreamOGG@@	0x1aada98	13	WaveStream	WaveStream;BaseRefCount<1>;RefCountBaseT<1>	
WaveStreamPlain	.?AVWaveStreamPlain@@	0x1aad960	13	WaveStream	WaveStream;BaseRefCount<1>;RefCountBaseT<1>	
WeaponCloudsSource	.?AVWeaponCloudsSource@@	0x1c23960,0x1c23988@168	4,3	DustSource;BaseRefCount<1>	DustSource;CloudletSource;SerializeClass;BaseRefCount<1>;RefCountBaseT<1>	MI
WeaponFireSource	.?AVWeaponFireSource@@	0x1c26358,0x1c26380@168	4,3	WeaponCloudsSource	WeaponCloudsSource;DustSource;CloudletSource;SerializeClass;BaseRefCount<1>;RefCountBaseT<1>	MI
WeaponHandlingParams	.?AUWeaponHandlingParams@@	0x1b31908	1			
WeaponholderRemoveInfo	.?AUWeaponholderRemoveInfo@@	0x1b8d250,0x1b8d2d8@16	16,4	ObjectRemoveInfo	ObjectRemoveInfo;BaseRefCount<1>;RefCountBaseT<1>;SerializeClass	MI
WeaponInstanceMagHelper	.?AVWeaponInstanceMagHelper@@	0x1b59948	6	LoadedMagazinesHelperBase	LoadedMagazinesHelperBase;RemoveLinks;BaseRefCount<1>;RefCountBaseT<1>;SList<BaseLink,TLink<0>>;TLink<0>	MI
WeaponInstanceObject	.?AVWeaponInstanceObject@@	0x1c746e8,0x1c75130@24,0x1c75158@48	328,4,23	WeaponObject	WeaponObject;ObjectTyped;Object;NetworkObject;RemoveSoftLinks<SoftLinkIdTraits<ObjectId,ObjectIdAutoDestroy>>;BaseRefCount<1>;RefCountBaseT<1>;NetworkSimpleObject;CountInstances<Object>;EPEItem;TLinkBidir<1>;NoCopy	MI
WeaponLightSource	.?AVWeaponLightSource@@	0x1c26310,0x1c26338@8	4,3	SerializeClass;BaseRefCount<1>	SerializeClass;BaseRefCount<1>;RefCountBaseT<1>	MI
WeaponModeType	.?AVWeaponModeType@@	0x1c73b98	3	BaseRefCount<1>	BaseRefCount<1>;RefCountBaseT<1>	
WeaponObject	.?AVWeaponObject@@	0x1c73bb8,0x1c74600@24,0x1c74628@48	328,4,23	ObjectTyped	ObjectTyped;Object;NetworkObject;RemoveSoftLinks<SoftLinkIdTraits<ObjectId,ObjectIdAutoDestroy>>;BaseRefCount<1>;RefCountBaseT<1>;NetworkSimpleObject;CountInstances<Object>;EPEItem;TLinkBidir<1>;NoCopy	MI
WeaponsInfo	.?AUWeaponsInfo@@	0x1cd6438	4	SerializeClass	SerializeClass	
WeaponsSoundFunc	.?AVWeaponsSoundFunc@@	0x1c51078	2	ITurretFunc	ITurretFunc	
WeaponsState	.?AVWeaponsState@@	0x1c4c160	8	NoCopy	NoCopy	
WeaponsState::SetCurrentWeapon()::`12'::FindOwnerTurret	.?AVFindOwnerTurret@?M@??SetCurrentWeapon@WeaponsState@@QEAAXH@Z@	0x1c52e48	2	ITurretFunc	ITurretFunc	
WeaponsStatePerson	.?AVWeaponsStatePerson@@	0x1c4c1a8	8	WeaponsState	WeaponsState;NoCopy	
WeaponsStateTransport	.?AVWeaponsStateTransport@@	0x1c4c1f0	8	WeaponsState	WeaponsState;NoCopy	
WeaponsStateTurret	.?AVWeaponsStateTurret@@	0x1c4c238	8	WeaponsStateTransport	WeaponsStateTransport;WeaponsState;NoCopy	
WeaponsUnloadSoundFunc	.?AVWeaponsUnloadSoundFunc@@	0x1c51090	2	ITurretFunc	ITurretFunc	
WeaponSway::AimImprecision	.?AVAimImprecision@WeaponSway@@	0x1b3cf08	3	BaseRefCount<1>	BaseRefCount<1>;RefCountBaseT<1>	
WeaponType	.?AVWeaponType@@	0x1c76ad0,0x1c76af0@16,0x1c76b28@24	3,6,2	BaseRefCount<1>;LODShapeLoadHandler;AnimatedType	BaseRefCount<1>;RefCountBaseT<1>;LODShapeLoadHandler;AnimatedType	MI
Weather	.?AVWeather@@	0x1ce8e30,0x1ce8f10@24	27,4	NetworkObject	NetworkObject;RemoveSoftLinks<SoftLinkIdTraits<ObjectId,ObjectIdAutoDestroy>>;BaseRefCount<1>;RefCountBaseT<1>;NetworkSimpleObject	MI
WhatShootResultGunner	.?AVWhatShootResultGunner@@	0x1b20538	2	ITurretFuncV	ITurretFuncV	
WhatUnitsCrewFunc	.?AVWhatUnitsCrewFunc@@	0x1cb66b0	2	ICrewFunc	ICrewFunc	
Wheel	.?AVWheel@@	0x1b456d8	12	BaseRefCount<1>	BaseRefCount<1>;RefCountBaseT<1>	
WheelPX3	.?AVWheelPX3@@	0x1b91540	12	Wheel	Wheel;BaseRefCount<1>;RefCountBaseT<1>	
Windlet	.?AVWindlet@@	0x1a8bd28,0x1a8c9a8@24,0x1a8c9d0@48	399,4,23	Entity	Entity;ObjectTyped;Object;NetworkObject;RemoveSoftLinks<SoftLinkIdTraits<ObjectId,ObjectIdAutoDestroy>>;BaseRefCount<1>;RefCountBaseT<1>;NetworkSimpleObject;CountInstances<Object>;EPEItem;TLinkBidir<1>;NoCopy;Animated	MI
WindSock	.?AVWindSock@@	0x1be41b8,0x1be4e38@24,0x1be4e60@48	399,4,23	Entity	Entity;ObjectTyped;Object;NetworkObject;RemoveSoftLinks<SoftLinkIdTraits<ObjectId,ObjectIdAutoDestroy>>;BaseRefCount<1>;RefCountBaseT<1>;NetworkSimpleObject;CountInstances<Object>;EPEItem;TLinkBidir<1>;NoCopy;Animated	MI
WindSockType	.?AVWindSockType@@	0x1be4028,0x1be4168@24,0x1be41a0@32	39,6,2	EntityType	EntityType;RemoveLLinks;BaseRefCount<1>;RefCountBaseT<1>;LODShapeLoadHandler;AnimatedType;LinkBidirWithFrameStoreT<FrameStoreTraits>;TLinkBidir<2>;NoCopy	MI
WingVortexType	.?AUWingVortexType@@	0x1bbaa20	3	BaseRefCount<1>	BaseRefCount<1>;RefCountBaseT<1>	
WinImage	.?AVWinImage@@	0x1b70b60	2	GdiImage	GdiImage;GdiObject<HBITMAP__*>	
World	.?AVWorld@@	0x1c7a6e8	2	MissionEventSource;NoCopy	MissionEventSource;EventHandlerGroupContainer_Simple<EventHandlerContainerSerialized_AutoArrayWithIDCompat<EventHandlerArgsSerialized_AutoArrayWithIDCompat>,55,enum MissionEvent>;NoCopy	MI
World::PostUIJob	.?AVPostUIJob@World@@					no-col
World::ShowMap()::`27'::PostPonedPreloadAroundCameraSync	.?AVPostPonedPreloadAroundCameraSync@?BL@??ShowMap@World@@QEAAX_N0@Z@	0x1c7b670	4	IPostponedEvent	IPostponedEvent;BaseRefCount<1>;RefCountBaseT<1>	
World::Simulate()::`2'::SoundMainTask	.?AVSoundMainTask@?1??Simulate@World@@QEAAXMAEA_N0@Z@	0x1c7b128	3	IMicroJob	IMicroJob;enf::Job;enf::JobCommon;enf::JobCore	
WorldRTD	.?AVWorldRTD@@	0x1c7a5c8,0x1c7a6d0@8	32,2	RTD::World	RTD::World;RTD::Base;RTD::TraitTerrainQueryCallbackUser	MI
WoundInfo	.?AVWoundInfo@@	0x1b398a0	3	BaseRefCount<1>	BaseRefCount<1>;RefCountBaseT<1>	
WoundTextureSelectionsBasicDef	.?AUWoundTextureSelectionsBasicDef@@	0x1c55428	2	WoundTextureSelectionsDef	WoundTextureSelectionsDef	
WoundTextureSelectionsDef	.?AUWoundTextureSelectionsDef@@	0x1c55410	2			
WoundTextureSelectionsNameDef	.?AUWoundTextureSelectionsNameDef@@	0x1c55440	2	WoundTextureSelectionsBasicDef	WoundTextureSelectionsBasicDef;WoundTextureSelectionsDef	
XA2APOEffect<CompressorAPOParams>	.?AV?$XA2APOEffect@UCompressorAPOParams@@@@					no-col
XA2APOEffect<FXECHO_PARAMETERS>	.?AV?$XA2APOEffect@UFXECHO_PARAMETERS@@@@					no-col
XA2APOEffect<FXEQ_PARAMETERS>	.?AV?$XA2APOEffect@UFXEQ_PARAMETERS@@@@					no-col
XA2APOEffect<MonoAPOParams>	.?AV?$XA2APOEffect@UMonoAPOParams@@@@					no-col
XA2APOEffect<Stereo3DEffectPars>	.?AV?$XA2APOEffect@UStereo3DEffectPars@@@@					no-col
XA2APOEffectNoPars	.?AVXA2APOEffectNoPars@@	0x1b5fe60	7	BaseRefCount<1>;NoCopy	BaseRefCount<1>;RefCountBaseT<1>;NoCopy	MI
XA2Compressor	.?AVXA2Compressor@@	0x1b5dde0	9	XA2APOEffect<CompressorAPOParams>	XA2APOEffect<CompressorAPOParams>;XA2APOEffectNoPars;BaseRefCount<1>;RefCountBaseT<1>;NoCopy	MI
XA2Echo	.?AVXA2Echo@@	0x1b5de30	9	XA2APOEffect<FXECHO_PARAMETERS>	XA2APOEffect<FXECHO_PARAMETERS>;XA2APOEffectNoPars;BaseRefCount<1>;RefCountBaseT<1>;NoCopy	MI
XA2EffectChain	.?AVXA2EffectChain@@	0x1b5fea0	1			
XA2Equalizer	.?AVXA2Equalizer@@	0x1b5c848	9	XA2APOEffect<FXEQ_PARAMETERS>	XA2APOEffect<FXEQ_PARAMETERS>;XA2APOEffectNoPars;BaseRefCount<1>;RefCountBaseT<1>;NoCopy	MI
XA2MonoEffect	.?AVXA2MonoEffect@@	0x1b5c7f8	9	XA2APOEffect<MonoAPOParams>	XA2APOEffect<MonoAPOParams>;XA2APOEffectNoPars;BaseRefCount<1>;RefCountBaseT<1>;NoCopy	MI
XA2Stereo3D	.?AVXA2Stereo3D@@	0x1b5de80	9	XA2APOEffect<Stereo3DEffectPars>	XA2APOEffect<Stereo3DEffectPars>;XA2APOEffectNoPars;BaseRefCount<1>;RefCountBaseT<1>;NoCopy	MI
XAPOBaseHelpers	.?AUXAPOBaseHelpers@@					no-col
XController	.?AVXController@@	0x1c5d5e0	25	IJoystick	IJoystick;BaseRefCount<1>;RefCountBaseT<1>	
Z::AEBH::ExtendedResult<bool,0,AutoArray<int,MemAllocD>,AutoArrayTrait<int>,&AutoArrayTrait<int>::StoreInfo>	.?AV?$ExtendedResult@_N$0A@V?$AutoArray@HVMemAllocD@@@@U?$AutoArrayTrait@H@@$1?StoreInfo@2@SAIAEAV1@AEBH@Z@@	0x1b359a0	4	IStringifyPolicy<AutoArrayTrait<int>,int>	IStringifyPolicy<AutoArrayTrait<int>,int>	
Zoom	.?AVZoom@@	0x1b2c660	4	SerializeClass	SerializeClass	
