name	kind	left_type	right_type	return_type	handler	priority	category	since	left_name	right_name	site
!	unary		BOOL	BOOL	0x2cf500		Default			a	0x2dc97a
!=	binary	BOOL	BOOL	BOOL	0x2d0bc0	3	Default		a	b	0x2de4bf
!=	binary	CONFIG	CONFIG	BOOL	0x80dd30	4	General	2.58	config1	config2	0x4fc9c0
!=	binary	CONTROL	CONTROL	BOOL	0x8d0350	4	General	2.50	control1	control2	0x4fe7a8
!=	binary	DIARY_RECORD	DIARY_RECORD	BOOL	0xdfd7f0	4	Identity	1.99	diaryRecord1	diaryRecord2	0xe0267b
!=	binary	DISPLAY	DISPLAY	BOOL	0x8d6640	4	General	2.50	display1	display2	0x4fdf80
!=	binary	GROUP	GROUP	BOOL	0x4b8a50	4	General		grp1	grp2	0x4eac48
!=	binary	LOCATION	LOCATION	BOOL	0xd03910	4	Location		location1	location2	0xd02c24
!=	binary	NAMESPACE	NAMESPACE	BOOL	0x521a00	4	General		namespace1	namespace2	0x4eb05c
!=	binary	NetObject	NetObject	BOOL	0x522b50	4	General	69527	netObj1	netObj2	0x509997
!=	binary	OBJECT	OBJECT	BOOL	0x5261d0	4	General		obj1	obj2	0x4eaaec
!=	binary	SCALAR|NaN	SCALAR|NaN	BOOL	0x2d0bc0	3	Default		a	b	0x2de3c8
!=	binary	SIDE	SIDE	BOOL	0x55bce0	4	General		side1	side2	0x4eada4
!=	binary	STRING	STRING	BOOL	0x2ed530	3	Default		a	b	0x2de5bd
!=	binary	TASK	TASK	BOOL	0xe09ba0	4	Identity	2.92	task1	task2	0xe0256b
!=	binary	TEAM_MEMBER	TEAM_MEMBER	BOOL	0x196d30	4	Agents	2.90	teamMember1	teamMember2	0x50791c
!=	binary	TEXT	TEXT	BOOL	0x4a3b00	4	General	2.01	text1	text2	0x4eaf00
#	binary	ARRAY	SCALAR	ANY	0x2e5570	10	Default		array	index	0x2decce
%	binary	SCALAR|NaN	SCALAR|NaN	SCALAR|NaN	0x2f4350	7	Default		a	b	0x2ddf12
&&	binary	BOOL	BOOL	BOOL	0x2cf3d0	2	Default		a	b	0x2de7da
&&	binary	BOOL	CODE	BOOL	0x2cf460	2	Default		a	b	0x2dea0e
*	binary	EXPRESSION	EXPRESSION	EXPRESSION	0x382160	7	Simple expression		expr1	expr2	0x38301c
*	binary	EXPRESSION	SCALAR	EXPRESSION	0x382190	7	Simple expression		expr	val	0x38308d
*	binary	SCALAR	EXPRESSION	EXPRESSION	0x3844f0	7	Simple expression		val	expr	0x3830fe
*	binary	SCALAR|NaN	SCALAR|NaN	SCALAR|NaN	0x2ed050	7	Default		a	b	0x2dde31
+	binary	ARRAY	ARRAY	ARRAY	0x2e1bf0	6	Default		arrayA	arrayB	0x2de6d1
+	binary	EXPRESSION	EXPRESSION	EXPRESSION	0x381930	6	Simple expression		expr1	expr2	0x38316f
+	binary	EXPRESSION	SCALAR	EXPRESSION	0x381960	6	Simple expression		expr	val	0x3831e0
+	binary	SCALAR	EXPRESSION	EXPRESSION	0x384290	6	Simple expression		val	expr	0x383251
+	binary	SCALAR|NaN	SCALAR|NaN	SCALAR|NaN	0x2ed000	6	Default		a	b	0x2de078
+	binary	STRING	STRING	STRING	0x2ed230	6	Default		stringA	stringB	0x2de647
+	unary		ARRAY	ARRAY	0x2e7ea0		Default			a	0x2dc898
+	unary		EXPRESSION	EXPRESSION	0x3822c0		Simple expression			expr	0x382aed
+	unary		HASHMAP	HASHMAP	0x81b010		General	2.02		HashMap	0x81fe31
+	unary		SCALAR|NaN	SCALAR|NaN	0x2e7ea0		Default			a	0x2dc820
-	binary	ARRAY	ARRAY	ARRAY	0x2e5dc0	6	Default		arrayA	arrayB	0x2de754
-	binary	EXPRESSION	EXPRESSION	EXPRESSION	0x382710	6	Simple expression		expr1	expr2	0x3832c2
-	binary	EXPRESSION	SCALAR	EXPRESSION	0x382740	6	Simple expression		expr	val	0x383333
-	binary	SCALAR	EXPRESSION	EXPRESSION	0x384910	6	Simple expression		val	expr	0x3833a4
-	binary	SCALAR|NaN	SCALAR|NaN	SCALAR|NaN	0x2e9bd0	6	Default		a	b	0x2de0e6
-	unary		EXPRESSION	EXPRESSION	0x3821c0		Simple expression			expr	0x382b3b
-	unary		SCALAR|NaN	SCALAR|NaN	0x2e5f90		Default			a	0x2dc910
/	binary	CONFIG	STRING	CONFIG	0x80e260	3	General	2.92	config	name	0x4fc7b6
/	binary	EXPRESSION	EXPRESSION	EXPRESSION	0x381a50	7	Simple expression		expr1	expr2	0x382ec5
/	binary	EXPRESSION	SCALAR	EXPRESSION	0x381a80	7	Simple expression		expr	val	0x382f3a
/	binary	SCALAR	EXPRESSION	EXPRESSION	0x384320	7	Simple expression		val	expr	0x382fab
/	binary	SCALAR|NaN	SCALAR|NaN	SCALAR|NaN	0x2e7ee0	7	Default		a	b	0x2dde9e
:	binary	SWITCH	CODE	NOTHING	0x2f4d30	4	Default		a	b	0x2e03d0
<	binary	EXPRESSION	EXPRESSION	EXPRESSION	0x3824b0	3	Simple expression		expr1	expr2	0x383c07
<	binary	EXPRESSION	SCALAR	EXPRESSION	0x3824e0	3	Simple expression		expr	val	0x383c71
<	binary	SCALAR	EXPRESSION	EXPRESSION	0x3846a0	3	Simple expression		val	expr	0x383cd4
<	binary	SCALAR|NaN	SCALAR|NaN	BOOL	0x2d0ae0	3	Default		a	b	0x2de2c6
<=	binary	EXPRESSION	EXPRESSION	EXPRESSION	0x382450	3	Simple expression		expr1	expr2	0x383ab4
<=	binary	EXPRESSION	SCALAR	EXPRESSION	0x382480	3	Simple expression		expr	val	0x383b25
<=	binary	SCALAR	EXPRESSION	EXPRESSION	0x384670	3	Simple expression		val	expr	0x383b96
<=	binary	SCALAR|NaN	SCALAR|NaN	BOOL	0x2d0b50	3	Default		a	b	0x2de1d6
==	binary	BOOL	BOOL	BOOL	0x2d0990	3	Default		a	b	0x2de447
==	binary	CONFIG	CONFIG	BOOL	0x80dd00	4	General	2.58	config1	config2	0x4fc912
==	binary	CONTROL	CONTROL	BOOL	0x8d02f0	4	General	2.50	control1	control2	0x4fe6fa
==	binary	DIARY_RECORD	DIARY_RECORD	BOOL	0xdfd720	4	Identity	1.99	diaryRecord1	diaryRecord2	0xe025fc
==	binary	DISPLAY	DISPLAY	BOOL	0x8d65e0	4	General	2.50	display1	display2	0x4fded2
==	binary	GROUP	GROUP	BOOL	0x4b89f0	4	General		grp1	grp2	0x4eab9a
==	binary	LOCATION	LOCATION	BOOL	0xd03840	4	Location		location1	location2	0xd02bba
==	binary	NAMESPACE	NAMESPACE	BOOL	0x521950	4	General		namespace1	namespace2	0x4eafae
==	binary	NetObject	NetObject	BOOL	0x522af0	4	General	69527	netObj1	netObj2	0x5098e9
==	binary	OBJECT	OBJECT	BOOL	0x526170	4	General		obj1	obj2	0x4eaa3e
==	binary	SCALAR|NaN	SCALAR|NaN	BOOL	0x2d0990	3	Default		a	b	0x2de33e
==	binary	SIDE	SIDE	BOOL	0x55bc30	4	General		side1	side2	0x4eacf6
==	binary	STRING	STRING	BOOL	0x2ed410	3	Default		a	b	0x2de545
==	binary	TASK	TASK	BOOL	0xe09ad0	4	Identity	2.92	task1	task2	0xe024e8
==	binary	TEAM_MEMBER	TEAM_MEMBER	BOOL	0x196cd0	4	Agents	2.90	teamMember1	teamMember2	0x50786e
==	binary	TEXT	TEXT	BOOL	0x4a3ad0	4	General	2.01	text1	text2	0x4eae52
>	binary	EXPRESSION	EXPRESSION	EXPRESSION	0x3819f0	3	Simple expression		expr1	expr2	0x383961
>	binary	EXPRESSION	SCALAR	EXPRESSION	0x381a20	3	Simple expression		expr	val	0x3839d2
>	binary	SCALAR	EXPRESSION	EXPRESSION	0x3842f0	3	Simple expression		val	expr	0x383a43
>	binary	SCALAR|NaN	SCALAR|NaN	BOOL	0x2d0a00	3	Default		a	b	0x2de24e
>=	binary	EXPRESSION	EXPRESSION	EXPRESSION	0x381990	3	Simple expression		expr1	expr2	0x38380e
>=	binary	EXPRESSION	SCALAR	EXPRESSION	0x3819c0	3	Simple expression		expr	val	0x38387f
>=	binary	SCALAR	EXPRESSION	EXPRESSION	0x3842c0	3	Simple expression		val	expr	0x3838f0
>=	binary	SCALAR|NaN	SCALAR|NaN	BOOL	0x2d0a70	3	Default		a	b	0x2de15e
>>	binary	CONFIG	STRING	CONFIG	0x80e280	3	General	2.35	config	name	0x4fc708
^	binary	SCALAR|NaN	SCALAR|NaN	SCALAR|NaN	0x2e60b0	9	Default		a	b	0x2dddc4
abs	unary		EXPRESSION	EXPRESSION	0x381830		Simple expression			absolute value	0x382cc7
abs	unary		SCALAR	EXPRESSION	0x384170		Simple expression			absolute value	0x382c64
abs	unary		SCALAR|NaN	SCALAR|NaN	0x2ce080		Default			x	0x2dc611
accTime	nular			SCALAR	0x8a7170		General				0x8abccc
acos	unary		SCALAR|NaN	SCALAR|NaN	0x2cddc0		Default			x	0x2dc276
action	binary	OBJECT	ARRAY	NOTHING	0x56e4d0	4	General		unit	action	0x4f233a
action	unary		ARRAY	NOTHING	0x560420		General	2.10		actionParams	0x4e1d17
actionIDs	unary		OBJECT	ARRAY	0x572070		General			entity	0x4de047
actionKeys	unary		ARRAY	ARRAY	0x495d10		General	2.08		[action]	0x4e171e
actionKeys	unary		STRING	ARRAY	0x495b50		General	2.01		action	0x4c4882
actionKeysEx	unary		STRING	ARRAY	0x495f60		General			action	0x4e1c8c
actionKeysImages	unary		STRING|ARRAY	TEXT	0x496dd0		General	2.01		action or [action, maxKeys]	0x4c4aae
actionKeysNames	unary		STRING|ARRAY	STRING	0x4970a0		General	2.01		action or [action, maxKeys] or [action, maxKeys, inputDevicePriority]	0x4c490d
actionKeysNamesArray	unary		STRING|ARRAY	ARRAY	0x497440		General	2.01		action or [action, maxKeys] or [action, maxKeys, inputDevicePriority]	0x4c4998
actionName	unary		STRING	STRING	0x497da0		General	2.01		action	0x4c4a23
actionNow	binary	OBJECT	ARRAY	NOTHING	0x56d830	4	General	2.18	object	action	0x512391
actionParams	binary	OBJECT	SCALAR	ARRAY	0x569f80	4	General	1.64	unit	actionID	0x4f25f2
activateAddons	unary		ARRAY	NOTHING	0x47db50		General	2.32		[addon1, ...]	0x4c5a6d
activatedAddons	nular			ARRAY	0x8a57b0		General	5501			0x8ae035
activateKey	unary		STRING	NOTHING	0x51a7a0		General	2.06		keyName	0x4c4f91
activeTitleEffectParams	unary		SCALAR	ARRAY	0x497e60		General	2.10		layerNumber	0x4e1da2
add3DENConnection	unary		ARRAY	NOTHING	0x7f3b20		General			[<type>, [<from>,...], <to>]	0x7fda23
add3DENEventHandler	unary		ARRAY	SCALAR	0x7f3bf0		General			[<type>, <code>]	0x7fd6e8
add3DENLayer	binary	SCALAR	STRING	SCALAR	0x7f4050	4	General		<layerID>	<name>	0x7fe7d5
addAction	binary	OBJECT	ARRAY	NOTHING|SCALAR	0x5677c0	4	General	1.10	unit	[action, script filename or code(, arguments, priority, showWindow, hideOnUse, shortcut, condition, radius, showUnconscious)]	0x4f23e8
addBackpack	binary	OBJECT	STRING	NOTHING	0x8319f0	4	General		unit	backpackName	0x4e95da
addBackpackCargo	binary	OBJECT	ARRAY	NOTHING	0x838af0	4	General		unit	backpacks	0x4efc7c
addBackpackCargoGlobal	binary	OBJECT	ARRAY	NOTHING	0x838e30	4	General		unit	backpacks	0x4eff34
addBackpackGlobal	binary	OBJECT	STRING	NOTHING	0x831b10	4	General		unit	backpackName	0x4e9688
addBinocularItem	binary	OBJECT	STRING	NOTHING	0x839640	4	General	2.01	unit	item	0x50ec83
addCamShake	unary		ARRAY	NOTHING	0x805e00		General	5501		[power, duration, frequency]	0x4cda91
addCuratorAddons	binary	OBJECT	ARRAY	NOTHING	0x823b20	4	General		curatorObj	[addons]	0x509194
addCuratorCameraArea	binary	OBJECT	ARRAY	NOTHING	0x823ee0	4	General		curatorObj	[cameraAreaID,  [position],radius]	0x508ac8
addCuratorEditableObjects	binary	OBJECT	ARRAY	NOTHING	0x824230	4	General		curatorObj	[[objects],addCrew = true]	0x50896c
addCuratorEditingArea	binary	OBJECT	ARRAY	NOTHING	0x8244b0	4	General		curatorObj	[editAreaID, [position], radius]	0x508cd2
addCuratorPoints	binary	OBJECT	SCALAR	NOTHING	0x825450	4	General		curatorObj	number of points	0x508a1a
addCuratorSelected	unary		ARRAY	NOTHING	0x825600		General	2.14		items	0x4d8ed5
addEditorObject	binary	CONTROL	ARRAY	STRING	0x13caef0	4	Editor	2.92	map	[type, [name1, value1, ...], subtype class]	0x13c8122
addEventHandler	binary	GROUP	ARRAY	NOTHING|SCALAR	0x190520	4	General	2.10	group	[handlerType, handler]	0x5105a9
addEventHandler	binary	OBJECT	ARRAY	NOTHING|SCALAR	0x185470	4	General	1.85	object	handler	0x4f28aa
addForce	binary	OBJECT	ARRAY	NOTHING	0x1a5130	4	General	1.80	vehicle	[force, position]	0x50deeb
addForceGeneratorRTD	unary		ARRAY	SCALAR	0x891e00		General	TOH 81393		[bool enabled, int type, vec3 strengh, vec3 position, vec3 radius, vec3 orientation, object AttachTo]	0x4d791d
addGoggles	binary	OBJECT	STRING	NOTHING	0x8436b0	4	General		unit	type	0x4ef2f8
addGroupIcon	binary	GROUP	ARRAY	SCALAR	0x18d2f0	4	General	5501	group	properties	0x4f9ce4
addHandgunItem	binary	OBJECT	STRING	NOTHING	0x839670	4	General		unit	item	0x4ef7ba
addHeadgear	binary	OBJECT	STRING	NOTHING	0x8436e0	4	General		unit	weapons	0x4ef24a
addItem	binary	OBJECT	STRING	NOTHING	0x839160	4	General		unit	item	0x4ee356
addItemCargo	binary	OBJECT	ARRAY	NOTHING	0x8391e0	4	General		unit	[item, count]	0x4efbce
addItemCargoGlobal	binary	OBJECT	ARRAY	NOTHING	0x839420	4	General		unit	[item, count]	0x4effe2
addItemPool	unary		ARRAY	NOTHING	0x8b89d0		General	1.75			0x8b43cd
addItemToBackpack	binary	OBJECT	STRING	NOTHING	0x839180	4	General		unit	item	0x4ee560
addItemToUniform	binary	OBJECT	STRING	NOTHING	0x8391a0	4	General		unit	item	0x4ee404
addItemToVest	binary	OBJECT	STRING	NOTHING	0x8391c0	4	General		unit	item	0x4ee4b2
addLiveStats	binary	OBJECT	SCALAR	NOTHING	0x523490	4	General	2.10	unit	score	0x4e6a5a
addMagazine	binary	OBJECT	ARRAY	NOTHING	0x83a4a0	4	General		unit	[magazineName, ammo count]	0x4e906a
addMagazine	binary	OBJECT	STRING	NOTHING	0x839ba0	4	General		unit	magazineName	0x4e8fbc
addMagazineAmmoCargo	binary	OBJECT	ARRAY	NOTHING	0x83a020	4	General		unit	magazines	0x4efe86
addMagazineCargo	binary	OBJECT	ARRAY	NOTHING	0x83a8f0	4	General		unit	magazines	0x4efb20
addMagazineCargoGlobal	binary	OBJECT	ARRAY	NOTHING	0x83ab60	4	General		unit	magazines	0x4efdd8
addMagazineGlobal	binary	OBJECT	STRING	NOTHING	0x83ae00	4	General		unit	magazineName	0x4e8f0e
addMagazinePool	unary		ARRAY	NOTHING	0x8b8b20		General	1.75			0x8b4378
addMagazines	binary	OBJECT	ARRAY	NOTHING	0x83b290	4	General		unit	[magazineName, count]	0x4e9118
addMagazinesTurret	binary	OBJECT	ARRAY	NOTHING	0x523b20	4	General		transport	[magazineName, turretpath, quantity]	0x513285
addMagazineTurret	binary	OBJECT	ARRAY	NOTHING	0x5235c0	4	General		transport	[magazineName, turret path, (ammo count)]	0x4e91c6
addMenu	binary	CONTROL	ARRAY	SCALAR	0x13ca740	4	Editor	2.92	map	[text,priority]	0x13c8d06
addMenuItem	binary	CONTROL	ARRAY	SCALAR	0x13caa70	4	Editor	2.92	map	[menu or index,text,command,priority]	0x13c88e1
addMissionEventHandler	unary		ARRAY	SCALAR	0x1830e0		General	TOH 85057		[type, command(, args)]	0x4ce799
addMPEventHandler	binary	OBJECT	ARRAY	NOTHING|SCALAR	0x1857c0	4	General	1.85	object	handler	0x4f2ab4
addMusicEventHandler	unary		ARRAY	SCALAR	0x183660		General	92910		[type, function]	0x4d9cf3
addonFiles	unary		ARRAY	ARRAY	0x498010		General			[pboPrefix, (fileExtension)]	0x4dfae2
addOwnedMine	binary	OBJECT	OBJECT	NOTHING	0x523ed0	4	General		unit	item	0x4ee60e
addPlayerScores	binary	OBJECT	ARRAY	NOTHING	0x523f90	4	General		unit	[killsInfantry , killsSoft, killsArmor, killsAir, killed]	0x4e69ac
addPrimaryWeaponItem	binary	OBJECT	STRING	NOTHING	0x8396a0	4	General		unit	item	0x4ef65e
addPublicVariableEventHandler	binary	STRING	ARRAY	NOTHING	0x1809f0	4	General		name	[target, code]	0x4f8be6
addPublicVariableEventHandler	binary	STRING	CODE	NOTHING	0x1809f0	4	General		name	code	0x4f8b38
addRating	binary	OBJECT	SCALAR	NOTHING	0x5233d0	4	General		unit	number	0x4e67a2
addResources	binary	TEAM_MEMBER	ARRAY	NOTHING	0x196b70	4	Agents	2.90	teamMember	[resource1, resource2, ...]	0x5079ca
addScore	binary	OBJECT	SCALAR	NOTHING	0x524280	4	General		unit	score	0x4e6850
addScoreSide	binary	SIDE	SCALAR	NOTHING	0x5243b0	4	General		side	score	0x4e68fe
addSecondaryWeaponItem	binary	OBJECT	STRING	NOTHING	0x8396d0	4	General		unit	item	0x4ef70c
addSwitchableUnit	unary		OBJECT	NOTHING	0x47d8c0		General	2.92		person	0x4c7025
addTeamMember	binary	TEAM_MEMBER	TEAM_MEMBER	NOTHING	0x196b00	4	Agents	2.90	team	member	0x507712
addToRemainsCollector	unary		ARRAY	NOTHING	0x47d940		General			array	0x4dbbe6
addTorque	binary	OBJECT	ARRAY	NOTHING	0x1a53e0	4	General	1.80	vehicle	[x, z, y]	0x50df99
addUniform	binary	OBJECT	STRING	NOTHING	0x843f80	4	General		unit	type	0x4ef19c
addUserActionEventHandler	unary		ARRAY	SCALAR	0x180be0		General	2.06		[keyName, eventType, expression]	0x4e0d58
addVehicle	binary	GROUP	OBJECT	NOTHING	0x190740	4	General	5128	group	vehicle	0x4f83be
addVest	binary	OBJECT	STRING	NOTHING	0x843fb0	4	General		unit	type	0x4eee36
addWaypoint	binary	GROUP	ARRAY	ARRAY	0x8f61b0	4	General	1.86	group	[center, radius] or [center, radius, index] or [center, radius, index, name]	0x4f3dbc
addWeapon	binary	OBJECT	STRING|ARRAY	NOTHING	0x83b700	4	General		unit	weaponName or [weaponName, (autoselect)]	0x4e8c56
addWeaponCargo	binary	OBJECT	ARRAY	NOTHING	0x83b720	4	General		unit	weapons	0x4ede94
addWeaponCargoGlobal	binary	OBJECT	ARRAY	NOTHING	0x83b980	4	General		unit	weapons	0x4efd2a
addWeaponGlobal	binary	OBJECT	STRING|ARRAY	NOTHING	0x83bff0	4	General		unit	weaponName or [weaponName, (autoselect)]	0x4e899e
addWeaponItem	binary	OBJECT	ARRAY	NOTHING	0x839700	4	General		unit	[weapon,item,instant = false]	0x4ef5b0
addWeaponPool	unary		ARRAY	NOTHING	0x8b8c70		General	1.75		[name, count]	0x8b4323
addWeaponTurret	binary	OBJECT	ARRAY	NOTHING	0x83c010	4	General		vehicle	[weaponName,turret array]	0x4e8d04
addWeaponWithAttachmentsCargo	binary	OBJECT	ARRAY	NOTHING	0x83c030	4	General	dedmen	unit	weapons	0x4e8a4c
addWeaponWithAttachmentsCargoGlobal	binary	OBJECT	ARRAY	NOTHING	0x83c050	4	General	dedmen	unit	weapons	0x4e8afa
admin	unary		SCALAR	SCALAR	0x8b3950		General			ownerID	0x8b51fc
agent	unary		TEAM_MEMBER	OBJECT	0x196f80		Agents	2.90		agent	0x4d6aff
agents	nular			ARRAY	0x897560		Agents	2.92			0x897326
AGLToASL	unary		ARRAY	ARRAY	0x538e90		General			posAGL	0x4bdea1
aimedAtTarget	binary	OBJECT	ARRAY	SCALAR	0x47df90	4	General	5501	vehicle	[target, weapon]	0x4fafec
aimPos	unary		OBJECT	ARRAY	0x52f8b0		General	OA 93598		obj	0x4be158
airDensityCurveRTD	nular			ARRAY	0x892830		General	TOH 81393			0x514673
airDensityRTD	unary		SCALAR	SCALAR	0x892c10		General	TOH 81393		altitude	0x4d777c
airplaneThrottle	unary		OBJECT	SCALAR	0x892c70		General	141461		airplane	0x4dec39
airportSide	unary		OBJECT|SCALAR	SIDE	0x47e2b0		General	2.92		airportId	0x4ce1a0
AISFinishHeal	unary		ARRAY	NOTHING	0x47d2b0		General	5501		[unit,unit,bool]	0x4cb51a
alive	unary		OBJECT	BOOL	0x5246e0		General			obj	0x4bd792
all3DENEntities	nular			ARRAY	0x7f4620		General				0x7fd441
allActiveTitleEffects	nular			ARRAY	0x89a9b0		General				0x8a1ca0
allAddonsInfo	nular			ARRAY	0x89abd0		General				0x8a1ceb
allAirports	nular			ARRAY	0x8992e0		General	142010			0x8a19e8
allCameras	nular			ARRAY	0x807e30		General	2.18			0x8a27cb
allControls	unary		CONTROL	ARRAY	0x8cd3f0		General			controlGroup	0x4d1e70
allControls	unary		DISPLAY	ARRAY	0x8cd820		General			display	0x4d011e
allCurators	nular			ARRAY	0x826880		General				0x514925
allCutLayers	nular			ARRAY	0x8a71a0		General				0x8ad408
allDead	nular			ARRAY	0x8a7300		General	5501			0x8ad57f
allDeadMen	nular			ARRAY	0x8a7490		General	5501			0x8ad5ca
allDiaryRecords	binary	OBJECT	STRING	ARRAY	0xdff770	4	Identity	2.10	person	subject	0xe02f1d
allDiarySubjects	unary		OBJECT	ARRAY	0xdff950		Identity			person	0xe01da4
allDisplays	nular			ARRAY	0x89b0c0		General				0x8a1544
allEnv3DSoundSources	nular			ARRAY	0x89b390		General	2.08			0x8a2387
allExtensions	nular			ARRAY	0x188bb0		General	2.18			0x8a2868
allGroups	nular			ARRAY	0x8a7b00		General	5501			0x8ad534
allLODs	unary		OBJECT|STRING	ARRAY	0x49a5c0		Agents	2.06		objectOrModel	0x4d720e
allMapMarkers	nular			ARRAY	0x8b1d20		General	97274 A3			0x8ae798
allMines	nular			ARRAY	0x89b400		General				0x8a135f
allMissionObjects	unary		STRING	ARRAY	0x49aab0		General			type	0x4bf5fa
allObjects	binary	SCALAR	SCALAR	ARRAY	0x49b3e0	4	General		objectType	objectCollection	0x510c75
allObjects	binary	STRING	SCALAR	ARRAY	0x49b4b0	4	General		className	objectCollection	0x5111e5
allow3DMode	binary	CONTROL	BOOL	NOTHING	0x13cb400	4	Editor	2.92	map	bool	0x13c9300
allowCrewInImmobile	binary	OBJECT	BOOL|ARRAY	NOTHING	0x47e3b0	4	General	86244	vehicle	enable or [enable, force]	0x4fc03c
allowCuratorLogicIgnoreAreas	binary	OBJECT	BOOL	NOTHING	0x8256c0	4	General		curatorObj	allow?	0x50939e
allowDamage	binary	OBJECT	BOOL	NOTHING	0x524bd0	4	General		obj	allow	0x4e78a0
allowDammage	binary	OBJECT	BOOL	NOTHING	0x524bb0	4	General		obj	allow	0x4e794e
allowedService	unary		OBJECT	SCALAR	0x47e5e0		General	2.12		vehicle	0x4e253c
allowFileOperations	binary	CONTROL	BOOL	NOTHING	0x13cb520	4	Editor	2.92	map	bool	0x13c9375
allowFleeing	binary	OBJECT|GROUP	SCALAR	NOTHING	0x1907c0	4	General		unit	courage	0x4ed66c
allowGetIn	binary	ARRAY	BOOL	NOTHING	0x51ca20	4	General		unitArray	allow	0x4eb470
allowService	binary	OBJECT	SCALAR	NOTHING	0x47e540	4	General	2.12	vehicle	mode	0x511341
allowSprint	binary	OBJECT	BOOL	NOTHING	0x524d20	4	General	129500	player	enabled	0x50c3bb
allPlayers	nular			ARRAY	0x8a7d10		General	5501			0x8ad453
allSimpleObjects	unary		ARRAY	ARRAY	0x4b23e0		General	OA 94061		type	0x4ceb66
allSites	nular			ARRAY	0x8a8250		General	5501			0x8ad4e9
allTurrets	unary		ARRAY	ARRAY	0x49bb80		General			[vehicle, includePersonTurrets]	0x4dbf28
allTurrets	unary		OBJECT	ARRAY	0x49ba10		General			vehicle	0x4dbfb3
allUnits	nular			ARRAY	0x8a8440		General	5501			0x8ad49e
allUnitsUAV	nular			ARRAY	0x89b4e0		General	106264			0x8a10a7
allUsers	nular			ARRAY	0x8994d0		General	2.06			0x8a229f
allVariables	unary		CONTROL	ARRAY	0x13c6830		Editor			map	0x13c7e13
allVariables	unary		DISPLAY	ARRAY	0x8cdc30		General			display	0x4d0234
allVariables	unary		GROUP	ARRAY	0x49a4d0		General			group	0x4dc26a
allVariables	unary		LOCATION	ARRAY	0xd011e0		Location			location	0xd01ebd
allVariables	unary		NAMESPACE	ARRAY	0x49b120		General			missionNameSpace	0x4dc154
allVariables	unary		OBJECT	ARRAY	0x49b2e0		General			object	0x4dc1df
allVariables	unary		TASK	ARRAY	0xdffd30		Identity			task	0xe01d3a
allVariables	unary		TEAM_MEMBER	ARRAY	0x49b920		Agents			teamMember	0x4d6fe2
ambientTemperature	nular			ARRAY	0x89b5d0		General	2.06			0x8a2335
ammo	binary	OBJECT	STRING	SCALAR	0x524dd0	4	General		gunner or vehicle	muzzle	0x4e86e6
ammoOnPylon	binary	OBJECT	STRING|SCALAR	SCALAR	0x49bde0	4	General	140308	vehicle	pylon name/index	0x514383
and	binary	BOOL	BOOL	BOOL	0x2cf3b0	2	Default		a	b	0x2de859
and	binary	BOOL	CODE	BOOL	0x2cf440	2	Default		a	b	0x2dea9b
angularVelocity	unary		OBJECT	ARRAY	0x5290b0		General	2.18		vehicle	0x4e3018
angularVelocityModelSpace	unary		OBJECT	ARRAY	0x529130		General	2.18		vehicle	0x4e30a3
animate	binary	OBJECT	ARRAY	NOTHING	0x8b6310	4	General	1.75	object	[animation, phase, instant = false or speedCoef = 1.0]	0x8b5729
animateBay	binary	OBJECT	ARRAY	NOTHING	0x547530	4	General	140308	vehicle	[pylon name/index, anim phase (0-1)]	0x514227
animateDoor	binary	OBJECT	ARRAY	NOTHING	0x54faf0	4	General	TOH 83638	object	[doorname, phase, now]	0x50a5d3
animatePylon	binary	OBJECT	ARRAY	NOTHING	0x5476e0	4	General	140308	vehicle	[pylon name/index, anim phase (0-1)]	0x5142d5
animateSource	binary	OBJECT	ARRAY	NOTHING	0x8b6700	4	General	134736	object	[animation, phase, instant = false]	0x50c721
animationNames	unary		OBJECT	ARRAY	0x4abab0		General			entity	0x4dd938
animationPhase	binary	OBJECT	STRING	SCALAR	0x8b6720	4	General	1.75	object	animation	0x8b57b6
animationSourcePhase	binary	OBJECT	STRING	SCALAR	0x8b67b0	4	General	134736	object	animation	0x50c7cf
animationState	unary		OBJECT	STRING	0x56a520		General	2.92		man	0x4c72dc
apertureParams	nular			ARRAY	0x89b680		General	2.03			0x8a2039
append	binary	ARRAY	ARRAY	NOTHING	0x2e1e00	4	Default		arrayA	arrayB	0x2df3a6
apply	binary	ARRAY	CODE	ARRAY	0x2e2060	4	Default		array	code	0x2df7e6
apply	binary	HASHMAP	CODE	ARRAY	0x81aa30	4	General		HashMap	code	0x8205ef
armoryPoints	nular			SCALAR	0x8a8710		General	5500			0x8ad327
arrayIntersect	binary	ARRAY	ARRAY	ARRAY	0x2e3af0	4	Default		array	array	0x2dec3a
asin	unary		SCALAR|NaN	SCALAR|NaN	0x2cdea0		Default			x	0x2dc20c
ASLToAGL	unary		ARRAY	ARRAY	0x538fb0		General			posASL	0x4bdf2c
ASLToATL	unary		ARRAY	ARRAY	0x5390d0		General	OA 93641		pos	0x4bdd8b
assert	unary		BOOL	BOOL	0x2d2710		Default	2.00		condition	0x2dd054
assignAsCargo	binary	OBJECT	OBJECT	NOTHING	0x5250e0	4	General		soldier	vehicle	0x4ec4c0
assignAsCargoIndex	binary	OBJECT	ARRAY	NOTHING	0x5250e0	4	General		soldier	[vehicle, index]	0x4ec56e
assignAsCommander	binary	OBJECT	OBJECT	NOTHING	0x525370	4	General		soldier	vehicle	0x4ec208
assignAsDriver	binary	OBJECT	OBJECT	NOTHING	0x525420	4	General		soldier	vehicle	0x4ec2b6
assignAsGunner	binary	OBJECT	OBJECT	NOTHING	0x5254d0	4	General		soldier	vehicle	0x4ec364
assignAsTurret	binary	OBJECT	ARRAY	NOTHING	0x525580	4	General	82993 TOH	unit	[vehicle, [turretPath]]	0x4ec412
assignCurator	binary	OBJECT	OBJECT	NOTHING	0x8257f0	4	General		player	curatorObj	0x5090e6
assignedCargo	unary		OBJECT	ARRAY	0x52a9b0		General	5501		vehicle	0x4ca078
assignedCommander	unary		OBJECT	OBJECT	0x52ac80		General	5501		vehicle	0x4c9fed
assignedDriver	unary		OBJECT	OBJECT	0x52b860		General	5501		vehicle	0x4c9ed7
assignedGroup	unary		OBJECT	GROUP	0x197da0		General	2.12		vehicle	0x4e2310
assignedGunner	unary		OBJECT	OBJECT	0x52bff0		General	5501		vehicle	0x4c9f62
assignedItems	unary		OBJECT|ARRAY	ARRAY	0x83c530		General	5501		unit or [unit, allItems, includeBinocs]	0x4cc8a6
assignedTarget	unary		OBJECT	OBJECT	0x1cc160		General	2.92		vehicle	0x4c7a76
assignedTeam	unary		OBJECT	STRING	0x47ee80		General	2.05		vehicle	0x4c4e7b
assignedVehicle	unary		OBJECT	OBJECT	0x529220		General	5130		person	0x4c7db8
assignedVehicleRole	unary		OBJECT	ARRAY	0x529290		General	5130		person	0x4c7e43
assignedVehicles	unary		GROUP	ARRAY	0x190bd0		General	2.12		group	0x4e2285
assignItem	binary	OBJECT	STRING	NOTHING	0x83ccd0	4	General		unit	item	0x4ee14c
assignTeam	binary	OBJECT	STRING	NOTHING	0x55f120	4	General	2.05	vehicle	team	0x4f4d5e
assignToAirport	binary	OBJECT	OBJECT|SCALAR	NOTHING	0x5256f0	4	General	2.92	airplane	airportId	0x4fb814
atan	unary		SCALAR|NaN	SCALAR|NaN	0x2cdf80		Default			x	0x2dc34e
atan2	binary	SCALAR|NaN	SCALAR|NaN	SCALAR|NaN	0x2cf140	7	Default		x	y	0x2de008
atg	unary		SCALAR|NaN	SCALAR|NaN	0x2cdfa0		Default			x	0x2dc2e4
ATLToASL	unary		ARRAY	ARRAY	0x5391e0		General	OA 93641		pos	0x4bde16
attachChild	binary	ARRAY	ARRAY	NOTHING	0x1a18a0	4	General		[ParentObj,ChildObj]	jointParameters	0x5094fa
attachedObject	unary		LOCATION	OBJECT	0xd05050		Location	2.90		location	0xd01cdc
attachedObjects	unary		OBJECT	ARRAY	0x47f0d0		General	116124		entity	0x4db07f
attachedTo	unary		OBJECT	OBJECT	0x47f360		General	116124		entity	0x4daff4
attachObject	binary	LOCATION	OBJECT	NOTHING	0xd061b0	4	Location	2.90	location	object	0xd02400
attachTo	binary	OBJECT	ARRAY	NOTHING	0x525790	4	General	1.18	obj	[obj,offset,MemPoint, followBone]	0x4fc65a
attackEnabled	unary		OBJECT|GROUP	BOOL	0x1910a0		General	2.92		group	0x4c7b01
awake	binary	OBJECT	BOOL	NOTHING	0x1a54b0	4	General	2.08	entity	awake	0x5102f1
backpack	unary		OBJECT	STRING	0x83d3f0		General	5501		unit	0x4cc2ad
backpackCargo	unary		OBJECT	ARRAY	0x83d0e0		General	5501		box	0x4cc081
backpackContainer	unary		OBJECT	OBJECT	0x83d100		General	5501		unit	0x4cc44e
backpackItems	unary		OBJECT	ARRAY	0x83d120		General	5501		unit	0x4cbff6
backpackMagazines	unary		OBJECT	ARRAY	0x83d3d0		General	5501		unit	0x4cbe55
backpacks	unary		OBJECT	ARRAY	0x83f2d0		General	2.14		unit	0x4e2909
backpackSpaceFor	binary	OBJECT	STRING	ARRAY	0x49caf0	4	General	5501	backpack	weapon or magazine type	0x4fb09a
ban	unary		STRING|SCALAR	NOTHING	0x174f30		Server	2.92		user id [reason]	0x172723
behaviour	unary		OBJECT	STRING	0x525e10		General			unit	0x4c0bb2
benchmark	nular			SCALAR	0x8a5b70		General				0x8abc81
bezierInterpolation	binary	SCALAR	ARRAY	ARRAY	0x49ce30	4	General		progress	[[x1,y1], [xn, yn]]	0x50e3ad
binocular	unary		OBJECT	STRING	0x83f340		General	5501		unit	0x4cc790
binocularItems	unary		OBJECT	ARRAY	0x83d4b0		General	2.01		unit	0x4e0307
binocularMagazine	unary		OBJECT	STRING	0x84c970		General	2.01		vehicle	0x4e041d
blufor	nular			SIDE	0x8b1ae0		General				0x8ac18a
boundingBox	binary	SCALAR	OBJECT	ARRAY	0x49d740	4	General		clippingType	object	0x50e251
boundingBox	unary		OBJECT	ARRAY	0x529630		General	2.92		object	0x4c6f0f
boundingBoxReal	binary	SCALAR	OBJECT	ARRAY	0x49da70	4	General		clippingType	object	0x50e2ff
boundingBoxReal	unary		ARRAY	ARRAY	0x529910		General	2.14		[obj, LOD]	0x4e2cd6
boundingBoxReal	unary		OBJECT	ARRAY	0x529cd0		General			obj	0x4da0c0
boundingCenter	unary		OBJECT	ARRAY	0x529fb0		General	5501		object	0x4c6f9a
brakesDisabled	unary		OBJECT	BOOL	0x49dda0		General	2.08		vehicle	0x4e1834
break	nular			NOTHING	0x8a2f50		General				0x8a1fe0
breakOut	binary	ANY	STRING	ANY	0x2cf730	4	Default	1.75	anything	scopename	0x2e007a
breakOut	unary		STRING	NOTHING	0x2cf6a0		Default			name	0x2dd57d
breakTo	unary		STRING	NOTHING	0x2cf7f0		Default			name	0x2dd51d
breakWith	unary		ANY	ANY	0x51f2a0		General	2.01		value	0x4e0533
briefingName	nular			STRING	0x8995f0		General				0x8a1225
buildingExit	binary	OBJECT	SCALAR	ARRAY	0x52a1b0	4	General		building	index	0x4f8a8a
buildingPos	binary	OBJECT	SCALAR	ARRAY	0x52a470	4	General		building	index	0x4e6598
buldozer_EnableRoadDiag	unary		BOOL	NOTHING	0x47f420		General	A3 94671		enable	0x4cea50
buldozer_IsEnabledRoadDiag	nular			BOOL	0x8a2e30		General				0x8a14f9
buldozer_LoadNewRoads	unary		STRING	BOOL	0x47f510		General	A3 94671		path	0x4ce9c5
buldozer_reloadOperMap	nular			NOTHING	0x8a5b90		General	98474 A3			0x8ae7ea
buttonAction	unary		CONTROL	STRING	0x8cf260		General	2.92		control	0x4d1877
buttonAction	unary		SCALAR	STRING	0x8cad40		General	1.50		idc	0x4d1902
buttonSetAction	binary	CONTROL	STRING	NOTHING	0x8cf360	4	General	2.91	control	action	0x50111e
buttonSetAction	unary		ARRAY	NOTHING	0x8cae60		General	1.50		[idc, action]	0x4d198d
cadetMode	nular			BOOL	0x8a5bc0		General				0x8abc2f
calculatePath	unary		ARRAY	OBJECT	0x480b80		General			[vehicleType, behaviour, startCoordinates, endCoordinates]	0x4cfa9a
calculatePlayerVisibilityByFriendly	unary		BOOL	NOTHING	0x481630		General			bool	0x4dd088
call	binary	ANY	CODE	ANY	0x2ede80	4	Default	1.85	pars	body	0x2e010e
call	binary	HASHMAP	ARRAY	ANY	0x81ab10	4	General	2.14	HashMap	[MethodName, args]	0x8206f4
call	unary		CODE	ANY	0x2edfb0		Default	1.85		code	0x2dcd30
callExtension	binary	STRING	ARRAY	ARRAY	0x188030	4	General		extension	functionWithArguments	0x4fdc1a
callExtension	binary	STRING	STRING	STRING	0x187e30	4	General		extension	functionWithArguments	0x4fdb6c
camCommand	binary	OBJECT	STRING	NOTHING	0x805fa0	4	General		camera	command	0x4f1650
camCommit	binary	OBJECT	SCALAR	NOTHING	0x806050	4	General		camera	time	0x4f0c1e
camCommitPrepared	binary	OBJECT	SCALAR	NOTHING	0x8060e0	4	General	2.95	camera	time	0x4f1398
camCommitted	unary		OBJECT	BOOL	0x806170		General			camera	0x4c3581
camConstuctionSetParams	binary	OBJECT	ARRAY	NOTHING	0x8061d0	4	General	5501	camera	[[x,y,z],radius, max above land]	0x4f16fe
camCreate	binary	STRING	ARRAY	OBJECT	0x806520	4	General		type	position	0x4f0600
camDestroy	unary		OBJECT	NOTHING	0x806720		General			camera	0x4c34f6
cameraEffect	binary	OBJECT	ARRAY	NOTHING	0x8091e0	4	General		camera	effect	0x4f0552
cameraEffectEnableHUD	unary		BOOL	NOTHING	0x807a30		General	5501		enable	0x4ca812
cameraInterest	unary		OBJECT	SCALAR	0x56a600		General	2.57		entity	0x4c5e3a
cameraOn	nular			OBJECT	0x8a5bf0		General	1.56			0x8ac8b5
cameraView	nular			STRING	0x8b10a0		General	5501			0x8ae080
campaignConfigFile	nular			CONFIG	0x8b1ee0		General	2.90			0x8b223d
camPreload	binary	OBJECT	SCALAR	NOTHING	0x806d70	4	General	2.95	camera	time	0x4f1446
camPreloaded	unary		OBJECT	BOOL	0x806e00		General	2.92		camera	0x4c360c
camPrepareBank	binary	OBJECT	SCALAR	NOTHING	0x806e60	4	General	2.95	camera	bank	0x4f123c
camPrepareDir	binary	OBJECT	SCALAR	NOTHING	0x806e60	4	General	2.95	camera	direction	0x4f12ea
camPrepareDive	binary	OBJECT	SCALAR	NOTHING	0x806e60	4	General	2.95	camera	dive	0x4f118e
camPrepareFocus	binary	OBJECT	ARRAY	NOTHING	0x806f50	4	General	2.95	camera	focusRange	0x4f1032
camPrepareFov	binary	OBJECT	SCALAR	NOTHING	0x806eb0	4	General	2.95	camera	fieldOfView	0x4f0f84
camPrepareFovRange	binary	OBJECT	ARRAY	NOTHING	0x18b0a0	4	General	2.95	camera	fovRange	0x4f10e0
camPreparePos	binary	OBJECT	ARRAY	NOTHING	0x8070f0	4	General	2.95	camera	position	0x4f0e28
camPrepareRelPos	binary	OBJECT	ARRAY	NOTHING	0x8071a0	4	General	2.95	camera	position	0x4f0ed6
camPrepareTarget	binary	OBJECT	ARRAY	NOTHING	0x807300	4	General	2.95	camera	position	0x4f15a2
camPrepareTarget	binary	OBJECT	OBJECT	NOTHING	0x807260	4	General	2.95	camera	target	0x4f14f4
camSetBank	binary	OBJECT	SCALAR	NOTHING	0x806e60	4	General		camera	bank	0x4f0ac2
camSetDir	binary	OBJECT	ARRAY	NOTHING	0x8073b0	4	General		camera	direction	0x4f0b70
camSetDive	binary	OBJECT	SCALAR	NOTHING	0x806e60	4	General		camera	dive	0x4f0a14
camSetFocus	binary	OBJECT	ARRAY	NOTHING	0x8075a0	4	General		camera	focusRange	0x4f08b8
camSetFov	binary	OBJECT	SCALAR	NOTHING	0x8074f0	4	General		camera	fieldOfView	0x4f080a
camSetFovRange	binary	OBJECT	ARRAY	NOTHING	0x18b0a0	4	General		camera	fovRange	0x4f0966
camSetPos	binary	OBJECT	ARRAY	NOTHING	0x807740	4	General		camera	position	0x4f06ae
camSetRelPos	binary	OBJECT	ARRAY	NOTHING	0x807800	4	General		camera	position	0x4f075c
camSetTarget	binary	OBJECT	ARRAY	NOTHING	0x807970	4	General		camera	position	0x4f0d7a
camSetTarget	binary	OBJECT	OBJECT	NOTHING	0x8078d0	4	General		camera	target	0x4f0ccc
camTarget	unary		OBJECT	OBJECT	0x806b80		General	5501		camera	0x4c3697
camUseNVG	unary		BOOL	NOTHING	0x54e580		General	2.73		set	0x4c65d4
canAdd	binary	OBJECT	STRING|ARRAY	BOOL	0x83d4d0	4	General		unit	item or [item, count, (ignoreSoldierMaxLoad)]	0x4ee818
canAdd	binary	STRING	STRING|ARRAY	BOOL	0x832240	4	General	2.10	weapon	attachment or magazine or [attachment, slot] or [magazine, muzzle]	0x5107b3
canAddItemToBackpack	binary	OBJECT	STRING|ARRAY	BOOL	0x83d4f0	4	General		unit	item or [item, count, (ignoreSoldierMaxLoad)]	0x4eea22
canAddItemToUniform	binary	OBJECT	STRING|ARRAY	BOOL	0x83d510	4	General		unit	item or [item, count, (ignoreSoldierMaxLoad)]	0x4ee8c6
canAddItemToVest	binary	OBJECT	STRING|ARRAY	BOOL	0x83d530	4	General		unit	item or [item, count, (ignoreSoldierMaxLoad)]	0x4ee974
cancelSimpleTaskDestination	unary		TASK	NOTHING	0xe089a0		Identity	5500		task	0xe01c5f
canDeployWeapon	unary		OBJECT	BOOL	0x896690		General	2.06		unit	0x4dbb5b
canFire	unary		OBJECT	BOOL	0x525e90		General			vehicle	0x4bf710
canMove	unary		OBJECT	BOOL	0x525f30		General			vehicle	0x4bf685
canSlingLoad	binary	OBJECT	OBJECT	BOOL	0x1a1ae0	4	General	127138	vehicle	cargo	0x513d65
canSlingLoad	binary	STRING	STRING	BOOL	0x1a1c60	4	General	2.12	vehicleType	cargoType	0x513e13
canStand	unary		OBJECT	BOOL	0x525fa0		General			soldier	0x4bf79b
canSuspend	nular			BOOL	0x899640		General				0x8a17a3
canTriggerDynamicSimulation	unary		OBJECT	BOOL	0x17e570		General			object	0x4de6cb
canUnloadInCombat	unary		OBJECT	BOOL	0x526000		General	5501		vehicle	0x4ccc73
canVehicleCargo	binary	OBJECT	OBJECT	ARRAY	0x481680	4	General	134497	vehicle	cargo	0x513f6f
captive	unary		OBJECT	BOOL	0x526070		General			unit	0x4c1719
captiveNum	unary		OBJECT	SCALAR	0x5260f0		General			unit	0x4c17a4
case	unary		ANY	SWITCH	0x2f4c10		Default			b	0x2dd3ef
catch	binary	EXCEPTION	CODE	ANY	0x2f43e0	4	Default		try-Block	code	0x2e0574
cbChecked	unary		CONTROL	BOOL	0x8d0200		General	2.50		control	0x4d1b2e
cbSetChecked	binary	CONTROL	BOOL	NOTHING	0x8d0260	4	General	2.50	control	enabled	0x501484
ceil	unary		SCALAR|NaN	SCALAR|NaN	0x2cf930		Default			x	0x2dc6de
channelEnabled	unary		SCALAR	ARRAY	0x19bc80		General			channel	0x4dcba5
cheatsEnabled	nular			BOOL	0x47de70		General	1.56			0x8b5d35
checkAIFeature	binary	OBJECT	STRING	BOOL	0x481de0	4	General		unit	feature	0x4ebd46
checkAIFeature	unary		STRING	BOOL	0x481cc0		General	60220		feature	0x4c761e
checkExe	binary	SCALAR	SCALAR	NOTHING	0x1753d0	4	Server	2.92	level	user id	0x172a0e
checkFile	binary	SCALAR	ARRAY	NOTHING	0x1754b0	4	Server	2.92	level	[user id, index]	0x17298f
checkVisibility	binary	ARRAY	ARRAY	SCALAR	0x4821b0	4	General	12532	[ignored object, lod name, (ignored object 2)]	[begin, end]	0x4f58ec
childAttached	unary		OBJECT	OBJECT	0x1a1da0		General	2.22		obj	0x4d8feb
civilian	nular			SIDE	0x8b1b00		General				0x8ac26b
className	unary		LOCATION	STRING	0xd050c0		Location	80971 TOH		location	0xd01b97
clear3DENAttribute	binary	ANY	STRING	BOOL	0x801220	4	General		<entity>	<attributeType>	0x7fe8e2
clear3DENInventory	unary		ARRAY	NOTHING	0x7f4c50		General			<entities>	0x7fdf79
clearAllItemsFromBackpack	unary		OBJECT	NOTHING	0x83d620		General			unit	0x4c1eb3
clearBackpackCargo	unary		OBJECT	NOTHING	0x83d6a0		General			box	0x4c1a5b
clearBackpackCargoGlobal	unary		OBJECT	NOTHING	0x83d730		General			unit	0x4c1d9d
clearbans	nular			NOTHING	0x175600		Server	2.92			0x17262e
clearForcesRTD	nular			NOTHING	0x892180		General	TOH 81393			0x5146e6
clearGroupIcons	unary		GROUP	NOTHING	0x18def0		General	5501		group	0x4cae0b
clearItemCargo	unary		OBJECT	NOTHING	0x83d7b0		General			box	0x4c1bfc
clearItemCargoGlobal	unary		OBJECT	NOTHING	0x83d830		General			box	0x4c1e28
clearItemPool	nular			NOTHING	0x8b8dc0		General	1.75			0x8b5ce3
clearkicks	nular			NOTHING	0x175640		Server	2.92			0x172679
clearMagazineCargo	unary		OBJECT	NOTHING	0x83d8a0		General			unit	0x4c1b71
clearMagazineCargoGlobal	unary		OBJECT	NOTHING	0x83d930		General			unit	0x4c1d12
clearMagazinePool	nular			NOTHING	0x8b8e40		General	1.75			0x8b5c9f
clearOverlay	unary		CONTROL	NOTHING	0x13cf870		Editor	2.92		map	0x13c7a53
clearRadio	nular			NOTHING	0x8b1280		General	2.73			0x8acad7
clearWeaponCargo	unary		OBJECT	NOTHING	0x83d9b0		General			unit	0x4c1ae6
clearWeaponCargoGlobal	unary		OBJECT	NOTHING	0x83da40		General			unit	0x4c1c87
clearWeaponPool	nular			NOTHING	0x8b8ec0		General	1.75			0x8b5c57
clientOwner	nular			SCALAR	0x89b970		General				0x8a11da
closeDialog	unary		SCALAR	NOTHING	0x8cc900		General	1.50		idc	0x4cfe67
closeDisplay	binary	DISPLAY	SCALAR	NOTHING	0x8d6540	4	General	2.53	display	exitcode	0x4fe18a
closeOverlay	unary		CONTROL	NOTHING	0x13cf8e0		Editor	2.92		map	0x13c7b04
collapseObjectTree	unary		CONTROL	NOTHING	0x13cb640		Editor	2.92		map	0x13c799b
collect3DENHistory	binary	ARRAY	CODE	NOTHING	0x7f5200	4	General		[<text>, <tooltip>, <icon>]	<code>	0x7fea75
collect3DENHistory	unary		CODE	NOTHING	0x7f4fd0		General			<code>	0x7fdca5
collectiveRTD	unary		OBJECT	SCALAR	0x892cf0		General	TOH 81984		RTD_helicopter	0x4d76f1
collisionDisabledWith	unary		OBJECT	ARRAY	0x49de50		General	2.08		vehicle	0x4e14f2
combatBehaviour	unary		GROUP	STRING	0x18e8e0		Agents	2.03		group	0x4d70f8
combatBehaviour	unary		OBJECT	STRING	0x49dff0		Agents	2.03		unit	0x4d706d
combatMode	unary		OBJECT|GROUP	STRING	0x190840		General			grp	0x4c0c3d
combatPace	binary	OBJECT	ARRAY	STRING	0x51f480	4	General	2.22	soldier	[enabled, duration]	0x513699
commandArtilleryFire	binary	OBJECT|ARRAY	ARRAY	NOTHING	0x5682a0	4	General		unit	[position, type, rounds]	0x4f2082
commandChat	binary	OBJECT|ARRAY	STRING	NOTHING	0x19c8a0	4	General	5501	unit	chatText	0x4ea2c4
commander	unary		OBJECT	OBJECT	0x526230		General			vehicle	0x4bfeaa
commandFire	binary	OBJECT|ARRAY	OBJECT	NOTHING	0x5682e0	4	General		unit	target	0x4f1f26
commandFollow	binary	OBJECT|ARRAY	OBJECT	NOTHING	0x568300	4	General		unit	formationLeader	0x4f1dca
commandFSM	binary	OBJECT|ARRAY	ARRAY	NOTHING	0x5682c0	4	General	2.53	unit(s)	[fsm name, position, target]	0x4fcfde
commandGetOut	unary		OBJECT|ARRAY	NOTHING	0x568320		General	2.28		unit	0x4c3f47
commandingMenu	nular			STRING	0x8a8c50		General	5501			0x8ad6ab
commandMove	binary	OBJECT|ARRAY	ARRAY	NOTHING	0x568340	4	General		unit	position	0x4f185a
commandRadio	binary	OBJECT|ARRAY	STRING	NOTHING	0x19cbc0	4	General	5501	unit	radioName	0x4e9eb0
commandStop	unary		OBJECT|ARRAY	NOTHING	0x568360		General			unit	0x4c3e31
commandSuppressiveFire	binary	OBJECT|ARRAY	OBJECT|ARRAY	NOTHING	0x568380	4	General		unit	position or target	0x4f21de
commandTarget	binary	OBJECT|ARRAY	OBJECT	NOTHING	0x5683a0	4	General		unit	position	0x4f1c6e
commandWatch	binary	OBJECT|ARRAY	ARRAY	NOTHING	0x5683c0	4	General		unit	position	0x4f19b6
commandWatch	binary	OBJECT|ARRAY	OBJECT	NOTHING	0x5683c0	4	General		unit	target	0x4f1b12
comment	unary		STRING	NOTHING	0x18b0a0		Default	1.85		comment	0x2dcd97
commitOverlay	unary		CONTROL	NOTHING	0x13cf950		Editor	2.92		map	0x13c7aaf
compatibleItems	unary		STRING|ARRAY	ARRAY	0x833b80		General	2.10		weapon or [weapon, slot]	0x4e19d5
compatibleMagazines	unary		STRING|ARRAY	ARRAY	0x8328c0		General	2.10		weapon or [weapon, muzzle]	0x4e1a60
compatibleWeapons	unary		STRING	ARRAY	0x834030		General	2.22		item or magazine or slot	0x4e1aeb
compile	unary		STRING	CODE	0x2ee0c0		Default	2.60		expression or [expression]	0x2dd6c7
compileFinal	unary		CODE|STRING	CODE	0x2ee170		Default	2.60		expression	0x2dd731
compileFinal	unary		HASHMAP	HASHMAP	0x81b540		General	2.14		HashMap	0x820025
compileScript	unary		ARRAY	CODE	0x8c19d0		General	2.01		[path, (final), (prefix header)]	0x4e0900
completedFSM	unary		SCALAR	BOOL	0x48fa30		General	5500		FSM handle	0x4c806f
composeText	unary		ARRAY	TEXT	0x563c30		General	2.01		[text1, text2, ...]	0x4c4c4f
configClasses	binary	STRING	CONFIG	ARRAY	0x810430	4	General	2.35	condition	config	0x50bae5
configClasses	unary		ARRAY	ARRAY	0x811360		General	2.22		[config, depth, includeInherited, allSubclasses, (classNames)]	0x4dc0c9
configFile	nular			CONFIG	0x8b1fd0		General	2.35			0x8b219e
configHierarchy	unary		ARRAY	ARRAY	0x80ea00		General	2.22		[config, classesOnly, includeBases, reversedOrder, (configNames)]	0x4cefbe
configHierarchy	unary		CONFIG	ARRAY	0x80e410		General	2.92		config	0x4cef33
configName	unary		CONFIG	STRING	0x80ee20		General	2.35		config	0x4cee1d
configNull	nular			CONFIG	0x8b1f80		General				0x8b214b
configOf	unary		OBJECT	CONFIG	0x813c90		General			object	0x4dfeaf
configProperties	unary		ARRAY	ARRAY	0x8115b0		General	128352		[config, condition, includeInherited]	0x4dc03e
configSourceAddonList	unary		CONFIG	ARRAY	0x812390		General			config	0x4dda4e
configSourceMod	unary		CONFIG	STRING	0x8125a0		General	128690		config	0x4dc40b
configSourceModList	unary		CONFIG	ARRAY	0x812780		General			config	0x4dc496
confirmSensorTarget	binary	OBJECT	ARRAY	NOTHING	0x1cb980	4	General		unit	[side, isConfirmed]	0x50da29
connectTerminalToUAV	binary	OBJECT	OBJECT	BOOL	0x4830f0	4	General	106264	person	UAV	0x50ab43
connectToServer	unary		ARRAY	NOTHING	0x5491e0		General			["ip", port, "password"]	0x4cfb25
continue	nular			NOTHING	0x8a3000		General				0x8a1f95
continueWith	binary	SCRIPT	CODE|ARRAY	NOTHING	0x54a230	4	General	2.22	script	code	0x51348f
continueWith	unary		ANY	ANY	0x51f360		General	2.01		value	0x4e04a8
controlNull	nular			CONTROL	0x8b2490		General	2.92			0x8b2290
controlsGroupCtrl	binary	CONTROL	SCALAR	CONTROL	0x8cfb30	4	General	2.50	controlsGroup	idc	0x501532
conversationDisabled	unary		OBJECT	BOOL	0x4a0110		General	2.06		unit	0x4e0aa1
copyFromClipboard	nular			STRING	0x8a5ca0		General	5500			0x8ad2dc
copyToClipboard	unary		STRING	NOTHING	0x484150		General	5500		text	0x4c8fa3
copyWaypoints	binary	GROUP	GROUP	NOTHING	0x8fbec0	4	General	5500	groupTo	groupFrom	0x4f90a8
cos	unary		SCALAR|NaN	SCALAR|NaN	0x2d0eb0		Default			x	0x2dc0ce
count	binary	CODE	ARRAY	SCALAR	0x2e23c0	4	Default		condition	array	0x2df6ac
count	unary		ARRAY	SCALAR	0x2e2380		Default			array	0x2dca63
count	unary		CONFIG	SCALAR	0x80dd60		General	2.35		config	0x4cf049
count	unary		HASHMAP	SCALAR	0x81b5e0		General	2.02		HashMap	0x81fd76
count	unary		STRING	SCALAR	0x2e2710		Default	5195		string	0x2dcad4
countEnemy	binary	OBJECT	ARRAY	SCALAR	0x51cb10	4	General		unit	array	0x4eb10a
countFriendly	binary	OBJECT	ARRAY	SCALAR	0x51cba0	4	General		unit	array	0x4eb1b8
countSide	binary	SIDE	ARRAY	SCALAR	0x51cc30	4	General		side	array	0x4eb3c2
countType	binary	STRING	ARRAY	SCALAR	0x51ce30	4	General		typeName	array	0x4eb314
countUnknown	binary	OBJECT	ARRAY	SCALAR	0x51cf90	4	General		unit	array	0x4eb266
create3DENComposition	unary		ARRAY	ARRAY	0x7f5730		General			[<path>, <position>]	0x7fdc42
create3DENEntity	binary	GROUP	ARRAY	ANY	0x7f6550	4	General		<group>	[<mode>, <className>, <position>]	0x7fe6cc
create3DENEntity	unary		ARRAY	ANY	0x7f68a0		General			[<mode>, <className>, <position>]	0x7fdbdc
createAgent	unary		ARRAY	OBJECT	0x47dde0		General	2.89		[type, position, markers, placement, special]	0x4c66ea
createCenter	unary		SIDE	SIDE	0x18db90		General	1.86		side	0x4c40e8
createDialog	unary		ARRAY	DISPLAY	0x8ccbf0		General	2.08		[name, forceOnTop]	0x4cfddc
createDialog	unary		STRING	BOOL	0x8cc970		General	1.50		name	0x4cfd51
createDiaryLink	unary		ARRAY	STRING	0xdfc5e0		Identity	5500		[subject, object, text]	0xe01b07
createDiaryRecord	binary	OBJECT	ARRAY	DIARY_RECORD	0xdfd850	4	Identity	2.53	person	[subject, text(, task(, state))] or [subject, [title, text(, icon)](, task(, state))]	0xe02182
createDiarySubject	binary	OBJECT	ARRAY	SCALAR	0xdfea70	4	Identity	2.92	person	[subject, display name] or [subject, display name, picture]	0xe02064
createDisplay	binary	DISPLAY	STRING	DISPLAY	0x8d66a0	4	General	2.53	parent	name	0x4fe0dc
createGearDialog	unary		ARRAY	NOTHING	0x484bd0		General	5501		[unit,resource]	0x4cb14d
createGroup	unary		SIDE|ARRAY	GROUP	0x18fb40		General	1.86		side	0x4c41fe
createGuardedPoint	unary		ARRAY	NOTHING	0x4b91d0		General	1.86		[side, position, idStatic, vehicle]	0x4c45cb
createHashMap	nular			HASHMAP	0x81b640		General	2.02			0x81fd0f
createHashMapFromArray	binary	ARRAY	ARRAY	HASHMAP	0x81b780	4	General	2.04	[key,key,...]]	[value,value,...]	0x82057b
createHashMapFromArray	unary		ARRAY	HASHMAP	0x81b6c0		General	2.02		[[key,value],[key,value],...]	0x81fe97
createHashMapObject	unary		ARRAY	HASHMAP	0x81b910		General	2.14		[[[key,value],[key,value],...], constructorArgs]	0x81ffc6
createLocation	unary		ARRAY	LOCATION	0xd039e0		Location	2.90		[type, position, sizeX, sizeZ]	0xd01721
createMarker	unary		ARRAY	STRING	0x84e440		General	1.86		[name, position, channel, creator]	0x4c4314
createMarkerLocal	unary		ARRAY	STRING	0x84da40		General	2.92		[name, position, channel, creator]	0x4c439f
createMenu	binary	CONTROL	SCALAR	NOTHING	0x13cb7b0	4	Editor	2.92	map	index	0x13c8d89
createMine	unary		ARRAY	OBJECT	0x520300		General	2.32		[type, position, markers, placement]	0x4c5af8
createMissionDisplay	binary	DISPLAY	ARRAY	DISPLAY	0x8d6c30	4	General	5140	parent	[root, missions space]	0x4fe59e
createMissionDisplay	binary	DISPLAY	STRING	DISPLAY	0x8d6c30	4	General	5140	parent	root	0x4fe4f0
createMPCampaignDisplay	binary	DISPLAY	STRING	NOTHING	0x8cb000	4	General		parentDisplay	folderClass	0x4fe64c
createSimpleObject	unary		ARRAY	OBJECT	0x5262d0		General	2.32		[modelOrClass, position, local]	0x4c5c99
createSimpleTask	binary	OBJECT	ARRAY	TASK	0xe049f0	4	Identity	5500	person	[name] or [name, parentTask]	0xe02937
createSite	binary	STRING	ARRAY	OBJECT	0x568a20	4	General	1.34	type	pos	0x4f013e
createSoundSource	unary		ARRAY	OBJECT	0x55c4b0		General	2.32		[type, position, markers, placement]	0x4c5b83
createSoundSourceLocal	unary		ARRAY	OBJECT	0x55c4e0		General	2.18		[type, position, markers, placement]	0x4e3c95
createTask	binary	TEAM_MEMBER	ARRAY	TASK	0xe0c040	4	Identity	2.62	teamMember	[[type] or [type, parentTask], priority, name1, value1, name2, value2, ...]	0xe01f42
createTeam	unary		ARRAY	TEAM_MEMBER	0x195c60		Agents	2.90		[type, name]	0x4d695e
createTrigger	unary		ARRAY	OBJECT	0x561160		General	1.86		[type, position, global = true]	0x4c4540
createUnit	binary	GROUP	ARRAY	OBJECT	0x565610	4	General	2.32	group	[type, position, markers, placement, special]	0x4f5016
createUnit	binary	STRING	ARRAY	NOTHING	0x565070	4	General	1.34	type	unitInfo	0x4f01ec
createVehicle	binary	STRING	ARRAY	OBJECT	0x5683e0	4	General	1.34	type	pos	0x4f0090
createVehicle	unary		ARRAY	OBJECT	0x568510		General	2.32		[type, position, markers, placement, special]	0x4c5c0e
createVehicleCrew	binary	GROUP	OBJECT	GROUP	0x486f60	4	General	2.14	group	vehicle	0x511abb
createVehicleCrew	binary	SIDE	OBJECT	GROUP	0x486fe0	4	General	2.14	side	vehicle	0x511b69
createVehicleCrew	unary		OBJECT	GROUP	0x486530		General			Vehicle	0x4dab11
createVehicleLocal	binary	STRING	ARRAY	OBJECT	0x568900	4	General	2.56	type	pos	0x4f599a
createVehicleLocal	unary		ARRAY	OBJECT	0x568a00		General	2.14		[type, position, markers, placement, special]	0x4e2e77
crew	unary		OBJECT	ARRAY	0x5367a0		General			vehicle	0x4c0277
ctAddHeader	unary		CONTROL	ARRAY	0x8d91d0		General			control	0x4d66a7
ctAddRow	unary		CONTROL	ARRAY	0x8d94e0		General			control	0x4d661c
ctClear	unary		CONTROL	NOTHING	0x8d97f0		General			control	0x4d6848
ctCurSel	unary		CONTROL	SCALAR	0x8d9870		General			control	0x4d68d3
ctData	binary	CONTROL	SCALAR	STRING	0x8d98f0	4	General		control	row index	0x507250
ctFindHeaderRows	binary	CONTROL	SCALAR	ARRAY	0x8d9960	4	General		control	header index	0x5073ac
ctFindRowHeader	binary	CONTROL	SCALAR	SCALAR	0x8d9b90	4	General		control	row index	0x5072fe
ctHeaderControls	binary	CONTROL	SCALAR	ARRAY	0x8d9c60	4	General		control	header index	0x506eea
ctHeaderCount	unary		CONTROL	SCALAR	0x8d9f50		General			control	0x4d67bd
ctRemoveHeaders	binary	CONTROL	ARRAY	NOTHING	0x8d9fd0	4	General		control	array	0x507508
ctRemoveRows	binary	CONTROL	ARRAY	NOTHING	0x8da110	4	General		control	array	0x50745a
ctrlActivate	binary	CONTROL	BOOL	NOTHING	0x8cfc50	4	General	2.18	control	full	0x501eb6
ctrlActivate	unary		CONTROL	NOTHING	0x8cfbf0		General	2.92		control	0x4d0f3c
ctrlAddEventHandler	binary	CONTROL	ARRAY	SCALAR	0x8cfce0	4	General	5501	control	[handler name, function]	0x500a52
ctrlAngle	unary		CONTROL	ARRAY	0x8d7fe0		General	2.50		control	0x4d0a59
ctrlAnimateModel	binary	CONTROL	ARRAY	NOTHING	0x8cb710	4	General	144631	ctrl	[name, phase, speedCoef]	0x500e66
ctrlAnimationPhaseModel	binary	CONTROL	STRING	SCALAR	0x8cb9f0	4	General	144631	ctrl	name	0x500f14
ctrlAt	binary	DISPLAY	ARRAY	CONTROL	0x8cfe80	4	General	2.12	display	[x,y]	0x501e08
ctrlAutoScrollDelay	unary		CONTROL	SCALAR	0x8d0680		General	5501		control	0x4d08b8
ctrlAutoScrollRewind	unary		CONTROL	BOOL	0x8d0750		General	5501		control	0x4d0943
ctrlAutoScrollSpeed	unary		CONTROL	SCALAR	0x8d0810		General	5501		control	0x4d082d
ctrlBackgroundColor	unary		CONTROL	ARRAY	0x8d08e0		General	2.06		control	0x4d2011
ctrlChecked	binary	CONTROL	SCALAR	BOOL	0x8d09d0	4	General		control	index	0x5013d6
ctrlChecked	unary		CONTROL	BOOL	0x8d0970		General	2.50		control	0x4d1aa3
ctrlClassName	unary		CONTROL	STRING	0x8cdcd0		General			control	0x4d1309
ctrlCommit	binary	CONTROL	SCALAR	NOTHING	0x8d03b0	4	General	2.50	control	time	0x500020
ctrlCommitted	unary		CONTROL	BOOL	0x8d0490		General	2.50		control	0x4d0ae4
ctrlCreate	binary	DISPLAY	ARRAY	CONTROL	0x8cb080	4	General	2.35	parent_display	[baseClass, idc, groupControl]	0x500fc2
ctrlDelete	unary		CONTROL	BOOL	0x8cc7f0		General			control	0x4d1535
ctrlEnable	binary	CONTROL	BOOL	NOTHING	0x8d0500	4	General	2.50	control	enable	0x4fe856
ctrlEnable	unary		ARRAY	NOTHING	0x8cbb20		General	1.50		[idc, enable]	0x4d1168
ctrlEnabled	unary		CONTROL	BOOL	0x8d19f0		General	2.50		control	0x4d03d5
ctrlEnabled	unary		SCALAR	BOOL	0x8cbc10		General	1.50		idc	0x4d1052
ctrlFade	unary		CONTROL	SCALAR	0x8d0a80		General	2.50		control	0x4d09ce
ctrlFontHeight	unary		CONTROL	SCALAR	0x8d0630		General	2.01		control	0x4d1d5a
ctrlForegroundColor	unary		CONTROL	ARRAY	0x8d0af0		General	2.06		control	0x4d209c
ctrlHTMLLoaded	unary		CONTROL	BOOL	0x8d7f90		General	TOH 86547		control	0x4d164b
ctrlIDC	unary		CONTROL	SCALAR	0x8d1980		General	A3 97270		control	0x4d034a
ctrlIDD	unary		DISPLAY	SCALAR	0x8d6b40		General	A3 97270		display	0x4cfcc6
ctrlMapAnimAdd	binary	CONTROL	ARRAY	NOTHING	0x8e9850	4	General	1.92	map	frame	0x5051b0
ctrlMapAnimClear	unary		CONTROL	NOTHING	0x8e9a30		General	2.92		control	0x4d4c0c
ctrlMapAnimCommit	unary		CONTROL	NOTHING	0x8e9a90		General	2.92		control	0x4d4c97
ctrlMapAnimDone	unary		CONTROL	BOOL	0x8e9af0		General	2.92		control	0x4d4d22
ctrlMapCursor	binary	CONTROL	ARRAY	NOTHING	0x8e9710	4	General	5501	map	texture names	0x5053ba
ctrlMapDir	unary		CONTROL	SCALAR	0x8e9b60		General	2.14		control	0x4d4fd9
ctrlMapMouseOver	unary		CONTROL	ARRAY	0x8e9c30		General			control	0x4d4ec3
ctrlMapPosition	unary		CONTROL	ARRAY	0x8ea440		General	2.08		map	0x4d4f4e
ctrlMapScale	unary		CONTROL	SCALAR	0x8e9bd0		General	2.92		control	0x4d4dad
ctrlMapScreenToWorld	binary	CONTROL	ARRAY	ARRAY	0x8ea630	4	General	5127	map	[x, y]	0x50525e
ctrlMapSetPosition	binary	CONTROL	ARRAY	NOTHING	0x8ea910	4	General	2.06	map	[x, y, w, h]	0x505516
ctrlMapWorldToScreen	binary	CONTROL	ARRAY	ARRAY	0x8eac30	4	General	5127	map	position	0x50530c
ctrlModel	unary		CONTROL	STRING	0x8ce1d0		General			control	0x4d1394
ctrlModelDirAndUp	unary		CONTROL	ARRAY	0x8ce360		General			control	0x4d141f
ctrlModelScale	unary		CONTROL	SCALAR	0x8ce440		General			control	0x4d14aa
ctrlModelVectorSide	unary		CONTROL	ARRAY	0x8ce540		General	2.18		control	0x4d22c8
ctrlMousePosition	unary		CONTROL	ARRAY	0x8d0b80		General			control	0x4d1ccf
ctrlParent	unary		CONTROL	DISPLAY	0x8d1b10		General	2.50		control	0x4d0e26
ctrlParentControlsGroup	unary		CONTROL	CONTROL	0x8ce950		General			<Control>	0x4d15c0
ctrlPosition	unary		CONTROL	ARRAY	0x8d0d30		General	2.50		control	0x4d0717
ctrlRelToScreen	binary	CONTROL	ARRAY	ARRAY	0x8d1b50	4	General	2.20	control	control relative position	0x502012
ctrlRemoveAllEventHandlers	binary	CONTROL	STRING	NOTHING	0x8d1d20	4	General	5501	control	handler name	0x500bae
ctrlRemoveEventHandler	binary	CONTROL	ARRAY	NOTHING	0x8d1e60	4	General	5501	control	[handler name, id]	0x500b00
ctrlScale	unary		CONTROL	SCALAR	0x8d1170		General	5501		control	0x4d07a2
ctrlScreenToRel	binary	CONTROL	ARRAY	ARRAY	0x8d1fa0	4	General	2.20	control	absolute screen position	0x5020c0
ctrlScrollValues	unary		CONTROL	ARRAY	0x8d11e0		General	1.99		control	0x4d1c44
ctrlSetActiveColor	binary	CONTROL	ARRAY	NOTHING	0x8d2180	4	General	2.50	control	color	0x500386
ctrlSetAngle	binary	CONTROL	ARRAY	NOTHING	0x8d8270	4	General	2.50	control	[angle, xCenter, yCenter, now = false]	0x50079a
ctrlSetAutoScrollDelay	binary	CONTROL	SCALAR	NOTHING	0x8d2210	4	General	5501	control	delay	0x4ffe16
ctrlSetAutoScrollRewind	binary	CONTROL	BOOL	NOTHING	0x8d2370	4	General	5501	control	delay	0x4ffec4
ctrlSetAutoScrollSpeed	binary	CONTROL	SCALAR	NOTHING	0x8d2470	4	General	5501	control	speed	0x4ffd68
ctrlSetBackgroundColor	binary	CONTROL	ARRAY	NOTHING	0x8d25f0	4	General	2.50	control	color	0x5000ce
ctrlSetChecked	binary	CONTROL	ARRAY	NOTHING	0x8d2720	4	General		control	[index, checked]	0x501328
ctrlSetChecked	binary	CONTROL	BOOL	NOTHING	0x8d2680	4	General	2.50	control	enabled	0x50127a
ctrlSetDisabledColor	binary	CONTROL	ARRAY	NOTHING	0x8d2880	4	General		control	color	0x500848
ctrlSetEventHandler	binary	CONTROL	ARRAY	NOTHING	0x8d2910	4	General	2.54	control	[handler name, function]	0x5009a4
ctrlSetFade	binary	CONTROL	SCALAR	NOTHING	0x8d2ab0	4	General	2.50	control	fade	0x4fff72
ctrlSetFocus	unary		CONTROL	NOTHING	0x8d0570		General	2.92		control	0x4d0eb1
ctrlSetFont	binary	CONTROL	STRING	NOTHING	0x8d2be0	4	General	2.50	control	name	0x4fec6a
ctrlSetFontH1	binary	CONTROL	STRING	NOTHING	0x8d2cd0	4	General	2.50	control	name	0x4fedc6
ctrlSetFontH1B	binary	CONTROL	STRING	NOTHING	0x8d2de0	4	General	2.50	control	name	0x4ff288
ctrlSetFontH2	binary	CONTROL	STRING	NOTHING	0x8d2ef0	4	General	2.50	control	name	0x4fee74
ctrlSetFontH2B	binary	CONTROL	STRING	NOTHING	0x8d3000	4	General	2.50	control	name	0x4ff336
ctrlSetFontH3	binary	CONTROL	STRING	NOTHING	0x8d3110	4	General	2.50	control	name	0x4fef22
ctrlSetFontH3B	binary	CONTROL	STRING	NOTHING	0x8d3220	4	General	2.50	control	name	0x4ff3e4
ctrlSetFontH4	binary	CONTROL	STRING	NOTHING	0x8d3330	4	General	2.50	control	name	0x4fefd0
ctrlSetFontH4B	binary	CONTROL	STRING	NOTHING	0x8d3440	4	General	2.50	control	name	0x4ff492
ctrlSetFontH5	binary	CONTROL	STRING	NOTHING	0x8d3550	4	General	2.50	control	name	0x4ff07e
ctrlSetFontH5B	binary	CONTROL	STRING	NOTHING	0x8d3660	4	General	2.50	control	name	0x4ff540
ctrlSetFontH6	binary	CONTROL	STRING	NOTHING	0x8d3770	4	General	2.50	control	name	0x4ff12c
ctrlSetFontH6B	binary	CONTROL	STRING	NOTHING	0x8d3880	4	General	2.50	control	name	0x4ff5ee
ctrlSetFontHeight	binary	CONTROL	SCALAR	NOTHING	0x8d3990	4	General	2.50	control	height	0x4fed18
ctrlSetFontHeightH1	binary	CONTROL	SCALAR	NOTHING	0x8d3a00	4	General	2.50	control	height	0x4ff74a
ctrlSetFontHeightH2	binary	CONTROL	SCALAR	NOTHING	0x8d3a70	4	General	2.50	control	height	0x4ff7f8
ctrlSetFontHeightH3	binary	CONTROL	SCALAR	NOTHING	0x8d3ae0	4	General	2.50	control	height	0x4ff8a6
ctrlSetFontHeightH4	binary	CONTROL	SCALAR	NOTHING	0x8d3b50	4	General	2.50	control	height	0x4ff954
ctrlSetFontHeightH5	binary	CONTROL	SCALAR	NOTHING	0x8d3bc0	4	General	2.50	control	height	0x4ffa02
ctrlSetFontHeightH6	binary	CONTROL	SCALAR	NOTHING	0x8d3c30	4	General	2.50	control	height	0x4ffab0
ctrlSetFontHeightSecondary	binary	CONTROL	SCALAR	NOTHING	0x8d3d10	4	General		control	height	0x4feb0e
ctrlSetFontP	binary	CONTROL	SCALAR	NOTHING	0x8d3ca0	4	General	2.50	control	height	0x4ffb5e
ctrlSetFontP	binary	CONTROL	STRING	NOTHING	0x8d3d90	4	General	2.50	control	name	0x4ff1da
ctrlSetFontPB	binary	CONTROL	STRING	NOTHING	0x8d3ea0	4	General	2.50	control	name	0x4ff69c
ctrlSetFontSecondary	binary	CONTROL	STRING	NOTHING	0x8d3fb0	4	General		control	name	0x4fea60
ctrlSetForegroundColor	binary	CONTROL	ARRAY	NOTHING	0x8d2b50	4	General	2.50	control	color	0x50017c
ctrlSetModel	binary	CONTROL	STRING	NOTHING	0x8cbdb0	4	General	2.35	ctrl	model	0x500d0a
ctrlSetModelDirAndUp	binary	CONTROL	ARRAY	NOTHING	0x8cbf90	4	General	2.35	ctrl	[direction, up]	0x500c5c
ctrlSetModelScale	binary	CONTROL	SCALAR	NOTHING	0x8cc140	4	General	2.35	ctrl	scale	0x500db8
ctrlSetMousePosition	binary	CONTROL	ARRAY	NOTHING	0x8d40b0	4	General	2.01	control	[x,y]	0x501b50
ctrlSetPixelPrecision	binary	CONTROL	SCALAR	NOTHING	0x8d4440	4	General	144066	ctrl	number	0x5015e0
ctrlSetPixelPrecision	binary	CONTROL	STRING	NOTHING	0x8d4270	4	General	144066	ctrl	precision mode	0x50168e
ctrlSetPosition	binary	CONTROL	ARRAY	NOTHING	0x8d4560	4	General	2.50	control	[x, y, w, h]	0x4ffc0c
ctrlSetPositionH	binary	CONTROL	SCALAR	NOTHING	0x8d4800	4	General		control	h	0x501946
ctrlSetPositionW	binary	CONTROL	SCALAR	NOTHING	0x8d4920	4	General		control	w	0x501898
ctrlSetPositionX	binary	CONTROL	SCALAR	NOTHING	0x8d4a40	4	General		control	x	0x50173c
ctrlSetPositionY	binary	CONTROL	SCALAR	NOTHING	0x8d4b60	4	General		control	y	0x5017ea
ctrlSetScale	binary	CONTROL	SCALAR	NOTHING	0x8d4c80	4	General	5501	control	scale	0x4ffcba
ctrlSetScrollValues	binary	CONTROL	ARRAY	NOTHING	0x8d4d10	4	General	1.99	control	[vScrollValue, hScrollValue]	0x501aa2
ctrlSetShadow	binary	CONTROL	SCALAR	NOTHING	0x8d5030	4	General	2.10	control	shadow	0x501d5a
ctrlSetStructuredText	binary	CONTROL	TEXT	NOTHING	0x8d50b0	4	General	2.53	control	structured text	0x5008f6
ctrlSetText	binary	CONTROL	STRING	NOTHING	0x8d5140	4	General	2.50	control	text	0x4febbc
ctrlSetText	unary		ARRAY	NOTHING	0x8cc290		General	1.50		[idc, text]	0x4d127e
ctrlSetTextColor	binary	CONTROL	ARRAY	NOTHING	0x8d5350	4	General	2.50	control	color	0x50022a
ctrlSetTextColorSecondary	binary	CONTROL	ARRAY	NOTHING	0x8d53e0	4	General		control	color	0x5002d8
ctrlSetTextSecondary	binary	CONTROL	STRING	NOTHING	0x8d5470	4	General		control	text	0x4fe9b2
ctrlSetTextSelection	binary	CONTROL	ARRAY	NOTHING	0x8d5510	4	General	1.97	control	[start, length]	0x5019f4
ctrlSetTooltip	binary	CONTROL	STRING	NOTHING	0x8d5630	4	General	2.92	control	text	0x500434
ctrlSetTooltipColorBox	binary	CONTROL	ARRAY	NOTHING	0x8d56d0	4	General	2.92	control	color	0x500590
ctrlSetTooltipColorShade	binary	CONTROL	ARRAY	NOTHING	0x8d5750	4	General	2.92	control	color	0x50063e
ctrlSetTooltipColorText	binary	CONTROL	ARRAY	NOTHING	0x8d57d0	4	General	2.92	control	color	0x5004e2
ctrlSetTooltipMaxWidth	binary	CONTROL	SCALAR	SCALAR	0x8d5850	4	General	2.06	control	width	0x5006ec
ctrlSetURL	binary	CONTROL	STRING	NOTHING	0x8d58f0	4	General	2.01	control	url	0x501bfe
ctrlSetURLOverlayMode	binary	CONTROL	SCALAR	NOTHING	0x8d5df0	4	General	2.10	control	mode	0x501cac
ctrlShadow	unary		CONTROL	SCALAR	0x8d5ec0		General	2.10		control	0x4d2127
ctrlShow	binary	CONTROL	BOOL	NOTHING	0x8d5f10	4	General	2.50	control	show	0x4fe904
ctrlShow	unary		ARRAY	NOTHING	0x8cc5d0		General	1.50		[idc, show]	0x4d10dd
ctrlShown	unary		CONTROL	BOOL	0x8d1ad0		General	2.50		control	0x4d0460
ctrlStyle	unary		CONTROL	SCALAR	0x8d5f90		General	2.01		control	0x4d0bfa
ctrlText	unary		CONTROL	STRING	0x8d1530		General	2.50		control	0x4d04eb
ctrlText	unary		SCALAR	STRING	0x8cbc60		General	1.50		idc	0x4d11f3
ctrlTextColor	unary		CONTROL	ARRAY	0x8d1670		General	2.01		control	0x4d1de5
ctrlTextHeight	unary		CONTROL	SCALAR	0x8d77f0		General	TOH 84677		structuredText control	0x4d0576
ctrlTextSecondary	unary		CONTROL	STRING	0x8d14c0		General			control	0x4d068c
ctrlTextSelection	unary		CONTROL	ARRAY	0x8d1700		General	1.97		control	0x4d1bb9
ctrlTextWidth	unary		CONTROL	SCALAR	0x8d7970		General			structuredText control	0x4d0601
ctrlTooltip	unary		CONTROL	STRING	0x8d5fe0		General	2.01		control	0x4d0d9b
ctrlType	unary		CONTROL	SCALAR	0x8d6050		General	2.56		control	0x4d0b6f
ctrlURL	unary		CONTROL	STRING	0x8d60a0		General	2.01		control	0x4d0c85
ctrlURLOverlayMode	unary		CONTROL	SCALAR	0x8d6260		General	2.10		control	0x4d0d10
ctrlVisible	unary		SCALAR	BOOL	0x8cc6d0		General	1.50		idc	0x4d0fc7
ctrlWebBrowserAction	binary	CONTROL	ARRAY	NOTHING	0x1dd990	4	General	2.20	control	action description	0x501f64
ctRowControls	binary	CONTROL	SCALAR	ARRAY	0x8da250	4	General		control	row index	0x506e3c
ctRowCount	unary		CONTROL	SCALAR	0x8da4a0		General			control	0x4d6732
ctSetCurSel	binary	CONTROL	SCALAR	NOTHING	0x8da520	4	General		control	row index	0x506f98
ctSetData	binary	CONTROL	ARRAY	NOTHING	0x8da600	4	General		control	[row index, string]	0x5071a2
ctSetHeaderTemplate	binary	CONTROL	CONFIG	NOTHING	0x8da750	4	General		control	config	0x507664
ctSetRowTemplate	binary	CONTROL	CONFIG	NOTHING	0x8da8c0	4	General		control	config	0x5075b6
ctSetValue	binary	CONTROL	ARRAY	NOTHING	0x8daa20	4	General		control	[row index, number]	0x507046
ctValue	binary	CONTROL	SCALAR	SCALAR	0x8dab50	4	General		control	row index	0x5070f4
curatorAddons	unary		OBJECT	ARRAY	0x826b00		General			curatorObj	0x4d8625
curatorCamera	nular			OBJECT	0x826dd0		General				0x5148b2
curatorCameraArea	unary		OBJECT	ARRAY	0x826020		General			curatorObj	0x4d88dc
curatorCameraAreaCeiling	unary		OBJECT	SCALAR	0x825f50		General			curatorObj	0x4d87c6
curatorCoef	binary	OBJECT	STRING	SCALAR	0x826e30	4	General		curatorObj	action	0x508edc
curatorEditableObjects	unary		OBJECT	ARRAY	0x827050		General			curatorObj	0x4d83f9
curatorEditingArea	unary		OBJECT	ARRAY	0x8262e0		General			curatorObj	0x4d89f2
curatorEditingAreaType	unary		OBJECT	BOOL	0x826f70		General			obj	0x4d8c1e
curatorMouseOver	nular			OBJECT	0x827260		General				0x514a7e
curatorPoints	unary		OBJECT	SCALAR	0x827760		General			curatorObj	0x4d859a
curatorRegisteredObjects	unary		OBJECT	ARRAY	0x827830		General			curatorObj	0x4d8b08
curatorSelected	nular			ARRAY	0x8282e0		General				0x514998
curatorSelectionPreset	unary		SCALAR	ARRAY	0x829420		General	2.14		preset number	0x4d8d34
curatorWaypointCost	unary		OBJECT	SCALAR	0x829880		General			curatorObj	0x4d873b
current3DENOperation	nular			STRING	0x7f6cc0		General				0x7fd48f
currentChannel	nular			SCALAR	0x89ba70		General				0x8a158f
currentCommand	unary		OBJECT	STRING	0x56a660		General	2.92		vehicle	0x4c79eb
currentMagazine	unary		OBJECT	STRING	0x84c990		General	5500		vehicle	0x4c8cec
currentMagazineDetail	unary		OBJECT	ARRAY	0x84ca90		General	5500		vehicle	0x4c8d77
currentMagazineDetailTurret	binary	OBJECT	ARRAY	STRING	0x84cb80	4	General		vehicle	turret path	0x50ad4d
currentMagazineTurret	binary	OBJECT	ARRAY	STRING	0x84cd00	4	General		vehicle	turret path	0x50ac9f
currentMuzzle	unary		OBJECT	STRING	0x487090		General	5501		gunner	0x4cd865
currentNamespace	nular			NAMESPACE	0x8b0f70		General	5501			0x8add8b
currentPilot	unary		OBJECT	OBJECT	0x526f60		General	1.95		vehicle	0x4df7a0
currentTask	unary		OBJECT	TASK	0xe046c0		Identity	5501		person	0xe01cd0
currentTasks	unary		TEAM_MEMBER	ARRAY	0xe0bc10		Identity	2.91		teamMember	0xe01926
currentThrowable	unary		OBJECT	ARRAY	0x84ce90		General	5500		player(soldier)	0x4c8c61
currentVisionMode	binary	OBJECT	ARRAY	ARRAY	0x487380	4	General	2.08	vehicle	turret	0x510195
currentVisionMode	binary	OBJECT	STRING	ARRAY	0x4875d0	4	General	2.08	unit	weapon	0x510243
currentVisionMode	unary		ARRAY	ARRAY	0x487220		General	2.08		[entity]	0x4cd7da
currentVisionMode	unary		OBJECT	SCALAR	0x4871c0		General	5501		entity	0x4cd74f
currentWaypoint	unary		GROUP	SCALAR	0x8f7790		General	5500		group	0x4c925a
currentWeapon	unary		OBJECT	STRING	0x84d140		General	5500		vehicle	0x4c8bd6
currentWeaponMode	unary		OBJECT	STRING	0x487750		General	5501		gunner	0x4cd8f0
currentWeaponTurret	binary	OBJECT	ARRAY	STRING	0x84d240	4	General		vehicle	turret path	0x50abf1
currentZeroing	binary	OBJECT	ARRAY	ARRAY	0x487900	4	General		unit	[weaponClass(, muzzleClass)]	0x50f4ab
currentZeroing	unary		OBJECT	SCALAR	0x487870		General	5501		gunner	0x4cd6c4
cursorObject	nular			OBJECT	0x8a5dd0		General				0x8adcee
cursorTarget	nular			OBJECT	0x8a5e30		General	5500			0x8add40
customChat	binary	OBJECT	ARRAY	NOTHING	0x19ce00	4	General	81375 TOH	unit	[chan ix, string]	0x4fd8b4
customRadio	binary	OBJECT	ARRAY	NOTHING	0x19d090	4	General	81375 TOH	unit	[chan ix, string]	0x4fd806
customWaypointPosition	nular			ARRAY	0x89bd70		General				0x8a1ac9
cutFadeOut	binary	SCALAR	SCALAR	NOTHING	0x488000	4	General	5126	layer	duration	0x4f8310
cutFadeOut	binary	STRING	SCALAR	SCALAR	0x488090	4	General		layerName	duration	0x4f8058
cutObj	binary	SCALAR	ARRAY	NOTHING	0x488160	4	General	5126	layer	effect	0x4f8262
cutObj	binary	STRING	ARRAY	SCALAR	0x4885d0	4	General		layerName	effect	0x4f7faa
cutObj	unary		ARRAY	NOTHING	0x4883b0		General			effect	0x4c100a
cutRsc	binary	SCALAR	ARRAY	NOTHING	0x488840	4	General	5126	layer	effect	0x4f81b4
cutRsc	binary	STRING	ARRAY	SCALAR	0x488de0	4	General		layerName	effect	0x4f7efc
cutRsc	unary		ARRAY	NOTHING	0x488b30		General			effect	0x4c0f7f
cutText	binary	SCALAR	ARRAY	NOTHING	0x4890f0	4	General	5126	layer	effect	0x4f8106
cutText	binary	STRING	ARRAY	SCALAR	0x489580	4	General		layerName	effect	0x4f7e4e
cutText	unary		ARRAY	NOTHING	0x4890d0		General			effect	0x4c0ef4
damage	unary		OBJECT	SCALAR	0x52ade0		General	1.50		object	0x4be751
date	nular			ARRAY	0x8a8cd0		General	2.92			0x8ad10c
dateToNumber	unary		ARRAY	SCALAR	0x4897f0		General	5501		date	0x4cb037
dayTime	nular			SCALAR	0x8a5ed0		General				0x8abb99
deActivateKey	unary		STRING	NOTHING	0x51ad70		General	93436		keyName	0x4c501c
debriefingText	unary		STRING	SCALAR	0x49fae0		General	81571		end	0x4d9926
debugFSM	binary	SCALAR	BOOL	NOTHING	0x489a00	4	General	5501	FSM handle	true	0x4fae90
debugLog	unary		ANY	NOTHING	0x560380		General			anything	0x4c346b
decayGraphValues	unary		ARRAY	ARRAY	0x4806a0		General			[oldValues, newValues, coef]	0x4df45e
default	unary		CODE	NOTHING	0x2f4e20		Default			a	0x2dd456
deg	unary		SCALAR|NaN	SCALAR|NaN	0x2e7f70		Default			x	0x2dc3bf
delete3DENEntities	unary		ARRAY	NOTHING	0x7f6d40		General			<entities>	0x7fdb84
deleteAt	binary	ARRAY	ARRAY	ARRAY	0x2e28d0	4	Default	2.18	array	indexes	0x2e079e
deleteAt	binary	ARRAY	SCALAR	ANY	0x2e27e0	4	Default	1.75	array	index	0x2df43e
deleteAt	binary	HASHMAP	?|NaN	ANY	0x81eb40	4	General	2.02	HashMap	key	0x8202d8
deleteCenter	unary		SIDE	NOTHING	0x18dc60		General	1.86		side	0x4c4173
deleteCollection	unary		OBJECT	NOTHING	0x4baa80		General	2.90		object	0x4c6775
deleteEditorObject	binary	CONTROL	STRING	ANY	0x13cb8d0	4	Editor	2.92	map	object	0x13c83af
deleteGroup	unary		GROUP	NOTHING	0x18fec0		General			group	0x4c4289
deleteGroupWhenEmpty	binary	GROUP	BOOL	NOTHING	0x18e370	4	General		group	garbageCollect	0x50d567
deleteIdentity	unary		STRING	BOOL	0x8b3110		General	1.75		identityName	0x8b5192
deleteLocation	unary		LOCATION	NOTHING	0xd04080		Location	2.90		location	0xd0177d
deleteMarker	unary		STRING	NOTHING	0x84e7a0		General			name	0x4c442a
deleteMarkerLocal	unary		STRING	NOTHING	0x84e8b0		General	2.92		name	0x4c44b5
deleteRange	binary	ARRAY	ARRAY	NOTHING	0x2e2c90	4	Default	1.75	array	[index,count]	0x2df575
deleteResources	binary	TEAM_MEMBER	ARRAY	NOTHING	0x196d90	4	Agents	2.90	teamMember	[resource1, resource2, ...]	0x507a78
deleteSite	unary		OBJECT	NOTHING	0x55be80		General	1.34		site	0x4c21f5
deleteStatus	unary		STRING	BOOL	0x8b3530		General	1.75		statusName	0x8b5128
deleteTeam	unary		TEAM_MEMBER	NOTHING	0x195f20		Agents	2.90		team	0x4d69e9
deleteVehicle	unary		ARRAY	NOTHING	0x568e60		General	2.18		[object1, object2,..]	0x4e34fb
deleteVehicle	unary		OBJECT	NOTHING	0x568da0		General	1.34		object	0x4c216a
deleteVehicleCrew	binary	OBJECT	OBJECT	NOTHING	0x48a330	4	General	2.35	vehicle	person	0x50bb93
deleteVehicleCrew	unary		OBJECT	NOTHING	0x48a3e0		Agents	2.06		vehicle	0x4d7324
deleteWaypoint	unary		ARRAY	NOTHING	0x8f6e80		General	1.86		waypoint	0x4c4656
detach	unary		OBJECT	NOTHING	0x526810		General	5501		obj	0x4c9b95
detachChild	unary		OBJECT	NOTHING	0x1a1e70		General	2.22		obj	0x4d8f60
detectedMines	unary		SIDE	ARRAY	0x49ff40		General			side	0x4db819
diag_activeMissionFSMs	nular			ARRAY	0x8a5f00		General	5501			0x8ad9e4
diag_activeScripts	nular			ARRAY	0x8a6c70		General	5501			0x8aeba6
diag_activeSQFScripts	nular			ARRAY	0x8a62d0		General	5501			0x8ad94e
diag_activeSQSScripts	nular			ARRAY	0x8a68e0		General	5501			0x8ad999
diag_allMissionEventHandlers	nular			ARRAY	0x899a50		General				0x8a1d36
diag_codePerformance	unary		ARRAY	ARRAY	0x19a9b0		General			[code, (arguments), (cycles)]	0x4caf21
diag_deltaTime	nular			SCALAR	0x8a6ec0		General	5501			0x8ad903
diag_dynamicSimulationEnd	unary		STRING	NOTHING	0x8a4230		General			filePath	0x4de7e1
diag_fps	nular			SCALAR	0x8a6f00		General	5500			0x8ad7d7
diag_fpsmin	nular			SCALAR	0x8a6f40		General	5500			0x8ad86d
diag_frameno	nular			SCALAR	0x8a6f90		General	5500			0x8ad822
diag_lightNewLoad	unary		STRING	NOTHING	0x165b940		Debug			path_to_config_filename	0x165f54f
diag_localized	unary		STRING	ARRAY	0x8a4590		General	2.03		tableName or "*" or ""	0x4e0a16
diag_log	unary		ANY	NOTHING	0x2d2b50		Default	5501		anything	0x2ddae2
diag_remainsCollector	unary		SCALAR	ARRAY	0x48a480		General	2.18		option	0x4e3c0a
diag_scope	nular			SCALAR	0x89f1f0		General	2.01			0x8a1eff
diag_setLightNew	unary		STRING	NOTHING	0x165b430		Debug			config_in_string_form	0x165f4e4
diag_stacktrace	nular			ARRAY	0x899c70		General	2.06			0x8a2254
diag_testScriptSimpleVM	unary		CODE	STRING	0x8a4840		General	2.14		code	0x4e2d61
diag_tickTime	nular			SCALAR	0x8a6fc0		General	5501			0x8ad8b8
dialog	nular			BOOL	0x8b62e0		General	1.78			0x8b5d87
diaryRecordNull	nular			TASK	0xdfe160		Identity	1.99			0xe01351
diarySubjectExists	binary	OBJECT	STRING	BOOL	0xdfcac0	4	Identity	5501	person	name	0xe02d9f
didJIP	nular			BOOL	0x89a520		General				0x8a1625
didJIPOwner	unary		OBJECT	BOOL	0x48a5c0		General			object	0x4dcf72
difficulty	nular			SCALAR	0x8a8ec0		General				0x8ae8d2
difficultyEnabled	unary		STRING	BOOL	0x47de70		General	5127		flag	0x4c7b8c
difficultyEnabledRTD	nular			BOOL	0x8955a0		General				0x5147cc
difficultyOption	unary		ARRAY	ARRAY	0x48a6e0		General	2.14		[]	0x4c7ca2
difficultyOption	unary		STRING	SCALAR	0x48a630		General			option	0x4c7c17
direction	unary		LOCATION	SCALAR	0xd05170		Location	2.90		location	0xd0199b
direction	unary		OBJECT	SCALAR	0x52b330		General	1.50		object	0x4be525
directionStabilizationEnabled	binary	OBJECT	ARRAY	BOOL	0x52b4f0	4	General	2.06	transport	[turretPath]	0x50ff8b
directSay	binary	OBJECT	STRING	NOTHING	0x19d0b0	4	General	5501	unit	radioName	0x4ea0ba
disableAI	binary	OBJECT	STRING	NOTHING	0x526960	4	General		unit	section	0x4ec0ac
disableBrakes	binary	OBJECT	BOOL	NOTHING	0x54e4f0	4	General	2.08	vehicle	disable	0x51039f
disableCollisionWith	binary	OBJECT	OBJECT	NOTHING	0x568f80	4	General	TOH 85355	vehicle	vehicle	0x4fc198
disableConversation	binary	OBJECT	BOOL	NOTHING	0x565a00	4	General		unit	lock	0x4f8f4c
disableDebriefingStats	nular			NOTHING	0x89a550		General				0x8a1058
disableMapIndicators	unary		ARRAY	NOTHING	0x48a9e0		General	5501		[bool disableFriendly, bool disableEnemy, bool disableMines, bool disablePing]	0x4cdd48
disableNVGEquipment	binary	OBJECT	BOOL	NOTHING	0x48ab90	4	General		vehicle	enable/disable	0x4fbe32
disableRemoteSensors	unary		BOOL	NOTHING	0x48ac90		General			bool	0x4dcffd
disableSerialization	nular			NOTHING	0x2d2bf0		Default	5501			0x2dbde7
disableTIEquipment	binary	OBJECT	BOOL	NOTHING	0x48ace0	4	General		vehicle	enable/disable	0x4fbd84
disableUAVConnectability	binary	OBJECT	ARRAY	NOTHING	0x48ade0	4	General		object	[uav, checkAllItems]	0x50b8db
disableUserInput	unary		BOOL	NOTHING	0x48ae00		General			disable	0x4c2c46
displayAddEventHandler	binary	DISPLAY	ARRAY	SCALAR	0x8d62b0	4	General	5501	display	[handler name, function]	0x4fe2e6
displayChild	unary		DISPLAY	DISPLAY	0x8d6500		General	2.06		display	0x4cff7d
displayCtrl	binary	DISPLAY	SCALAR	CONTROL	0x8d6a50	4	General	2.50	display	idc	0x4fe02e
displayCtrl	unary		SCALAR	CONTROL	0x8cceb0		General	2.06		idc	0x4d1f86
displayNull	nular			DISPLAY	0x8b2540		General	2.92			0x8b22dc
displayParent	unary		DISPLAY	DISPLAY	0x8d6e90		General			display	0x4cfef2
displayRemoveAllEventHandlers	binary	DISPLAY	STRING	NOTHING	0x8d6ed0	4	General	5501	display	handler name	0x4fe442
displayRemoveEventHandler	binary	DISPLAY	ARRAY	NOTHING	0x8d6f60	4	General	5501	display	[handler name, id]	0x4fe394
displaySetEventHandler	binary	DISPLAY	ARRAY	NOTHING	0x8d7070	4	General	2.54	display	[handler name, function]	0x4fe238
displayUniqueName	unary		DISPLAY	STRING	0x8d71f0		General	2.12		display	0x4d223d
displayUpdate	unary		DISPLAY	NOTHING	0x8d7260		General	2.12		display	0x4d21b2
dissolveTeam	unary		STRING	NOTHING	0x55f270		General	2.05		team	0x4c4f06
distance	binary	ARRAY	LOCATION	SCALAR	0xd04160	4	Location	5501	pos1	location2	0xd029a9
distance	binary	LOCATION	ARRAY	SCALAR	0xd04160	4	Location	5501	location1	pos2	0xd02923
distance	binary	LOCATION	LOCATION	SCALAR	0xd04180	4	Location	5501	location1	location2	0xd0289d
distance	binary	OBJECT|ARRAY	OBJECT|ARRAY	SCALAR	0x526c50	4	General		obj1 or pos1	obj2 or pos2	0x4e6dc0
distance	binary	SCALAR	SCALAR	SCALAR	0x4baf10	4	General		a	b	0x511ecf
distance2D	binary	OBJECT|ARRAY	OBJECT|ARRAY	SCALAR	0x526ab0	4	General		obj1 or pos1	obj2 or pos2	0x4e6e6e
distanceSqr	binary	ARRAY	LOCATION	SCALAR	0xd043c0	4	Location	5501	pos1	location2	0xd02b3b
distanceSqr	binary	LOCATION	ARRAY	SCALAR	0xd043c0	4	Location	5501	location1	pos2	0xd02ab5
distanceSqr	binary	LOCATION	LOCATION	SCALAR	0xd043e0	4	Location	5501	location1	location2	0xd02a2f
distanceSqr	binary	OBJECT|ARRAY	OBJECT|ARRAY	SCALAR	0x526c90	4	General		obj1 or pos1	obj2 or pos2	0x4e6f1c
distanceSqr	binary	SCALAR	SCALAR	SCALAR	0x4baf90	4	General		a	b	0x511f7d
distributionRegion	nular			SCALAR	0x8a8ef0		General	5129			0x8ad238
do	binary	FOR	CODE	ANY	0x2f4a80	4	Default		forCommand	code	0x2e0346
do	binary	SWITCH	CODE	ANY	0x2f5040	4	Default		switch	block	0x2e0464
do	binary	WHILE	CODE	NOTHING	0x2ee920	4	Default	1.85	while	code	0x2dfe17
do	binary	WITH	CODE	NOTHING	0x2e6100	4	Default	5501	with	code	0x2dfebd
do3DENAction	unary		STRING|ARRAY	NOTHING	0x7ffc70		General			operation	0x7fd5dc
doArtilleryFire	binary	OBJECT|ARRAY	ARRAY	NOTHING	0x569030	4	General		unit	[position, type, rounds]	0x4f2130
doFire	binary	OBJECT|ARRAY	OBJECT	NOTHING	0x569070	4	General		unit	target	0x4f1fd4
doFollow	binary	OBJECT|ARRAY	OBJECT	NOTHING	0x569090	4	General		unit	position	0x4f1e78
doFSM	binary	OBJECT|ARRAY	ARRAY	NOTHING	0x569050	4	General	2.53	unit(s)	[fsm name, position, target]	0x4fd08c
doGetOut	unary		OBJECT|ARRAY	NOTHING	0x5690b0		General	2.28		unit	0x4c3fd2
doMove	binary	OBJECT|ARRAY	ARRAY	NOTHING	0x5690d0	4	General		unit	position	0x4f1908
doorPhase	binary	OBJECT	STRING	SCALAR	0x4a0570	4	General	TOH 83638	object	animation	0x50a681
doStop	unary		OBJECT|ARRAY	NOTHING	0x5690f0		General			unit	0x4c3ebc
doSuppressiveFire	binary	OBJECT|ARRAY	OBJECT|ARRAY	NOTHING	0x569110	4	General		unit	position or target	0x4f228c
doTarget	binary	OBJECT|ARRAY	OBJECT	NOTHING	0x569130	4	General		unit	position	0x4f1d1c
doWatch	binary	OBJECT|ARRAY	ARRAY	NOTHING	0x569150	4	General		unit	position	0x4f1a64
doWatch	binary	OBJECT|ARRAY	OBJECT	NOTHING	0x569150	4	General		unit	target	0x4f1bc0
drawArrow	binary	CONTROL	ARRAY	NOTHING	0x8e7710	4	General	2.35	map	[position1, position2, color]	0x504d9c
drawEllipse	binary	CONTROL	ARRAY	NOTHING	0x8e7830	4	General	2.35	map	[center, a, b, angle, color, fill, alignWithMap]	0x504e4a
drawIcon	binary	CONTROL	ARRAY	NOTHING	0x8e7cc0	4	General	2.35	map	[texture, color, position, width, height, angle, text, shadow, textSize, font, align]	0x504b92
drawIcon3D	unary		ARRAY	NOTHING	0x572ca0		General			[texture, color, position, width, height, angle, text, shadow, textSize, font, textAlignment, drawSideArrows, offsetX, offsetY]	0x4da2ec
drawIcon3D	unary		HASHMAP	NOTHING	0x572dc0		General			hashmap	0x4da377
drawLaser	unary		ARRAY	NOTHING	0x572e50		General	2.08		[position, direction, color(beam), color(dot), dotSize, beamThickness, maxBeamLength, isIR]	0x4e11b0
drawLine	binary	CONTROL	ARRAY	NOTHING	0x8e7f20	4	General	2.35	map	[position1, position2, color]	0x504c40
drawLine3D	unary		ARRAY	NOTHING	0x5731f0		General			[start, end, color]	0x4da261
drawLink	binary	CONTROL	ARRAY	NOTHING	0x13cc220	4	Editor	2.92	map	[from, to, param type, line type, color]	0x13c8f9c
drawLocation	binary	CONTROL	LOCATION	NOTHING	0xd045f0	4	Location PC	2.90	map	location	0xd02d33
drawPolygon	binary	CONTROL	ARRAY	NOTHING	0x8e8000	4	General		map	[[pos1, pos2,...], color]	0x504cee
drawRectangle	binary	CONTROL	ARRAY	NOTHING	0x8e8240	4	General	2.35	map	[center, a, b, angle, color, fill, alignWithMap]	0x504ef8
drawTriangle	binary	CONTROL	ARRAY	NOTHING	0x8e86b0	4	General		map	[[p0, p1, p2(, p0, p1, p2, ...)], color, fill]	0x504fa6
drawXPolygon	binary	CONTROL	ARRAY	NOTHING	0x8e8cc0	4	General	2.20	map	[n, center, a, b, angle, color, fill, alignWithMap]	0x5055c4
driver	unary		OBJECT	OBJECT	0x526e50		General			vehicle	0x4bfe1f
drop	unary		ARRAY	OBJECT	0xeb0410		General	1.50		array	0x8b460b
dynamicSimulationDistance	unary		STRING	SCALAR	0x17e5f0		General			dynamicSimulationClass	0x4de5b5
dynamicSimulationDistanceCoef	unary		STRING	SCALAR	0x17e710		General			dynamicSimulationCoefClass	0x4de640
dynamicSimulationEnabled	unary		GROUP	BOOL	0x17ea50		General			group	0x4de52a
dynamicSimulationEnabled	unary		OBJECT	BOOL	0x17eab0		General			entity	0x4de49f
dynamicSimulationSystemEnabled	nular			BOOL	0x8a2c00		General				0x8a1847
east	nular			SIDE	0x8b1b20		General				0x8ac301
echo	unary		STRING	NOTHING	0x2d2780		Default	2.00		text	0x2dd0c9
edit3DENMissionAttributes	unary		STRING	NOTHING	0x7ffb20		General			<global attribute type>	0x7fde3d
editObject	binary	CONTROL	STRING	ANY	0x13cc900	4	Editor	2.92	map	object	0x13c85c0
editorSetEventHandler	binary	CONTROL	ARRAY	NOTHING	0x13d2640	4	Editor	2.92	map	[handler name, function]	0x13c8c04
effectiveCommander	unary		OBJECT	OBJECT	0x526ef0		General	2.92		vehicle	0x4c7734
elevatePeriscope	binary	OBJECT	ARRAY	NOTHING	0x5697b0	4	General		vehicle	[turret, elevation, (speed/instant, blockuser)]	0x50eb27
else	binary	CODE	CODE	ARRAY	0x2ee2c0	5	Default	1.85	ifCode	elseCode	0x2dfd71
emptyPositions	binary	OBJECT	STRING|ARRAY	SCALAR	0x526fd0	4	General	2.92	vehicle	position or [position, (ignoreLocked)]	0x4f6eac
enableAI	binary	OBJECT	STRING	NOTHING	0x527420	4	General	2.53	unit	section	0x4ec15a
enableAIFeature	binary	OBJECT	ARRAY	NOTHING	0x48c7c0	4	General		unit	[feature, enable]	0x4ebc98
enableAIFeature	binary	STRING	BOOL	NOTHING	0x48c660	4	General	60220	feature	enabled	0x4ebbea
enableAimPrecision	binary	OBJECT	BOOL	NOTHING	0x896780	4	General	129500	player	enabled	0x50c469
enableAttack	binary	OBJECT|GROUP	BOOL	NOTHING	0x1908e0	4	General	2.92	group	enable	0x4f7cf2
enableAudioFeature	binary	OBJECT	ARRAY	BOOL	0x53f620	4	General	2.14	object	[feature, enable]	0x51154b
enableAudioFeature	unary		ARRAY	BOOL	0x5570a0		General	129510		[audio feature name, enable/disable]	0x4dc5ac
enableAutoStartUpRTD	binary	OBJECT	BOOL	NOTHING	0x892250	4	General	TOH 81393	RTD_helicopter	enabled	0x508810
enableAutoTrimRTD	binary	OBJECT	BOOL	BOOL	0x895ab0	4	General	TOH 81393	RTD_helicopter	bool	0x5081f2
enableCamShake	unary		BOOL	NOTHING	0x807d80		General	5501		true/false	0x4cdc32
enableCaustics	unary		BOOL	NOTHING	0x48cbc0		General	81571		enable	0x4d932d
enableChannel	binary	SCALAR	ARRAY	NOTHING	0x19c140	4	General		channel	[enableChat, enableVoN]	0x50c055
enableChannel	binary	SCALAR	BOOL	NOTHING	0x19c070	4	General		channel	enabled	0x50bfa7
enableCollisionWith	binary	OBJECT	OBJECT	NOTHING	0x569b10	4	General	TOH 85355	vehicle	vehicle	0x4fc246
enableCopilot	binary	OBJECT	BOOL	NOTHING	0x48cc90	4	General	TOH	vehicle	enable	0x4fc0ea
enableDebriefingStats	unary		ARRAY	NOTHING	0x48cd10		General			[left, top, width, height]	0x4da85a
enableDiagLegend	unary		BOOL	NOTHING	0x48cee0		General			true/false	0x4dadc8
enableDirectionStabilization	binary	OBJECT	ARRAY	NOTHING	0x527600	4	General	2.06	transport	[bool, [turretPath]]	0x50fedd
enableDynamicSimulation	binary	GROUP	BOOL	NOTHING	0x17e8c0	4	General		group1	enable	0x50d153
enableDynamicSimulation	binary	OBJECT	BOOL	NOTHING	0x17e980	4	General		vehicle1	enable	0x50d0a5
enableDynamicSimulationSystem	unary		BOOL	NOTHING	0x17e830		General			enable	0x4de756
enableEndDialog	nular			NOTHING	0x8a7000		General				0x8ac5fd
enableEngineArtillery	unary		BOOL	NOTHING	0x48cb00		General	5501		true/false	0x4cdcbd
enableEnvironment	unary		BOOL|ARRAY	NOTHING	0x48cfb0		General	2.92		enabled	0x4ce115
enableFatigue	binary	OBJECT	BOOL	NOTHING	0x5279a0	4	General				0x4fd4a0
enableFreeLook	unary		BOOL	BOOL	0x48d1d0		General	2.22		enabled	0x4e4794
enableGunLights	binary	OBJECT|GROUP	STRING	NOTHING	0x1909f0	4	General		group	mode	0x4fbacc
enableGunStabilization	binary	OBJECT	ARRAY	SCALAR	0x5279c0	4	General	2.22	transport	[number, [turretPath]]	0x5137f5
enableInfoPanelComponent	binary	OBJECT|ARRAY	ARRAY	BOOL	0x48d750	4	General	141449	object or [object, turret path]	[panel name, component or sensor name, enable]	0x5138a3
enableIRLasers	binary	OBJECT|GROUP	BOOL	NOTHING	0x190960	4	General		group	enable	0x4fba1e
enableMimics	binary	OBJECT	BOOL	NOTHING	0x527e30	4	General		unit	enabled	0x50b161
enablePersonTurret	binary	OBJECT	ARRAY	NOTHING	0x527ed0	4	General		vehicle	[turret path, enable]	0x5088be
enableRadio	unary		BOOL	NOTHING	0x48d210		General			enable	0x4c2aa5
enableReload	binary	OBJECT	BOOL	NOTHING	0x569bb0	4	General	2.92	object	enable	0x4f7c44
enableRopeAttach	binary	OBJECT	BOOL	NOTHING	0x1a1f20	4	General	126046	vehicle	enable	0x513c09
enableSatNormalOnDetail	unary		BOOL	NOTHING	0x48d260		General	5501		true/false	0x4cddd3
enableSaving	unary		BOOL|ARRAY	NOTHING	0x48d330		General	5501		enable or [enable, save]	0x4cce14
enableSentences	unary		BOOL	NOTHING	0x48d480		General			enable	0x4c2b30
enableSimulation	binary	OBJECT	BOOL	NOTHING	0x571140	4	General		entity	enable	0x4f8c94
enableSimulationGlobal	binary	OBJECT	BOOL	NOTHING	0x5711e0	4	General		entity	enable	0x4f8d42
enableStamina	binary	OBJECT	BOOL	NOTHING	0x896820	4	General	132500	unit	enabled	0x50c25f
enableStressDamage	unary		BOOL	NOTHING	0x8922d0		General	83393 TOH		enable	0x4d7fa1
enableTeamSwitch	unary		BOOL	NOTHING	0x55f850		General	2.92		enable	0x4c713b
enableTraffic	unary		BOOL	NOTHING	0x18b0a0		General	83700 TOH		enable	0x4d8258
enableUAVConnectability	binary	OBJECT	ARRAY	NOTHING	0x48d4d0	4	General		object	[uav, checkAllItems]	0x50b82d
enableUAVWaypoints	binary	OBJECT	BOOL	NOTHING	0x48d4f0	4	General	129341	vehicle	bool	0x50bef9
enableVehicleCargo	binary	OBJECT	BOOL	NOTHING	0x48d610	4	General	134497	vehicle	true	0x51401d
enableVehicleSensor	binary	OBJECT	ARRAY	NOTHING	0x1c6f10	4	General	141449	vehicle	[component or sensor name, enable]	0x50dd8f
enableWeaponDisassembly	binary	OBJECT	BOOL	NOTHING	0x48dae0	4	General		object	bool	0x50d40b
enableWeaponDisassembly	unary		BOOL	NOTHING	0x48dbb0		General			bool	0x4de86c
endl	nular			STRING	0x8b1c00		General				0x8ae54c
endLoadingScreen	nular			NOTHING	0x8b0220		General	5501			0x8adf09
endMission	unary		STRING	NOTHING	0x48dc30		General	5501		end type	0x4c9511
engineOn	binary	OBJECT	BOOL	NOTHING	0x569c30	4	General	1.90	vehicle	on	0x4f2cbe
enginesIsOnRTD	unary		OBJECT	ARRAY	0x892f40		General	81393 TOH		RTD_helicopter	0x4d7e8b
enginesPowerRTD	unary		OBJECT	ARRAY	0x893100		General	87008 TOH		RTD_Helicopter	0x4d82e3
enginesRpmRTD	unary		OBJECT	ARRAY	0x8932c0		General	TOH 81393		RTD_helicopter	0x4d74c5
enginesTorqueRTD	unary		OBJECT	ARRAY	0x8934a0		General	87008 TOH		RTD_Helicopter	0x4d836e
entities	unary		ARRAY	ARRAY	0x4a0b70		General	OA 94061		[includedClasses:array,excludedClasses:array]	0x4cebf1
entities	unary		STRING	ARRAY	0x4a0860		General	OA 94061		type	0x4ceadb
envelope	binary	EXPRESSION	ARRAY	EXPRESSION	0x381ab0	4	Simple expression		expr	val	0x383e0b
environmentEnabled	nular			ARRAY	0x89a580		General				0x8a18eb
environmentVolume	nular			SCALAR	0x89c250		General	2.03			0x8a2084
equipmentDisabled	unary		OBJECT	ARRAY	0x56a7a0		General	2.12		vehicle	0x4e2652
estimatedEndServerTime	nular			SCALAR	0x8a8f60		General	5501			0x8ae249
estimatedTimeLeft	unary		SCALAR	NOTHING	0x48e2f0		General	1.34		timeLeft	0x4c3aef
evalObjectArgument	binary	CONTROL	ARRAY	ANY	0x13cca70	4	Editor	2.35	map	[object, argument]	0x13c7e99
everyBackpack	unary		OBJECT	ARRAY	0x83f410		General			box	0x4bf4e4
everyContainer	unary		OBJECT	ARRAY	0x83f580		General			box	0x4bf56f
exec	binary	ANY	STRING	NOTHING	0x54a4c0	4	General		argument	script	0x4ed7c8
execEditorScript	binary	CONTROL	ARRAY	ANY	0x13ccd50	4	Editor	2.92	map	[object, script]	0x13c84bb
execFSM	binary	ANY	ARRAY	SCALAR	0x48eea0	4	General	2.18	argument	[fsmScript, (allowTermination)]	0x512853
execFSM	binary	ANY	STRING	SCALAR	0x48ecf0	4	General	5500	argument	filename	0x4f892e
execFSM	unary		ARRAY	SCALAR	0x48f020		General	2.18		[fsmScript, (allowTermination)]	0x4e3953
execFSM	unary		STRING	SCALAR	0x48eda0		General	5500		filename	0x4c7fe4
execVM	binary	ANY	STRING	SCRIPT	0x5665a0	4	General	2.60	argument	filename	0x4fd13a
execVM	unary		STRING	SCRIPT	0x566770		General	2.58		filename	0x4cf5b7
exit	nular			NOTHING	0x10d3da0		General				0x8ac5b2
exitWith	binary	IF	CODE	ANY	0x2f4900	4	Default	2	if	code	0x2dff55
exp	unary		SCALAR|NaN	SCALAR|NaN	0x2d4040		Default			x	0x2dc54b
expectedDestination	unary		OBJECT	ARRAY	0x56a880		General	2.92		person	0x4c71c6
exportJIPMessages	unary		STRING	NOTHING	0x54dbf0		General			filename	0x4dcee7
eyeDirection	unary		OBJECT	ARRAY	0x52b0d0		General	OA 93619		unit	0x4be40f
eyePos	unary		OBJECT	ARRAY	0x52fd50		General	OA 93598		obj	0x4be0cd
face	unary		OBJECT	STRING	0x528110		General			object	0x4c0a11
faction	unary		OBJECT	STRING	0x4a2cf0		General	5501		unit	0x4ca18e
factor	binary	EXPRESSION	ARRAY	EXPRESSION	0x381ae0	4	Simple expression		expr	val	0x383d45
fadeEnvironment	binary	SCALAR	SCALAR	NOTHING	0x54ff50	4	General	2.03	time	volume	0x50f2a1
fadeMusic	binary	SCALAR	SCALAR	NOTHING	0x553190	4	General		time	volume	0x4f0348
fadeRadio	binary	SCALAR	SCALAR	NOTHING	0x556460	4	General		time	volume	0x4f04a4
fadeSound	binary	SCALAR	SCALAR	NOTHING	0x557200	4	General		time	volume	0x4f03f6
fadeSpeech	binary	SCALAR	SCALAR	NOTHING	0x5573c0	4	General		time	volume	0x4fbcd6
failMission	unary		STRING	NOTHING	0x48fcf0		General	5501		end type	0x4c959c
false	nular			BOOL	0x2cf4e0		Default				0x2dbd43
fileExists	unary		STRING	BOOL	0x48fea0		General	2.01		path	0x4e075f
fillWeaponsFromPool	unary		OBJECT	NOTHING	0x8b8990		General	1.75		person	0x8b49ce
find	binary	ARRAY	ANY	SCALAR	0x2e2e50	4	Default	2.92	array	x	0x2dfa69
find	binary	STRING	ARRAY	SCALAR	0x51d020	4	General	2.01	str1	[str2, from]	0x50eddf
find	binary	STRING	STRING	SCALAR	0x2e3460	4	Default	5195	str1	str2	0x2dfb0b
findAny	binary	ARRAY	ARRAY	SCALAR	0x2e2f70	4	Default	2.09	arrayA	arrayB	0x2dfb9f
findCover	binary	OBJECT	ARRAY	OBJECT	0x569cc0	4	General	2.92	object	[position, hidePosition, maxDist, minDist, visibilityPosition, ignoreObject]	0x4f7a3a
findDisplay	unary		SCALAR	DISPLAY	0x8d75a0		General	2.54		idd	0x4d0008
findDisplay	unary		STRING	DISPLAY	0x8d7710		General	2.54		uniqueName	0x4d0093
findEditorObject	binary	CONTROL	ANY	STRING	0x13cd720	4	Editor	2.92	map	value	0x13c8024
findEditorObject	binary	CONTROL	ARRAY	STRING	0x13cd1c0	4	Editor	2.35	map	[type, name1, value1, ...]	0x13c7f9e
findEmptyPosition	binary	ARRAY	ARRAY	ARRAY	0x490160	4	General	5501	center	[radius, maxDistance] or [radius, maxDistance, vehicleType]	0x4fa716
findEmptyPositionReady	binary	ARRAY	ARRAY	BOOL	0x490520	4	General	5501	center	[radius, maxDistance]	0x4fa7c4
findIf	binary	ARRAY	CODE	SCALAR	0x2e30d0	4	Default	144295	array	condition	0x2df74b
findNearestEnemy	binary	OBJECT	OBJECT|ARRAY	OBJECT	0x569d50	4	General	2.92	object	position	0x4f78de
finishMissionInit	nular			NOTHING	0x8b0480		General	2.33			0x8aca85
finite	unary		SCALAR|NaN	BOOL	0x2d4450		Default			x	0x2dc7ab
fire	binary	OBJECT	ARRAY	NOTHING	0x528330	4	General		unit	array	0x4e9940
fire	binary	OBJECT	STRING	NOTHING	0x5281a0	4	General		unit	weaponName	0x4e9892
fireAtTarget	binary	OBJECT	ARRAY	BOOL	0x492810	4	General	5501	vehicle	[target, weapon]	0x4faf3e
firstBackpack	unary		OBJECT	OBJECT	0x83fb80		General			box	0x4bf459
flag	unary		OBJECT	OBJECT	0x52bad0		General			unit	0x4c0418
flagAnimationPhase	unary		OBJECT	SCALAR	0x52bb30		General			flag	0x4c038d
flagOwner	unary		OBJECT	OBJECT	0x52bb90		General			flag	0x4c0302
flagSide	unary		OBJECT	SIDE	0x52bbf0		General			flagpole	0x4c07e5
flagTexture	unary		OBJECT	STRING	0x52bc60		General			flagcarrier	0x4c06cf
flatten	unary		ARRAY	ARRAY	0x47ed10		General	2.01		array	0x4e07ea
fleeing	unary		OBJECT	BOOL	0x528630		General			unit	0x4bf8b1
floor	unary		SCALAR|NaN	SCALAR|NaN	0x2d44c0		Default			x	0x2dc67b
flyInHeight	binary	OBJECT	SCALAR|ARRAY	NOTHING	0x53c0b0	4	General		helicopter or airplane	height or [heliheight, force]	0x4e79fc
flyInHeightASL	binary	OBJECT	ARRAY	NOTHING	0x53c2a0	4	General		helicopter or airplane	[height - careless/safe/aware, height - combat, height - stealth]	0x4e7aaa
focusedCtrl	unary		DISPLAY	CONTROL	0x8d05c0		General	2.03		display	0x4d1efb
focusOn	nular			OBJECT	0x8a7030		General	2.16			0x8aec9c
fog	nular			SCALAR	0x8a8fa0		General	2.92			0x8acbbf
fogForecast	nular			SCALAR	0x8a8fd0		General	2.92			0x8acf8e
fogParams	nular			ARRAY	0x8a9000		General				0x8acc0a
for	unary		ARRAY	FOR	0x2f4650		Default			forspec	0x2dd322
for	unary		STRING	FOR	0x2f4530		Default			var	0x2dd2ad
forceAddUniform	binary	OBJECT	STRING	NOTHING	0x83dd50	4	General		unit	type	0x4ef0ee
forceAtPositionRTD	unary		ARRAY	ARRAY	0x892310		General	TOH 81393		position	0x4d7a33
forceCadetDifficulty	unary		ARRAY	ARRAY	0x492cf0		General	1.99		[showCadetHints, showCadetWP]	0x4dffc5
forcedMap	nular			ARRAY	0x8a9220		General	1.62			0x8aeb5b
forceEnd	nular			NOTHING	0x8a70a0		General				0x8ac648
forceFlagTexture	binary	OBJECT	STRING	NOTHING	0x5286b0	4	General		obj	texture	0x4e64ea
forceFollowRoad	binary	OBJECT	BOOL	NOTHING	0x569e00	4	General		vehicle	true/false	0x50cbe3
forceGeneratorRTD	unary		SCALAR	ARRAY	0x893660		General	TOH 81393		index	0x4d79a8
forceHitPointsDamageSync	unary		OBJECT	BOOL	0x492e40		General	2.18		entity	0x4e3611
forceMap	unary		BOOL	NOTHING	0x51f840		General	1.27		show	0x4c38c3
forceRespawn	unary		OBJECT	NOTHING	0x493570		General			targetUnit	0x4c5474
forceSpeed	binary	OBJECT	SCALAR	NOTHING	0x569ed0	4	General	2.92	object	speed	0x4f76d4
forceUnicode	unary		SCALAR	NOTHING	0x4936a0		General	2.01		mode	0x4e05be
forceWalk	binary	OBJECT	BOOL	NOTHING	0x493710	4	General	5501	player	force walk	0x4fb148
forceWeaponFire	binary	OBJECT	ARRAY	NOTHING	0x493790	4	General		unit	[weapon, mode]	0x4fc5ac
forceWeatherChange	nular			NOTHING	0x8a70d0		General	5501			0x8ae976
forEach	binary	CODE	ARRAY	NOTHING	0x2e3620	4	Default		code	array	0x2df87e
forEach	binary	CODE	HASHMAP	ANY	0x81ce60	4	General		code	HashMap	0x820357
forEachMember	binary	CODE	TEAM_MEMBER	NOTHING	0x196040	4	Agents	2.92	command	team	0x507f3a
forEachMemberAgent	binary	CODE	TEAM_MEMBER	NOTHING	0x1962c0	4	Agents	2.92	command	team	0x508096
forEachMemberTeam	binary	CODE	TEAM_MEMBER	NOTHING	0x196630	4	Agents	2.92	command	team	0x507fe8
forEachReversed	binary	CODE	ARRAY	NOTHING	0x2e39a0	4	Default	2.14	code	array	0x2e0719
forgetTarget	binary	OBJECT|GROUP	OBJECT	NOTHING	0x1c82d0	4	General		group	unit	0x4f27fc
format	unary		ARRAY	STRING	0x55c770		General			format	0x4c2f88
formation	unary		OBJECT|GROUP	STRING	0x190b40		General			grp	0x4c0d53
formation	unary		TEAM_MEMBER	STRING	0x196980		Agents	2.90		team	0x4d6d2b
formationDirection	unary		OBJECT	SCALAR	0x192bf0		General	2.92		person	0x4c76a9
formationLeader	unary		OBJECT	OBJECT	0x56aba0		General	2.92		person	0x4c747d
formationMembers	unary		OBJECT	ARRAY	0x56ac40		General	2.92		person	0x4c73f2
formationPosition	unary		OBJECT	ARRAY	0x56ae60		General	2.92		person	0x4c7251
formationTask	unary		OBJECT	STRING	0x56afd0		General	2.92		person	0x4c7508
formatText	unary		ARRAY	TEXT	0x563df0		General	2.01		[format, arg1, arg2, ...]	0x4c4d65
formLeader	unary		OBJECT	OBJECT	0x192e50		General			unit	0x4bfc7e
freeExtension	unary		STRING	BOOL|NOTHING	0x18b0a0		General	2.12		name	0x4e21fa
freeLook	nular			BOOL	0x8a93f0		General	84446 TOH			0x8ae501
from	binary	FOR	SCALAR	FOR	0x2f4ab0	4	Default		for "_var"	b	0x2e01a2
fromEditor	unary		TEAM_MEMBER	BOOL	0x196fd0		Agents	2.90		teamMember	0x4d6db6
fromJSON	unary		STRING	ANY	0x518fa0		General			jsonString	0x4e3fd7
fuel	unary		OBJECT	SCALAR	0x528860		General			vehicle	0x4bf9c7
fullCrew	unary		ARRAY	ARRAY	0x498a00		General			[vehicle, type, includeEmpty]	0x4dbe9d
fullCrew	unary		OBJECT	ARRAY	0x498910		General			vehicle	0x4dbe12
gearIDCAmmoCount	unary		SCALAR	SCALAR	0x8cea00		General	93869		control IDC	0x4d17ec
gearSlotAmmoCount	unary		CONTROL	SCALAR	0x8cf470		General	93869		control	0x4d1761
gearSlotData	unary		CONTROL	STRING	0x8cf4e0		General	5501		control	0x4d16d6
gestureState	unary		OBJECT	STRING	0x56b0a0		General	2.06		man	0x4e0ef9
get	binary	HASHMAP	?|NaN	ANY	0x81d000	4	General	2.02	HashMap	key	0x820138
get3DENActionState	unary		STRING	SCALAR	0x7f76d0		General			operation	0x7fd634
get3DENAttribute	binary	ARRAY	STRING	ARRAY	0x7f87a0	4	General		editorWaypoint	attributeType	0x7fe3e6
get3DENAttribute	binary	GROUP	STRING	ARRAY	0x7f7bf0	4	General		editorGroup	attributeType	0x7fe359
get3DENAttribute	binary	OBJECT	STRING	ARRAY	0x7f8340	4	General		editorObject	attributeType	0x7fe2cf
get3DENAttribute	binary	SCALAR	STRING	ARRAY	0x7f7870	4	General		editorMarker	attributeType	0x7fe508
get3DENAttribute	binary	STRING	STRING	ARRAY	0x7f7fa0	4	General		editorMarker	attributeType	0x7fe477
get3DENAttributes	binary	?|SCALAR	STRING	ARRAY	0x7f8c80	4	General	2.18	<edenEntity>	<filter>	0x7feb5e
get3DENCamera	nular			OBJECT	0x7f8ff0		General				0x7fd28b
get3DENConnections	unary		ANY	ARRAY	0x7f9030		General			<entity>	0x7fdad7
get3DENEntity	unary		SCALAR	ANY	0x7f9d80		General			<entityID>	0x7fdd08
get3DENEntityID	unary		ANY	SCALAR	0x7f9e60		General			<entity>	0x7fdb28
get3DENGrid	unary		STRING	SCALAR	0x7fa100		General			<type>	0x7fd969
get3DENIconsVisible	nular			ARRAY	0x7fa1d0		General				0x7fd368
get3DENLayer	unary		?|SCALAR	SCALAR	0x7fa010		General	2.18		entity	0x7fe181
get3DENLayerEntities	unary		SCALAR	ARRAY	0x7fa720		General			<layerID>	0x7fddcf
get3DENLinesVisible	nular			ARRAY	0x7fa950		General				0x7fd3af
get3DENMissionAttribute	binary	STRING	STRING	ANY	0x7fad80	4	General		<section>	<class>	0x7fe96f
get3DENMissionAttributes	binary	STRING	STRING	ARRAY	0x7fb120	4	General	2.18	<section>	<category>	0x7feae6
get3DENMouseOver	nular			ARRAY	0x7fc680		General				0x7fd243
get3DENParent	unary		?|SCALAR	ANY	0x7fa0a0		General	2.18		entity	0x7fe1dd
get3DENSelected	unary		STRING	ARRAY	0x7f7050		General			objectType	0x7fd579
getAimDirectionAndUp	unary		ARRAY	ARRAY	0x565aa0		General	2.22		[soldier, isRenderScope]	0x4e48aa
getAimingCoef	unary		OBJECT	SCALAR	0x8968c0		General	132500		unit	0x4dd229
getAllEnv3DSoundControllers	unary		OBJECT	ARRAY	0x4a1cd0		General	2.08		object	0x4ddfbc
getAllEnvSoundControllers	unary		ARRAY	ARRAY	0x4a26b0		General			position	0x4ddf31
getAllHitPointsDamage	unary		OBJECT	ARRAY	0x528910		General			obj	0x4be7dc
getAllOwnedMines	unary		OBJECT	ARRAY	0x528d40		General			unit	0x4ddc7a
getAllPylonsInfo	unary		OBJECT	ARRAY	0x49b5e0		General	2.01		vehicle	0x4e597f
getAllSoundControllers	unary		OBJECT	ARRAY	0x4b5300		General			vehicle	0x4ddea6
getAllUnitTraits	unary		OBJECT|STRING	ARRAY	0x49b690		General			unit	0x4dfb6d
getAmmoCargo	unary		OBJECT	SCALAR	0x528fe0		General			vehicle	0x4da5a3
getAnimAimPrecision	unary		OBJECT	SCALAR	0x896920		General	133600		player	0x4dd455
getAnimationsQueue	unary		OBJECT	ARRAY	0x565c30		General	2.22		object	0x4e481f
getAnimSpeedCoef	unary		OBJECT	SCALAR	0x8969b0		General			soldier	0x4dd113
getArray	unary		CONFIG	ARRAY	0x80de40		General	2.35		config	0x4cf300
getArtilleryAmmo	unary		ARRAY	ARRAY	0x49be70		General	86000		[unitlist]	0x4d9bdd
getArtilleryComputerSettings	nular			ARRAY	0x8a8ac0		General	5501			0x8abdb4
getArtilleryETA	binary	OBJECT	ARRAY	SCALAR	0x49c200	4	General		unit	[position, magazineType]	0x4f8724
getAssetDLCInfo	unary		ARRAY	ARRAY	0x49c3c0		General			[class, (config)]	0x4dfa57
getAssetDLCInfo	unary		OBJECT|STRING	ARRAY	0x49c3c0		General			asset	0x4df9cc
getAssignedCuratorLogic	unary		OBJECT	OBJECT	0x826aa0		General			player	0x4d8484
getAssignedCuratorUnit	unary		OBJECT	OBJECT	0x826a40		General			curatorObj	0x4d850f
getAttackTarget	unary		OBJECT	OBJECT	0x1cc1e0		General			vehicle	0x4dfd0e
getAudioOptionVolumes	nular			ARRAY	0x89b7e0		General				0x8a1b1b
getBackpackCargo	unary		OBJECT	ARRAY	0x83ebd0		General			box	0x4c20df
getBleedingRemaining	unary		OBJECT	SCALAR	0x5295d0		General	81571		unit	0x4d989b
getBoneNames	unary		OBJECT	ARRAY	0x4abbd0		General	2.18		object	0x4e37b2
getBurningValue	unary		OBJECT	SCALAR	0x52a940		General	81571		unit	0x4d9785
getCalculatePlayerVisibilityByFriendly	nular			BOOL	0x89b940		General				0x8a1706
getCameraViewDirection	unary		OBJECT	ARRAY	0x52aee0		General			unit	0x4be49a
getCargoIndex	binary	OBJECT	OBJECT	SCALAR	0x52aaf0	4	General		vehicle	Unit	0x4ec61c
getCenterOfMass	unary		OBJECT	ARRAY	0x1a5620		General			object	0x4dad3d
getClientState	nular			STRING	0x89b9f0		General	112583			0x8a114b
getClientStateNumber	nular			STRING	0x89b9b0		General				0x8a118f
getCompatiblePylonMagazines	binary	OBJECT	STRING|SCALAR	ARRAY	0x49e6c0	4	General	141850	vehicle	pylon name/index	0x5144df
getCompatiblePylonMagazines	binary	STRING	STRING|SCALAR	ARRAY	0x49e450	4	General	141850	type name	pylon name/index	0x51458d
getConnectedUAV	unary		OBJECT	OBJECT	0x49f600		General	106482		unit	0x4da970
getConnectedUAVUnit	unary		OBJECT	OBJECT	0x49f680		General	2.08		unit	0x4da9fb
getContainerMaxLoad	unary		STRING	SCALAR	0x83dac0		General	5501		containerItemName	0x4cc5ef
getCorpse	unary		OBJECT	OBJECT	0x4b3f20		General	2.12		supply	0x4e239b
getCorpseWeaponholders	unary		OBJECT	ARRAY	0x49f6e0		General	2.18		corpse	0x4e3b7f
getCruiseControl	unary		OBJECT	ARRAY	0x52acf0		General	2.06		vehicle	0x4e0b2c
getCursorObjectParams	nular			ARRAY	0x89baa0		General				0x8a1936
getCustomAimCoef	unary		OBJECT	SCALAR	0x896a10		General	133600		player	0x4dd4e0
getCustomSoundController	unary		ARRAY	SCALAR	0x49f940		General	144906		[vehicle, controllerIndex]	0x4df091
getCustomSoundControllerCount	unary		OBJECT	SCALAR	0x49fa80		General	144906		vehicle	0x4df1a7
getDammage	unary		OBJECT	SCALAR	0x52ae00		General			obj	0x4be6c6
getDebriefingText	unary		STRING	ARRAY	0x49fca0		General	2.06		end	0x4d99b1
getDescription	unary		OBJECT	ARRAY	0x573470		General			unit	0x4e4f2e
getDir	binary	OBJECT|ARRAY	OBJECT|ARRAY	SCALAR	0x52b3d0	4	General		obj1 or pos1	obj2 or pos2	0x4e6b08
getDir	unary		OBJECT	SCALAR	0x52b330		General			obj	0x4be2f9
getDirVisual	binary	OBJECT|ARRAY	OBJECT|ARRAY	SCALAR	0x52b4d0	4	General	2.12	obj1 or pos1	obj2 or pos2	0x511137
getDirVisual	unary		OBJECT	SCALAR	0x52b350		General			obj	0x4be384
getDiverState	unary		OBJECT	BOOL	0x52b810		General	1.95		object	0x4df82b
getDLCAssetsUsage	nular			ARRAY	0x89c170		General				0x8a130d
getDLCAssetsUsageByName	unary		STRING	ARRAY	0x4a0180		General			assetName	0x4db3c1
getDLCs	unary		SCALAR	ARRAY	0x1c2370		General			filter	0x4db336
getDLCUsageTime	unary		SCALAR	SCALAR	0x4a0480		General			appId	0x4daf69
getEditorCamera	unary		CONTROL	OBJECT	0x13b9020		Editor	2.92		map	0x13c7c03
getEditorMode	unary		CONTROL	STRING	0x13cda50		Editor	2.92		map	0x13c7d05
getEditorObjectScope	binary	CONTROL	STRING	STRING	0x13cd870	4	Editor	2.92	map	object	0x13c8862
getElevationOffset	nular			SCALAR	0x8a8f10		General				0x8abbe4
getEngineTargetRPMRTD	unary		OBJECT	ARRAY	0x892d80		General	TOH 81393		RTD_helicopter	0x4d7bd4
getEntityInfo	binary	OBJECT	SCALAR	ANY	0x4a1310	4	General	2.18	entity	infoIndex	0x5124ed
getEntityInfo	unary		OBJECT	ARRAY	0x4a0f90		General	2.18		entity	0x4e369c
getEnv3DSoundController	binary	OBJECT	STRING	SCALAR	0x4a1860	4	General		object	name	0x50ca87
getEnvSoundController	binary	ARRAY	STRING	SCALAR	0x4a2270	4	General		position	name	0x50c9d9
getEventHandlerInfo	binary	?|CONTROL	ARRAY	ARRAY	0x181c90	4	General	2.10	entity	[event, id]	0x510dd1
getEventHandlerInfo	unary		ARRAY	ARRAY	0x182750		General	2.10		[event, id]	0x4e20e4
getFatigue	unary		OBJECT	SCALAR	0x52b930		General	5501		unit	0x4c9dc1
getFieldManualStartPage	unary		DISPLAY	ARRAY	0x8d72c0		General			display	0x4d01a9
getForcedFlagTexture	unary		OBJECT	STRING	0x52bd10		General			obj	0x4c075a
getForcedSpeed	unary		OBJECT	SCALAR	0x56ab30		General	2.12		vehicle	0x4e25c7
getFriend	binary	SIDE	SIDE	SCALAR	0x18dcf0	4	General	5501	side1	side2	0x4f98d0
getFSMVariable	binary	SCALAR	STRING|ARRAY	ANY	0x48f5d0	4	General	5501	FSM handle	name or [name, default value]	0x4f9204
getFuelCargo	unary		OBJECT	SCALAR	0x52bdc0		General			vehicle	0x4da48d
getFuelConsumptionCoef	unary		OBJECT	SCALAR	0x52be90		General	2.18		vehicle	0x4e32cf
getGraphValues	unary		ARRAY	ARRAY	0x47f6a0		General			[[graphMinX, graphMaxX, graphMinY, graphMaxY, valueCount, randomOffset], x1, y1, x2, y2,... xn, yn]	0x4df3d3
getGroupIcon	binary	GROUP	SCALAR	ARRAY	0x18ea00	4	General	5501	group	ID	0x4f9e40
getGroupIconParams	unary		GROUP	ARRAY	0x18ec00		General	5501		group	0x4cad80
getGroupIcons	unary		GROUP	ARRAY	0x18efc0		General	5501		group	0x4cae96
getHideFrom	binary	OBJECT	OBJECT	ARRAY	0x1cc310	4	General	2.92	object	enemy	0x4f798c
getHit	binary	OBJECT	STRING	SCALAR	0x52c060	4	General	5501	vehicle	selectionName	0x4fb400
getHitIndex	binary	OBJECT	SCALAR	SCALAR	0x52c1e0	4	General	2.30	object	index	0x4fa1a6
getHitPointDamage	binary	OBJECT	STRING	SCALAR	0x52c290	4	General	5501	vehicle	hitpointName	0x4fb352
getItemCargo	unary		OBJECT	ARRAY	0x83fd10		General			box	0x4c2054
getLeaning	unary		OBJECT	SCALAR	0x4a41c0		General	2.18		unit	0x4e3586
getLightInfo	binary	OBJECT	SCALAR	ANY	0x4a4b50	4	General	2.22	light	infoIndex	0x5135eb
getLightInfo	unary		OBJECT	ARRAY	0x4a4250		General	2.22		light	0x4e4709
getLighting	nular			ARRAY	0x89c2f0		General				0x8a1e62
getLightingAt	unary		OBJECT	ARRAY	0x4a55c0		General			position	0x4dfe24
getLoadedModsInfo	nular			ARRAY	0x89c6d0		General				0x8a1d81
getMagazineCargo	unary		OBJECT	ARRAY	0x840480		General			box	0x4c1fc9
getMarkerColor	unary		STRING	STRING	0x84eb40		General	1.21		marker	0x4bf001
getMarkerPos	unary		ARRAY	ARRAY	0x84ef70		General	1.94		[markerName, preserveElevation]	0x4bea08
getMarkerPos	unary		STRING	ARRAY	0x84ed80		General			markerName	0x4be8f2
getMarkerSize	unary		STRING	ARRAY	0x84f400		General	1.21		marker	0x4bedd5
getMarkerType	unary		STRING	STRING	0x84f6a0		General	1.21		marker	0x4becbf
getMass	unary		OBJECT	SCALAR	0x1a5830		General			object	0x4dacb2
getMissionConfig	unary		STRING	CONFIG	0x812b30		General			attributeName	0x4dd5f6
getMissionConfigValue	unary		STRING|ARRAY	?|ARRAY	0x812c60		General			attributeName	0x4dd681
getMissionDLCs	nular			ARRAY	0x89cdd0		General				0x8a14a7
getMissionLayerEntities	unary		STRING|SCALAR	ARRAY	0x7fa5f0		General			<layer_name> or <layer_id>	0x7fe04e
getMissionLayers	nular			ARRAY	0x7fcb10		General				0x7fd4d6
getMissionOptions	nular			HASHMAP	0x4a6a00		General	2.18			0x8a2780
getMissionPath	unary		STRING	STRING	0x4a6a30		General	1.95		filename	0x4df715
getModelInfo	unary		OBJECT	ARRAY	0x52cc60		General			object	0x4beb1e
getMousePosition	nular			ARRAY	0x89d0b0		General				0x8a1751
getMusicPlayedTime	nular			SCALAR	0x89d270		General				0x8a1a7e
getNumber	unary		CONFIG	SCALAR	0x80ef10		General	2.35		config	0x4cf38b
getObjectArgument	binary	CONTROL	ARRAY	STRING	0x13cdcf0	4	Editor	2.35	map	[object, argument]	0x13c7f18
getObjectChildren	binary	CONTROL	STRING	ARRAY	0x13cded0	4	Editor	2.92	map	object	0x13c842e
getObjectDLC	unary		OBJECT	SCALAR	0x4abf30		General	128256		Object	0x4daede
getObjectFOV	unary		OBJECT	SCALAR	0x4ac020		General			obj	0x4df5ff
getObjectID	unary		OBJECT	STRING	0x4b8190		General	2.10		object	0x4e1b76
getObjectMaterials	binary	OBJECT	ARRAY	ARRAY	0x4ac060	4	General	2.20	entity	index/selection(s)	0x513129
getObjectMaterials	unary		OBJECT	ARRAY	0x4ac4d0		General	128600		object	0x4dc380
getObjectProxy	binary	CONTROL	STRING	OBJECT	0x13ce280	4	Editor	2.92	map	object	0x13c82aa
getObjectScale	unary		OBJECT	SCALAR	0x530cd0		General	2.01		object	0x4e0875
getObjectTextures	binary	OBJECT	ARRAY	ARRAY	0x4acf00	4	General	2.20	entity	index/selection(s)	0x51307b
getObjectTextures	unary		OBJECT	ARRAY	0x4ad560		General	128600		object	0x4dc2f5
getObjectType	unary		OBJECT	SCALAR	0x52e900		General			obj	0x4beba9
getObjectViewDistance	nular			ARRAY	0x8a9ce0		General	5501			0x8ae168
getOpticsMode	binary	OBJECT	SCALAR	STRING	0x572780	4	General	2.10	unit	weaponSlotIndex	0x510b19
getOrDefault	binary	HASHMAP	ARRAY	ANY	0x81d230	4	General	2.02	HashMap	[key, defaultValue, setDefault]	0x8201cc
getOrDefaultCall	binary	HASHMAP	ARRAY	ANY	0x81d690	4	General	2.12	HashMap	[key, callCode, setKey]	0x820675
getOxygenRemaining	unary		OBJECT	SCALAR	0x52e9d0		General	81571		unit	0x4d9810
getPersonUsedDLCs	unary		OBJECT	ARRAY	0x4aedc0		General	128256		Person	0x4dae53
getPhysicsCollisionFlag	unary		OBJECT	ARRAY	0x1a5890		General	2.18		object	0x4e3d20
getPilotCameraDirection	unary		OBJECT	ARRAY	0x8088b0		General			planeOrHeli	0x4de15d
getPilotCameraOpticsMode	unary		OBJECT	SCALAR	0x8090f0		General	2.14		planeOrHeli	0x4de2fe
getPilotCameraPosition	unary		OBJECT	ARRAY	0x808da0		General			planeOrHeli	0x4de0d2
getPilotCameraRotation	unary		OBJECT	ARRAY	0x808f70		General			planeOrHeli	0x4de1e8
getPilotCameraTarget	unary		OBJECT	ARRAY	0x808a80		General			planeOrHeli	0x4de273
getPiPViewDistance	nular			SCALAR	0x89d2b0		General	2.08			0x8a2468
getPlateNumber	unary		OBJECT	STRING	0x56b390		General	143568		vehicle	0x4df006
getPlayerChannel	unary		OBJECT	SCALAR	0x19c330		General			object	0x4dccbb
getPlayerID	unary		OBJECT	STRING	0x4af020		General	2.01		unit	0x4e0166
getPlayerScores	unary		OBJECT	ARRAY	0x52ea30		General			unit	0x4bfbf3
getPlayerUID	unary		OBJECT	STRING	0x4af150		General	5501		unit	0x4ccfb5
getPlayerVoNVolume	unary		OBJECT	SCALAR	0x4b7460		General			players	0x4dff3a
getPos	binary	OBJECT|ARRAY	ARRAY	ARRAY	0x52fab0	4	General		obj or pos	[dist, azimuth]	0x4e6c64
getPos	unary		LOCATION	ARRAY	0xd05280		Location	5501		location	0xd018ed
getPos	unary		OBJECT	ARRAY	0x52ecb0		General			obj	0x4bda49
getPosASL	unary		OBJECT	ARRAY	0x52eeb0		General	2.53		obj	0x4be042
getPosASLVisual	unary		OBJECT	ARRAY	0x533d60		General	1.50		object	0x4bdd00
getPosASLW	unary		OBJECT	ARRAY	0x52f1b0		General	2.92		obj	0x4d92a2
getPosATL	unary		OBJECT	ARRAY	0x52f450		General	2.53		obj	0x4be1e3
getPosATLVisual	unary		OBJECT	ARRAY	0x52f890		General	2.53		obj	0x4be26e
getPosVisual	unary		OBJECT	ARRAY	0x533b40		General	1.50		object	0x4bdbea
getPosWorld	unary		OBJECT	ARRAY	0x5301b0		General	2.53		obj	0x4bdfb7
getPosWorldVisual	unary		OBJECT	ARRAY	0x5303f0		General	1.95		obj	0x4df68a
getPylonMagazines	unary		OBJECT	ARRAY	0x4afad0		General	140308		vehicle	0x4e58f4
getRelDir	binary	OBJECT	OBJECT|ARRAY	SCALAR	0x530570	4	General		obj1	obj2 or pos2	0x4e6bb6
getRelPos	binary	OBJECT	ARRAY	ARRAY	0x530690	4	General		obj	[dist, reldir]	0x4e6d12
getRelPos	binary	OBJECT	OBJECT	ARRAY	0x530a10	4	General	2.14	parentObj	attachedObj	0x51195f
getRemoteSensorsDisabled	nular			BOOL	0x89d850		General				0x8a16bb
getRepairCargo	unary		OBJECT	SCALAR	0x530c00		General			vehicle	0x4da518
getResolution	nular			ARRAY	0x8aab10		General	5501			0x8adbf1
getRespawnVehicleInfo	binary	OBJECT	SCALAR	ANY	0x56bb10	4	General	2.18	vehicle	index	0x512d15
getRespawnVehicleInfo	unary		OBJECT	ARRAY	0x56b530		General	2.18		vehicle	0x4e3af4
getRoadInfo	unary		OBJECT	ARRAY	0x52dc30		General	1.97		road	0x4bec34
getRoles	nular			ARRAY	0x175680		Server	2.22			0x1726c0
getRotorBrakeRTD	unary		OBJECT	SCALAR	0x893e20		General	81575 TOH		RTD_helicopter	0x4d7c5f
getSelectionBones	binary	OBJECT	ARRAY	ARRAY	0x530f40	4	General	2.18	object	[selectionName, lod]	0x5127a5
getSensorTargets	unary		OBJECT	ARRAY	0x1c8e00		General	2.06		vehicle	0x4e0bb7
getSensorThreats	unary		OBJECT	ARRAY	0x1ca520		General	2.06		vehicle	0x4e0c42
getServerInfo	nular			HASHMAP	0x89d880		General	2.20			0x8a2905
getShadowDistance	nular			SCALAR	0x8a9bd0		General	TOH 80934			0x8ae92b
getShotInfo	binary	OBJECT	SCALAR	ANY	0x4b2110	4	General	2.18	shot	infoIndex	0x512a5d
getShotInfo	unary		OBJECT	ARRAY	0x4b1e60		General	2.18		shot	0x4e39de
getShotParents	unary		OBJECT	ARRAY	0x5328d0		General			shot	0x4ddd05
getSlingLoad	unary		OBJECT	OBJECT	0x1a44d0		General	127138		vehicle	0x4e563d
getSlotItemName	binary	OBJECT	SCALAR	STRING	0x532c40	4	General	2.14	soldier	slotNumber	0x511a0d
getSoundController	binary	OBJECT	STRING	SCALAR	0x4b5100	4	General		vehicle	name	0x50c92b
getSoundControllerResult	binary	OBJECT	CONFIG	SCALAR	0x4b2830	4	General		vehicle	config	0x50cb35
getSpeed	binary	OBJECT	STRING	SCALAR	0x56bf50	4	General	2.92	object	speedMode	0x4f7782
getStamina	unary		OBJECT	SCALAR	0x896a70		General	132500		unit	0x4dd19e
getStatValue	unary		STRING	SCALAR	0x1c25a0		General			statName	0x4db2ab
getSteamFriendsServers	nular			ARRAY	0x89ea30		General				0x8a1ead
getSubtitleOptions	nular			ARRAY	0x89eb60		General				0x8a1b6d
getSuppression	unary		OBJECT	SCALAR	0x532e60		General			unit	0x4dcd46
getTerrainGrid	nular			SCALAR	0x8ab340		General				0x8ae0d2
getTerrainHeight	unary		ARRAY	SCALAR	0x4b4090		General	2.10		[X,Y] position	0x4e1fce
getTerrainHeightASL	unary		ARRAY	SCALAR	0x4b41d0		General	1.18		[x,y]	0x4cde5e
getTerrainInfo	nular			ARRAY	0x89ecf0		General	2.10			0x8a25a2
getText	unary		CONFIG	STRING	0x80f1c0		General	2.35		config	0x4cf416
getTextRaw	unary		CONFIG	STRING	0x80f2f0		General	2.01		config	0x4cf4a1
getTextureInfo	unary		ARRAY	ARRAY	0x4b4e30		General	2.22		[texture, sizeH]	0x4e467e
getTextureInfo	unary		STRING	ARRAY	0x4b4c50		General	2.06		texture	0x4e0ccd
getTextWidth	binary	STRING	ARRAY	SCALAR	0x4b4990	4	General		text	[font, size]	0x50e665
getTIParameters	nular			HASHMAP	0x89edd0		General	2.10			0x8a2638
getTotalDLCUsageTime	nular			SCALAR	0x89f190		General				0x8a12c2
getTowParent	unary		OBJECT	OBJECT	0x1a5a90		General	2.12		vehicle	0x4e27f3
getTrimOffsetRTD	unary		OBJECT	ARRAY	0x894440		General	TOH 81393		RTD_helicopter	0x4d7b49
getTurretLimits	binary	OBJECT	ARRAY	ARRAY	0x56c110	4	General	2.12	vehicle	turretPath	0x51149d
getTurretOpticsMode	binary	OBJECT	ARRAY	NOTHING	0x4b5d40	4	General	2.10	vehicle	turretPath	0x510a6b
getTurretOpticsMode	unary		OBJECT	ARRAY	0x4b5e20		General	2.10		unit	0x4e1f43
getUnitFreefallInfo	unary		OBJECT	ARRAY	0x4b67f0		General	2.10		unit	0x4e194a
getUnitLoadout	unary		CONFIG	ARRAY	0x841a90		General	5501		config	0x4cca47
getUnitLoadout	unary		OBJECT|ARRAY	ARRAY	0x841c80		General	5501		unit	0x4cc931
getUnitLoadout	unary		STRING	ARRAY	0x841890		General	5501		className	0x4cc9bc
getUnitMovesInfo	binary	OBJECT	SCALAR	ANY	0x4b68f0	4	General	2.18	soldier	index	0x512c67
getUnitMovesInfo	unary		OBJECT	ARRAY	0x4b6d20		General	2.18		soldier	0x4e3a69
getUnitState	unary		OBJECT	STRING	0x4b73a0		General	2.18		unit	0x4e40ed
getUnitTrait	binary	OBJECT	STRING	?|NOTHING	0x4b2630	4	General		player	<skill_name>	0x50c673
getUnloadInCombat	unary		OBJECT	ARRAY	0x56c930		General	2.12		vehicle	0x4e26dd
getUserInfo	binary	STRING	SCALAR	ANY	0x4b1a00	4	General	2.18	playerId	infoIndex	0x5129af
getUserInfo	unary		STRING	ARRAY	0x4b14a0		General	2.06		playerID	0x4e100f
getUserMFDText	unary		OBJECT	ARRAY	0x4b7750		General	143280		vehicle	0x4deef0
getUserMFDValue	unary		OBJECT	ARRAY	0x4b7980		General	142500		vehicle	0x4dee65
getVariable	binary	CONTROL	STRING|ARRAY	ANY	0x8d1930	4	General		control	name or [name, defaultValue]	0x4f736e
getVariable	binary	DISPLAY	STRING|ARRAY	ANY	0x8d6ae0	4	General		object	name or [name, defaultValue]	0x4f7212
getVariable	binary	GROUP	ARRAY	ANY	0x4b8ab0	4	General	5501	group	[name, default value]	0x4f9618
getVariable	binary	GROUP	STRING	ANY	0x4b8ab0	4	General	5501	group	name	0x4f956a
getVariable	binary	LOCATION	ARRAY	ANY	0xd05bf0	4	Location	2.92	location	name	0xd02613
getVariable	binary	LOCATION	STRING	ANY	0xd05bf0	4	Location	2.92	location	name	0xd02597
getVariable	binary	NAMESPACE	ARRAY	ANY	0x521ae0	4	Server	80915 TOH	namespace	[name, default value]	0x172ba4
getVariable	binary	NAMESPACE	ARRAY	ANY	0x521ae0	4	General	80915 TOH	namespace	[name, default value]	0x4fde24
getVariable	binary	NAMESPACE	STRING	ANY	0x521ae0	4	Server	5501	namespace	name	0x172b1e
getVariable	binary	NAMESPACE	STRING	ANY	0x521ae0	4	General	5501	namespace	name	0x4fdd76
getVariable	binary	OBJECT	ARRAY	ANY	0x533450	4	General	2.92	object	[name, default value]	0x4f7578
getVariable	binary	OBJECT	STRING	ANY	0x533450	4	General	2.92	object	name	0x4f74ca
getVariable	binary	TASK	ARRAY	ANY	0xe0acd0	4	Identity	2.92	task	name	0xe02796
getVariable	binary	TASK	STRING	ANY	0xe0acd0	4	Identity	2.92	task	name	0xe02713
getVariable	binary	TEAM_MEMBER	ARRAY	ANY	0x55f3f0	4	Agents	2.92	teamMember	[name, default value]	0x507dde
getVariable	binary	TEAM_MEMBER	STRING	ANY	0x55f3f0	4	Agents	2.92	teamMember	name	0x507d30
getVehicleCargo	unary		OBJECT	ARRAY	0x4b7bb0		General	134497		vehicle	0x4e5753
getVehicleTIPars	unary		OBJECT	ARRAY	0x4b8070		General			vehicle	0x4dfc83
getVideoOptions	nular			HASHMAP	0x89f280		General	2.12			0x8a268a
getWaterFillPercentage	unary		OBJECT	SCALAR	0x533da0		General	2.16		vehicle	0x4e3470
getWaterLeakiness	unary		OBJECT	SCALAR	0x533e30		General	2.16		vehicle	0x4e33e5
getWeaponCargo	unary		OBJECT	ARRAY	0x842050		General			box	0x4c1f3e
getWeaponSway	unary		OBJECT	SCALAR	0x896b70		General	133333		unit	0x4dd70c
getWindletParams	unary		OBJECT	ARRAY	0x20c8b0		General	2.22		windlet	0x4e43a4
getWingsOrientationRTD	unary		OBJECT	SCALAR	0x894ca0		General	81575 TOH		RTD_helicopter	0x4d7d75
getWingsPositionRTD	unary		OBJECT	SCALAR	0x895090		General	81575 TOH		RTD_helicopter	0x4d7cea
getWPPos	unary		ARRAY	ARRAY	0x8fc030		General	1.21		waypoint	0x4bf117
glanceAt	binary	OBJECT|ARRAY	OBJECT|ARRAY	NOTHING	0x56cab0	4	General	2.40	unit(s)	position	0x4fb55c
globalChat	binary	OBJECT	STRING	NOTHING	0x19d190	4	General		unit	chatText	0x4ea168
globalRadio	binary	OBJECT	STRING	NOTHING	0x19d290	4	General		unit	radioName	0x4e9d54
goggles	unary		OBJECT	STRING	0x842690		General	5501		unit	0x4cc705
goto	unary		STRING	NOTHING	0x10d3dd0		General			label	0x4c3355
group	unary		OBJECT	GROUP	0x192d30		General			obj	0x4c004b
groupChat	binary	OBJECT	STRING	NOTHING	0x19d2f0	4	General		unit	chatText	0x4ea372
groupFromNetId	unary		STRING	GROUP	0x8b39e0		General			id	0x8b543f
groupIconSelectable	nular			BOOL	0x8af1b0		General	5501			0x8ad741
groupIconsVisible	nular			ARRAY	0x8af1e0		General	5501			0x8ad6f6
groupID	unary		GROUP	STRING	0x190cd0		General			group	0x4c00d6
groupID	unary		OBJECT	SCALAR	0x52bef0		General	2.12		unit	0x4e287e
groupOwner	unary		GROUP	SCALAR	0x52bf70		General	5501		group	0x4ca2a4
groupRadio	binary	OBJECT	STRING	NOTHING	0x19d400	4	General		unit	radioName	0x4e9f5e
groups	unary		SIDE	ARRAY	0x1903c0		General	2.12		side	0x4e2426
groupSelectedUnits	unary		OBJECT	ARRAY	0x190180		General	5501		unit	0x4cb48f
groupSelectUnit	binary	OBJECT	ARRAY	NOTHING	0x18ff90	4	General	5501	unit	[unit,bool]	0x4faa7c
grpNull	nular			GROUP	0x8ab820		General				0x8abab1
gunner	unary		OBJECT	OBJECT	0x5352d0		General			vehicle	0x4bff35
gusts	nular			SCALAR	0x8a9420		General	2.92			0x8ace17
halt	nular			NOTHING	0x2cf7b0		Default	2.00			0x2dbe39
handgunItems	unary		OBJECT	ARRAY	0x8428b0		General	5501		unit	0x4ccbe8
handgunMagazine	unary		OBJECT	ARRAY	0x84d3c0		General	5500		vehicle	0x4c8f18
handgunWeapon	unary		OBJECT	STRING	0x83fc30		General	1.75		unit	0x8b4b67
handsHit	unary		OBJECT	SCALAR	0x535370		General			soldier	0x4bf826
hasCustomFace	unary		OBJECT	BOOL	0x4b94b0		General	2.18		person	0x4e3e36
hashValue	unary		?|SCRIPT	STRING	0x4a32a0		General	2.06		value	0x4e109a
hasInterface	nular			BOOL	0x8ab840		General	101030			0x8ab9b4
hasPilotCamera	unary		OBJECT	BOOL	0x809170		General			planerOrHeli	0x4de389
hasWeapon	binary	OBJECT	STRING	BOOL	0x5353e0	4	General		unit	weaponName	0x4e8842
hcAllGroups	unary		OBJECT	ARRAY	0x1990d0		General	5501		unit	0x4ca4d0
hcGroupParams	binary	OBJECT	GROUP	ARRAY	0x1994c0	4	General	5501	unit	group	0x4f9ada
hcLeader	unary		GROUP	OBJECT	0x199650		General	5501		group	0x4ca5e6
hcRemoveAllGroups	unary		OBJECT	NOTHING	0x199410		General	5501		unit	0x4ca55b
hcRemoveGroup	binary	OBJECT	GROUP	NOTHING	0x1996e0	4	General	5501	unit	group	0x4f9a2c
hcSelected	unary		OBJECT	ARRAY	0x199a10		General	5501		unit	0x4ca445
hcSelectGroup	binary	OBJECT	ARRAY	NOTHING	0x1997e0	4	General	5501	unit	array	0x4f9b88
hcSetGroup	binary	OBJECT	ARRAY	NOTHING	0x198810	4	General	5501	unit	array	0x4f997e
hcShowBar	unary		BOOL	NOTHING	0x199da0		General	5501		bool	0x4ca671
hcShownBar	nular			BOOL	0x8af390		General	5501			0x8ad660
headgear	unary		OBJECT	STRING	0x8428d0		General	5501		unit	0x4cc67a
hiddenActions	unary		ARRAY	ARRAY	0x4ba360		General	2.22		actions	0x4e4a4b
hideActions	unary		ARRAY	NOTHING	0x4ba680		General	2.22		[mode, actions]	0x4e49c0
hideBody	unary		OBJECT	NOTHING	0x535510		General	2.10		person	0x4c5132
hideObject	binary	OBJECT	BOOL	NOTHING	0x4baad0	4	General	2.92	object	hidden	0x4fb8c2
hideObject	unary		OBJECT	NOTHING	0x4baa80		General	2.90		object	0x4c6800
hideObjectGlobal	binary	OBJECT	BOOL	NOTHING	0x4bac30	4	General	2.92	object	hidden	0x4fb970
hideObjectGlobal	unary		OBJECT	NOTHING	0x4bab50		General	2.90		object	0x4c688b
hideSelection	binary	OBJECT	ARRAY	NOTHING	0x8b68c0	4	General	1.75	object	hide	0x8b5c0c
hint	unary		TEXT|STRING	NOTHING	0x55a3c0		General			text	0x4c2d5c
hintC	binary	STRING	ARRAY	NOTHING	0x55a520	4	General	2.01	title	[text1, text2, ...]	0x4f4c02
hintC	binary	STRING	STRING	NOTHING	0x55a540	4	General	2.01	title	text	0x4f4aa6
hintC	binary	STRING	TEXT	NOTHING	0x55a520	4	General	2.01	title	text	0x4f4b54
hintC	unary		STRING	NOTHING	0x55aa30		General			text	0x4c2e72
hintCadet	unary		TEXT|STRING	NOTHING	0x55aac0		General			text	0x4c2de7
hintSilent	unary		TEXT|STRING	NOTHING	0x55ac40		General	5501		text	0x4cb5a5
hmd	unary		OBJECT	STRING	0x8427a0		General	5501		unit	0x4cc81b
hostMission	unary		ARRAY	NOTHING	0x4bad50		General	1.54		[Config,Display]	0x4cf758
htmlLoad	binary	CONTROL	STRING	NOTHING	0x8d7bf0	4	General	2.53	control	filename	0x501070
HUDMovementLevels	nular			ARRAY	0x8a9470		General	83446 TOH			0x8ae4af
humidity	nular			SCALAR	0x8a9b30		General	2.92			0x8acca0
if	unary		BOOL	IF	0x2dba80		Default	1.85		condition	0x2dce73
ignore3DENHistory	unary		CODE	NOTHING	0x7fcf90		General	2.18		<code>	0x7fe115
ignoreTarget	binary	OBJECT|GROUP	OBJECT|ARRAY	NOTHING	0x1c8370	4	General	2.18	group	unit	0x512901
image	unary		STRING	TEXT	0x5641d0		General	2.01		filename	0x4c4b39
import	unary		STRING|ARRAY	NOTHING	0x4bb010		General	2.18		variable	0x4e335a
importAllGroups	unary		CONTROL	NOTHING	0x13ce7e0		Editor	2.92		map	0x13c7cad
importance	unary		LOCATION	SCALAR	0xd051f0		Location	2.90		location	0xd01ac3
in	binary	?|NaN	HASHMAP	BOOL	0x81dfb0	4	General	2.02	HashMap	key	0x820252
in	binary	ANY	ARRAY	BOOL	0x2e3ef0	4	Default		x	array	0x2df91d
in	binary	ARRAY	LOCATION	BOOL	0xd06060	4	Location	2.92	position	location	0xd0281b
in	binary	OBJECT	OBJECT	BOOL	0x535570	4	General		soldier	vehicle	0x4e8638
in	binary	STRING	STRING	BOOL	0x2ee4a0	4	Default		string1	string2	0x2df9bc
inArea	binary	ARRAY	LOCATION	BOOL	0xd00830	4	Location		position	location	0xd02726
inArea	binary	OBJECT	LOCATION	BOOL	0xd00830	4	Location		object	location	0xd02699
inArea	binary	OBJECT|ARRAY	ARRAY	BOOL	0x4bb2d0	4	General		position	[center, a, b, (angle), (isRectangle), (c), (isPosWorld)]	0x4e8380
inArea	binary	OBJECT|ARRAY	OBJECT	BOOL	0x4bce10	4	General		position	trigger	0x4e8224
inArea	binary	OBJECT|ARRAY	STRING	BOOL	0x4bcbb0	4	General		position	marker	0x4e82d2
inAreaArray	binary	ARRAY	ARRAY	ARRAY	0x4bb6c0	4	General		positions	[center, a, b, (angle), (isRectangle), (c), (isPosWorld)]	0x4e858a
inAreaArray	binary	ARRAY	LOCATION	ARRAY	0xd033e0	4	Location		position	location	0xd0279e
inAreaArray	binary	ARRAY	OBJECT	ARRAY	0x4bc4e0	4	General		positions	trigger	0x4e842e
inAreaArray	binary	ARRAY	STRING	ARRAY	0x4bc080	4	General		positions	marker	0x4e84dc
inAreaArrayIndexes	binary	ARRAY	ARRAY	ARRAY	0x4bc060	4	General	2.14	positions	[center, a, b, angle, isRectangle, (c), (isPosWorld)]	0x511755
inAreaArrayIndexes	binary	ARRAY	LOCATION	ARRAY	0xd01430	4	Location PC	2.14	positions	location	0xd02db5
inAreaArrayIndexes	binary	ARRAY	OBJECT	ARRAY	0x4bc850	4	General	2.14	positions	trigger	0x5115f9
inAreaArrayIndexes	binary	ARRAY	STRING	ARRAY	0x4bc4c0	4	General	2.14	positions	marker	0x5116a7
incapacitatedState	unary		OBJECT	STRING	0x52c3e0		General	5501		unit	0x4c9cab
independent	nular			SIDE	0x8b1ba0		General				0x8ac220
inflame	binary	OBJECT	BOOL	NOTHING	0x535640	4	General		fireplace	burn	0x4e66f4
inflamed	unary		OBJECT	BOOL	0x535720		General	1.04		fireplace	0x4c04a3
infoPanel	unary		STRING	ARRAY	0x55b930		General	141461		panel name	0x4e4bec
infoPanelComponentEnabled	binary	OBJECT|ARRAY	ARRAY	BOOL	0x518bb0	4	General	141449	object or [object, turret path]	[panel name, component or sensor name]	0x513951
infoPanelComponents	binary	OBJECT|ARRAY	STRING	ARRAY	0x51e530	4	General	141449	object or [object, turret path]	panel name	0x5139ff
infoPanels	unary		OBJECT|ARRAY	ARRAY	0x51e620		General	141461		object or [object, turretPath]	0x4e4ad6
inGameUISetEventHandler	unary		ARRAY	NOTHING	0x182df0		General	2.91		[handler name, function]	0x4c6ab7
inheritsFrom	unary		CONFIG	CONFIG	0x80e050		General	2.92		config	0x4ceea8
initAmbientLife	nular			NOTHING	0x8a59a0		General	2.90			0x8acb29
inPolygon	binary	OBJECT|ARRAY	ARRAY	BOOL	0x517830	4	General		position	[<polygon_vectors>]	0x50c103
inputAction	unary		STRING	SCALAR	0x4a3980		General	5500		name	0x4c91cf
inputController	unary		SCALAR	SCALAR	0x8ce610		General	2.08		button	0x4e1693
inputMouse	unary		SCALAR	SCALAR	0x8ce6a0		General	2.08		button	0x4e157d
inputMouse	unary		STRING	BOOL	0x8ce770		General	2.08		combo	0x4e1608
inRangeOfArtillery	binary	ARRAY	ARRAY	BOOL	0x4bd040	4	General		pos	[[unit1, unit2, ...], magazineType]	0x4f8676
insert	binary	ARRAY	ARRAY	NOTHING	0x51d380	4	General	2.01	array	[index, [newValue1, newValue2,...]]	0x50efe9
insert	binary	HASHMAP	ARRAY	NOTHING	0x81e080	4	General	2.02	HashMap	[[key,value],[key,value],...]	0x8203d6
insert	binary	STRING	ARRAY	STRING	0x55d5a0	4	General	2.01	string	[index, newString]	0x50f097
insertEditorObject	binary	CONTROL	ARRAY	STRING	0x13ce840	4	Editor	2.92	map	[type, value, [name1, value1, ...], subtype class]	0x13c81a1
insideBuilding	unary		OBJECT	SCALAR	0x4a3a70		General	2.12		man	0x4e2768
interpolate	binary	EXPRESSION	ARRAY	EXPRESSION	0x382070	4	Simple expression		expr	val	0x383da8
intersect	binary	ARRAY	ARRAY	ARRAY	0x543770	4	General	2.53	[object, lod name]	[begin, end]	0x4f583e
is3DEN	nular			BOOL	0x7ff160		General				0x7fd2d6
is3DENMultiplayer	nular			BOOL	0x7ff1b0		General				0x7fd3fa
is3DENPreview	nular			BOOL	0x7ff200		General				0x7fd321
isAbleToBreathe	unary		OBJECT	BOOL	0x5357f0		General	81571		unit	0x4d966f
isActionMenuVisible	nular			BOOL	0x899280		General	1.95			0x8a1c55
isAgent	unary		TEAM_MEMBER	BOOL	0x197330		Agents	2.92		teamMember	0x4d6ecc
isAimPrecisionEnabled	unary		OBJECT	BOOL	0x896c00		General	133600		player	0x4dd56b
isAISteeringComponentEnabled	unary		OBJECT	BOOL	0x535780		General	2.18		vehicle	0x4e312e
isAllowedCrewInImmobile	unary		OBJECT	BOOL	0x515a50		General	2.08		vehicle	0x4e1467
isArray	unary		CONFIG	BOOL	0x80f420		General	2.35		config	0x4cf15f
isAutoHoverOn	unary		OBJECT	BOOL	0x515ab0		General	5501		vehicle	0x4cd639
isAutonomous	unary		OBJECT	BOOL	0x515b10		General			Uav	0x4db195
isAutoStartUpEnabledRTD	unary		OBJECT	ARRAY	0x895480		General	81393 TOH		RTD_helicopter	0x4d7f16
isAutotest	nular			BOOL	0x8a2bc0		General	125531			0x8a13b1
isAutoTrimOnRTD	unary		OBJECT	BOOL	0x8954e0		General	TOH 81393		RTD_helicopter	0x4d7abe
isAwake	unary		OBJECT	BOOL	0x1a5b90		General	2.08		entity	0x4e13dc
isBleeding	unary		OBJECT	BOOL	0x535850		General	81571		unit	0x4d9443
isBurning	unary		OBJECT	BOOL	0x5358b0		General	81571		unit	0x4d94ce
isClass	unary		CONFIG	BOOL	0x80f4c0		General	2.35		config	0x4cf0d4
isCollisionLightOn	unary		OBJECT	BOOL	0x56cbd0		General			vehicle	0x4d95e4
isCopilotEnabled	unary		OBJECT	BOOL	0x515b70		General	TOH 81021		vehicle	0x4ce5f8
isDamageAllowed	unary		OBJECT	BOOL	0x535920		General			obj	0x4dd3ca
isDedicated	nular			BOOL	0x8af0d0		General	5501			0x8adf9f
isDLCAvailable	unary		SCALAR	BOOL	0x1c28c0		General			appId	0x4db44c
isEngineOn	unary		OBJECT	BOOL	0x56cca0		General	1.90		vehicle	0x4c3da6
isEqualRef	binary	ANY	ANY	BOOL	0x5186f0	4	General	2.12	anything	anything	0x510e7f
isEqualTo	binary	ANY	ANY	BOOL	0x4a3ad0	4	General	5501	var1	var2	0x4fabd8
isEqualType	binary	ANY	ANY	BOOL	0x515e20	4	General		anything	anything	0x4ecef2
isEqualTypeAll	binary	ANY	ANY	BOOL	0x515ea0	4	General		array	anything	0x4ed04e
isEqualTypeAny	binary	ANY	ARRAY	BOOL	0x515fa0	4	General		anything	array	0x4ed0fc
isEqualTypeArray	binary	ANY	ARRAY	BOOL	0x516070	4	General		array	array	0x4ecfa0
isEqualTypeParams	binary	ANY	ARRAY	BOOL	0x516190	4	General		array	array	0x4ed1aa
isFilePatchingEnabled	nular			BOOL	0x8a2c50		General				0x8a1670
isFinal	unary		ANY	BOOL	0x2d7de0		Default	1.99		var	0x2dd7b0
isFlashlightOn	binary	OBJECT	STRING	BOOL	0x8429e0	4	General		unit	weapon	0x4eeee4
isFlatEmpty	binary	ARRAY	ARRAY	ARRAY	0x5162d0	4	General	5501	position	[float minDistance,float precizePos,float maxGradient,float gradientRadius,float onWater,bool onShore,object skipobj]	0x4fa872
isForcedWalk	unary		OBJECT	BOOL	0x517340		General	5501		player	0x4cd5ae
isFormationLeader	unary		OBJECT	BOOL	0x56cd00		General	2.92		person	0x4c7367
isGameFocused	nular			BOOL	0x89a8c0		General	1.95			0x8a1bbf
isGamePaused	nular			BOOL	0x89a8f0		General	1.95			0x8a1c0a
isGroupDeletedWhenEmpty	unary		GROUP	BOOL	0x192880		General			<group>	0x4de982
isHidden	unary		OBJECT	BOOL	0x535980		General	2.92		person	0x4c7960
isInRemainsCollector	unary		OBJECT	BOOL	0x5179a0		General			object	0x4dbcfc
isInstructorFigureEnabled	nular			BOOL	0x8a2d40		General				0x8a10f9
isIRLaserOn	binary	OBJECT	STRING	BOOL	0x842a20	4	General		unit	weapon	0x4eef92
isKeyActive	unary		STRING	BOOL	0x5180f0		General	2.06		keyName	0x4c50a7
isKindOf	binary	OBJECT	STRING	BOOL	0x813d90	4	General	2.30	object	typeName	0x4fb4ae
isKindOf	binary	STRING	ARRAY	BOOL	0x814dd0	4	General	5160	typeName1	[typeName2, config]	0x4f8880
isKindOf	binary	STRING	STRING	BOOL	0x814ac0	4	General	5160	typeName1	typeName2	0x4f87d2
isLaserOn	binary	OBJECT	ARRAY	BOOL	0x56ce10	4	General	2.12	vehicle	turret	0x511089
isLaserOn	unary		OBJECT	BOOL	0x56cd80		General	143280		vehicle	0x4cd40d
isLightOn	unary		OBJECT|ARRAY	BOOL	0x56cf20		General			vehicle	0x4d9559
isLocalized	unary		STRING	BOOL	0x55d2e0		General	85897 TOH		stringName	0x4cf984
isManualFire	unary		OBJECT	BOOL	0x5183e0		General	5501		vehicle	0x4cd97b
isMarkedForCollection	unary		OBJECT	BOOL	0x535a30		General	2.13		object	0x4c51bd
isMissionProfileNamespaceLoaded	nular			BOOL	0x8a2d70		General	2.10			0x8a2550
isMultiplayer	nular			BOOL	0x8af690		General	5501			0x8adf54
isMultiplayerSolo	nular			BOOL	0x8af6c0		General	1.64			0x8aebff
isNil	binary	?|CONTROL	STRING	BOOL	0x566c10	4	General	2.18	object/group/display/control	name	0x51202b
isNil	binary	HASHMAP	STRING	BOOL	0x823860	4	General	2.18	hashmap	name	0x820776
isNil	binary	NAMESPACE	STRING	BOOL	0x566a70	4	General	2.18	namespace	name	0x5120d9
isNil	unary		CODE|STRING	BOOL	0x2e1460		Default	2.00		variable	0x2dd1b2
isNotEqualRef	binary	ANY	ANY	BOOL	0x518580	4	General	2.12	anything	anything	0x510f2d
isNotEqualTo	binary	ANY	ANY	BOOL	0x4a3b00	4	General	5501	var1	var2	0x50ea79
isNull	unary		CONFIG	BOOL	0x80f560		General			config	0x4cf642
isNull	unary		CONTROL	BOOL	0x8d1a40		General	2.92		control	0x4d02bf
isNull	unary		DIARY_RECORD	BOOL	0xdfe0f0		Identity	1.99		diaryRecord	0xe01a88
isNull	unary		DISPLAY	BOOL	0x8d6bc0		General	2.92		display	0x4cfc3b
isNull	unary		GROUP	BOOL	0x4b8f90		General			grp	0x4bd67c
isNull	unary		LOCATION	BOOL	0xd060f0		Location	5501		location	0xd01dcc
isNull	unary		NetObject	BOOL	0x522bb0		General	69527		NetObject	0x4d9101
isNull	unary		OBJECT	BOOL	0x535a90		General			obj	0x4bd5f1
isNull	unary		SCRIPT	BOOL	0x54a6d0		General			script	0x4bd707
isNull	unary		TASK	BOOL	0xe0b1e0		Identity	5160		task	0xe01a13
isNull	unary		TEAM_MEMBER	BOOL	0x197380		Agents	2.10		teamMember	0x4d73af
isNumber	unary		CONFIG	BOOL	0x80f600		General	2.35		config	0x4cf1ea
isObjectHidden	unary		OBJECT	BOOL	0x5185b0		General	2.90		object	0x4c6916
isObjectRTD	unary		OBJECT	BOOL	0x895540		General	TOH 81393		helicopter	0x4d7892
isOnRoad	unary		OBJECT|ARRAY	BOOL	0x546300		General	5501		position or object	0x4caa3e
isPiPEnabled	nular			BOOL	0x8af7e0		General	85325 TOH			0x8ae6a2
isPlayer	unary		ARRAY	BOOL	0x535b70		General	2.06		[person]	0x4cfbb0
isPlayer	unary		OBJECT	BOOL	0x535b00		General	2.92		person	0x4c6bcd
isRealTime	unary		CONTROL	BOOL	0x13ced80		Editor	2.92		map	0x13c7942
isRemoteControlling	unary		OBJECT	BOOL	0x518600		General	2.14		person	0x4e2f8d
isRemoteExecuted	nular			BOOL	0x8a2db0		General				0x8a17f5
isRemoteExecutedJIP	nular			BOOL	0x8a2df0		General				0x8a1899
isSaving	nular			BOOL	0x89a940		General	2.08			0x8a241d
isSensorTargetConfirmed	binary	OBJECT	SIDE	BOOL	0x1c8a30	4	General		unit	side	0x50dad7
isServer	nular			BOOL	0x8af8a0		General	2.92			0x8ab962
isShowing3DIcons	unary		CONTROL	BOOL	0x13cee00		Editor	2.92		map	0x13c7d5a
isSimpleObject	unary		OBJECT	BOOL	0x518720		General			<entity>	0x4de8f7
isSprintAllowed	unary		OBJECT	BOOL	0x535c40		General	129500		player	0x4dd33f
isStaminaEnabled	unary		OBJECT	BOOL	0x896c60		General	132500		unit	0x4dd2b4
isSteamMission	nular			BOOL	0x1c2990		General				0x514c4a
isSteamOverlayEnabled	nular			BOOL	0x8a2e70		General	2.10			0x8a25ed
isStreamFriendlyUIEnabled	nular			BOOL	0x8af900		General				0x8ae887
isStressDamageEnabled	nular			BOOL	0x895640		General	TOH 83393			0x514759
isSwitchingWeapon	unary		OBJECT	STRING	0x51f420		General	2.20		unit	0x4e4178
isText	unary		CONFIG	BOOL	0x80f6f0		General	2.35		config	0x4cf275
isThrowable	unary		STRING	BOOL	0x518780		General	2.18		magazine	0x4e3244
isTouchingGround	unary		OBJECT	BOOL	0x535ca0		General	5501		object	0x4cdfff
isTurnedOut	unary		OBJECT	BOOL	0x518840		General			unit	0x4dc637
isTutHintsEnabled	nular			BOOL	0x8af970		General				0x8ae83c
isUAVConnectable	binary	OBJECT	ARRAY	BOOL	0x518980	4	General		object	[uav, checkAllItems]	0x50b989
isUAVConnected	unary		OBJECT	BOOL	0x518a80		General	106264		Uav	0x4da8e5
isUIContext	nular			BOOL	0x8a2ed0		General				0x8a1a33
isUniformAllowed	binary	OBJECT	STRING	BOOL	0x842a60	4	General		unit	type	0x4ef040
isUsingAISteeringComponent	nular			BOOL	0x8aef40		General	2.18			0x8aecee
isVehicleCargo	unary		OBJECT	OBJECT	0x518ae0		General	134497		vehicle	0x4e57de
isVehicleRadarOn	unary		OBJECT	BOOL	0x1c8af0		General			vehicle	0x4debae
isVehicleSensorEnabled	binary	OBJECT	STRING	ARRAY	0x1c8b50	4	General	141449	vehicle	component or sensor name	0x50de3d
isWalking	unary		OBJECT	BOOL	0x518f30		General	5501		soldier	0x4cda06
isWeaponDeployed	unary		ARRAY	BOOL	0x896d30		General	2.06		[unit, (surfaceSelect)]	0x4dbad0
isWeaponDeployed	unary		OBJECT	BOOL	0x896cc0		General	128934		unit	0x4dba45
isWeaponRested	unary		OBJECT	BOOL	0x896e40		General	123800		unit	0x4db9ba
itemCargo	unary		OBJECT	ARRAY	0x842c00		General	5501		box	0x4cc222
items	unary		OBJECT	ARRAY	0x83cc40		General	5501		unit	0x4cbc29
itemsWithMagazines	unary		OBJECT	ARRAY	0x83cbd0		General	5501		unit	0x4cbb9e
join	binary	ARRAY	OBJECT|GROUP	NOTHING	0x192bd0	4	General		unitArray	group	0x4eb5cc
joinAs	binary	OBJECT	ARRAY	NOTHING	0x197c40	4	General		unit	[group, id]	0x4f8df0
joinAsSilent	binary	OBJECT	ARRAY	NOTHING	0x197c20	4	General		unit	[group, id]	0x4f8e9e
joinSilent	binary	ARRAY	OBJECT|GROUP	NOTHING	0x192bb0	4	General		unitArray	group	0x4f851a
joinString	binary	ARRAY	STRING	STRING	0x2e16f0	4	Default		array	string	0x2df13f
kbAddDatabase	binary	OBJECT	STRING	BOOL	0x519000	4	General	2.42	person	filename	0x4fca6e
kbAddDatabaseTargets	binary	OBJECT	STRING	BOOL	0x519000	4	General	2.45	person	filename	0x4fcb1c
kbAddTopic	binary	OBJECT	ARRAY	NOTHING	0x519030	4	General	2.92	person	[name, filename(, task type(, player event handler))]	0x4fcbca
kbHasTopic	binary	OBJECT	STRING	BOOL	0x519640	4	General	2.92	person	name	0x4fcf30
kbReact	binary	OBJECT	ARRAY	NOTHING	0x5196e0	4	General	5500	person	[receiver, topic, sentence id, [argument name, argument value, argument text, argument speech], ...]	0x4fcdd4
kbRemoveTopic	binary	OBJECT	STRING	NOTHING	0x519ce0	4	General	2.92	person	name	0x4fcc78
kbTell	binary	OBJECT	ARRAY	NOTHING	0x519d70	4	General	2.92	person	[receiver, topic, sentence id, [argument name, argument value, argument text, argument speech], ...]	0x4fcd26
kbWasSaid	binary	OBJECT	ARRAY	BOOL	0x51a5c0	4	General	5500	person	[receiver, topic, sentence id, max. age]	0x4fce82
keyImage	unary		STRING|SCALAR	TEXT	0x4a3b30		General	2.01		dikCode	0x4c47f7
keyName	unary		STRING|SCALAR	STRING	0x4a3bf0		General	2.01		dikCode	0x4c476c
keys	unary		HASHMAP	ARRAY	0x81dc50		General	2.02		HashMap	0x81fdd9
kick	unary		STRING|SCALAR	NOTHING	0x176210		Server	2.92		user id [reason]	0x17277c
knowsAbout	binary	OBJECT|GROUP	OBJECT	SCALAR	0x1c8640	4	General		unit	target	0x4e9a9c
knowsAbout	binary	SIDE	OBJECT	SCALAR	0x1cbe50	4	General	5501	side	target	0x4fa668
land	binary	OBJECT	STRING	NOTHING	0x536300	4	General		helicopter	mode	0x4e99ee
landAt	binary	OBJECT	ARRAY	BOOL	0x4b9ba0	4	General	2.18	heli	[heliPad, mode, (waitingTime), (putOnSurface)]	0x51243f
landAt	binary	OBJECT	OBJECT|SCALAR	NOTHING	0x536440	4	General	2.92	airplane	airportId	0x4fb766
landAt	unary		OBJECT	ARRAY	0x4ba150		General	2.20		aircraft	0x4e4203
landResult	unary		OBJECT	STRING	0x52c510		General	5501		helicopter	0x4ccd89
language	nular			STRING	0x8a9b60		General	87005 TOH			0x8ae6f4
laserTarget	binary	OBJECT	ARRAY	OBJECT	0x4a40b0	4	General	2.12	vehicle	turret	0x510fdb
laserTarget	unary		OBJECT	OBJECT	0x4a4020		General	5501		vehicle	0x4cd382
lbAdd	binary	CONTROL	STRING	SCALAR	0x8dd7d0	4	General	2.91	control	text	0x50221c
lbAdd	unary		ARRAY	SCALAR	0x8daf00		General	1.50		[idc, text]	0x4d2a62
lbClear	unary		CONTROL	NOTHING	0x8dd930		General	2.91		control	0x4d2720
lbClear	unary		SCALAR	NOTHING	0x8db0a0		General	1.50		idc	0x4d29d7
lbColor	binary	CONTROL	SCALAR	ARRAY	0x8ddb90	4	General	2.91	control	index	0x502c4e
lbColor	unary		ARRAY	ARRAY	0x8db3e0		General	1.50		[idc, index]	0x4d31fc
lbColorRight	binary	CONTROL	SCALAR	ARRAY	0x8ddbb0	4	General		control	index	0x502cfc
lbColorRight	unary		ARRAY	ARRAY	0x8db400		General			[idc, index]	0x4d3287
lbCurSel	unary		CONTROL	SCALAR	0x8ddbd0		General	2.91		control	0x4d2695
lbCurSel	unary		SCALAR	SCALAR	0x8db420		General	1.50		idc	0x4d28c1
lbData	binary	CONTROL	SCALAR	STRING	0x8ddc70	4	General	2.91	control	index	0x502630
lbData	unary		ARRAY	STRING	0x8db4c0		General	1.50		[idc, index]	0x4d2d19
lbDelete	binary	CONTROL	SCALAR	NOTHING	0x8dd9d0	4	General	2.91	control	index	0x5022ca
lbDelete	unary		ARRAY	NOTHING	0x8db150		General	1.50		[idc, index]	0x4d2aed
lbIsSelected	binary	CONTROL	SCALAR	BOOL	0x8de420	4	General	2.92	control	index	0x503476
lbPicture	binary	CONTROL	SCALAR	STRING	0x8dde30	4	General	2.91	control	index	0x502996
lbPicture	unary		ARRAY	STRING	0x8db710		General	1.50		[idc, index]	0x4d2fd0
lbPictureRight	binary	CONTROL	SCALAR	STRING	0x8dde50	4	General	2.91	control	index	0x502a44
lbPictureRight	unary		ARRAY	STRING	0x8db730		General			[idc, index]	0x4d305b
lbSelection	unary		CONTROL	ARRAY	0x8dde70		General	2.92		control	0x4d27ab
lbSetColor	binary	CONTROL	ARRAY	NOTHING	0x8de610	4	General	2.91	control	[index, color]	0x502daa
lbSetColor	unary		ARRAY	NOTHING	0x8dbf60		General	1.50		[idc, index, color]	0x4d3312
lbSetColorRight	binary	CONTROL	ARRAY	NOTHING	0x8de630	4	General		control	[index, color]	0x502e58
lbSetColorRight	unary		ARRAY	NOTHING	0x8dbf80		General			[idc, index, color]	0x4d339d
lbSetCurSel	binary	CONTROL	SCALAR	NOTHING	0x8de650	4	General	2.91	control	index	0x50216e
lbSetCurSel	unary		ARRAY	NOTHING	0x8dbfa0		General	1.50		[idc, index]	0x4d294c
lbSetData	binary	CONTROL	ARRAY	NOTHING	0x8de760	4	General	2.91	control	[index, data]	0x5026de
lbSetData	unary		ARRAY	NOTHING	0x8dc0f0		General	1.50		[idc, index, data]	0x4d2da4
lbSetPicture	binary	CONTROL	ARRAY	NOTHING	0x8dec70	4	General	2.91	control	[index, name]	0x502af2
lbSetPicture	unary		ARRAY	NOTHING	0x8dc9f0		General	1.50		[idc, index, name]	0x4d30e6
lbSetPictureColor	binary	CONTROL	ARRAY	NOTHING	0x8debe0	4	General	2.91	control	[index, color]	0x503062
lbSetPictureColor	unary		ARRAY	NOTHING	0x8dc5f0		General	1.50		[idc, index, color]	0x4d353e
lbSetPictureColorDisabled	binary	CONTROL	ARRAY	NOTHING	0x8dec10	4	General	2.91	control	[index, color]	0x5031be
lbSetPictureColorDisabled	unary		ARRAY	NOTHING	0x8dc7a0		General	1.50		[idc, index, color]	0x4d3654
lbSetPictureColorSelected	binary	CONTROL	ARRAY	NOTHING	0x8dec40	4	General	2.91	control	[index, color]	0x503110
lbSetPictureColorSelected	unary		ARRAY	NOTHING	0x8dc9c0		General	1.50		[idc, index, color]	0x4d35c9
lbSetPictureRight	binary	CONTROL	ARRAY	NOTHING	0x8dec90	4	General	2.91	control	[index, name]	0x502ba0
lbSetPictureRight	unary		ARRAY	NOTHING	0x8dca10		General	1.50		[idc, index, name]	0x4d3171
lbSetPictureRightColor	binary	CONTROL	ARRAY	NOTHING	0x8decb0	4	General	2.91	control	[index, color]	0x50326c
lbSetPictureRightColorDisabled	binary	CONTROL	ARRAY	NOTHING	0x8dece0	4	General	2.91	control	[index, color]	0x5033c8
lbSetPictureRightColorSelected	binary	CONTROL	ARRAY	NOTHING	0x8ded10	4	General	2.91	control	[index, color]	0x50331a
lbSetSelectColor	binary	CONTROL	ARRAY	NOTHING	0x8dee70	4	General	2.91	control	[index, color]	0x502f06
lbSetSelectColor	unary		ARRAY	NOTHING	0x8dcc00		General	1.50		[idc, index, color]	0x4d3428
lbSetSelectColorRight	binary	CONTROL	ARRAY	NOTHING	0x8dee90	4	General		control	[index, color]	0x502fb4
lbSetSelectColorRight	unary		ARRAY	NOTHING	0x8dcc20		General			[idc, index, color]	0x4d34b3
lbSetSelected	binary	CONTROL	ARRAY	NOTHING	0x8deeb0	4	General	5501	control	[indexOrArray, selected]	0x503524
lbSetText	binary	CONTROL	ARRAY	NOTHING	0x8df140	4	General	1.18	control	[index, text]	0x502582
lbSetText	unary		ARRAY	STRING	0x8dcc40		General			[idc, index, "text"]	0x4d2c8e
lbSetTextRight	binary	CONTROL	ARRAY	NOTHING	0x8df330	4	General		control	[index, text]	0x5024d4
lbSetTooltip	binary	CONTROL	ARRAY	NOTHING	0x8df450	4	General		control	[index, tooltip]	0x50278c
lbSetTooltip	unary		ARRAY	NOTHING	0x8dce40		General			[idc, index, tooltip]	0x4d2e2f
lbSetValue	binary	CONTROL	ARRAY	NOTHING	0x8df610	4	General	2.91	control	[index, value]	0x5028e8
lbSetValue	unary		ARRAY	NOTHING	0x8dd030		General	1.50		[idc, index, value]	0x4d2f45
lbSize	unary		CONTROL	SCALAR	0x8de060		General	2.91		control	0x4d260a
lbSize	unary		SCALAR	SCALAR	0x8db750		General	1.50		idc	0x4d2836
lbSort	unary		ARRAY	NOTHING	0x8dfb80		General	5148		[controlOrIdc, order]	0x4d23de
lbSort	unary		CONTROL	NOTHING	0x8df7c0		General	5148		control	0x4d2353
lbSort	unary		SCALAR	NOTHING	0x8dd230		General			idc	0x4d24f4
lbSortBy	binary	CONTROL|SCALAR	ARRAY	NOTHING	0x8df810	4	General	2.06	controlOrIDC	[sortByType, reversedOrder, caseSensitive, useTextRight, unicodeOff]	0x5035d2
lbSortByValue	unary		CONTROL	NOTHING	0x8dfb30		General	5148		control	0x4d2469
lbSortByValue	unary		SCALAR	NOTHING	0x8dd280		General			idc	0x4d257f
lbText	binary	CONTROL	SCALAR	STRING	0x8de1c0	4	General	2.91	control	index	0x502378
lbText	unary		ARRAY	STRING	0x8db9b0		General	1.50		[idc, index]	0x4d2b78
lbTextRight	binary	CONTROL	SCALAR	STRING	0x8de1e0	4	General		control	index	0x502426
lbTextRight	unary		ARRAY	STRING	0x8db9d0		General			[idc, index]	0x4d2c03
lbTooltip	binary	CONTROL	SCALAR	STRING	0x8de200	4	General	2.06	control	index	0x503680
lbTooltip	unary		ARRAY	STRING	0x8db9f0		General	2.06		[idc, index]	0x4d36df
lbValue	binary	CONTROL	SCALAR	SCALAR	0x8de320	4	General	2.91	control	index	0x50283a
lbValue	unary		ARRAY	SCALAR	0x8dbc10		General	1.50		[idc, index]	0x4d2eba
leader	unary		GROUP	OBJECT	0x1910d0		General			grp	0x4bffc0
leader	unary		OBJECT	OBJECT	0x192db0		General			unit	0x4bfd09
leader	unary		TEAM_MEMBER	TEAM_MEMBER	0x197010		Agents	2.92		team	0x4d6e41
leaderboardDeInit	unary		STRING	BOOL	0x1c29f0		General			boardName	0x4dc7d8
leaderboardGetRows	unary		STRING	ARRAY	0x1c2ab0		General			boardName	0x4dca04
leaderboardInit	unary		STRING	BOOL	0x1c3100		General			boardName	0x4dc74d
leaderboardRequestRowsFriends	unary		STRING	BOOL	0x1c33b0		General			boardName	0x4dc979
leaderboardRequestRowsGlobal	unary		ARRAY	BOOL	0x1c34d0		General			[boardName, rowOffset, rowsRequested]	0x4dc863
leaderboardRequestRowsGlobalAroundUser	unary		ARRAY	BOOL	0x1c34f0		General			[boardName, rowOffset, rowsRequested]	0x4dc8ee
leaderboardsRequestUploadScore	unary		ARRAY	BOOL	0x1c3510		General			[boardName, score, [details]]	0x4dca8f
leaderboardsRequestUploadScoreKeepBest	unary		ARRAY	BOOL	0x1c3530		General			[boardName, score, [details]]	0x4dcb1a
leaderboardState	unary		STRING	SCALAR	0x1c3550		General			boardName	0x4dc6c2
leaveVehicle	binary	GROUP	OBJECT	NOTHING	0x4b9010	4	General		group	vehicle	0x4ec778
leaveVehicle	binary	OBJECT	OBJECT	NOTHING	0x191120	4	General		group	vehicle	0x4ec6ca
libraryCredits	nular			ARRAY	0x8afba0		General	94439			0x8ae5fe
libraryDisclaimers	nular			ARRAY	0x8aff50		General	94439			0x8ae650
lifeState	unary		OBJECT	STRING	0x52c610		General	5501		unit	0x4c9c20
lightAttachObject	binary	OBJECT	ARRAY	NOTHING	0x51b180	4	General	2.58	light	[object, position]	0x4f6114
lightDetachObject	unary		OBJECT	NOTHING	0x51b330		General	2.58		light	0x4c6066
lightIsOn	unary		OBJECT	STRING	0x5364e0		General	1.04		lamppost	0x4c052e
lightnings	nular			SCALAR	0x8a9b80		General	2.92			0x8ace62
limitSpeed	binary	OBJECT	BOOL|SCALAR	NOTHING	0x536610	4	General	2.92	object	speed	0x4f6dfe
linearConversion	unary		ARRAY	SCALAR	0x5151c0		General			[min, max, value, newMin, newMax, clamp]	0x4da1d6
lineBreak	nular			TEXT	0x8b1c20		General	2.01			0x8ae5a5
lineIntersects	unary		ARRAY	BOOL	0x51c460		General	TOH 81021		array	0x4ce3cc
lineIntersectsObjs	unary		ARRAY	ARRAY	0x51c480		General	A3 114110		array	0x4ce4e2
lineIntersectsSurfaces	unary		ARRAY	ARRAY	0x51c4a0		General			array	0x4ce56d
lineIntersectsWith	unary		ARRAY	ARRAY	0x51c480		General	TOH 81021		array	0x4ce457
linkItem	binary	OBJECT	STRING	NOTHING	0x842c20	4	General		unit	item	0x4ee09e
list	unary		OBJECT	ARRAY	0x5366e0		General			trigger	0x4c0644
listObjects	binary	CONTROL	STRING	ARRAY	0x13cee70	4	Editor	2.92	map	type	0x13c80a3
listRemoteTargets	unary		SIDE	ARRAY	0x1c8c70		General	141461		side	0x4ded4f
listVehicleSensors	unary		OBJECT	ARRAY	0x1c8d40		General	141461		vehicle with sensors	0x4decc4
ln	unary		SCALAR|NaN	SCALAR|NaN	0x2d4080		Default			x	0x2dc4e9
lnbAddArray	unary		ARRAY	SCALAR	0x8e0010		General	5501		[IDC,[[[text,text], [value,..], [data,..]], [[text,text], [value,..], [data,..]],]]	0x4d3dee
lnbAddColumn	binary	CONTROL	SCALAR	SCALAR	0x8e4480	4	General	5501	control	position	0x50388a
lnbAddColumn	unary		ARRAY	SCALAR	0x8e09a0		General	1.50		[idc, position]	0x4d3f04
lnbAddRow	binary	CONTROL	ARRAY	SCALAR	0x8e4540	4	General	5501	control	[text1,text2,...]	0x5039e6
lnbAddRow	unary		ARRAY	SCALAR	0x8e0b10		General	5501		[idc, [text, text,...]]	0x4d3d63
lnbClear	unary		CONTROL	NOTHING	0x8e4770		General	2.91		control	0x4d376a
lnbClear	unary		SCALAR	NOTHING	0x8e0e10		General	5501		idc	0x4d3cd8
lnbColor	binary	CONTROL	ARRAY	ARRAY	0x8e4a40	4	General	5501	control	[row, column]	0x504622
lnbColor	unary		ARRAY	ARRAY	0x8e13d0		General	5501		[idc, [row, column]	0x4d4955
lnbColorRight	binary	CONTROL	ARRAY	ARRAY	0x8e4a60	4	General		control	[row, column]	0x5046d0
lnbColorRight	unary		ARRAY	ARRAY	0x8e13f0		General			[idc, [row, column]	0x4d49e0
lnbCurSelRow	unary		CONTROL	SCALAR	0x8e4b50		General	2.91		control	0x4d3880
lnbCurSelRow	unary		SCALAR	SCALAR	0x8e14f0		General	5501		idc	0x4d3bc2
lnbData	binary	CONTROL	ARRAY	STRING	0x8e4bd0	4	General	5501	control	[row, column]	0x503dfa
lnbData	unary		ARRAY	STRING	0x8e1540		General	5501		[idc, [row, column]	0x4d42d1
lnbDeleteColumn	binary	CONTROL	SCALAR	NOTHING	0x8e4790	4	General	5501	control	index	0x503938
lnbDeleteColumn	unary		ARRAY	NOTHING	0x8e0e60		General	5501		[idc, index]	0x4d3f8f
lnbDeleteRow	binary	CONTROL	SCALAR	NOTHING	0x8e4850	4	General	5501	control	row	0x503a94
lnbDeleteRow	unary		ARRAY	NOTHING	0x8e0fd0		General	1.50		[idc, index]	0x4d3e79
lnbGetColumnsPosition	unary		CONTROL	ARRAY	0x8e4a80		General	2.91		control	0x4d390b
lnbGetColumnsPosition	unary		SCALAR	ARRAY	0x8e1410		General	5501		idc	0x4d3b37
lnbPicture	binary	CONTROL	ARRAY	STRING	0x8e4f80	4	General	5501	control	[row, column]	0x5040b2
lnbPicture	unary		ARRAY	STRING	0x8e1be0		General	5501		[idc, [row, column]	0x4d44fd
lnbPictureRight	binary	CONTROL	ARRAY	STRING	0x8e4fa0	4	General	5501	control	[row, column]	0x504160
lnbPictureRight	unary		ARRAY	STRING	0x8e1c00		General			[idc, [row, column]	0x4d4588
lnbSetColor	binary	CONTROL	ARRAY	NOTHING	0x8e55c0	4	General	5501	control	[[row, column], color]	0x50477e
lnbSetColor	unary		ARRAY	NOTHING	0x8e2640		General	5501		[idc, [row, column], color]	0x4d4a6b
lnbSetColorRight	binary	CONTROL	ARRAY	NOTHING	0x8e55e0	4	General		control	[[row, column], color]	0x50482c
lnbSetColorRight	unary		ARRAY	NOTHING	0x8e2660		General			[idc, [row, column], color]	0x4d4af6
lnbSetColumnsPos	binary	CONTROL	ARRAY	NOTHING	0x8e5600	4	General	5501	control	[pos1,pos2,...]	0x5037dc
lnbSetColumnsPos	unary		ARRAY	NOTHING	0x8e2680		General	5501		[idc, [pos1,pos2,...]]	0x4d401a
lnbSetCurSelRow	binary	CONTROL	SCALAR	NOTHING	0x8e5830	4	General	5501	control	row	0x50372e
lnbSetCurSelRow	unary		ARRAY	NOTHING	0x8e2960		General	5501		[idc, index]	0x4d3c4d
lnbSetData	binary	CONTROL	ARRAY	NOTHING	0x8e58f0	4	General	5501	control	[[row, column], data]	0x503ea8
lnbSetData	unary		ARRAY	NOTHING	0x8e2ae0		General	5501		[idc, [row, column], data]	0x4d435c
lnbSetPicture	binary	CONTROL	ARRAY	NOTHING	0x8e67a0	4	General		control	[[row, column], name]	0x50420e
lnbSetPicture	unary		ARRAY	NOTHING	0x8e3700		General	5501		[idc, [row, column], name]	0x4d4613
lnbSetPictureColor	binary	CONTROL	ARRAY	NOTHING	0x8e66e0	4	General		control	[[row, column], [r,g,b,a]]	0x50436a
lnbSetPictureColor	unary		ARRAY	NOTHING	0x8e3640		General			[idc, [row, column], [r,g,b,a]]	0x4d4729
lnbSetPictureColorRight	binary	CONTROL	ARRAY	NOTHING	0x8e6710	4	General		control	[[row, column], [r,g,b,a]]	0x504418
lnbSetPictureColorRight	unary		ARRAY	NOTHING	0x8e3670		General			[idc, [row, column], [r,g,b,a]]	0x4d47b4
lnbSetPictureColorSelected	binary	CONTROL	ARRAY	NOTHING	0x8e6740	4	General		control	[[row, column], [r,g,b,a]]	0x5044c6
lnbSetPictureColorSelected	unary		ARRAY	NOTHING	0x8e36a0		General			[idc, [row, column], [r,g,b,a]]	0x4d483f
lnbSetPictureColorSelectedRight	binary	CONTROL	ARRAY	NOTHING	0x8e6770	4	General		control	[[row, column], [r,g,b,a]]	0x504574
lnbSetPictureColorSelectedRight	unary		ARRAY	NOTHING	0x8e36d0		General			[idc, [row, column], [r,g,b,a]]	0x4d48ca
lnbSetPictureRight	binary	CONTROL	ARRAY	NOTHING	0x8e67c0	4	General		control	[[row, column], name]	0x5042bc
lnbSetPictureRight	unary		ARRAY	NOTHING	0x8e3720		General			[idc, [row, column], name]	0x4d469e
lnbSetText	binary	CONTROL	ARRAY	NOTHING	0x8e6a80	4	General	5501	control	[[row, column], text]	0x503c9e
lnbSetText	unary		ARRAY	NOTHING	0x8e3a50		General	5501		[idc, [row, column], text]	0x4d41bb
lnbSetTextRight	binary	CONTROL	ARRAY	NOTHING	0x8e6aa0	4	General		control	[[row, column], text]	0x503d4c
lnbSetTextRight	unary		ARRAY	NOTHING	0x8e3a70		General	5501		[idc, [row, column], text]	0x4d4246
lnbSetTooltip	binary	CONTROL	ARRAY	NOTHING	0x8e5b80	4	General	5501	control	[[row, column], text]	0x504a36
lnbSetTooltip	unary		ARRAY	NOTHING	0x8e2de0		General	5501		[idc, [row, column], text]	0x4d4b81
lnbSetValue	binary	CONTROL	ARRAY	NOTHING	0x8e6ac0	4	General	5501	control	[[row, column], value]	0x504004
lnbSetValue	unary		ARRAY	NOTHING	0x8e3d70		General	5501		[idc, [row, column], value]	0x4d4472
lnbSize	unary		CONTROL	ARRAY	0x8e4fc0		General	2.91		control	0x4d37f5
lnbSize	unary		SCALAR	ARRAY	0x8e1d10		General	5501		idc	0x4d3aac
lnbSort	binary	CONTROL	ARRAY	NOTHING	0x8e6d80	4	General		control	[column(, order)]	0x5048da
lnbSort	unary		ARRAY	NOTHING	0x8e4030		General			[<control_IDC>, <column>(, <order>)]	0x4d3996
lnbSortBy	binary	ARRAY	ARRAY	NOTHING	0x8e6da0	4	General	2.06	[controlOrIDC, column]	[sortByType, reversedOrder, caseSensitive, useTextRight, unicodeOff]	0x504ae4
lnbSortByValue	binary	CONTROL	ARRAY	NOTHING	0x8e7110	4	General		control	[column(, order)]	0x504988
lnbSortByValue	unary		ARRAY	NOTHING	0x8e4050		General			[<control_IDC>, <column>(, <order>)]	0x4d3a21
lnbText	binary	CONTROL	ARRAY	STRING	0x8e5200	4	General	5501	control	[row, column]	0x503b42
lnbText	unary		ARRAY	STRING	0x8e20e0		General	1.50		[idc, [row, column]]	0x4d40a5
lnbTextRight	binary	CONTROL	ARRAY	STRING	0x8e5220	4	General		control	[row, column]	0x503bf0
lnbTextRight	unary		ARRAY	STRING	0x8e2100		General			[idc, [row, column]]	0x4d4130
lnbValue	binary	CONTROL	ARRAY	SCALAR	0x8e5240	4	General	5501	control	[row, column]	0x503f56
lnbValue	unary		ARRAY	SCALAR	0x8e2120		General	5501		[idc, [row, column]	0x4d43e7
load	unary		OBJECT	SCALAR	0x83dd80		General	5501		unit or container	0x4cb7d1
load3DENScenario	unary		STRING	BOOL	0x7ff250		General	2.18		Mission file path or worldName	0x7fe0b5
loadAbs	unary		OBJECT	SCALAR	0x83dee0		General	5501		unit or container	0x4cb85c
loadBackpack	unary		OBJECT	SCALAR	0x840ed0		General	5501		unit	0x4cb746
loadConfig	unary		STRING	CONFIG	0x813470		General	2.10		configPath	0x4e1c01
loadCuratorSelectionPreset	unary		SCALAR	NOTHING	0x82ae00		General	2.14		preset number	0x4d8dbf
loadFile	unary		STRING	STRING	0x55de30		General	1.82		filename	0x4c3b7a
loadGame	nular			NOTHING	0x8b01f0		General	5501			0x8ae2df
loadIdentity	binary	OBJECT	STRING	BOOL	0x8b6af0	4	General	1.75	person	name	0x8b5691
loadMagazine	binary	OBJECT	ARRAY	NOTHING	0x51e8c0	4	General	86244	vehicle	[[turret path],magazine name]	0x4fbf8e
loadOverlay	binary	CONTROL	CONFIG	NOTHING	0x13cf9c0	4	Editor	2.92	map	config	0x13c8e9d
loadStatus	binary	OBJECT	STRING	BOOL	0x8b6f60	4	General	1.75	object	name	0x8b556f
loadUniform	unary		OBJECT	SCALAR	0x840f60		General	5501		unit	0x4cb630
loadVest	unary		OBJECT	SCALAR	0x840ff0		General	5501		unit	0x4cb6bb
local	unary		GROUP	BOOL	0x4b8f40		General			grp	0x4bd933
local	unary		OBJECT	BOOL	0x5359e0		General			obj	0x4bd8a8
localize	unary		STRING	STRING	0x55d440		General			stringName	0x4c3013
localNamespace	nular			NAMESPACE	0x8a3160		General	1.99			0x8a21be
locationNull	nular			LOCATION	0xd06190		Location	5501			0xd016be
locationPosition	unary		LOCATION	ARRAY	0xd05260		Location	2.90		location	0xd01940
lock	binary	OBJECT	BOOL	NOTHING	0x536850	4	General		vehicle	lock	0x4ebea2
lock	binary	OBJECT	SCALAR	NOTHING	0x536850	4	General		vehicle	lock	0x4ebf50
lock	unary		BOOL	NOTHING	0x176420		Server	5126		lock	0x17284e
lockCameraTo	binary	OBJECT	ARRAY	NOTHING	0x536930	4	General		transport	[object/position/objNull, [turretPath]]	0x4ecd96
lockCargo	binary	OBJECT	ARRAY	NOTHING	0x56d390	4	General	5501	vehicle	[cargo index, lock]	0x4fa3b0
lockCargo	binary	OBJECT	BOOL	NOTHING	0x56d270	4	General	5501	vehicle	lock	0x4fa45e
lockDriver	binary	OBJECT	BOOL	NOTHING	0x56d570	4	General	5501	vehicle	lock	0x4fa254
locked	unary		OBJECT	SCALAR	0x537110		General			unit	0x4c1603
lockedCameraTo	binary	OBJECT	ARRAY	?|ARRAY	0x52c800	4	General		transport	[turretPath]	0x510039
lockedCargo	binary	OBJECT	SCALAR	BOOL	0x56cad0	4	General	5501	vehicle	cargo index	0x4fa5ba
lockedDriver	unary		OBJECT	BOOL	0x56cc40		General	5501		vehicle	0x4ca9b3
lockedInventory	unary		OBJECT	BOOL	0x84d740		General			vehicle	0x4e00db
lockedTurret	binary	OBJECT	ARRAY	BOOL	0x56d1f0	4	General	5501	vehicle	turret path	0x4fa50c
lockIdentity	unary		OBJECT	BOOL	0x5370a0		General			person	0x4dd797
lockInventory	binary	OBJECT	BOOL	NOTHING	0x84d7a0	4	General		vehicle	locked	0x50e86f
lockTurret	binary	OBJECT	ARRAY	NOTHING	0x56d600	4	General	5501	vehicle	[turret path, lock]	0x4fa302
lockWp	binary	OBJECT|GROUP	BOOL	NOTHING	0x1911a0	4	General		group	lockWP	0x4ebdf4
log	unary		SCALAR|NaN	SCALAR|NaN	0x2d40c0		Default			x	0x2dc483
logEntities	nular			NOTHING	0x8b0290		General	5501			0x8ad615
logNetwork	unary		ARRAY	SCALAR	0x18b0a0		General			[filename, filter]	0x4dd822
logNetworkTerminate	unary		SCALAR	NOTHING	0x18b0a0		General			logHandle	0x4dd8ad
lookAt	binary	OBJECT|ARRAY	OBJECT|ARRAY	NOTHING	0x56d700	4	General	2.40	unit(s)	position	0x4fb60a
lookAtPos	binary	CONTROL	ARRAY	NOTHING	0x13cf1b0	4	Editor	2.92	map	position	0x13c8f20
magazineCargo	unary		OBJECT	ARRAY	0x842f30		General	5501		box 	0x4cc197
magazines	unary		OBJECT|ARRAY	ARRAY	0x83dfa0		General	1.75		vehicle or [vehicle, (includeEmpty)]	0x8b4d1d
magazinesAllTurrets	unary		OBJECT|ARRAY	ARRAY	0x840b90		General	1.75		vehicle or [vehicle, excludePersonTurrets]	0x8b4d95
magazinesAmmo	unary		OBJECT|ARRAY	ARRAY	0x83e090		General	1.75		vehicle or [vehicle, (includeEmpty)]	0x8b4e0a
magazinesAmmoCargo	unary		OBJECT	ARRAY	0x83e330		General	1.75		vehicle	0x8b4e86
magazinesAmmoFull	unary		OBJECT|ARRAY	ARRAY	0x83e510		General	1.75		vehicle or [vehicle, (includeEmpty)]	0x8b4ef7
magazinesDetail	unary		OBJECT|ARRAY	ARRAY	0x83dfd0		General	1.75		unit or [unit, (includeEmpty)]	0x8b4f68
magazinesDetailBackpack	unary		OBJECT|ARRAY	ARRAY	0x83e000		General	1.75		unit or [unit, (includeEmpty)]	0x8b50ad
magazinesDetailUniform	unary		OBJECT|ARRAY	ARRAY	0x83e030		General	1.75		unit or [unit, (includeEmpty)]	0x8b4fd9
magazinesDetailVest	unary		OBJECT|ARRAY	ARRAY	0x83e060		General	1.75		unit or [unit, (includeEmpty)]	0x8b5043
magazinesTurret	binary	OBJECT	ARRAY	ARRAY	0x842f50	4	General	5501	vehicle	turretPath or [turretPath, includeEmpty]	0x4fb2a4
magazineTurretAmmo	binary	OBJECT	ARRAY	SCALAR	0x4b5a80	4	General	2.35	vehicle	[magazineClass, turretPath]	0x50bc41
mapAnimAdd	unary		ARRAY	NOTHING	0x51f640		General	1.27		frame	0x4c3a64
mapAnimClear	nular			NOTHING	0x8b02d0		General	1.27			0x8ac7cd
mapAnimCommit	nular			NOTHING	0x8b0360		General	1.27			0x8ac818
mapAnimDone	nular			BOOL	0x8b03f0		General	1.27			0x8ac863
mapCenterOnCamera	binary	CONTROL	BOOL	ARRAY	0x8e7290	4	General	5501	map	enable	0x505468
mapCenterOnCamera	unary		CONTROL	ARRAY	0x8e7320		General	2.90		map	0x4d4e38
mapGridPosition	unary		OBJECT|ARRAY	STRING	0x51f890		General	5501		object	0x4cd0cb
markAsFinishedOnSteam	nular			BOOL	0x1c3d90		General				0x514bd7
markerAlpha	unary		STRING	SCALAR	0x84e980		General	5501		markerName	0x4ca103
markerBrush	unary		STRING	STRING	0x84ea00		General	5501		name	0x4c973d
markerChannel	unary		STRING	STRING	0x84eac0		General			name	0x4e01f1
markerColor	unary		STRING	STRING	0x51fa60		General	1.50		markerName	0x4bf08c
markerDir	unary		STRING	SCALAR	0x84ec00		General	2.92		markerName	0x4beeeb
markerDrawPriority	unary		STRING	SCALAR	0x84d9c0		General	2.14		marker	0x4e2c4b
markerPolyline	unary		STRING	ARRAY	0x84ec70		General			name	0x4e027c
markerPos	unary		ARRAY	ARRAY	0x51faa0		General	1.94		[markerName, preserveElevation]	0x4bea93
markerPos	unary		STRING	ARRAY	0x51fa80		General	1.50		markerName	0x4be97d
markerShadow	unary		STRING	BOOL	0x84f270		General	2.01		marker	0x4e098b
markerShape	unary		STRING	STRING	0x84f2f0		General	5501		name	0x4c96b2
markerSize	unary		STRING	ARRAY	0x51fac0		General	1.50		markerName	0x4bee60
markerText	unary		STRING	STRING	0x84f5e0		General	2.92		markerName	0x4bef76
markerType	unary		STRING	STRING	0x51fae0		General	1.50		markerName	0x4bed4a
matrixMultiply	binary	ARRAY	ARRAY	ARRAY	0x51fb00	4	General		matrix1	matrix2	0x50e45b
matrixTranspose	unary		ARRAY	ARRAY	0x5605c0		General			matrix	0x4df574
max	binary	EXPRESSION	EXPRESSION	EXPRESSION	0x3820a0	6	Simple expression		expr1	expr2	0x383568
max	binary	EXPRESSION	SCALAR	EXPRESSION	0x3820d0	6	Simple expression		expr	val	0x3835d9
max	binary	SCALAR	EXPRESSION	EXPRESSION	0x384490	6	Simple expression		val	expr	0x38364a
max	binary	SCALAR|NaN	SCALAR|NaN	SCALAR|NaN	0x2f2280	6	Default		a	b	0x2e0681
maxLoad	unary		OBJECT	SCALAR	0x841080		General	2.08		unit or container	0x4e1125
members	unary		TEAM_MEMBER	ARRAY	0x197070		Agents	2.90		team	0x4d6b8a
menuAction	binary	CONTROL	ARRAY	STRING	0x8533e0	4	General		<MenuStripControl>	<path>	0x855a2c
menuAction	unary		ARRAY	STRING	0x853510		General			[<idc>, <path>]	0x854e8f
menuAdd	binary	CONTROL	ARRAY	SCALAR	0x8525a0	4	General		<MenuStripControl>	[<path>, <text>]	0x855ab6
menuAdd	unary		ARRAY	SCALAR	0x852730		General			[<idc>, <path>, <text>]	0x854eee
menuChecked	binary	CONTROL	ARRAY	BOOL	0x856810	4	General		<MenuStripControl>	<path>	0x855bc3
menuChecked	unary		ARRAY	BOOL	0x856940		General			[<idc>, <path>]	0x854fc3
menuClear	unary		CONTROL	NOTHING	0x856ca0		General			<MenuStripControl>	0x854d7a
menuClear	unary		SCALAR	NOTHING	0x856d80		General			<idc>	0x854e31
menuCollapse	binary	CONTROL	ARRAY	NOTHING	0x852920	4	General		<MenuStripControl>	<path>	0x855c38
menuCollapse	unary		ARRAY	NOTHING	0x852a40		General			[<idc>, <path>]	0x855038
menuData	binary	CONTROL	ARRAY	STRING	0x853640	4	General		<MenuStripControl>	<path>	0x855cb4
menuData	unary		ARRAY	STRING	0x853770		General			[<idc>, <path>]	0x8550ad
menuDelete	binary	CONTROL	ARRAY	NOTHING	0x852b60	4	General		<MenuStripControl>	<path>	0x855d29
menuDelete	unary		ARRAY	NOTHING	0x852ca0		General			[<idc>, <path>]	0x855122
menuEnable	binary	CONTROL	ARRAY	NOTHING	0x852dd0	4	General		<MenuStripControl>	<path> or [<path>, (enable = true)]	0x855da5
menuEnable	unary		ARRAY	NOTHING	0x852fe0		General			[<idc>, <path>, (enable = true)]	0x85519e
menuEnabled	binary	CONTROL	ARRAY	BOOL	0x856a60	4	General		<MenuStripControl>	<path>	0x855e1a
menuEnabled	unary		ARRAY	BOOL	0x856b80		General			[<idc>, <path>]	0x855213
menuExpand	binary	CONTROL	ARRAY	NOTHING	0x853180	4	General		<MenuStripControl>	<path>	0x855e8f
menuExpand	unary		ARRAY	NOTHING	0x8532b0		General			[<idc>, <path>]	0x855288
menuHover	unary		CONTROL	ARRAY	0x857000		General			<MenuStripControl>	0x854d24
menuHover	unary		SCALAR	ARRAY	0x8570e0		General			<idc>	0x854ddc
menuPicture	binary	CONTROL	ARRAY	STRING	0x8538a0	4	General		<MenuStripControl>	<path>	0x855f04
menuPicture	unary		ARRAY	STRING	0x8539d0		General			[<idc>, <path>]	0x8552fd
menuSetAction	binary	CONTROL	ARRAY	NOTHING	0x8573a0	4	General		<MenuStripControl>	[<path>, <action>]	0x855f80
menuSetAction	unary		ARRAY	NOTHING	0x857530		General			[<idc>, <path>, <action>]	0x855379
menuSetCheck	binary	CONTROL	ARRAY	NOTHING	0x857700	4	General		<MenuStripControl>	[<path>, <bool>]	0x855b47
menuSetCheck	unary		ARRAY	NOTHING	0x857890		General			[<idc>, <path>, <bool>]	0x854f5c
menuSetData	binary	CONTROL	ARRAY	NOTHING	0x857aa0	4	General		<MenuStripControl>	[<path>, <data>]	0x855ffc
menuSetData	unary		ARRAY	NOTHING	0x857c30		General			[<idc>, <path>, <data>]	0x8553f5
menuSetPicture	binary	CONTROL	ARRAY	NOTHING	0x857da0	4	General		<MenuStripControl>	[<path>, <picture>]	0x856078
menuSetPicture	unary		ARRAY	NOTHING	0x8580e0		General			[<idc>, <path>, <picture>]	0x855471
menuSetShortcut	binary	CONTROL	ARRAY	NOTHING	0x8583f0	4	General	2.01	<MenuStripControl>	[<path>, <shortcut>]	0x8564b1
menuSetShortcut	unary		ARRAY	NOTHING	0x858580		General	2.01		[<idc>, <path>, <shortcut>]	0x8558aa
menuSetText	binary	CONTROL	ARRAY	NOTHING	0x858760	4	General	2.01	<MenuStripControl>	[<path>, <text>]	0x8565a2
menuSetText	unary		ARRAY	NOTHING	0x8588f0		General	2.01		[<idc>, <path>, <text>]	0x85599b
menuSetURL	binary	CONTROL	ARRAY	NOTHING	0x858b70	4	General	2.01	<MenuStripControl>	[<path>, <url>]	0x85652d
menuSetURL	unary		ARRAY	NOTHING	0x858d00		General	2.01		[<idc>, <path>, <url>]	0x855926
menuSetValue	binary	CONTROL	ARRAY	NOTHING	0x858e70	4	General		<MenuStripControl>	[<path>, value]	0x8560f4
menuSetValue	unary		ARRAY	NOTHING	0x859000		General			[<idc>, <path>, value]	0x8554ed
menuShortcut	binary	CONTROL	ARRAY	SCALAR	0x853b00	4	General		<MenuStripControl>	<path>	0x856169
menuShortcut	unary		ARRAY	SCALAR	0x853c20		General			[<idc>, <path>]	0x855562
menuShortcutText	binary	CONTROL	ARRAY	STRING	0x853dc0	4	General		<MenuStripControl>	<path>	0x85642e
menuShortcutText	unary		ARRAY	STRING	0x853ee0		General			[<idc>, <path>]	0x855827
menuSize	binary	CONTROL	ARRAY	SCALAR	0x853ff0	4	General		<MenuStripControl>	<path>	0x8561de
menuSize	unary		ARRAY	SCALAR	0x854120		General			[<idc>, <path>]	0x8555d7
menuSort	binary	CONTROL	ARRAY	NOTHING	0x859170	4	General		<MenuStripControl>	[<path>, <reversed>]	0x8563b9
menuSort	unary		ARRAY	NOTHING	0x859310		General			[<idc>, <path>, <reversed>]	0x8557b2
menuText	binary	CONTROL	ARRAY	STRING	0x854240	4	General		<MenuStripControl>	<path>	0x856253
menuText	unary		ARRAY	STRING	0x854370		General			[<idc>, <path>]	0x85564c
menuURL	binary	CONTROL	ARRAY	STRING	0x854490	4	General		<MenuStripControl>	<path>	0x85633d
menuURL	unary		ARRAY	STRING	0x8545c0		General			[<idc>, <path>]	0x855736
menuValue	binary	CONTROL	ARRAY	SCALAR	0x8546e0	4	General		<MenuStripControl>	<path>	0x8562c8
menuValue	unary		ARRAY	SCALAR	0x854800		General			[<idc>, <path>]	0x8556c1
merge	binary	HASHMAP	?	NOTHING	0x81e440	4	General	2.04	HashMap	[hashMap, overwriteExisting]	0x820464
min	binary	EXPRESSION	EXPRESSION	EXPRESSION	0x382100	6	Simple expression		expr1	expr2	0x383415
min	binary	EXPRESSION	SCALAR	EXPRESSION	0x382130	6	Simple expression		expr	val	0x383486
min	binary	SCALAR	EXPRESSION	EXPRESSION	0x3844c0	6	Simple expression		val	expr	0x3834f7
min	binary	SCALAR|NaN	SCALAR|NaN	SCALAR|NaN	0x2f22d0	6	Default		a	b	0x2e05fe
mineActive	unary		OBJECT	BOOL	0x520290		General			obj	0x4bd81d
mineDetectedBy	binary	OBJECT	SIDE	BOOL	0x518440	4	General		mine	side	0x50ba37
missileState	unary		OBJECT	ARRAY	0x4a6440		General	2.18		missile	0x4e3ec1
missileTarget	unary		OBJECT	OBJECT	0x4a65d0		General			missile	0x4df348
missileTargetPos	unary		OBJECT	ARRAY	0x4a6630		General			missile	0x4df2bd
missionConfigFile	nular			CONFIG	0x8b2020		General	2.90			0x8b21f1
missionDifficulty	nular			SCALAR	0x89cd50		General				0x8a1403
missionEnd	nular			ARRAY	0x89cf40		General	2.06			0x8a22ea
missionName	nular			STRING	0x8b0c00		General	1.80			0x8ac952
missionNameSource	nular			STRING	0x8a30b0		General	2.01			0x8a1f4a
missionNamespace	nular			NAMESPACE	0x8b0fb0		General	5501			0x8aec4a
missionProfileNamespace	nular			NAMESPACE	0x8a31a0		General	2.10			0x8a24ba
missionStart	nular			ARRAY	0x8b0c50		General	1.80			0x8ac9e8
missionVersion	nular			SCALAR	0x8b0e60		General				0x8ac99d
mod	binary	SCALAR|NaN	SCALAR|NaN	SCALAR|NaN	0x2f4330	7	Default		a	b	0x2ddf86
modelToWorld	binary	OBJECT	ARRAY	ARRAY	0x537540	4	General	2.92	object	modelPos	0x4f6732
modelToWorldVisual	binary	OBJECT	ARRAY	ARRAY	0x5375a0	4	General	2.92	object	modelPos	0x4f693c
modelToWorldVisualWorld	binary	OBJECT	ARRAY	ARRAY	0x5375d0	4	General	2.92	object	modelPos	0x4f69ea
modelToWorldWorld	binary	OBJECT	ARRAY	ARRAY	0x537570	4	General	2.92	object	modelPos	0x4f67e0
modParams	unary		ARRAY	ARRAY	0x4a6ba0		General			[modName, [options]]	0x4ddb64
moonIntensity	nular			SCALAR	0x8a9bf0		General	93989			0x8ae3c7
moonPhase	unary		ARRAY	SCALAR	0x4a6d70		General			[year, month, day, hour, minute]	0x4da62e
morale	unary		OBJECT	SCALAR	0x537600		General	5500		unit	0x4ce22b
move	binary	OBJECT|GROUP	ARRAY	NOTHING	0x191210	4	General		group	pos	0x4eb67a
move3DENCamera	unary		ARRAY	NOTHING	0x7ffa00		General			<position, useOffset>	0x7fd9c7
moveInAny	binary	OBJECT	OBJECT|ARRAY	BOOL	0x520b90	4	General		unit	vehicle or [vehicle, positionsInOrder, (ignoreLocked)]	0x50b0b3
moveInCargo	binary	OBJECT	ARRAY	NOTHING	0x537680	4	General		soldier	[vehicle, CargoIndex(, canReassign)]	0x4ecade
moveInCargo	binary	OBJECT	OBJECT	NOTHING	0x5376a0	4	General		soldier	vehicle	0x4eca30
moveInCommander	binary	OBJECT	OBJECT	NOTHING	0x537bf0	4	General		soldier	vehicle	0x4ec826
moveInDriver	binary	OBJECT	OBJECT	NOTHING	0x537df0	4	General		soldier	vehicle	0x4ec8d4
moveInGunner	binary	OBJECT	OBJECT	NOTHING	0x538060	4	General		soldier	vehicle	0x4ec982
moveInTurret	binary	OBJECT	ARRAY	NOTHING	0x5382a0	4	General		soldier	[vehicle, turret path]	0x4ecb8c
moveObjectToEnd	binary	CONTROL	STRING	NOTHING	0x13cf300	4	Editor	2.92	map	object	0x13c9201
moveOut	binary	OBJECT	OBJECT	NOTHING	0x538510	4	General	2.06	person	vehicle	0x50fcd3
moveOut	unary		OBJECT	NOTHING	0x538400		General	5501		soldier	0x4c9627
moveTime	unary		OBJECT	SCALAR	0x52cf50		General	5500		soldier	0x4cf6cd
moveTo	binary	OBJECT	ARRAY	NOTHING	0x47de90	4	General	2.61	person	position	0x4f647a
moveToCompleted	unary		OBJECT	BOOL	0x47de00		General	2.62		person	0x4c64be
moveToFailed	unary		OBJECT	BOOL	0x47de70		General	2.92		person	0x4c6549
musicVolume	nular			SCALAR	0x8a9c40		General				0x8ac693
name	unary		LOCATION	STRING	0xd054d0		Location	2.90		location	0xd01b2d
name	unary		NAMESPACE	STRING	0x4a6fa0		General	2.18		namespace	0x4e3f4c
name	unary		OBJECT	STRING	0x538610		General			object	0x4c08fb
name	unary		SCRIPT	STRING	0x54a650		General	2.22		script	0x4e44dd
namedProperties	binary	OBJECT	ARRAY	HASHMAP	0x4aca60	4	General	2.14	object	[lod]	0x511803
namedProperties	unary		OBJECT	ARRAY	0x4ac820		General			entity	0x4dfd99
nameSound	unary		OBJECT	STRING	0x5388b0		General			object	0x4c0986
nearEntities	binary	ARRAY	ARRAY	ARRAY	0x4a7600	4	General	2.18	[center, a, b, angle, isRectangular, (c)]	[types, (matchExactType), (aliveOnly), (includeCrew)]	0x51259b
nearEntities	binary	OBJECT	ARRAY	ARRAY	0x4a8420	4	General	2.18	trigger	[types, (matchExactType), (aliveOnly), (includeCrew)]	0x5126f7
nearEntities	binary	OBJECT|ARRAY	SCALAR	ARRAY	0x4a6fe0	4	General	5501	object or position	radius or [type, radius] or [types, radius]	0x4fab2a
nearEntities	binary	STRING	ARRAY	ARRAY	0x4a7db0	4	General	2.18	marker	[types, (matchExactType), (aliveOnly), (includeCrew)]	0x512649
nearestBuilding	unary		ARRAY	OBJECT	0x52d030		General	OA 93648		pos	0x4bf343
nearestBuilding	unary		OBJECT	OBJECT	0x52cfb0		General			obj	0x4bf2b8
nearestLocation	unary		ARRAY	LOCATION	0xd046c0		Location	2.90		[position, type or [types], (maxDistance)]	0xd0183c
nearestLocations	unary		ARRAY	ARRAY	0xd06f10		Location	2.92		[position, [types], distance, <position to sort from>]	0xd017e0
nearestLocationWithDubbing	unary		ARRAY	LOCATION	0xd04d30		Location	5501		position	0xd01e48
nearestMines	unary		ARRAY	ARRAY	0x4a92c0		General	2.10		[position, types, distance, (sort), (only2D)]	0x4e1e2d
nearestObject	binary	ARRAY	SCALAR	OBJECT	0x8b3b10	4	General	2.01	position	id	0x8b5b7b
nearestObject	binary	ARRAY	STRING	OBJECT	0x8b3bb0	4	General	2.01	position	typeOrId	0x8b5afc
nearestObject	unary		ARRAY	OBJECT	0x4a9da0		General			pos	0x4bf3ce
nearestObjects	unary		ARRAY	ARRAY	0x4a9f60		General	2.92		[pos,[map types], radius, testIn2D]	0x4c6df9
nearestTerrainObjects	unary		ARRAY	ARRAY	0x4aa770		General	2.92		[pos,[map types], radius, sorted, testIn2D]	0x4c6e84
nearObjects	binary	OBJECT|ARRAY	SCALAR|ARRAY	ARRAY	0x4a8ab0	4	General	2.92	position	radius or [typeName, radius]	0x4f6528
nearObjectsReady	binary	OBJECT|ARRAY	SCALAR	BOOL	0x4a8d70	4	General	5501	position	radius	0x4f9822
nearRoads	binary	OBJECT|ARRAY	SCALAR	ARRAY	0x4a8eb0	4	General	5500	position or object	radius	0x4f89dc
nearSupplies	binary	OBJECT|ARRAY	SCALAR|ARRAY	ARRAY	0x4a8fd0	4	General	2.92	position	radius or [typeName, radius]	0x4f65d6
nearTargets	binary	OBJECT	SCALAR	ARRAY	0x1cb6a0	4	General		unit	radius	0x4f85c8
needReload	binary	OBJECT	STRING	SCALAR	0x56b430	4	General	2.22	entity	muzzle	0x51353d
needReload	unary		OBJECT	SCALAR	0x56b4c0		General	2.92		vehicle	0x4c784a
needService	unary		OBJECT	ARRAY	0x56d720		General	2.12		vehicle	0x4e24b1
netId	unary		GROUP	STRING	0x8b3cb0		General			group	0x8b52da
netId	unary		OBJECT	STRING	0x8b3d70		General			object	0x8b5269
netObjNull	nular			NetObject	0x522c40		General	69527			0x514af1
newOverlay	binary	CONTROL	CONFIG	NOTHING	0x13cfd50	4	Editor	2.92	map	config	0x13c8e0c
nextMenuItemIndex	unary		CONTROL	SCALAR	0x13cf450		Editor	2.92		map	0x13c7db4
nextWeatherChange	nular			SCALAR	0x8a9c90		General	2.92			0x8acef8
nil	nular			ANY	0x2f3b30		Default				0x2dbcae
nMenuItems	binary	CONTROL	STRING|SCALAR	SCALAR	0x13cdaf0	4	Editor	2.92	map	menu index	0x13c8af7
not	unary		BOOL	BOOL	0x2cf500		Default			a	0x2dc9e4
numberOfEnginesRTD	unary		OBJECT	SCALAR	0x893dc0		General	TOH 81393		RTD_helicopter	0x4d743a
numberOfFiles	unary		SCALAR	SCALAR	0x1764b0		Server	2.92		user id	0x1727dd
numberToDate	unary		ARRAY	ARRAY	0x5230e0		General	5501		[year,time]	0x4cb0c2
objectCurators	unary		OBJECT	ARRAY	0x829950		General			obj	0x4d8b93
objectFromNetId	unary		STRING	OBJECT	0x8b3e20		General			id	0x8b53ce
objectParent	unary		OBJECT	OBJECT	0x4acd60		General			object	0x4cd498
objNull	nular			OBJECT	0x8b1100		General				0x8aba5f
objStatus	binary	STRING	STRING	NOTHING	0x554070	4	General		objective	status	0x4ed71a
onBriefingGroup	unary		STRING	NOTHING	0x180f70		General	1.75		sound	0x8b4735
onBriefingNotes	unary		STRING	NOTHING	0x180ff0		General	1.75		sound	0x8b46d5
onBriefingPlan	unary		STRING	NOTHING	0x181070		General	1.75		sound	0x8b4675
onBriefingTeamSwitch	unary		STRING	NOTHING	0x1810f0		General	2.92		sound	0x8b479c
onCommandModeChanged	unary		CODE|STRING	NOTHING	0x181250		General	5501		command	0x4ca787
onDoubleClick	binary	CONTROL	STRING	ANY	0x13cf4f0	4	Editor	2.92	map	command	0x13c864d
onEachFrame	unary		CODE|STRING	NOTHING	0x185410		General	97871		command	0x8b4811
onGroupIconClick	unary		CODE|STRING	NOTHING	0x182c70		General	5501		command	0x4caac9
onGroupIconOverEnter	unary		CODE|STRING	NOTHING	0x182cd0		General	5501		command	0x4cab54
onGroupIconOverLeave	unary		CODE|STRING	NOTHING	0x182d30		General	5501		command	0x4cabdf
onHCGroupSelectionChanged	unary		CODE|STRING	NOTHING	0x182d90		General	5501		command	0x4ca6fc
onMapSingleClick	binary	ANY	CODE|STRING	NOTHING	0x182fa0	4	General	5500	parameters	command	0x4f8ffa
onMapSingleClick	unary		CODE|STRING	NOTHING	0x183050		General	1.91		command	0x8b4886
onPlayerConnected	unary		CODE|STRING	NOTHING	0x183e10		General	2.10		statement	0x8b48f4
onPlayerDisconnected	unary		CODE|STRING	NOTHING	0x183e70		General	2.10		statement	0x8b495b
onPreloadFinished	unary		CODE|STRING	NOTHING	0x183ed0		General	5501		command	0x4cb404
onPreloadStarted	unary		CODE|STRING	NOTHING	0x183f30		General	5501		command	0x4cb379
onShowNewObject	binary	CONTROL	STRING	ANY	0x13cf6b0	4	Editor	2.92	map	command	0x13c86d3
onTeamSwitch	unary		CODE|STRING	NOTHING	0x183f90		General	5500		command	0x4c9370
openCuratorInterface	nular			NOTHING	0x829da0		General				0x51483f
openDLCPage	unary		SCALAR	BOOL	0x1c3e30		General			appId	0x4dbd87
openGPS	unary		BOOL	BOOL	0x55ae50		Agents	2.03		show	0x4d7183
openMap	unary		ARRAY	BOOL	0x544410		General	5501		[show, forced]	0x4c394e
openMap	unary		BOOL	BOOL	0x544410		General	5501		show	0x4c39d9
openSteamApp	unary		SCALAR	BOOL	0x1c3f00		General			appID	0x4db703
openYoutubeVideo	unary		STRING	BOOL	0x1c4090		General			youTubeUrl	0x4db78e
opfor	nular			SIDE	0x8b1b20		General				0x8ac1d5
or	binary	BOOL	BOOL	BOOL	0x2cf550	1	Default		a	b	0x2de973
or	binary	BOOL	CODE	BOOL	0x2cf5e0	1	Default		a	b	0x2deba7
orderGetIn	binary	ARRAY	BOOL	NOTHING	0x51e0d0	4	General		unitArray	order	0x4eb51e
overcast	nular			SCALAR	0x8a9da0		General	2.92			0x8acb74
overcastForecast	nular			SCALAR	0x8a9dd0		General	2.92			0x8acf43
owner	unary		OBJECT	SCALAR	0x52e950		General	5501		object	0x4ca219
param	binary	ANY	ARRAY	ANY	0x4ad990	4	General		anything	array	0x4ed258
param	unary		ARRAY	ANY	0x4ae140		General			array	0x4c5615
params	binary	ANY	ARRAY	BOOL	0x4ae1d0	4	General		anything	array	0x4ed306
params	unary		ARRAY	BOOL	0x4aed30		General			array	0x4c56a0
parentAttached	unary		OBJECT	OBJECT	0x1a64c0		General	2.22		obj	0x4d9076
parseNumber	unary		BOOL	SCALAR	0x2e7b90		Default	2.92		boolean	0x2dd901
parseNumber	unary		STRING	SCALAR	0x2e7b30		Default	2.92		string	0x2dd88c
parseSimpleArray	unary		STRING	ARRAY	0x2e7bd0		Default			stringArray	0x2ddd42
parseText	unary		STRING	TEXT	0x5642f0		General	2.01		text	0x4c4cda
parsingNamespace	nular			NAMESPACE	0x8b0ff0		General	5501			0x8ade21
particlesQuality	nular			SCALAR	0x8a9e00		General	5501			0x8ae1b3
periscopeElevation	binary	OBJECT	ARRAY	NOTHING	0x56b140	4	General		vehicle	turret	0x50ebd5
pi	nular			SCALAR	0x2e9c40		Default				0x2dbd95
pickWeaponPool	unary		OBJECT	NOTHING	0x8b91a0		General	1.75		obj	0x8b4485
pitch	unary		OBJECT	STRING	0x538940		General			object	0x4c0b27
pixelGrid	nular			SCALAR	0x8a9e40		General	1.60			0x8aea5e
pixelGridBase	nular			SCALAR	0x8a9e60		General	1.62			0x8aeb09
pixelGridNoUIScale	nular			SCALAR	0x8a9e80		General	1.62			0x8aeab7
pixelH	nular			SCALAR	0x8a9ea0		General	1.60			0x8adc9c
pixelW	nular			SCALAR	0x8a9f10		General	1.60			0x8adc4a
playableSlotsNumber	unary		SIDE	SCALAR	0x546090		General			side	0x4c3d1b
playableUnits	nular			ARRAY	0x8a9f80		General	5501			0x8ad3bd
playAction	binary	OBJECT	STRING	NOTHING	0x5389c0	4	General	5500	soldier	action	0x4ea6d8
playActionNow	binary	OBJECT	STRING	NOTHING	0x538a90	4	General	5501	soldier	action	0x4f9360
player	nular			OBJECT	0x8b1120		General				0x8ab913
playerRespawnTime	nular			SCALAR	0x8aa540		General	2.92			0x8ad1e6
playerSide	nular			SIDE	0x8b11b0		General	2.09			0x8aba06
playersNumber	unary		SIDE	SCALAR	0x546210		General	1.80		side	0x4c3c90
playerTargetLock	nular			ARRAY	0x89d2e0		General	2.18			0x8a2735
playGesture	binary	OBJECT	STRING	NOTHING	0x538b60	4	General	5500	soldier	moveName	0x4ea834
playMission	unary		ARRAY	NOTHING	0x520660		General	2.19		[campaign, mission] or [campaign, mission, skipBriefing]	0x4ce08a
playMove	binary	OBJECT	STRING	NOTHING	0x538c30	4	General		soldier	moveName	0x4ea57c
playMoveNow	binary	OBJECT	STRING	NOTHING	0x538dc0	4	General	5501	soldier	moveName	0x4f92b2
playMusic	unary		ARRAY	NOTHING	0x544c00		General			nameAndPos	0x4c1578
playMusic	unary		STRING	NOTHING	0x544c00		General			name	0x4c14ed
playScriptedMission	unary		ARRAY	NOTHING	0x54b6d0		General	5500		[world, expression, config, (ignoreChildWindow)]	0x4c90b9
playSound	unary		ARRAY	OBJECT	0x5458c0		General			name, enable / disable sound volume accomodation	0x4c1462
playSound	unary		STRING	OBJECT	0x5458c0		General			name	0x4c13d7
playSound3D	unary		ARRAY	SCALAR	0x545020		General			[filename, source, (isInside), (position), (volume), (soundPitch), (distance), (offset), (local), (loop)]	0x4da402
playSoundUI	unary		ARRAY	SCALAR	0x545c10		General			[sound, (volume), (frequency), (iseffect), (offset), (loop)]	0x4e1eb8
pose	unary		OBJECT	STRING	0x530410		General	2.08		unit	0x4e17a9
position	unary		LOCATION	ARRAY	0xd05580		Location	2.90		location	0xd01891
position	unary		OBJECT	ARRAY	0x52ec90		General	1.50		object	0x4bdad4
positionCameraToWorld	unary		ARRAY	ARRAY	0x8096a0		General	2.52		position	0x4cf52c
posScreenToWorld	binary	CONTROL	ARRAY	ARRAY	0x8e9180	4	General	2.54	map	[x, y]	0x505054
posWorldToScreen	binary	CONTROL	ARRAY	ARRAY	0x8e94b0	4	General	2.54	map	position	0x505102
pow	binary	EXPRESSION	EXPRESSION	EXPRESSION	0x3822f0	9	Simple expression		expr1	expr2	0x3836bb
pow	binary	EXPRESSION	SCALAR	EXPRESSION	0x382320	9	Simple expression		expr	val	0x38372c
pow	binary	SCALAR	EXPRESSION	EXPRESSION	0x384520	9	Simple expression		val	expr	0x38379d
ppEffectAdjust	binary	SCALAR	ARRAY	NOTHING	0xb4a150	4	Visual	2.92	number	array	0xb49ce3
ppEffectAdjust	binary	STRING	ARRAY	NOTHING	0xb4a580	4	Visual	2.92	string	array	0xb49c59
ppEffectCommit	binary	ARRAY	SCALAR	NOTHING	0xb4bde0	4	Visual	2.92	array	scalar	0xb49e73
ppEffectCommit	binary	SCALAR	SCALAR	NOTHING	0xb4bae0	4	Visual	2.92	number	number	0xb49de9
ppEffectCommit	binary	STRING	SCALAR	NOTHING	0xb4bb80	4	Visual	2.92	string	number	0xb49d6d
ppEffectCommitted	unary		SCALAR	BOOL	0xb4bec0		Visual	5501		effect	0xb49850
ppEffectCommitted	unary		STRING	BOOL	0xb4bf20		Visual	5501		effect	0xb497fe
ppEffectCreate	unary		ARRAY	SCALAR|ARRAY	0xb4c150		Visual	5501		effect	0xb4996f
ppEffectDestroy	unary		ARRAY	NOTHING	0xb4c5b0		Visual	5501		effect	0xb49a2e
ppEffectDestroy	unary		SCALAR	NOTHING	0xb4c550		Visual	5501		effect	0xb499cf
ppEffectEnable	binary	ARRAY	BOOL	NOTHING	0xb4c6f0	4	Visual	2.92	array	bool	0xb49b3e
ppEffectEnable	binary	SCALAR	BOOL	NOTHING	0xb4c650	4	Visual	2.92	number	bool	0xb49bd6
ppEffectEnable	binary	STRING	BOOL	NOTHING	0xb4c6f0	4	Visual	2.92	string	bool	0xb49abb
ppEffectEnabled	unary		SCALAR	BOOL	0xb4cb40		Visual	5501		effect	0xb498ac
ppEffectEnabled	unary		STRING	BOOL	0xb4cba0		Visual	2.03		effect	0xb49908
ppEffectForceInNVG	binary	SCALAR	BOOL	NOTHING	0xb4cdd0	4	Visual	91000	number	bool	0xb49ef5
precision	unary		OBJECT	SCALAR	0x530510		General	2.92		entity	0x4c6c58
preloadCamera	unary		ARRAY	BOOL	0x806c50		General	2.50		position	0x4c58cc
preloadObject	binary	SCALAR	OBJECT|STRING	BOOL	0x56d8b0	4	General	2.50	distance	object	0x4f029a
preloadSound	unary		STRING	BOOL	0x55c000		General	2.50		sound	0x4c5841
preloadTitleObj	unary		ARRAY	BOOL	0x494400		General			effect	0x4c134c
preloadTitleRsc	unary		ARRAY	BOOL	0x4946d0		General			effect	0x4c12c1
preprocessFile	unary		STRING	STRING	0x55dee0		General	1.82		filename	0x4c3c05
preprocessFileLineNumbers	unary		STRING	STRING	0x55df90		General	2.58		filename	0x4c60f1
primaryWeapon	unary		OBJECT	STRING	0x841160		General	1.75		vehicle	0x8b4a9a
primaryWeaponItems	unary		OBJECT	ARRAY	0x843fe0		General	5501		unit	0x4ccad2
primaryWeaponMagazine	unary		OBJECT	ARRAY	0x84d700		General	5500		vehicle	0x4c8e02
priority	unary		TASK	SCALAR	0xe0a8e0		Identity	2.91		task	0xe018b5
private	unary		STRING|ARRAY	NOTHING	0x2ee6a0		Default	1.85		variable	0x2dcdfe
privateAll	nular			NOTHING	0x8a3220		General	2.18			0x8a26ea
processDiaryLink	unary		STRING	NOTHING	0xdfd170		Identity	5500		link	0xe01b75
productVersion	nular			ARRAY	0x8aa580		General				0x8ad28a
profileName	nular			STRING	0x8aa9f0		General	90916 A3			0x8ae746
profileNamespace	nular			NAMESPACE	0x8b1010		General	80872 TOH			0x8ade73
profileNameSteam	nular			STRING	0x89eb10		General				0x8a15da
progressLoadingScreen	unary		SCALAR	NOTHING	0x51f240		General	5501		progress	0x4cb2ee
progressPosition	unary		CONTROL	SCALAR	0x8d84e0		General	5500		control	0x4d1a18
progressSetPosition	binary	CONTROL	SCALAR	NOTHING	0x8d8540	4	General	2.92	control	pos	0x5011cc
publicVariable	unary		STRING	NOTHING	0x547370		General			varName	0x4c2cd1
publicVariableClient	binary	SCALAR	STRING	NOTHING	0x5473f0	4	General		clientId	varName	0x4fc4fe
publicVariableServer	unary		STRING	NOTHING	0x5474b0		General			varName	0x4cec7c
pushBack	binary	ARRAY	ANY	SCALAR	0x2e41e0	4	Default	1.75	array	element	0x2df276
pushBackUnique	binary	ARRAY	ANY	SCALAR	0x2e42d0	4	Default	1.75	array	element	0x2df30e
putWeaponPool	unary		OBJECT	NOTHING	0x8b8f40		General	1.75		obj	0x8b4430
pylonAction	unary		ARRAY	ARRAY	0x56e550		General	2.22		[vehicle, pylonIndex, actionPath(, arguments)]	0x4e5a0a
queryItemsPool	unary		STRING	SCALAR	0x8b8ff0		General	1.75		name	0x8b45a3
queryMagazinePool	unary		STRING	SCALAR	0x8b9080		General	1.75		name	0x8b4547
queryWeaponPool	unary		STRING	SCALAR	0x8b9110		General	1.75		name	0x8b44eb
rad	unary		SCALAR|NaN	SCALAR|NaN	0x2d27c0		Default			x	0x2dc422
radioChannelAdd	binary	SCALAR	ARRAY	NOTHING	0x19dbd0	4	General	81375 TOH	chan ix	[units]	0x4fd6aa
radioChannelCreate	unary		ARRAY	SCALAR	0x19dc10		General	81210 TOH		[[r,g,b,a], label, callSign (or [callSign, callSignVoN]), [unit1,unit2,...], sentenceColorType]	0x4cf8f9
radioChannelInfo	unary		BOOL|SCALAR	ARRAY	0x19c4e0		General			channelIndex	0x4e0050
radioChannelRemove	binary	SCALAR	ARRAY	NOTHING	0x19e1c0	4	General	81375 TOH	chan ix	[units]	0x4fd758
radioChannelSetCallSign	binary	SCALAR	STRING|ARRAY	NOTHING	0x19e200	4	General	81375 TOH	chan ix	callSign or [callSign, callSignVoN]	0x4fd5fc
radioChannelSetLabel	binary	SCALAR	STRING	NOTHING	0x19e410	4	General	81375 TOH	chan ix	label	0x4fd54e
radioEnabled	nular			BOOL	0x89c1f0		General	2.06			0x8a20d6
radioVolume	nular			SCALAR	0x8aaa50		General				0x8ac729
rain	nular			SCALAR	0x8aaaa0		General	2.92			0x8acc55
rainbow	nular			SCALAR	0x8aaad0		General	2.92			0x8acd81
rainParams	nular			ARRAY	0x89d760		General	2.08			0x8a23d2
random	binary	SCALAR	SCALAR|ARRAY	SCALAR	0x547ca0	4	General		seed	max	0x50d4b9
random	unary		ARRAY	SCALAR|NaN	0x2e8000		Default			[min, mid, max]	0x2dc001
random	unary		SCALAR|NaN	SCALAR|NaN	0x2e7fb0		Default			x	0x2dc06b
randomGen	unary		EXPRESSION	EXPRESSION	0x382350		Simple expression			multiplier	0x382c01
randomGen	unary		SCALAR	EXPRESSION	0x384550		Simple expression			multiplier	0x382ba5
rank	unary		OBJECT	STRING	0x565e60		General	2.92		unit	0x4c6ce3
rankId	unary		OBJECT	SCALAR	0x565f80		General	5500		unit	0x4c6d6e
rating	unary		OBJECT	SCALAR	0x528080		General			unit	0x4bfa52
rectangular	unary		LOCATION	BOOL	0xd057b0		Location	2.90		location	0xd01c6e
regexFind	binary	STRING	ARRAY	ARRAY	0x864da0	4	General	2.06	haystack	[pattern, startOffset]	0x50f6b5
regexMatch	binary	STRING	STRING	BOOL	0x866000	4	General	2.06	haystack	pattern	0x50f607
regexReplace	binary	STRING	ARRAY	STRING	0x8664e0	4	General	2.06	haystack	[pattern, replaceString]	0x50f763
registeredTasks	unary		TEAM_MEMBER	ARRAY	0xe0be80		Identity	2.91		teamMember	0xe01989
registerTask	binary	TEAM_MEMBER	STRING	BOOL	0xe0c590	4	Identity	2.90	teamMember	entry name	0xe01e2e
reload	binary	OBJECT	ARRAY	BOOL	0x56e900	4	General	2.08	vehicle	[(muzzle), (magazine)]	0x51044d
reload	unary		OBJECT	NOTHING	0x56e8a0		General	2.92		vehicle	0x4c78d5
reloadEnabled	unary		OBJECT	BOOL	0x56d130		General	2.92		vehicle	0x4c77bf
remoteControl	binary	OBJECT	OBJECT	NOTHING	0x5392f0	4	General	5501	who	whom	0x4fac86
remoteControlled	unary		OBJECT	OBJECT	0x4afed0		General	2.14		unitOrPlayer	0x4e2f02
remoteExec	binary	ANY	ARRAY	STRING|NOTHING	0x8c0600	4	General		funcParams	[funcName, targets, jipID]	0x4fda10
remoteExec	unary		ARRAY	STRING|NOTHING	0x8c0620		General			[funcName, targets, jipID]	0x4dcdd1
remoteExecCall	binary	ANY	ARRAY	STRING|NOTHING	0x8bf9a0	4	General		funcParams	[funcName, targets, jipID]	0x4fdabe
remoteExecCall	unary		ARRAY	STRING|NOTHING	0x8bf9c0		General			[funcName, targets, jipID]	0x4dce5c
remoteExecutedJIPID	nular			STRING	0x8a33d0		General	2.18			0x8a281d
remoteExecutedOwner	nular			SCALAR	0x8a3440		General	1.70			0x8a198f
remove3DENConnection	unary		ARRAY	NOTHING	0x8008c0		General			[<type>, [<from>,...], <to>]	0x7fda78
remove3DENEventHandler	unary		ARRAY	NOTHING	0x800a10		General			[<type>, <id>]	0x7fd744
remove3DENLayer	unary		SCALAR	BOOL	0x800bf0		General			<layerID>	0x7fdd6f
removeAction	binary	OBJECT	SCALAR	NOTHING	0x56f0d0	4	General	1.11	unit	index	0x4f2544
removeAll3DENEventHandlers	unary		STRING	NOTHING	0x801170		General			<type>	0x7fd7a0
removeAllActions	unary		OBJECT	NOTHING	0x539570		General			unit	0x4c1945
removeAllAssignedItems	unary		OBJECT|ARRAY	NOTHING	0x84b460		General	5501		unit or [unit, allItems, includeBinocs]	0x4c2280
removeAllBinocularItems	unary		OBJECT	NOTHING	0x844000		General	2.01		unit	0x4e0392
removeAllContainers	unary		OBJECT	NOTHING	0x844020		General			unit	0x4c19d0
removeAllCuratorAddons	unary		OBJECT	NOTHING	0x82a020		General			curatorObj	0x4d86b0
removeAllCuratorCameraAreas	unary		OBJECT	NOTHING	0x82a210		General			curatorObj	0x4d8851
removeAllCuratorEditingAreas	unary		OBJECT	NOTHING	0x82a340		General			curatorObj	0x4d8967
removeAllEventHandlers	binary	GROUP	STRING	NOTHING	0x1912b0	4	General	2.10	group	handlerType	0x510705
removeAllEventHandlers	binary	OBJECT	STRING	NOTHING	0x185af0	4	General	1.85	object	handlerType	0x4f2a06
removeAllHandgunItems	unary		OBJECT	NOTHING	0x844150		General	5501		unit	0x4cbb13
removeAllItems	unary		OBJECT	NOTHING	0x844240		General	5501		unit	0x4cb972
removeAllItemsWithMagazines	unary		OBJECT	NOTHING	0x844170		General	5501		unit	0x4cb8e7
removeAllMagazines	unary		OBJECT	NOTHING	0x8443f0		General	2.20		entity	0x4e4319
removeAllMagazinesTurret	binary	OBJECT	ARRAY	NOTHING	0x8444c0	4	General	2.20	entity	turretpath	0x5131d7
removeAllMissionEventHandlers	unary		STRING	NOTHING	0x1833c0		General	TOH 85057		type	0x4ce8af
removeAllMPEventHandlers	binary	OBJECT	STRING	NOTHING	0x185ce0	4	General	1.85	object	handlerType	0x4f2c10
removeAllMusicEventHandlers	unary		STRING	NOTHING	0x1838a0		General	92910		type	0x4d9e94
removeAllOwnedMines	unary		OBJECT	NOTHING	0x539500		General			unit	0x4ddbef
removeAllPrimaryWeaponItems	unary		OBJECT	NOTHING	0x844750		General	5501		unit	0x4cb9fd
removeAllSecondaryWeaponItems	unary		OBJECT	NOTHING	0x844770		General	2.01		unit	0x4cba88
removeAllUserActionEventHandlers	unary		ARRAY	NOTHING	0x184330		General	2.06		[keyName, eventType]	0x4e0e6e
removeAllWeapons	unary		OBJECT	NOTHING	0x844790		General			unit	0x4c18ba
removeBackpack	unary		OBJECT	NOTHING	0x84b730		General	5501		unit	0x4c230b
removeBackpackGlobal	unary		OBJECT	NOTHING	0x84b7d0		General	5501		unit	0x4c2396
removeBinocularItem	binary	OBJECT	STRING	NOTHING	0x844840	4	General	2.01	unit	item	0x50ed31
removeCuratorAddons	binary	OBJECT	ARRAY	NOTHING	0x82a470	4	General		curatorObj	[addons]	0x509242
removeCuratorCameraArea	binary	OBJECT	SCALAR	NOTHING	0x82a890	4	General		curatorObj	cameraAreaID	0x508b76
removeCuratorEditableObjects	binary	OBJECT	ARRAY	NOTHING	0x82aa10	4	General		curatorObj	[[object],removeCrew = true]	0x509038
removeCuratorEditingArea	binary	OBJECT	SCALAR	NOTHING	0x82ac80	4	General		curatorObj	editAreaID	0x508d80
removeDiaryRecord	binary	OBJECT	ARRAY	NOTHING	0xdfe180	4	Identity	2.53	person	[subject, diaryRecord]	0xe02213
removeDiarySubject	binary	OBJECT	STRING	NOTHING	0xdfee10	4	Identity	2.92	person	subject	0xe020f5
removeDrawIcon	binary	CONTROL	ARRAY	NOTHING	0x13d01d0	4	Editor	2.92	map	[object, string identifier]	0x13c918c
removeDrawLinks	binary	CONTROL	ARRAY	NOTHING	0x13d03e0	4	Editor	2.92	map	[from, param type]	0x13c9018
removeEventHandler	binary	GROUP	ARRAY	NOTHING	0x1913f0	4	General	2.10	group	handlerType	0x510657
removeEventHandler	binary	OBJECT	ARRAY	NOTHING	0x185ea0	4	General	1.85	object	handler	0x4f2958
removeFromRemainsCollector	unary		ARRAY	NOTHING	0x549130		General			array	0x4dbc71
removeGoggles	unary		OBJECT	NOTHING	0x84b890		General	5501		unit	0x4c25c2
removeGroupIcon	binary	GROUP	SCALAR	NOTHING	0x1944d0	4	General	5501	group	icon ID	0x4f9eee
removeHandgunItem	binary	OBJECT	STRING	NOTHING	0x844860	4	General		unit	item	0x4efa72
removeHeadgear	unary		OBJECT	NOTHING	0x84b8b0		General	5501		unit	0x4c2537
removeItem	binary	OBJECT	STRING	NOTHING	0x844880	4	General		unit	item	0x4eead0
removeItemFromBackpack	binary	OBJECT	STRING	NOTHING	0x844a00	4	General		unit	item	0x4eecda
removeItemFromUniform	binary	OBJECT	STRING	NOTHING	0x844a20	4	General		unit	item	0x4eeb7e
removeItemFromVest	binary	OBJECT	STRING	NOTHING	0x844a40	4	General		unit	item	0x4eec2c
removeItems	binary	OBJECT	STRING	NOTHING	0x844a60	4	General		unit	item	0x4eed88
removeMagazine	binary	OBJECT	STRING|ARRAY	NOTHING	0x844c90	4	General		unit	magazineName	0x4e9274
removeMagazineGlobal	binary	OBJECT	STRING	NOTHING	0x844e30	4	General		unit	magazineName	0x4e9322
removeMagazines	binary	OBJECT	STRING	NOTHING	0x845940	4	General		unit	magazineName	0x4e947e
removeMagazinesTurret	binary	OBJECT	ARRAY	NOTHING	0x845a80	4	General		transport	[magazineName, turret path]	0x4e952c
removeMagazineTurret	binary	OBJECT	ARRAY	NOTHING	0x845120	4	General		transport	[magazineName, turret path]	0x4e93d0
removeMenuItem	binary	CONTROL	SCALAR	NOTHING	0x13d0830	4	Editor	2.92	map	index of menu item to delete	0x13c89e7
removeMenuItem	binary	CONTROL	STRING	NOTHING	0x13d0a20	4	Editor	2.92	map	text of menu item to delete	0x13c8a6a
removeMissionEventHandler	unary		ARRAY	NOTHING	0x1834c0		General	TOH 85057		[type, id]	0x4ce824
removeMPEventHandler	binary	OBJECT	ARRAY	NOTHING	0x186100	4	General	1.85	object	handler	0x4f2b62
removeMusicEventHandler	unary		ARRAY	NOTHING	0x183a10		General	92910		[type, id]	0x4d9e09
removeOwnedMine	binary	OBJECT	OBJECT	NOTHING	0x5395e0	4	General		unit	item	0x4ee6bc
removePrimaryWeaponItem	binary	OBJECT	STRING	NOTHING	0x846290	4	General		unit	item	0x4ef916
removeSecondaryWeaponItem	binary	OBJECT	STRING	NOTHING	0x8462b0	4	General		unit	item	0x4ef9c4
removeSimpleTask	binary	OBJECT	TASK	NOTHING	0xe04d30	4	Identity	5501	person	task	0xe02e22
removeSwitchableUnit	unary		OBJECT	NOTHING	0x549160		General	2.92		person	0x4c70b0
removeTeamMember	binary	TEAM_MEMBER	TEAM_MEMBER	NOTHING	0x1973d0	4	Agents	2.90	team	member	0x5077c0
removeUniform	unary		OBJECT	NOTHING	0x84bce0		General	5501		unit	0x4c2421
removeUserActionEventHandler	unary		ARRAY	NOTHING	0x1845e0		General	2.06		[keyName, eventType, eventID]	0x4e0de3
removeVest	unary		OBJECT	NOTHING	0x84bd00		General	5501		unit	0x4c24ac
removeWeapon	binary	OBJECT	STRING|ARRAY	NOTHING	0x8462d0	4	General		unit	weaponName or [weaponName, (autoselect)]	0x4e8db2
removeWeaponAttachmentCargo	binary	OBJECT	ARRAY	NOTHING	0x846650	4	General		vehicle(with supply)	[weaponID,creatorID,"weaponAttachment"]	0x4edff0
removeWeaponCargo	binary	OBJECT	ARRAY	NOTHING	0x8467d0	4	General		vehicle(with supply)	[weaponID,creatorID]	0x4edf42
removeWeaponGlobal	binary	OBJECT	STRING|ARRAY	NOTHING	0x846900	4	General		unit	weaponName or [weaponName, (autoselect)]	0x4e8ba8
removeWeaponItem	binary	OBJECT	ARRAY	NOTHING	0x846bf0	4	General		unit	[muzzle, magazine]	0x4ef868
removeWeaponTurret	binary	OBJECT	ARRAY	NOTHING	0x846c10	4	General		vehicle	[weaponName,turret array]	0x4e8e60
reportRemoteTarget	binary	SIDE	ARRAY	NOTHING	0x1cb7f0	4	General		side	[target, time]	0x50d8cd
requiredVersion	unary		STRING	BOOL	0x549290		General	1.21		version	0x4bd9be
resetCamShake	nular			NOTHING	0x8b1480		General	5501			0x8ae32a
resetSubgroupDirection	unary		OBJECT	NOTHING	0x549410		General	TOH 83721		subgroup member	0x4ce70e
resistance	nular			SIDE	0x8b1ba0		General				0x8ac34c
resize	binary	ARRAY	ARRAY	NOTHING	0x51e1c0	4	General	2.10	array	[count, fill]	0x510d23
resize	binary	ARRAY	SCALAR	NOTHING	0x2e43f0	4	Default	1.75	array	count	0x2df60d
resources	unary		TEAM_MEMBER	ARRAY	0x1971a0		Agents	2.92		teamMember	0x4d6f57
respawnVehicle	binary	OBJECT	ARRAY	NOTHING	0x570b00	4	General	2.52	vehicle	[respawnDelay, respawnCount, deleteOldWreck, respawnOnServer, respawnFlying, respawnUnit, respawnMode, respawnSide, useRespawnMarkerDir]	0x4f5790
restartEditorCamera	unary		CONTROL	NOTHING	0x13b9090		Editor	2.92		map	0x13c7c58
reveal	binary	OBJECT|GROUP	ARRAY	NOTHING	0x1c86f0	4	General		group	unit	0x4f274e
reveal	binary	OBJECT|GROUP	OBJECT	NOTHING	0x1c86f0	4	General		group	unit	0x4f26a0
revealMine	binary	SIDE	OBJECT	NOTHING	0x549ae0	4	General	1.86	side	mine	0x50a72f
reverse	unary		ARRAY	NOTHING	0x2e44d0		Default			array	0x2dcb50
reverse	unary		STRING	STRING	0x2e4610		Default	2.01		string	0x2dcbc8
reversedMouseY	nular			BOOL	0x8b15c0		General	5501			0x8ad78c
roadAt	unary		OBJECT|ARRAY	OBJECT	0x4b0e80		General			object or position	0x4c8b4b
roadsConnectedTo	unary		OBJECT|ARRAY	ARRAY	0x49e7e0		General	5500		road or [road, extended]	0x4c8ac0
roleDescription	unary		OBJECT	STRING	0x8b3f40		General			player	0x8b5352
ropeAttachedObjects	unary		OBJECT	ARRAY	0x1a6be0		General	126041		vehicle	0x4e5527
ropeAttachedTo	unary		OBJECT	OBJECT	0x1a6ec0		General	126041		vehicle	0x4e5411
ropeAttachEnabled	unary		OBJECT	BOOL	0x1a6830		General	126046		vehicle	0x4e55b2
ropeAttachTo	binary	OBJECT|ARRAY	OBJECT	NOTHING	0x1a6890	4	General	116464	[vehicle, (toPoint), (ropeEndDownDir)]	rope	0x513aad
ropeCreate	unary		ARRAY	OBJECT	0x1a6fd0		General	116464		[fromObject, fromPoint, toObject, toPoint, (length), ([ropeStart, downDir]), ([ropeEnd, downDir]), (type), (segments)]	0x4e4fb9
ropeCut	unary		ARRAY	NOTHING	0x1a88b0		General	116464		[rope, distance]	0x4e50cf
ropeDestroy	unary		OBJECT	NOTHING	0x1a89e0		General	116464		rope	0x4e5044
ropeDetach	binary	OBJECT	OBJECT	NOTHING	0x1a8ac0	4	General	116464	vehicle	rope	0x513b5b
ropeEndPosition	unary		OBJECT	ARRAY	0x1a8bd0		General	116464		rope	0x4e52fb
ropeLength	unary		OBJECT	SCALAR	0x1a4400		General	116464		rope	0x4e5386
ropes	unary		OBJECT	ARRAY	0x1a9500		General	116464		vehicle	0x4e515a
ropesAttachedTo	unary		OBJECT	ARRAY	0x1a9270		General	2.10		vehicle	0x4e549c
ropeSegments	unary		OBJECT	ARRAY	0x1a8e70		General	2.03		rope	0x4e56c8
ropeUnwind	unary		ARRAY	NOTHING	0x1a90e0		General	116464		[rope, speed, targetLength, (relative)]	0x4e5270
ropeUnwound	unary		OBJECT	BOOL	0x1a8da0		General	116464		rope	0x4e51e5
rotorsForcesRTD	unary		OBJECT	ARRAY	0x893e90		General	TOH 81393		RTD_helicopter	0x4d75db
rotorsRpmRTD	unary		OBJECT	ARRAY	0x894280		General	TOH 81393		RTD_helicopter	0x4d7550
round	unary		SCALAR|NaN	SCALAR|NaN	0x2e9b60		Default			x	0x2dc741
runInitScript	nular			NOTHING	0x8b0c20		General	2.33			0x8aca3a
safeZoneH	nular			SCALAR	0x8b15e0		General	5501			0x8adb10
safeZoneW	nular			SCALAR	0x8b1630		General	5501			0x8adac5
safeZoneWAbs	nular			SCALAR	0x8b1680		General	5501			0x8adba6
safeZoneX	nular			SCALAR	0x8b16d0		General	5501			0x8ada2f
safeZoneXAbs	nular			SCALAR	0x8b1720		General	5501			0x8adb5b
safeZoneY	nular			SCALAR	0x8b1770		General	5501			0x8ada7a
save3DENInventory	unary		ARRAY	NOTHING	0x7ff8b0		General			<entities>	0x7fdf12
save3DENPreferences	nular			BOOL	0x801310		General				0x7fd521
saveGame	nular			NOTHING	0x8b17c0		General				0x8ac567
saveIdentity	binary	OBJECT	STRING	BOOL	0x8b7750	4	General	1.75	person	name	0x8b5600
saveJoysticks	nular			NOTHING	0x8b1820		General				0x8ae45d
saveMissionProfileNamespace	nular			BOOL	0x8a3490		General	2.10			0x8a2505
saveOverlay	unary		CONTROL	NOTHING	0x13d00e0		Editor	2.92		map	0x13c79f7
saveProfileNamespace	nular			NOTHING	0x8b18b0		General	80872 TOH			0x8adebe
saveStatus	binary	OBJECT	STRING	BOOL	0x8b7bc0	4	General	1.75	object	name	0x8b54de
saveVar	unary		STRING	NOTHING	0x549c10		General			varName	0x4c37ad
savingEnabled	nular			BOOL	0x8af810		General	5501			0x8ae294
say	binary	OBJECT|ARRAY	ARRAY	NOTHING	0x53a080	4	General	1.75	unit or [unit, target]	speechName	0x4e9ca6
say	binary	OBJECT|ARRAY	STRING	NOTHING	0x53a080	4	General		unit or [unit, target]	speechName	0x4e9bf8
say2D	binary	OBJECT|ARRAY	STRING|ARRAY	NOTHING	0x5397d0	4	General	5501	unit or [unit, target]	speechName or [sound, maxTitlesDistance, speed]	0x4f70b6
say3D	binary	OBJECT|ARRAY	STRING|ARRAY	OBJECT	0x539bc0	4	General	5501	unit or [unit, target]	speechName or [sound, maxDistance, pitch, isSpeech, offset, simulateSpeedOfSound]	0x4f7008
scopeName	unary		STRING	NOTHING	0x2e9c60		Default			name	0x2dd4bd
score	unary		OBJECT	SCALAR	0x530d20		General			unit	0x4bfadd
scoreSide	unary		SIDE	SCALAR	0x55bd90		General			side	0x4bfb68
screenshot	unary		STRING	BOOL	0x549dd0		General			filename	0x4ddad9
screenToWorld	binary	OBJECT	ARRAY	ARRAY	0x809f50	4	General	2.18	camera	position	0x512f1f
screenToWorld	unary		ARRAY	ARRAY	0x80a1c0		General	5501		position	0x4ca3ba
screenToWorldDirection	binary	OBJECT	ARRAY	ARRAY	0x80a390	4	General	2.18	camera	position	0x512fcd
screenToWorldDirection	unary		ARRAY	ARRAY	0x80a5c0		General	2.18		camera	0x4e3dab
scriptDone	unary		SCRIPT	BOOL	0x54a470		General	2.50		script	0x4c5957
scriptName	unary		STRING	NOTHING	0x2ebd80		Default	5501		name	0x2dda6d
scriptNull	nular			SCRIPT	0x8b1960		General				0x8abb03
scudState	unary		OBJECT	SCALAR	0x530ee0		General	1.28		scud	0x4c05b9
secondaryWeapon	unary		OBJECT	STRING	0x841230		General	1.75		vehicle	0x8b4afd
secondaryWeaponItems	unary		OBJECT	ARRAY	0x846c30		General	5501		unit	0x4ccb5d
secondaryWeaponMagazine	unary		OBJECT	ARRAY	0x84d720		General	5500		vehicle	0x4c8e8d
select	binary	ARRAY	ARRAY	ARRAY	0x2e4b80	4	Default		array	[start,length]	0x2dee68
select	binary	ARRAY	BOOL	ANY	0x2e4aa0	4	Default		array	index	0x2dede2
select	binary	ARRAY	CODE	ARRAY	0x2e4d40	4	Default		array	code	0x2def97
select	binary	ARRAY	SCALAR	ANY	0x2e4aa0	4	Default		array	index	0x2ded5f
select	binary	CONFIG	SCALAR	CONFIG	0x80f790	4	General	2.35	config	index	0x4fc864
select	binary	STRING	ARRAY	STRING	0x2e5590	4	Default	5195	source string	[start,length]	0x2def0a
selectBestPlaces	unary		ARRAY	ARRAY	0x47e650		General	5500		[_position, _radius, _expression, _precision, _sourcesCount]	0x4c7f59
selectDiarySubject	binary	OBJECT	STRING	BOOL	0xdfef80	4	Identity	5500	person	subject	0xe028ad
selectedEditorObjects	unary		CONTROL	NOTHING	0x13ce570		Editor	2.92		map	0x13c7bae
selectEditorObject	binary	CONTROL	STRING	ANY	0x13d0b50	4	Editor	2.92	map	object	0x13c8752
selectionNames	binary	OBJECT	STRING|SCALAR	ARRAY	0x4ab830	4	General		entity	lod	0x50e713
selectionNames	unary		OBJECT	ARRAY	0x4ab6c0		General			entity	0x4dd9c3
selectionPosition	binary	OBJECT	ARRAY	ARRAY	0x531770	4	General	2.06	object	[selectionName, lodName, (resultType)]	0x50f96d
selectionPosition	binary	OBJECT	STRING	ARRAY	0x5315c0	4	General	2.92	object	selectionName	0x4f6684
selectionPosition	unary		ARRAY	ARRAY	0x531e50		Agents	2.06		[object, selection, LODindex, (visual), (resultType)]	0x4d7299
selectionVectorDirAndUp	binary	OBJECT	ARRAY	ARRAY	0x532550	4	General	2.06	object	[selectionName, lodName]	0x50fd81
selectLeader	binary	GROUP	OBJECT	NOTHING	0x1915a0	4	General	2.33	group	unit	0x4f5634
selectMax	unary		ARRAY	ANY	0x2e3fa0		Default			array	0x2dccb1
selectMin	unary		ARRAY	ANY	0x2e40c0		Default			array	0x2dcc40
selectNoPlayer	nular			NOTHING	0x8b19d0		General	5501			0x8ad372
selectPlayer	unary		OBJECT	NOTHING	0x54b890		General	2.33		unit	0x4c5d24
selectRandom	unary		ARRAY	ANY	0x2e5100		Default			array	0x2dbf1b
selectRandomWeighted	binary	ARRAY	ARRAY	ANY	0x2e53c0	4	Default		values	weights	0x2df028
selectRandomWeighted	unary		ARRAY	ANY	0x2e5200		Default			array	0x2dbf90
selectThrowable	binary	OBJECT	STRING	BOOL	0x53a490	4	General	2.18	unit	throwable	0x511d73
selectWeapon	binary	OBJECT	ARRAY	BOOL|NOTHING	0x53a8b0	4	General	2.08	unit	[weapon, muzzle, firemode]	0x4e97e4
selectWeapon	binary	OBJECT	STRING	NOTHING	0x53a6b0	4	General	1.27	unit	weapon	0x4e9736
selectWeaponTurret	binary	OBJECT	ARRAY	NOTHING	0x56f160	4	General		vehicle	[weapon, turret path, (muzzle), (firemode)]	0x50adfb
sendAUMessage	unary		ARRAY	NOTHING	0x54bcc0		General			[count|[clientList], "command"]	0x4cfa0f
sendChatMessage	binary	STRING	STRING	ANY	0x174960	4	Server	2.18	user id	chatText	0x172c29
sendSimpleCommand	binary	OBJECT	STRING	NOTHING	0x56f740	4	General	2.26	object	command	0x4f4e0c
sendTask	binary	TEAM_MEMBER	ARRAY	TASK	0xe0c840	4	Identity	2.92	sender	[receiver, [type] or [type, parentTask], priority, name1, value1, name2, value2, ...]	0xe01fd3
sendTaskResult	binary	TASK	ARRAY	NOTHING	0xe0b270	4	Identity	2.92	task	[state, result, sentence]	0xe02457
sendUDPMessage	unary		ARRAY	BOOL	0x47de70		General	5501		[ip,port,"message"]	0x4cd040
sentencesEnabled	nular			BOOL	0x89c220		General	2.06			0x8a2121
serverCommand	binary	STRING	STRING	BOOL	0x54d6e0	4	General		password	server command	0x4ece44
serverCommand	unary		STRING	BOOL	0x54d4b0		General			server command	0x4c5248
serverCommandAvailable	unary		STRING	BOOL	0x54d520		General			server command	0x4c52d3
serverCommandExecutable	unary		STRING	BOOL	0x54d5e0		General			server command	0x4c535e
serverName	nular			STRING	0x8b1a60		General	1.80			0x8ac907
serverNamespace	nular			NAMESPACE	0x8a31e0		General	2.06			0x8a2209
serverTime	nular			SCALAR	0x8aaed0		General	5501			0x8ae1fe
set	binary	ARRAY	ARRAY	NOTHING	0x2e56f0	4	Default	1.75	array	element	0x2df1de
set	binary	HASHMAP	ARRAY	BOOL	0x81ee60	4	General	2.02	HashMap	[key, value(, onlyIfUnique)]	0x8200ab
set3DENAttachedCursorEntity	unary		HASHMAP	NOTHING	0x801370		General	2.18		#{Entity Info}	0x7fe242
set3DENAttribute	binary	ANY	ARRAY	BOOL	0x801be0	4	General		<entity>	[<attributeType>,<value>]	0x7fe866
set3DENAttributes	unary		ARRAY	BOOL	0x801db0		General			[[[<entities>],<attributeType>,<value>], ....]	0x7fd690
set3DENGrid	unary		ARRAY	NOTHING	0x802210		General			[<type>, <value>]	0x7fd918
set3DENIconsVisible	unary		ARRAY	NOTHING	0x8023d0		General			[<map:bool>, <scene:bool>]	0x7fd805
set3DENLayer	binary	ANY	SCALAR	BOOL	0x8024e0	4	General		<entity>	<layerID>	0x7fe74f
set3DENLinesVisible	unary		ARRAY	NOTHING	0x802870		General			[<map:bool>, <scene:bool>]	0x7fd861
set3DENLogicType	binary	ARRAY	STRING	NOTHING	0x802980	4	General		[editorLogics]	logicClassName	0x7fe638
set3DENMissionAttribute	binary	STRING	ARRAY	NOTHING	0x802c00	4	General		<section>	[<class>, <value>]	0x7fe9f2
set3DENMissionAttributes	unary		ARRAY	NOTHING	0x803050		General			[[<section>, <class>, <value>],...]	0x7fdeab
set3DENModelsVisible	unary		ARRAY	NOTHING	0x803690		General			[<map:bool>, <scene:bool>]	0x7fd8ba
set3DENObjectType	binary	ARRAY	STRING	NOTHING	0x8037a0	4	General		[editorObjects]	objectClassName	0x7fe5a0
set3DENSelected	unary		ARRAY	NOTHING	0x803a20		General			<entities>	0x7fdfe0
setAccTime	unary		SCALAR	NOTHING	0x54dcd0		General			accFactor	0x4c3838
setActualCollectiveRTD	binary	OBJECT	SCALAR	NOTHING	0x8959a0	4	General	TOH 81393	RTD_helicopter	Set starting collective.	0x5086b4
setAirplaneThrottle	binary	OBJECT	SCALAR	NOTHING	0x895a30	4	General	141448	airplane	value of throttle	0x50db85
setAirportSide	binary	OBJECT|SCALAR	SIDE	NOTHING	0x47e300	4	General	2.92	airportId	side	0x4fb6b8
setAmmo	binary	OBJECT	ARRAY	NOTHING	0x553250	4	General		unit	[weapon, count]	0x4e8794
setAmmoCargo	binary	OBJECT	SCALAR	NOTHING	0x53add0	4	General		vehicle	ammoCargo	0x4edde6
setAmmoOnPylon	binary	OBJECT	ARRAY	NOTHING	0x54dd20	4	General	140308	vehicle	[pylon name/index, ammo count]	0x514431
setAngularVelocity	binary	OBJECT	ARRAY	NOTHING	0x53aee0	4	General	2.18	vehicle	[x, y, z]	0x511c17
setAngularVelocityModelSpace	binary	OBJECT	ARRAY	NOTHING	0x53b090	4	General	2.18	vehicle	[x, y, z]	0x511cc5
setAnimSpeedCoef	binary	OBJECT	SCALAR	NOTHING	0x896eb0	4	General		soldier	coef	0x50c1b1
setAperture	unary		SCALAR	NOTHING	0x54de60		General	2.73		set	0x4c665f
setApertureNew	unary		ARRAY	NOTHING	0x54df30		General	86000		[min, std, max, std lum]	0x4d9b52
setArmoryPoints	unary		SCALAR	NOTHING	0x54e1b0		General	5500		points	0x4c902e
setAttributes	binary	TEXT|STRING	ARRAY	TEXT	0x564390	4	General	2.01	text	[name1, value1, name2, value2, ...]	0x4f4cb0
setAutonomous	binary	OBJECT	BOOL	BOOL	0x54e370	4	General		uav	autonomous	0x50b005
setBehaviour	binary	OBJECT|GROUP	STRING	NOTHING	0x191810	4	General		group	behaviour	0x4eb7d6
setBehaviourStrong	binary	OBJECT|GROUP	STRING	NOTHING	0x191a00	4	General		group	behaviour	0x4ed5be
setBleedingRemaining	binary	OBJECT	SCALAR	NOTHING	0x54e450	4	General	2.92	obj	time	0x509c4f
setBrakesRTD	binary	OBJECT	ARRAY	NOTHING	0x895b40	4	General	TOH 81393	RTD_helicopter	[value, index]	0x5083fc
setCameraInterest	binary	OBJECT	SCALAR	NOTHING	0x56fb80	4	General	2.57	entity	interest	0x4f5e5c
setCamShakeDefParams	unary		ARRAY	NOTHING	0x80a740		General	5501		[power, duration, maxDistance, frequency, minSpeed, minMass, caliberCoefHit, caliberCoefFire, vehicleCoef]	0x4cdba7
setCamShakeParams	unary		ARRAY	NOTHING	0x80aa00		General	5501		[posCoef, rotXCoef, rotYCoef, rotZCoef, interp]	0x4cdb1c
setCamUseTI	binary	BOOL	SCALAR	NOTHING	0x54e5d0	4	General		bool	mode index	0x4fbb7a
setCaptive	binary	OBJECT	BOOL|SCALAR	NOTHING	0x53b1a0	4	General		person	captive	0x4e5ab8
setCenterOfMass	binary	OBJECT	ARRAY	NOTHING	0x1a5c80	4	General		object	com or [com, time]; com: vector	0x50af57
setCollisionLight	binary	OBJECT	BOOL	NOTHING	0x56fc00	4	General		vehicle	true/false	0x4e7744
setCombatBehaviour	binary	GROUP	STRING	NOTHING	0x194ed0	4	General	2.03	group	behaviour	0x50f3fd
setCombatBehaviour	binary	OBJECT	STRING	NOTHING	0x54e6c0	4	General	2.03	unit	behaviour	0x50f34f
setCombatMode	binary	OBJECT|GROUP	STRING	NOTHING	0x191a20	4	General		group	mode	0x4eb884
setCombatMode	binary	TEAM_MEMBER	STRING	NOTHING	0x197510	4	Agents		teamMember	mode	0x508144
setCompassDeclination	unary		SCALAR	NOTHING	0x54e820		General	2.18		angle	0x4e3727
setCompassOscillation	unary		ARRAY	NOTHING	0x54e870		General			[angle, frequencyMin, frequencyMax]	0x4c27ee
setConvoySeparation	binary	OBJECT	SCALAR	NOTHING	0x56fc90	4	General		vehicle	distance	0x50cc91
setCruiseControl	binary	OBJECT	ARRAY	NOTHING	0x53b320	4	General	2.06	vehicle	[targetSpeed, autoThrust]	0x50f8bf
setCuratorCameraAreaCeiling	binary	OBJECT	SCALAR	NOTHING	0x82af30	4	General		curatorObj	height	0x508c24
setCuratorCoef	binary	OBJECT	ARRAY	NOTHING	0x82b0c0	4	General		curatorObj	[action, coefficient/enabled?]	0x508e2e
setCuratorEditingAreaType	binary	OBJECT	BOOL	NOTHING	0x82b440	4	General		curatorObj	whitelist?	0x5092f0
setCuratorSelected	unary		ARRAY	NOTHING	0x82b5d0		General	2.14		items	0x4d8e4a
setCuratorSelectionPreset	binary	SCALAR	ARRAY	NOTHING	0x82b6a0	4	General	2.14	preset number	items	0x50944c
setCuratorWaypointCost	binary	OBJECT	SCALAR	NOTHING	0x82bb60	4	General		curatorObj	price	0x508f8a
setCurrentChannel	unary		SCALAR	BOOL	0x19f4d0		General			channel	0x4dcc30
setCurrentTask	binary	OBJECT	TASK	NOTHING	0xe04940	4	Identity	5501	person	task	0xe02d20
setCurrentWaypoint	binary	GROUP	ARRAY	NOTHING	0x8f9650	4	General	5129	group	waypoint	0x4f846c
setCustomAimCoef	binary	OBJECT	SCALAR	NOTHING	0x896fb0	4	General	129500	player	coef	0x50c517
setCustomMissionData	unary		ARRAY	NOTHING	0x54e9e0		General			Setting custom mission text that is sent to analytics. Requires array of strings, max. 5 items, each string max. 16 characters.	0x4def7b
setCustomSoundController	unary		ARRAY	BOOL	0x54ed60		General	144906		[vehicle, controllerIndex, controllerValue]	0x4df11c
setCustomWeightRTD	binary	OBJECT	SCALAR	NOTHING	0x895ca0	4	General	TOH 81393	RTD_helicopter	weight	0x508606
setDamage	binary	OBJECT	SCALAR|ARRAY	NOTHING	0x53b480	4	General	1.50	object	damage or [damage, (showEffect), (killer), (instigator)]	0x4e77f2
setDammage	binary	OBJECT	SCALAR	NOTHING	0x53b950	4	General		obj	dammage	0x4e75e8
setDate	unary		ARRAY	NOTHING	0x54eef0		General	1.86		[year, month, day, hour, minute]	0x4c405d
setDebriefingText	binary	STRING	ARRAY	NOTHING	0x54f0b0	4	General	2.92	endType	[title, description, (subtitle, picture, pictureBackground)]	0x509a45
setDefaultCamera	unary		ARRAY	NOTHING	0x80aba0		General	106482		[ position, direction = [0,0,-1]]	0x4daa86
setDestination	binary	OBJECT	ARRAY	NOTHING	0x56fd70	4	General	2.92	object	[position, planningMode, forceReplan]	0x4f7626
setDetailMapBlendPars	unary		ARRAY	NOTHING	0x54f490		General	TOH 81984		[fullDetail, noDetail]	0x4c558a
setDiaryRecordText	binary	OBJECT	ARRAY	NOTHING	0xdfe460	4	Identity	2.53	person	[[subject, diaryRecord], [title, text(, icon)]]	0xe022ab
setDiarySubjectPicture	binary	OBJECT	ARRAY	NOTHING	0xdff0f0	4	Identity	2.03	person	[subject, picture]	0xe02eac
setDir	binary	OBJECT	SCALAR	NOTHING	0x53b970	4	General		obj	heading	0x4e7330
setDirection	binary	LOCATION	SCALAR	NOTHING	0xd062c0	4	Location	2.90	location	direction	0xd01ff4
setDrawIcon	binary	CONTROL	ARRAY	NOTHING	0x13d0cf0	4	Editor	2.92	map	[object, texture, color, offset, width, height, maintain size?, angle, string identifier, shadow, is3D, draw line?, priority]	0x13c9094
setDriveOnPath	binary	OBJECT	ARRAY	NOTHING	0x569330	4	General	135000	vehicle	[array of points]	0x50c87d
setDropInterval	binary	OBJECT	SCALAR	NOTHING	0xeb0b20	4	General	2.56	particleSource	interval	0x4f5dae
setDynamicSimulationDistance	binary	STRING	SCALAR	NOTHING	0x17eb30	4	General		dynamicSimulationClass	distance	0x50d201
setDynamicSimulationDistanceCoef	binary	STRING	SCALAR	NOTHING	0x17ec90	4	General		dynamicSimulationCoefClass	coef	0x50d2af
setEditorMode	binary	CONTROL	STRING	NOTHING	0x13d28f0	4	Editor	2.92	map	mode	0x13c8b7a
setEditorObjectScope	binary	CONTROL	ARRAY	NOTHING	0x13d17d0	4	Editor	2.92	map	[objects,editor type,condition,scope,subordinates also]	0x13c87ea
setEffectCondition	binary	OBJECT|ARRAY	STRING	NOTHING	0x48c0d0	4	General	1.86	trigger or waypoint	statement	0x4f38fa
setEffectiveCommander	binary	OBJECT	OBJECT	NOTHING	0x54fdf0	4	General		vehicle	person	0x50e509
setEngineRpmRTD	binary	OBJECT	ARRAY	NOTHING	0x895d30	4	General	TOH 81393	RTD_helicopter	[value, motor index]	0x5082a0
setFace	binary	OBJECT	STRING	NOTHING	0x53ba30	4	General		person	soldier	0x4e6028
setFaceAnimation	binary	OBJECT	SCALAR	NOTHING	0x53bbd0	4	General		person	blink	0x4e5f7a
setFatigue	binary	OBJECT	SCALAR	NOTHING	0x53bc40	4	General		unit	value	0x4fd3f2
setFeatureType	binary	OBJECT	SCALAR	BOOL	0x53bd50	4	General	139842	obj	number	0x4ed510
setFlagAnimationPhase	binary	OBJECT	SCALAR	NOTHING	0x53bde0	4	General		flag	phase	0x4e643c
setFlagOwner	binary	OBJECT	OBJECT	NOTHING	0x53be90	4	General		flag	owner	0x4e638e
setFlagSide	binary	OBJECT	SIDE	NOTHING	0x53bf70	4	General		flag	side	0x4e62e0
setFlagTexture	binary	OBJECT	STRING	NOTHING	0x53c020	4	General		flag	texture	0x4e6232
setFog	binary	SCALAR	SCALAR|ARRAY	NOTHING	0x550030	4	General		time	fog	0x4ed9d2
setForceGeneratorRTD	binary	SCALAR	ARRAY	NOTHING	0x895e30	4	General	TOH 81393			0x5084aa
setFormation	binary	OBJECT|GROUP	STRING	NOTHING	0x191de0	4	General		group	formation	0x4eb9e0
setFormation	binary	TEAM_MEMBER	STRING	NOTHING	0x197700	4	Agents	2.90	team	formation	0x507b26
setFormationTask	binary	OBJECT	STRING	NOTHING	0x570110	4	General	2.92	object	task	0x4f7830
setFormDir	binary	OBJECT|GROUP	SCALAR	NOTHING	0x191d00	4	General		group	heading	0x4e753a
setFriend	binary	SIDE	ARRAY	NOTHING	0x18ddd0	4	General	1.86	side1	[side2, value]	0x4f2d6c
setFromEditor	binary	TEAM_MEMBER	BOOL	NOTHING	0x197620	4	Agents	2.90	teamMember	fromEditor	0x507bd4
setFSMVariable	binary	SCALAR	ARRAY	NOTHING	0x48fb20	4	General	5501	FSM handle	[name, value]	0x4f9156
setFuel	binary	OBJECT	SCALAR	NOTHING	0x53c440	4	General		vehicle	amount	0x4edbdc
setFuelCargo	binary	OBJECT	SCALAR	NOTHING	0x53c510	4	General		vehicle	amount	0x4edc8a
setFuelConsumptionCoef	binary	OBJECT	SCALAR	NOTHING	0x53c620	4	General	2.18	vehicle	coef	0x512187
setGroupIcon	binary	GROUP	ARRAY	NOTHING	0x194f90	4	General	5501	group	properties	0x4f9d92
setGroupIconParams	binary	GROUP	ARRAY	NOTHING	0x195780	4	General	5501	group	properties	0x4f9c36
setGroupIconsSelectable	unary		BOOL	NOTHING	0x194750		General	5501		bool	0x4cacf5
setGroupIconsVisible	unary		ARRAY	NOTHING	0x19a6a0		General	5501		array	0x4cac6a
setGroupid	binary	OBJECT|GROUP	ARRAY	NOTHING	0x191f70	4	General		group	[nameFomat, nameParam1, ...]	0x4eb728
setGroupIdGlobal	binary	OBJECT|GROUP	ARRAY	NOTHING	0x192230	4	General		group	[nameFomat, nameParam1, ...]	0x4ed462
setGroupOwner	binary	GROUP	SCALAR	BOOL	0x53c6d0	4	General	94017	group	clientId	0x4fc450
setGusts	binary	SCALAR	SCALAR	NOTHING	0x551f80	4	General	2.92	time	gusts	0x509f07
setHideBehind	binary	OBJECT	ARRAY	NOTHING	0x570140	4	General	2.92	object	[objectWhereHide, hidePosition]	0x4f7b96
setHit	binary	OBJECT	ARRAY	NOTHING	0x53c8b0	4	General	2.30	object	[part, damage, (showEffect), (killer), (instigator), (breakRotor)]	0x4fa04a
setHitIndex	binary	OBJECT	ARRAY	NOTHING	0x53cd00	4	General	2.30	object	[index, damage, (showEffect), (killer), (instigator), (breakRotor)]	0x4f9f9c
setHitPointDamage	binary	OBJECT	ARRAY	NOTHING	0x53d060	4	General	2.30	object	[part, damage, (showEffect), (killer), (instigator), (breakRotor)]	0x4fa0f8
setHorizonParallaxCoef	unary		SCALAR	NOTHING	0x552600		General	89730		coef	0x4d9c68
setHUDMovementLevels	unary		ARRAY	NOTHING	0x552010		General	TOH 81021		[min speed, max speed, min alt, max alt, min dir, max dir, position[x,y,z] or target]	0x4ce683
setHumidity	unary		SCALAR	NOTHING	0x557620		General	2.08		humidity	0x4e1351
setIdentity	binary	OBJECT	STRING	NOTHING	0x53d440	4	General		person	identity	0x4e5b66
setImportance	binary	LOCATION	SCALAR	NOTHING	0xd06390	4	Location	2.90	location	importance	0xd021bc
setInfoPanel	unary		ARRAY	BOOL	0x55b380		General	141461		[panel name, component name or type]	0x4e4b61
setJointDriveAngularVelocity	binary	?	ARRAY	NOTHING	0x1a4950	4	General		joint	[x,z,y]	0x50982d
setJointDriveLinearVelocity	binary	?	ARRAY	NOTHING	0x1a4a30	4	General		joint	[x,z,y]	0x50975d
setJointDriveOrientation	binary	?	ARRAY	NOTHING	0x1a4ae0	4	General		joint	[upVect,dirVect]	0x50968d
setJointDrivePosition	binary	?	ARRAY	NOTHING	0x1a5080	4	General		joint	[x,z,y]	0x5095bd
setLeader	binary	TEAM_MEMBER	TEAM_MEMBER	NOTHING	0x197690	4	Agents	2.92	team	leader	0x507e8c
setLightAmbient	binary	OBJECT	ARRAY	NOTHING	0x51b390	4	General	2.58	light	[r, g, b]	0x4f5fb8
setLightAttenuation	binary	OBJECT	ARRAY	NOTHING	0x51b580	4	General	87980	light	[startAttenuation, constantAttenuation, linearAttenuation, quadraticAttenuation, hardLimitStart, hardLimitEnd]	0x50a1bf
setLightBrightness	binary	OBJECT	SCALAR	NOTHING	0x51b8d0	4	General	2.58	light	brightness	0x4f6066
setLightColor	binary	OBJECT	ARRAY	NOTHING	0x51b970	4	General	2.58	light	[r, g, b]	0x4f5f0a
setLightConePars	binary	OBJECT	ARRAY	NOTHING	0x51bb60	4	General	2.06	light	[outerAngle, innerAngle, fadeCoef]	0x50fac9
setLightDayLight	binary	OBJECT	BOOL	NOTHING	0x51bd10	4	General	88000	light	bool	0x50a31b
setLightFlareMaxDistance	binary	OBJECT	SCALAR	NOTHING	0x51be50	4	General	96000	light	flareMaxDistance	0x50a525
setLightFlareSize	binary	OBJECT	SCALAR	NOTHING	0x51bef0	4	General	88000	light	flareSize	0x50a477
setLightIntensity	binary	OBJECT	SCALAR	NOTHING	0x51c020	4	General	88000	light	intensity	0x50a26d
setLightIR	binary	OBJECT	BOOL	NOTHING	0x51bf90	4	General	2.06	light	isIR	0x50fa1b
setLightnings	binary	SCALAR	SCALAR	NOTHING	0x552830	4	General	2.92	time	value	0x509fb5
setLightUseFlare	binary	OBJECT	BOOL	NOTHING	0x51bdb0	4	General	88000	light	useFlare	0x50a3c9
setLightVolumeShape	binary	OBJECT	ARRAY	NOTHING	0x51c0c0	4	General	2.06	light	[shapeName, scale]	0x50fc25
setLocalWindParams	unary		ARRAY	NOTHING	0x5528c0		General	2.92		[strength, diameter]	0x4d9ac7
setMagazineTurretAmmo	binary	OBJECT	ARRAY	NOTHING	0x557e40	4	General	2.35	vehicle	[magazineClass, ammoCount, turretPath]	0x50bcef
setMarkerAlpha	binary	STRING	SCALAR	NOTHING	0x84f760	4	General	5501	marker	alpha	0x4f96c6
setMarkerAlphaLocal	binary	STRING	SCALAR	NOTHING	0x84f970	4	General	5501	marker	alpha	0x4f9774
setMarkerBrush	binary	STRING	STRING	NOTHING	0x84faa0	4	General	1.86	name	brush	0x4f30d2
setMarkerBrushLocal	binary	STRING	STRING	NOTHING	0x84fd00	4	General	2.92	name	brush	0x4f3180
setMarkerColor	binary	STRING	STRING	NOTHING	0x84fe90	4	General	1.21	marker	color	0x4e7f6c
setMarkerColorLocal	binary	STRING	STRING	NOTHING	0x850210	4	General	2.92	marker	color	0x4e801a
setMarkerDir	binary	STRING	SCALAR	NOTHING	0x8504c0	4	General	1.86	name	angle	0x4f322e
setMarkerDirLocal	binary	STRING	SCALAR	NOTHING	0x850690	4	General	2.92	name	angle	0x4f32dc
setMarkerDrawPriority	binary	STRING	SCALAR	NOTHING	0x852370	4	General	2.14	marker	priority	0x5118b1
setMarkerPolyline	binary	STRING	ARRAY	NOTHING	0x850780	4	General		name	points	0x50e91d
setMarkerPolylineLocal	binary	STRING	ARRAY	NOTHING	0x8507c0	4	General		name	points	0x50e9cb
setMarkerPos	binary	STRING	OBJECT|ARRAY	NOTHING	0x850b20	4	General		markerName	pos	0x4e7b58
setMarkerPosLocal	binary	STRING	OBJECT|ARRAY	NOTHING	0x850d10	4	General	2.92	markerName	pos	0x4e7c06
setMarkerShadow	binary	STRING	BOOL	NOTHING	0x850e30	4	General	2.01	markerName	shadow	0x50f145
setMarkerShadowLocal	binary	STRING	BOOL	NOTHING	0x851000	4	General	2.01	markerName	shadow	0x50f1f3
setMarkerShape	binary	STRING	STRING	NOTHING	0x8510f0	4	General	1.86	name	shape	0x4f2f76
setMarkerShapeLocal	binary	STRING	STRING	NOTHING	0x851370	4	General	2.92	name	shape	0x4f3024
setMarkerSize	binary	STRING	ARRAY	NOTHING	0x851510	4	General	1.21	marker	size	0x4e7e10
setMarkerSizeLocal	binary	STRING	ARRAY	NOTHING	0x851790	4	General	2.92	marker	size	0x4e7ebe
setMarkerText	binary	STRING	STRING	NOTHING	0x851960	4	General	1.86	name	text	0x4f2e1a
setMarkerTextLocal	binary	STRING	STRING	NOTHING	0x851bc0	4	General	2.92	name	text	0x4f2ec8
setMarkerType	binary	STRING	STRING	NOTHING	0x851d40	4	General		markerName	markerType	0x4e7cb4
setMarkerTypeLocal	binary	STRING	STRING	NOTHING	0x8520c0	4	General	2.92	markerName	markerType	0x4e7d62
setMass	binary	OBJECT	SCALAR|ARRAY	NOTHING	0x1a6020	4	General		object	mass or [mass, time]	0x50aea9
setMaxLoad	binary	OBJECT	SCALAR	NOTHING	0x846c50	4	General	2.08	container	maxload	0x5100e7
setMimic	binary	OBJECT	STRING	NOTHING	0x53db00	4	General		person	mimic	0x4e60d6
setMissileTarget	binary	OBJECT	OBJECT|ARRAY	BOOL	0x552b20	4	General		missile	target or [target, force]	0x50e0f5
setMissileTargetPos	binary	OBJECT	ARRAY	NOTHING	0x552c60	4	General		missile	[x, y, z]	0x50e1a3
setMissionOptions	unary		HASHMAP	NOTHING	0x552d60		General	2.18		options	0x4e383d
setMousePosition	unary		ARRAY	NOTHING	0x552da0		General	2.91		[x, y]	0x4c6b42
setMusicEffect	binary	OBJECT|ARRAY	STRING	NOTHING	0x48c170	4	General	1.86	trigger or waypoint	track	0x4f3a56
setMusicEventHandler	unary		ARRAY	NOTHING	0x183c10		General	92910		[type, function]	0x4d9d7e
setName	binary	LOCATION	STRING	NOTHING	0xd06450	4	Location	2.90	location	name	0xd02254
setName	binary	OBJECT	ARRAY	NOTHING	0x553610	4	General		person	[name, first name, second name]	0x4e5cc2
setName	binary	OBJECT	STRING	NOTHING	0x553560	4	General		person	name	0x4e5c14
setNameSound	binary	OBJECT	STRING	NOTHING	0x5537d0	4	General		person	nameSound	0x4e5d70
setObjectArguments	binary	CONTROL	ARRAY	ANY	0x13d2af0	4	Editor	2.92	map	[object, [name1, value1, ...]]	0x13c8220
setObjectMaterial	binary	OBJECT	ARRAY	NOTHING	0x8b8260	4	General	1.75	object	[selection, material]	0x8b59de
setObjectMaterialGlobal	binary	OBJECT	ARRAY	NOTHING	0x8b82a0	4	General	132000	object	[selection, material]	0x8b5a68
setObjectProxy	binary	CONTROL	ARRAY	ANY	0x13d2fb0	4	Editor	2.92	map	[object, proxy object]	0x13c8330
setObjectScale	binary	OBJECT	SCALAR	NOTHING	0x53e9d0	4	General	2.01	object	factor	0x50ef3b
setObjectTexture	binary	OBJECT	ARRAY	NOTHING	0x8b8550	4	General	1.75	object	[selection, texture]	0x8b58ca
setObjectTextureGlobal	binary	OBJECT	ARRAY	NOTHING	0x8b8590	4	General	1.18	obj	[selection, texture]	0x8b595b
setObjectViewDistance	unary		ARRAY	NOTHING	0x553ee0		General			[vehiclesZ, shadowsZ]	0x4c32ca
setObjectViewDistance	unary		SCALAR	NOTHING	0x553ee0		General			distance	0x4c323f
setOpticsMode	binary	OBJECT	?|ARRAY	NOTHING	0x559410	4	General	2.10	unit	modeClassName or modeIndex or [weaponSlotIndex, modeClassName/Index]	0x510861
setOvercast	binary	SCALAR	SCALAR	NOTHING	0x5545b0	4	General		time	overcast	0x4ed924
setOwner	binary	OBJECT	SCALAR	BOOL	0x53dc20	4	General	94017	object	clientId	0x4fc3a2
setOxygenRemaining	binary	OBJECT	SCALAR	NOTHING	0x554b30	4	General	2.92	unit	oxygen	0x509cfd
setParticleCircle	binary	OBJECT	ARRAY	NOTHING	0xeb07c0	4	General	2.56	particleSource	[radius, velocity, (ignoreSurfaces)]	0x4f5c52
setParticleClass	binary	OBJECT	STRING	NOTHING	0xeb0a70	4	General	2.56	particleSource	className	0x4f5af6
setParticleFire	binary	OBJECT	ARRAY	NOTHING	0xeb0bc0	4	General		particleSource	[coreIntensity, coreDistance, damageTime]	0x4f5d00
setParticleParams	binary	OBJECT	ARRAY	NOTHING	0xeb0c80	4	General	2.56	particleSource	array	0x4f5a48
setParticleRandom	binary	OBJECT	ARRAY	NOTHING	0xeb0e70	4	General	2.56	particleSource	[lifeTime, position, moveVelocity, rotationVelocity, size, color, randomDirectionPeriod, randomDirectionIntensity, {angle}]	0x4f5ba4
setPhysicsCollisionFlag	binary	OBJECT	BOOL	NOTHING	0x1a6260	4	General	2.18	object	collisionEnabled	0x512dc3
setPilotCameraDirection	binary	OBJECT	ARRAY	NOTHING	0x80acf0	4	General		planeOrHeli	[x,y,z]	0x50cd3f
setPilotCameraOpticsMode	binary	OBJECT	SCALAR	BOOL	0x80b0f0	4	General	2.14	planeOrHeli	index	0x50cf49
setPilotCameraRotation	binary	OBJECT	ARRAY	NOTHING	0x80af80	4	General		planeOrHeli	[xRot, zRot]	0x50cded
setPilotCameraTarget	binary	OBJECT	OBJECT|ARRAY	BOOL	0x80add0	4	General		planeOrHeli	[position or object]	0x50ce9b
setPilotLight	binary	OBJECT	BOOL	NOTHING	0x570570	4	General		vehicle	true/false	0x4e7696
setPiPEffect	binary	STRING	ARRAY	NOTHING	0x554bd0	4	General	2.61	pipTargetName	[effect, optionalParam1, ..., optionalParamN]	0x4f6f5a
setPiPViewDistance	unary		SCALAR	NOTHING	0x5558b0		General			distance	0x4e18bf
setPitch	binary	OBJECT	SCALAR	NOTHING	0x553880	4	General		person	pitch	0x4e5ecc
setPlateNumber	binary	OBJECT	STRING	NOTHING	0x570600	4	General	143568	vehicle	text	0x50e047
setPlayable	unary		OBJECT	NOTHING	0x555900		General	2.92		unit	0x4c5daf
setPlayerRespawnTime	unary		SCALAR	NOTHING	0x555970		General	1.57		time interval	0x4c53e9
setPlayerVoNVolume	binary	OBJECT	SCALAR	NOTHING	0x5589f0	4	General		unit	volume	0x50e7c1
setPos	binary	OBJECT	ARRAY	NOTHING	0x53df50	4	General		obj	pos	0x4e6fca
setPosASL	binary	OBJECT	ARRAY	NOTHING	0x53e180	4	General	2.53	obj	pos	0x4e7126
setPosASL2	binary	OBJECT	ARRAY	NOTHING	0x18b0a0	4	General	2.53	obj	pos	0x4e7282
setPosASLW	binary	OBJECT	ARRAY	NOTHING	0x53e310	4	General	2.92	obj	pos	0x509ba1
setPosATL	binary	OBJECT	ARRAY	NOTHING	0x53e4d0	4	General	2.53	obj	pos	0x4e71d4
setPosition	binary	LOCATION	ARRAY	NOTHING	0xd06550	4	Location	2.90	location	position	0xd01f5c
setPosWorld	binary	OBJECT	ARRAY	NOTHING	0x53e680	4	General		obj	pos	0x4e7078
setPylonLoadout	binary	OBJECT	ARRAY	BOOL	0x5559f0	4	General	140308	vehicle	[pylon name/index, magazine name, forced = false, turret = ([-1] for pilot)]	0x5140cb
setPylonsPriority	binary	OBJECT	ARRAY	NOTHING	0x547880	4	General	140308	vehicle	[priority pylon 1, priority pylon 2,..., priority pylon n]	0x514179
setRadioMsg	binary	SCALAR	STRING	NOTHING	0x556280	4	General		index	text	0x4ea990
setRain	binary	SCALAR	SCALAR	NOTHING	0x556520	4	General	1.75	time	rainDensity	0x4edb2e
setRain	unary		ARRAY	NOTHING	0x5565b0		General	2.08		[rainDropTexture, texDropCount, minRainDensity, effectRadius, windCoef, dropSpeed, rndSpeed, rndDir, dropWidth, dropHeight, dropColor, lumSunFront, lumSunBack, refractCoef, refractSaturation, snow, dropColorStrong]	0x4e123b
setRain	unary		CONFIG	NOTHING	0x556730		General	2.08		config	0x4e12c6
setRainbow	binary	SCALAR	SCALAR	NOTHING	0x556770	4	General	2.92	time	rainbow	0x50a111
setRandomLip	binary	OBJECT	BOOL	NOTHING	0x53e7d0	4	General		person	bool	0x4e6184
setRank	binary	OBJECT	STRING	NOTHING	0x5660a0	4	General	2.92	unit	rank	0x4f54d8
setRectangular	binary	LOCATION	BOOL	NOTHING	0xd06720	4	Location	2.90	location	rectangular	0xd0236f
setRepairCargo	binary	OBJECT	SCALAR	NOTHING	0x53e8c0	4	General		vehicle	amount	0x4edd38
setRotorBrakeRTD	binary	OBJECT	SCALAR	NOTHING	0x8961e0	4	General	TOH 81393	RTD_helicopter	Toggle a helicopter's rotor brake on or off.	0x508762
setShadowDistance	unary		SCALAR	NOTHING	0x552a80		General	TOH 80934		newDistance	0x4c54ff
setShotParents	binary	OBJECT	ARRAY	NOTHING	0x53f1c0	4	General		shot	[newOwner, newShotInstigator]	0x50cff7
setSide	binary	LOCATION	SIDE	NOTHING	0xd067e0	4	Location	2.90	location	side	0xd0248a
setSimpleTaskAlwaysVisible	binary	TASK	BOOL	NOTHING	0xe08bf0	4	Identity		task	True/False	0xe02c0c
setSimpleTaskCustomData	binary	TASK	ARRAY	NOTHING	0xe08c90	4	Identity		task	[iconPath, tooltip, description]	0xe02c96
setSimpleTaskDescription	binary	TASK	ARRAY	NOTHING	0xe09160	4	Identity	5500	task	[description, descriptionShort, DEPRECATED]	0xe02af1
setSimpleTaskDestination	binary	TASK	ARRAY	NOTHING	0xe09400	4	Identity	5500	task	position	0xe029c8
setSimpleTaskTarget	binary	TASK	ARRAY	NOTHING	0xe09550	4	Identity	5500	task	[target,precise position]	0xe02a60
setSimpleTaskType	binary	TASK	STRING	NOTHING	0xe09740	4	Identity		task	TaskType	0xe02b82
setSimulWeatherLayers	unary		SCALAR	NOTHING	0x1bec10		General			layers	0x4e4e18
setSize	binary	LOCATION	ARRAY	NOTHING	0xd068a0	4	Location	2.90	location	[sizeX, sizeZ]	0xd02093
setSkill	binary	OBJECT	ARRAY	NOTHING	0x53f3b0	4	General	2.65	vehicle	[type, skill]	0x4fd344
setSkill	binary	OBJECT	SCALAR	NOTHING	0x8b8100	4	General	1.75	vehicle	skill	0x8b5847
setSkyOverlayMaterial	unary		STRING	NOTHING	0x556ab0		General	2.22			0x4e4935
setSlingLoad	binary	OBJECT	OBJECT	BOOL	0x1a97a0	4	General	127138	vehicle	cargo	0x513cb7
setSoundEffect	binary	OBJECT|ARRAY	ARRAY	NOTHING	0x48c210	4	General	1.86	trigger or waypoint	[sound, voice, soundEnv, soundDet]	0x4f39a8
setSpeaker	binary	OBJECT	STRING	NOTHING	0x553940	4	General		person	speaker	0x4e5e1e
setSpeech	binary	LOCATION	STRING	NOTHING	0xd06a70	4	Location		location	speech	0xd02ca6
setSpeedMode	binary	OBJECT|GROUP	STRING	NOTHING	0x192270	4	General		group	mode	0x4eba8e
setStamina	binary	OBJECT	SCALAR	NOTHING	0x897050	4	General	132500	unit	stamina	0x50c30d
setStaminaScheme	unary		STRING	NOTHING	0x557480		General	5501		scheme	0x4c9e4c
setStatValue	unary		ARRAY	BOOL	0x1c43e0		General			[statName, value]	0x4db220
setSuppression	binary	OBJECT	SCALAR	NOTHING	0x53f810	4	General		unit	value	0x4fd962
setSystemOfUnits	unary		SCALAR	NOTHING	0x557690		General	1.18		value	0x4cdee9
setTargetAge	binary	OBJECT	STRING	NOTHING	0x1cbf30	4	General	2.32	object	age	0x4f4f68
setTargetSize	binary	OBJECT	ARRAY	ARRAY	0x5712e0	4	General	2.22	vehicle	[visualTargetSize, irTargetSize, radarTargetSize]	0x513747
setTaskMarkerOffset	binary	OBJECT	ARRAY	NOTHING	0x53f9b0	4	General	1.58	obj	position	0x4e8176
setTaskResult	binary	TASK	ARRAY	NOTHING	0xe0b5d0	4	Identity	2.92	task	[state, result]	0xe023cd
setTaskState	binary	TASK	STRING	NOTHING	0xe0b8f0	4	Identity	2.89	task	state	0xe0233c
setTerrainGrid	unary		SCALAR	NOTHING	0x5576e0		General	1.75		grid	0x4c31b4
setTerrainHeight	unary		ARRAY	NOTHING	0x557730		General	2.10		[[[X, Y, newHeight], ...], adjustObjects]	0x4e2059
setText	binary	LOCATION	STRING	NOTHING	0xd06b60	4	Location	2.90	location	text	0xd022de
setTimeMultiplier	unary		SCALAR	NOTHING	0x557d30		General			multiplier	0x4db8a4
setTIParameter	unary		ARRAY	NOTHING	0x1a99e0		General	2.10		[parameter, value]	0x4e216f
setTitleEffect	binary	OBJECT|ARRAY	ARRAY	NOTHING	0x48c3b0	4	General	1.86	trigger or waypoint	[type, effect, text]	0x4f3b04
setTowParent	binary	OBJECT	OBJECT	NOTHING	0x1a62f0	4	General	2.06	vehicle	vehicle	0x50f811
setTrafficDensity	unary		ARRAY	NOTHING	0x18b0a0		General	83700 TOH		[density, xMin, xMax, zMin, zMax]	0x4d80b7
setTrafficDistance	unary		SCALAR	NOTHING	0x18b0a0		General	83700 TOH		distance	0x4d81cd
setTrafficGap	unary		ARRAY	NOTHING	0x18b0a0		General	83700 TOH		[gap, xMin, xMax, zMin, zMax]	0x4d802c
setTrafficSpeed	unary		ARRAY	NOTHING	0x18b0a0		General	83700 TOH		[speed, xMin, xMax, zMin, zMax]	0x4d8142
setTriggerActivation	binary	OBJECT	ARRAY	NOTHING	0x561ea0	4	General	1.86	trigger	[by, type, repeating]	0x4f3438
setTriggerArea	binary	OBJECT	ARRAY	NOTHING	0x562160	4	General	1.86	trigger	[a, b, angle, rectangle]	0x4f338a
setTriggerInterval	binary	OBJECT	SCALAR	NOTHING	0x562390	4	General		trigger	interval	0x50e5b7
setTriggerStatements	binary	OBJECT	ARRAY	NOTHING	0x562430	4	General	1.86	trigger	[cond, activ, desactiv]	0x4f36f0
setTriggerText	binary	OBJECT	STRING	NOTHING	0x562580	4	General	1.86	trigger	text	0x4f3642
setTriggerTimeout	binary	OBJECT	ARRAY	NOTHING	0x562640	4	General	1.86	trigger	[min, mid, max, interruptable]	0x4f3594
setTriggerType	binary	OBJECT	STRING	NOTHING	0x5627f0	4	General	1.86	trigger	action	0x4f34e6
setTurretLimits	binary	OBJECT	ARRAY	NOTHING	0x571650	4	General	2.12	vehicle	[turretPath, minTurn, maxTurn, minElev, maxElev, (soft)]	0x5113ef
setTurretOpticsMode	binary	OBJECT	ARRAY	NOTHING	0x558180	4	General	2.10	vehicle	[turretPath, modeIndex]	0x5109bd
setTurretOpticsMode	binary	OBJECT	SCALAR	NOTHING	0x558180	4	General	2.10	unit	modeIndex	0x51090f
setType	binary	LOCATION	STRING	NOTHING	0xd06c60	4	Location	2.90	location	type	0xd0212b
setUnconscious	binary	OBJECT	BOOL	NOTHING	0x53fa40	4	General	5501	unit	set	0x4f940e
setUnitAbility	binary	OBJECT	SCALAR	NOTHING	0x566000	4	General	2.33	unit	skill	0x4f5586
setUnitCombatMode	binary	OBJECT	STRING	NOTHING	0x197c60	4	General		unit	mode	0x4eb932
setUnitFreefallHeight	binary	OBJECT	SCALAR	NOTHING	0x558770	4	General	2.10	unit	height	0x5104fb
setUnitLoadout	binary	OBJECT	ARRAY	NOTHING	0x846db0	4	General		unit	[loadOut structure, fullMagazines(true/false) - optional]	0x4ef3a6
setUnitLoadout	binary	OBJECT	CONFIG	NOTHING	0x846fd0	4	General		unit	config with loadout description	0x4ef502
setUnitLoadout	binary	OBJECT	STRING	NOTHING	0x846f40	4	General		unit	className from cfgVehicles	0x4ef454
setUnitPos	binary	OBJECT	STRING	NOTHING	0x53fc20	4	General		unit	mode	0x4ebb3c
setUnitPosWeak	binary	OBJECT	STRING	NOTHING	0x53fd50	4	General	5117	unit	mode	0x4f7da0
setUnitRank	binary	OBJECT	STRING	NOTHING	0x5660c0	4	General	2.33	unit	rank	0x4f542a
setUnitRecoilCoefficient	binary	OBJECT	SCALAR	NOTHING	0x558970	4	General	90707	unit	coefficient	0x4fc2f4
setUnitTrait	binary	OBJECT	ARRAY	NOTHING	0x556b40	4	General		player	[<skill_name>, <value>, [<isCustom>]]	0x50c5c5
setUnloadInCombat	binary	OBJECT	ARRAY	NOTHING	0x53fe80	4	General	2.35	vehicle	[allowCargo, allowTurrets]	0x50bd9d
setUserActionText	binary	OBJECT	ARRAY	NOTHING	0x571b10	4	General	1.62	unit	[action index, "text", "text3DBG", "text3DFG"]	0x4f2496
setUserMFDText	binary	OBJECT	ARRAY	NOTHING	0x558ac0	4	General	143280	vehicle with MFD	[index, value]	0x50dce1
setUserMFDValue	binary	OBJECT	ARRAY	NOTHING	0x558cf0	4	General	141449	vehicle with MFD	[index, value]	0x50dc33
setVariable	binary	CONTROL	ARRAY	NOTHING	0x8d5e70	4	General		control	[name, value]	0x4f72c0
setVariable	binary	DISPLAY	ARRAY	NOTHING	0x8d7190	4	General		display	[name, value]	0x4f7164
setVariable	binary	GROUP	ARRAY	NOTHING	0x4b9030	4	General	5501	group	[name, value, public]	0x4f94bc
setVariable	binary	LOCATION	ARRAY	NOTHING	0xd06d60	4	Location	2.92	location	[name, value]	0xd0251b
setVariable	binary	NAMESPACE	ARRAY	NOTHING	0x521ea0	4	Server	5501	namespace	[name, value, public]	0x172a98
setVariable	binary	NAMESPACE	ARRAY	NOTHING	0x521ea0	4	General	5501	namespace	[name, value, public]	0x4fdcc8
setVariable	binary	OBJECT	ARRAY	NOTHING	0x540020	4	General	2.92	object	[name, value, public]	0x4f741c
setVariable	binary	TASK	ARRAY	NOTHING	0xe0ba60	4	Identity	2.92	task	[name, value]	0xe02827
setVariable	binary	TEAM_MEMBER	ARRAY	NOTHING	0x55f720	4	Agents	2.92	teamMember	[name, value, public]	0x507c82
setVectorDir	binary	OBJECT	ARRAY	NOTHING	0x540150	4	General	2.61	object	[x, z, y]	0x4f6270
setVectorDirAndUp	binary	OBJECT	ARRAY	NOTHING	0x540410	4	General	5164	object	[[x, z, y],[x, y, z]]	0x4f631e
setVectorUp	binary	OBJECT	ARRAY	NOTHING	0x5407d0	4	General	2.61	object	[x, z, y]	0x4f61c2
setVehicleAmmo	binary	OBJECT	SCALAR	NOTHING	0x56f960	4	General	2.32	object	value	0x4f5220
setVehicleAmmoDef	binary	OBJECT	SCALAR	NOTHING	0x56f9e0	4	General	2.32	unit	value	0x4f52ce
setVehicleArmor	binary	OBJECT	SCALAR	NOTHING	0x56fa90	4	General	2.32	object	value	0x4f5172
setVehicleCargo	binary	OBJECT	OBJECT	BOOL	0x558ee0	4	General	134497	vehicle	cargo	0x513ec1
setVehicleId	binary	OBJECT	SCALAR	NOTHING	0x570290	4	General	2.33	object	id	0x4f537c
setVehicleLock	binary	OBJECT	STRING	NOTHING	0x570440	4	General	2.33	vehicle	state	0x4f56e2
setVehiclePosition	binary	OBJECT	ARRAY	BOOL	0x570690	4	General	2.32	object	[position, markers, placement, special]	0x4f4eba
setVehicleRadar	binary	OBJECT	SCALAR	NOTHING	0x1cbaf0	4	General		vehicle	0 - automatic, 1 - forced on, 2 - forced off	0x50d615
setVehicleReceiveRemoteTargets	binary	OBJECT	BOOL	NOTHING	0x1cbb80	4	General		vehicle	bool	0x50d771
setVehicleReportOwnPosition	binary	OBJECT	BOOL	NOTHING	0x1cbc70	4	General		vehicle	bool	0x50d81f
setVehicleReportRemoteTargets	binary	OBJECT	BOOL	NOTHING	0x1cbd60	4	General		vehicle	bool	0x50d6c3
setVehicleTIPars	binary	OBJECT	ARRAY	NOTHING	0x558fe0	4	General		vehicle	tiParams	0x4fbc28
setVehicleVarName	binary	OBJECT	STRING	NOTHING	0x571f00	4	General	2.32	object	name	0x4f50c4
setVelocity	binary	OBJECT	ARRAY	NOTHING	0x540a70	4	General	1.80	vehicle	[x, z, y]	0x4e73de
setVelocityModelSpace	binary	OBJECT	ARRAY	NOTHING	0x540be0	4	General	1.80	vehicle	[x, z, y]	0x4e748c
setVelocityTransformation	binary	OBJECT	ARRAY	NOTHING	0x540db0	4	General		soldier	[position1, position2, velocity1, velocity2, direction1, direction2, up1, up2, time, (customCenter)]	0x4ecce8
setViewDistance	unary		SCALAR	NOTHING	0x559200		General			distance	0x4c3129
setVisibleIfTreeCollapsed	binary	CONTROL	ARRAY	NOTHING	0x13d3220	4	Editor	2.92	map	[object, visible if tree collapsed]	0x13c8c87
setWantedRPMRTD	binary	OBJECT	ARRAY	NOTHING	0x896270	4	General	TOH 81393	RTD_helicopter	[value <0,1>, time to reach, motor index]	0x508558
setWaterFillPercentage	binary	OBJECT	SCALAR	NOTHING	0x541580	4	General	2.16	object	fill	0x5122e3
setWaterLeakiness	binary	OBJECT	SCALAR	NOTHING	0x5416a0	4	General	2.16	object	leakiness	0x512235
setWaves	binary	SCALAR	SCALAR	NOTHING	0x559360	4	General	2.92	time	waves	0x50a063
setWaypointBehaviour	binary	ARRAY	STRING	NOTHING	0x8f9080	4	General	1.86	waypoint	mode	0x4f4488
setWaypointCombatMode	binary	ARRAY	STRING	NOTHING	0x8f92c0	4	General	1.86	waypoint	mode	0x4f427e
setWaypointCompletionRadius	binary	ARRAY	SCALAR	NOTHING	0x8f9500	4	General	5500	waypoint	radius	0x4f489c
setWaypointDescription	binary	ARRAY	STRING	NOTHING	0x8f9790	4	General	1.86	waypoint	text	0x4f45e4
setWaypointForceBehaviour	binary	ARRAY	BOOL	NOTHING	0x8f9910	4	General		waypoint	mode	0x4f4536
setWaypointFormation	binary	ARRAY	STRING	NOTHING	0x8f9ae0	4	General	1.86	waypoint	formation	0x4f432c
setWaypointHousePosition	binary	ARRAY	SCALAR	NOTHING	0x8f9d20	4	General	1.86	waypoint	pos	0x4f41d0
setWaypointLoiterAltitude	binary	ARRAY	SCALAR	NOTHING	0x8f9e70	4	General	1.97	waypoint	loiter altitude	0x50aa95
setWaypointLoiterRadius	binary	ARRAY	SCALAR	NOTHING	0x8fa070	4	General		waypoint	loiter radius	0x50a939
setWaypointLoiterType	binary	ARRAY	STRING	NOTHING	0x8fa260	4	General		waypoint	loiter type	0x50a9e7
setWaypointName	binary	ARRAY	STRING	NOTHING	0x8fa550	4	General	98979	waypoint	name	0x4f3fc6
setWaypointPosition	binary	ARRAY	ARRAY	NOTHING	0x8fa710	4	General	1.86	waypoint	[center, radius]	0x4f3e6a
setWaypointScript	binary	ARRAY	STRING	NOTHING	0x8faa80	4	General	1.86	waypoint	command	0x4f4740
setWaypointSpeed	binary	ARRAY	STRING	NOTHING	0x8fac00	4	General	1.86	waypoint	mode	0x4f43da
setWaypointStatements	binary	ARRAY	ARRAY	NOTHING	0x8fae40	4	General	1.86	waypoint	[condition, statement]	0x4f4692
setWaypointTimeout	binary	ARRAY	ARRAY	NOTHING	0x8fb080	4	General	1.86	waypoint	[min, mid, max]	0x4f47ee
setWaypointType	binary	ARRAY	STRING	NOTHING	0x8fb2a0	4	General	1.86	waypoint	type	0x4f3f18
setWaypointVisible	binary	ARRAY	BOOL	NOTHING	0x8fb500	4	General	5500	waypoint	visible	0x4f494a
setWeaponReloadingTime	binary	OBJECT	ARRAY	BOOL	0x559890	4	General	1.18	vehicle	[gunner, muzzleName, reloadTime <0-1>]	0x4fbee0
setWeaponZeroing	binary	OBJECT	ARRAY	BOOL	0x572930	4	General		unit	[weaponClass, muzzleClass, zeroingIndex]	0x50f559
setWind	unary		ARRAY	NOTHING	0x559ba0		General	5501		[x, z, forced]	0x4ca928
setWindDir	binary	SCALAR	SCALAR	NOTHING	0x559ce0	4	General	2.92	time	azimut	0x509e59
setWindDir	unary		ARRAY	NOTHING	0x559d70		General	2.92		[x, z]	0x4d9a3c
setWindForce	binary	SCALAR	SCALAR	NOTHING	0x559e80	4	General		time	wind	0x4eda80
setWindletParams	binary	OBJECT	ARRAY	BOOL	0x20cc20	4	General	2.22	windlet	params	0x513333
setWindStr	binary	SCALAR	SCALAR	NOTHING	0x559f40	4	General	2.92	time	value	0x509dab
setWingForceScaleRTD	binary	OBJECT	ARRAY	NOTHING	0x896400	4	General	TOH 81393	RTD_helicopter	[left horizontal, right horizontal, vertical]	0x50834e
setWPPos	binary	ARRAY	ARRAY	NOTHING	0x8fc370	4	General	1.21	wapoint	position	0x4e80c8
show3DIcons	binary	CONTROL	BOOL	NOTHING	0x13d3440	4	Editor	2.92	map	bool	0x13c9284
showChat	unary		BOOL	NOTHING	0x19f5e0		General			true/false	0x4ced92
showCinemaBorder	unary		BOOL	NOTHING	0x1170a50		General			show	0x4c2bbb
showCommandingMenu	unary		STRING	NOTHING	0x54e790		General	5500		class name	0x4c92e5
showCompass	unary		BOOL	NOTHING	0x559ff0		General			show	0x4c2763
showCuratorCompass	unary		BOOL	NOTHING	0x82bcf0		General			show	0x4d8ca9
showGps	unary		BOOL	NOTHING	0x55a310		General			show	0x4c2a1a
showHUD	unary		ARRAY	NOTHING	0x8cee20		General	5501		[hud, info, radar, compass, direction, menu, group, cursors, panels, kills, icon3d]	0x4ccf2a
showHUD	unary		BOOL	NOTHING	0x8ced00		General	5501		enable	0x4cce9f
showLegend	binary	CONTROL	BOOL	NOTHING	0x13d3560	4	Editor	2.92	map	bool	0x13c93ea
showMap	unary		BOOL	NOTHING	0x55ada0		General			show	0x4c264d
shownAction	nular			ARRAY	0x8a34e0		General	2.22			0x8a2957
shownArtilleryComputer	nular			BOOL	0x8aef80		General				0x8abd62
shownChat	nular			BOOL	0x8aefe0		General				0x8abee0
shownCompass	nular			BOOL	0x8af000		General				0x8abe95
shownCuratorCompass	nular			BOOL	0x829c80		General				0x514a0b
showNewEditorObject	binary	CONTROL	ARRAY	ANY	0x13d3670	4	Editor	2.92	map	[type, class, side, position]	0x13c8541
shownGps	nular			BOOL	0x8af100		General				0x8ac13f
shownHUD	nular			ARRAY	0x8af3c0		General				0x8abdff
shownMap	nular			BOOL	0x8af570		General				0x8abd17
shownPad	nular			BOOL	0x8af750		General				0x8ac0a9
shownRadio	nular			BOOL	0x8af9d0		General				0x8ac05e
shownScoretable	nular			SCALAR	0x8aae90		General				0x8ae9c1
shownSubtitles	nular			BOOL	0x89ea10		General	2.06			0x8a216c
shownUAVFeed	nular			BOOL	0x8a3540		General	5501			0x8a1277
shownWarrant	nular			BOOL	0x8afa50		General				0x8ac0f4
shownWatch	nular			BOOL	0x8afad0		General				0x8abe4a
showPad	unary		BOOL	NOTHING	0x55aeb0		General			show	0x4c2904
showRadio	unary		BOOL	NOTHING	0x55b680		General			show	0x4c2879
showScoretable	unary		SCALAR	NOTHING	0x55af90		General			show	0x4c57b6
showSubtitles	unary		BOOL	BOOL	0x8cf220		General	5501		enable	0x4cccfe
showUAVFeed	unary		BOOL	NOTHING	0x55b300		General	5501		show	0x4db10a
showWarrant	unary		BOOL	NOTHING	0x55b730		General			show	0x4c298f
showWatch	unary		BOOL	NOTHING	0x55b7e0		General			show	0x4c26d8
showWaypoint	binary	ARRAY	STRING	NOTHING	0x8fb640	4	General	1.86	waypoint	show	0x4f49f8
showWaypoints	unary		BOOL	NOTHING	0x55b890		General			show	0x4c572b
side	unary		GROUP	SIDE	0x4b9160		General	5501		group	0x4ca89d
side	unary		LOCATION	SIDE	0xd05820		Location	2.90		location	0xd01d50
side	unary		OBJECT	SIDE	0x541750		General			unit	0x4c0870
sideAmbientLife	nular			SIDE	0x8b1ac0		General				0x8ac4d1
sideChat	binary	OBJECT|ARRAY	STRING	NOTHING	0x19d480	4	General		unit	chatText	0x4ea216
sideEmpty	nular			SIDE	0x8b1b40		General				0x8ac51c
sideEnemy	nular			SIDE	0x8b1b60		General	1.78			0x8ac43b
sideFriendly	nular			SIDE	0x8b1b80		General	1.78			0x8ac486
sideLogic	nular			SIDE	0x8b1bc0		General	1.86			0x8ac3e9
sideRadio	binary	OBJECT|ARRAY	STRING	NOTHING	0x19d7a0	4	General		unit	radioName	0x4e9e02
sideUnknown	nular			SIDE	0x8b1be0		General	5501			0x8ac397
simpleTasks	unary		OBJECT	ARRAY	0xe04730		Identity	5501		person	0xe01bea
simulationEnabled	unary		OBJECT	BOOL	0x56d190		General	5500		entity	0x4c9144
simulCloudDensity	unary		ARRAY	SCALAR	0x1bf120		General			position	0x4e4d02
simulCloudOcclusion	unary		ARRAY	SCALAR	0x1bf3e0		General			[position1, position2]	0x4e4d8d
simulInClouds	unary		ARRAY	BOOL	0x1bf800		General			position	0x4e4c77
SimulSetHumidity	unary		SCALAR	NOTHING	0x1bfac0		General				0x4e4ea3
simulWeatherSync	nular			NOTHING	0x1bfeb0		General				0x514b64
sin	unary		SCALAR|NaN	SCALAR|NaN	0x2ecfc0		Default			x	0x2dbea6
size	unary		LOCATION	ARRAY	0xd05890		Location	2.90		location	0xd019f7
sizeOf	unary		STRING	SCALAR	0x564680		General	5160		typeName	0x4c7ece
skill	binary	OBJECT	STRING	SCALAR	0x532b10	4	General	2.65	vehicle	type	0x4fd1e8
skill	unary		OBJECT	SCALAR	0x8b6840		General	1.75		person	0x8b4a30
skillFinal	binary	OBJECT	STRING	SCALAR	0x52b990	4	General	2.65	vehicle	type	0x4fd296
skipTime	unary		SCALAR	NOTHING	0x55bf70		General			duration	0x4c309e
sleep	unary		SCALAR	NOTHING	0x566940		General	2.60		delay	0x4c617c
sliderPosition	unary		CONTROL	SCALAR	0x8eb7a0		General	2.92		control	0x4d5064
sliderPosition	unary		SCALAR	SCALAR	0x8eae80		General	1.79		idc	0x4d5205
sliderRange	unary		CONTROL	ARRAY	0x8eb7f0		General	2.92		control	0x4d50ef
sliderRange	unary		SCALAR	ARRAY	0x8eaef0		General	1.79		idc	0x4d531b
sliderSetPosition	binary	CONTROL	SCALAR	NOTHING	0x8ebc70	4	General	2.92	control	pos	0x505672
sliderSetPosition	unary		ARRAY	NOTHING	0x8eb3b0		General	1.79		[idc, pos]	0x4d5290
sliderSetRange	binary	CONTROL	ARRAY	NOTHING	0x8ebcf0	4	General	2.92	control	[min, max]	0x505720
sliderSetRange	unary		ARRAY	NOTHING	0x8eb4b0		General	1.79		[idc, min, max]	0x4d53a6
sliderSetSpeed	binary	CONTROL	ARRAY	NOTHING	0x8ebe20	4	General	2.92	control	[line, page, (step)]	0x5057ce
sliderSetSpeed	unary		ARRAY	NOTHING	0x8eb620		General	1.79		[idc, line, page, (step)]	0x4d54bc
sliderSpeed	unary		CONTROL	ARRAY	0x8eb9e0		General	2.92		control	0x4d517a
sliderSpeed	unary		SCALAR	ARRAY	0x8eb110		General	1.79		idc	0x4d5431
slingLoadAssistantShown	nular			BOOL	0x1a9930		General	126800			0x514cbd
soldierMagazines	unary		OBJECT	ARRAY	0x83ccb0		General	5501		unit	0x4cbee0
someAmmo	unary		OBJECT	BOOL	0x5417c0		General			unit	0x4bf93c
sort	binary	ARRAY	BOOL	NOTHING	0x2e58e0	4	Default		array	order	0x2df4dd
soundParams	unary		SCALAR	ARRAY	0x4b2bb0		General	2.14		soundId	0x4e2a1f
soundVolume	nular			SCALAR	0x8aaf30		General				0x8ac6de
spawn	binary	ANY	CODE	SCRIPT	0x176520	4	Server	2.22	arguments	script	0x172caf
spawn	binary	ANY	CODE	SCRIPT	0x54af50	4	General	2.50	arguments	script	0x4ed876
spawn	unary		CODE	SCRIPT	0x54b030		General	2.22		script	0x4e45f3
spawn	unary		STRING	SCRIPT	0x54a3f0		General	2.22		name	0x4e4568
speaker	unary		OBJECT	STRING	0x5418f0		General			object	0x4c0a9c
speechVolume	nular			SCALAR	0x8aaf80		General	2.03			0x8ac77b
speed	unary		OBJECT	SCALAR	0x532cd0		General			obj	0x4be867
speedMode	unary		OBJECT|GROUP	STRING	0x1924f0		General			grp	0x4c0dde
splitString	binary	STRING	STRING	ARRAY	0x2ed0a0	4	Default		string	string	0x2df0b2
sqr	unary		EXPRESSION	EXPRESSION	0x382510		Simple expression			square of value	0x382d91
sqr	unary		SCALAR	EXPRESSION	0x3846d0		Simple expression			square of value	0x382d2e
sqrt	unary		EXPRESSION	EXPRESSION	0x382610		Simple expression			absolute value	0x382e54
sqrt	unary		SCALAR	EXPRESSION	0x3847f0		Simple expression			absolute value	0x382df8
sqrt	unary		SCALAR|NaN	SCALAR|NaN	0x2e6c20		Default			x	0x2dc5ae
squadParams	unary		OBJECT	ARRAY	0x4b2e50		General			unit	0x4db4d7
stance	unary		OBJECT	STRING	0x532d40		General	5501		unit	0x4c9d36
startLoadingScreen	unary		ARRAY	NOTHING	0x51f050		General	5501		[text] or [text, resource]	0x4cb263
steamGameRecordingEvent	unary		ARRAY	STRING	0x1c4910		General	2.20			0x4e428e
step	binary	FOR	SCALAR	FOR	0x2f4b20	4	Default		for /.../	step	0x2e02b5
stop	binary	OBJECT	BOOL	NOTHING	0x541980	4	General		unit	stop	0x4ebffe
stopEngineRTD	unary		OBJECT	NOTHING	0x895810		General	TOH 81393		RTD_helicopter	0x4d7e00
stopped	unary		OBJECT	BOOL	0x541a10		General			unit	0x4c168e
stopSound	unary		SCALAR	NOTHING	0x55c6f0		General	2.14		soundId	0x4e2aaa
str	unary		ANY	STRING	0x2cf0d0		Default	2.00		any value	0x2dd141
sunOrMoon	nular			SCALAR	0x8aafd0		General	93989			0x8ae37c
supportInfo	unary		STRING	ARRAY	0x2eeba0		Default	2.00		mask	0x2dd238
suppressFor	binary	OBJECT	SCALAR	NOTHING	0x571fb0	4	General	59874	unit	timeToSuppress	0x4f7ae8
surfaceIsWater	unary		ARRAY	BOOL	0x55ed70		General	2.58		[x, y]	0x4c5ec5
surfaceNormal	unary		ARRAY	ARRAY	0x55e6f0		General	86233		[x, y]	0x4c5fdb
surfaceTexture	unary		ARRAY	STRING	0x55e9e0		General	1.97		[x, y]	0x4dfbf8
surfaceType	unary		ARRAY	STRING	0x55eba0		General	2.58		[x, y]	0x4c5f50
swimInDepth	binary	OBJECT	SCALAR	NOTHING	0x53f910	4	General	2.92	unit	height	0x509af3
switch	unary		ANY	SWITCH	0x2f4f70		Default			exp	0x2dd38c
switchableUnits	nular			ARRAY	0x8ab020		General	2.92			0x8ad02b
switchAction	binary	OBJECT	STRING	NOTHING	0x541a70	4	General	5500	soldier	action	0x4ea786
switchCamera	binary	OBJECT	STRING	NOTHING	0x541b40	4	General		unit	mode	0x4f17ac
switchCamera	unary		OBJECT	NOTHING	0x541d00		General			unit	0x4de414
switchGesture	binary	OBJECT	ARRAY	NOTHING	0x541e30	4	General	2.18	soldier	[moveName, progress, blendFactor, resetAim]	0x512bb9
switchGesture	binary	OBJECT	STRING	NOTHING	0x541d60	4	General	5500	soldier	moveName	0x4ea8e2
switchLight	binary	OBJECT	STRING	NOTHING	0x541e50	4	General		lamppost	mode	0x4e6646
switchMove	binary	OBJECT	ARRAY	NOTHING	0x5423e0	4	General		soldier	[move, progress, interpTime, resetAim]	0x512b0b
switchMove	binary	OBJECT	STRING	NOTHING	0x5420b0	4	General		soldier	moveName	0x4ea62a
synchronizedObjects	unary		OBJECT	ARRAY	0x532f20		General	5501		unit/trigger	0x4cb1d8
synchronizedTriggers	unary		ARRAY	ARRAY	0x55ef50		General			waypoint	0x4da035
synchronizedWaypoints	unary		ARRAY	ARRAY	0x8f5f50		General			waypoint	0x4d9faa
synchronizedWaypoints	unary		OBJECT	ARRAY	0x8f5f50		General			trigger	0x4d9f1f
synchronizeObjectsAdd	binary	OBJECT	ARRAY	NOTHING	0x5244f0	4	General		unit/trigger	[objects]	0x50a7dd
synchronizeObjectsRemove	binary	OBJECT	ARRAY	NOTHING	0x539680	4	General		unit/trigger	[objects]	0x50a88b
synchronizeTrigger	binary	OBJECT	ARRAY	NOTHING	0x562930	4	General	1.86	trigger	[waypoint1, waypoint2, ...]	0x4f3d0e
synchronizeWaypoint	binary	ARRAY	ARRAY	NOTHING	0x8fb890	4	General	1.86	waypoint	[waypoint1, waypoint2, ...]	0x4f3bb2
synchronizeWaypoint	binary	OBJECT	ARRAY	NOTHING	0x562950	4	General	1.86	trigger	[waypoint1, waypoint2, ...]	0x4f3c60
systemChat	unary		STRING	NOTHING	0x19f620		General			chatText	0x4ced07
systemOfUnits	nular			SCALAR	0x8ab310		General	5501			0x8ae412
systemTime	nular			ARRAY	0x8996d0		General				0x8a1dcc
systemTimeUTC	nular			ARRAY	0x899890		General				0x8a1e17
tan	unary		SCALAR|NaN	SCALAR|NaN	0x2f1430		Default			x	0x2dc19b
targetKnowledge	binary	OBJECT	OBJECT	ARRAY	0x1c76f0	4	General	5501	unit	target	0x4e9b4a
targets	binary	GROUP	ARRAY	ARRAY	0x1c7220	4	General		group	[(enemyOnly, maxDistance [sides...], maxAge, altCenter)]	0x511293
targets	binary	OBJECT	ARRAY	ARRAY	0x1c7cf0	4	General		unit	[(enemyOnly, maxDistance [sides...], maxAge, altCenter)]	0x50d97b
targetsAggregate	binary	ARRAY	ARRAY	ARRAY	0x1599950	4	Conversations	2.92	[speaker, side, unit, place, time]	candidates	0x15998d8
targetsQuery	binary	OBJECT	ARRAY	ARRAY	0x159c190	4	Conversations	2.92	speaker	[receiver, side, unit, place, time]	0x159985f
taskAlwaysVisible	unary		TASK	BOOL	0xe09ea0		Identity			task	0xe017e4
taskChildren	unary		TASK	ARRAY	0xe09c70		Identity	2.92		task	0xe01547
taskCompleted	unary		TASK	BOOL	0xe0b160		Identity	2.89		task	0xe01481
taskCustomData	unary		TASK	ARRAY	0xe09f10		Identity			task	0xe0184e
taskDescription	unary		TASK	ARRAY	0xe0a230		Identity	5501		task	0xe0170c
taskDestination	unary		TASK	ARRAY	0xe0a560		Identity	2.92		task	0xe01694
taskHint	unary		ARRAY	NOTHING	0x55aff0		General			text	0x4c2efd
taskMarkerOffset	unary		OBJECT	ARRAY	0x533160		General	1.58		obj	0x4bf22d
taskName	unary		TASK	STRING	0xe0a760		Identity	2.03		task	0xe0162a
taskNull	nular			TASK	0xe0b250		Identity	5153			0xe012ff
taskParent	unary		TASK	TASK	0xe0a870		Identity	2.92		task	0xe014e4
taskResult	unary		TASK	ARRAY	0xe0a950		Identity	2.92		task	0xe0141e
taskState	unary		TASK	STRING	0xe0aad0		Identity	2.89		task	0xe013b4
taskType	unary		TASK	STRING	0xe0abe0		Identity			task	0xe0177a
teamMember	unary		OBJECT	TEAM_MEMBER	0x192cc0		Agents	2.90		person	0x4d6a74
teamMemberNull	nular			TEAM_MEMBER	0x897970		Agents				0x897279
teamName	unary		TEAM_MEMBER	STRING	0x196a00		Agents	2.90		team	0x4d6ca0
teams	nular			ARRAY	0x897700		Agents	2.92			0x8972d3
teamSwitch	nular			NOTHING	0x8b11d0		General	2.92			0x8ad0c1
teamSwitchEnabled	nular			BOOL	0x8af930		General	2.92			0x8ad076
teamType	unary		TEAM_MEMBER	STRING	0x196a80		Agents	2.90		team	0x4d6c15
terminate	binary	SCRIPT	ANY	NOTHING	0x54b0d0	4	General	2.22	script	result	0x5133e1
terminate	unary		SCALAR	NOTHING	0x48fc90		General	2.18		fsmHandle	0x4e38c8
terminate	unary		SCRIPT	NOTHING	0x54b090		General	2.50		script	0x4c59e2
terrainIntersect	unary		ARRAY	BOOL	0x55f980		General	A3 89671		[ position begin, position end ]	0x4ce93a
terrainIntersectASL	unary		ARRAY	BOOL	0x55fb90		General	OA 93671		[ positionASL begin, positionASL end ]	0x4ce2b6
terrainIntersectAtASL	unary		ARRAY	ARRAY	0x55fda0		General			[ positionASL begin, positionASL end ]	0x4ce341
text	unary		LOCATION	STRING	0xd05a80		Location	2.90		location	0xd01bfd
text	unary		STRING	TEXT	0x5645e0		General	2.01		text	0x4c4bc4
textLog	unary		ANY	NOTHING	0x18b0a0		General			anything	0x4c33e0
textLogFormat	unary		ARRAY	NOTHING	0x18b0a0		General	5501		[format, arg1,  arg2, ...]	0x4cd2f7
tg	unary		SCALAR|NaN	SCALAR|NaN	0x2f1430		Default			x	0x2dc138
then	binary	IF	ARRAY	ANY	0x2ced40	4	Default	1.85	if	else	0x2dfcd6
then	binary	IF	CODE	ANY	0x2eea70	4	Default	1.85	if	codeToExecute	0x2dfc45
throw	binary	IF	ANY	NOTHING	0x2f5220	4	Default	2	if	code	0x2dffe6
throw	unary		ANY	NOTHING	0x2f51b0		Default			expression	0x2dd652
throwables	unary		OBJECT|ARRAY	ARRAY	0x524730		General	2.18		unit or [unit, (includeEmpty)]	0x4e31b9
time	nular			SCALAR	0x8a7130		General				0x8abb4e
timeMultiplier	nular			SCALAR	0x89c2a0		General				0x8a1455
titleCut	unary		ARRAY	NOTHING	0x489350		General			effect	0x4c0e69
titleFadeOut	unary		SCALAR	NOTHING	0x494990		General	5126		duration	0x4c1236
titleObj	unary		ARRAY	NOTHING	0x4949e0		General			effect	0x4c11ab
titleRsc	unary		ARRAY	NOTHING	0x494c80		General			effect	0x4c1120
titleText	unary		ARRAY	NOTHING	0x494f10		General			effect	0x4c1095
to	binary	FOR	SCALAR	FOR	0x2f4b90	4	Default		for "_var" from a	b	0x2e0228
toArray	binary	HASHMAP	BOOL	ARRAY	0x81f8e0	4	General	2.04	hashMap	splitArray	0x8204f9
toArray	unary		HASHMAP	ARRAY	0x81f590		General	2.04		hashMap	0x81ff01
toArray	unary		STRING	ARRAY	0x2ed650		Default	5195		string	0x2ddcd9
toFixed	binary	SCALAR	SCALAR	STRING	0x492b60	4	General		number	digits	0x4ed3b4
toFixed	unary		SCALAR	NOTHING	0x492c70		General			digits	0x4dedda
toJSON	unary		ANY	STRING	0x495210		General			scriptValue	0x4e4062
toLower	unary		STRING	STRING	0x2ed8a0		Default	5195		string	0x2ddba9
toLowerANSI	unary		STRING	STRING	0x2ed920		Default	5195		string	0x2ddc6f
toString	unary		ARRAY	STRING	0x2cef50		Default	5195		characters	0x2dd987
toString	unary		CODE	STRING	0x2d0c30		Default	2.01		code	0x2dd9ff
toUpper	unary		STRING	STRING	0x2edb90		Default	5195		string	0x2ddb43
toUpperANSI	unary		STRING	STRING	0x2edc10		Default	5195		string	0x2ddc0c
triggerActivated	unary		OBJECT	BOOL	0x560ce0		General	5501		trigger	0x4c93fb
triggerActivation	unary		OBJECT	ARRAY	0x5615a0		General	5501		trigger	0x4c97c8
triggerAmmo	unary		OBJECT|ARRAY	NOTHING	0x560d40		General			ammo or [ammo, (timeLeft, distanceLeft)]	0x4df232
triggerArea	unary		OBJECT	ARRAY	0x561790		General	5501		trigger	0x4c9853
triggerAttachedVehicle	unary		OBJECT	OBJECT	0x5618e0		General	5101		trigger	0x4c9b0a
triggerAttachObject	binary	OBJECT	SCALAR	NOTHING	0x560f90	4	General	1.86	trigger	objectId	0x4f379e
triggerAttachVehicle	binary	OBJECT	ARRAY	NOTHING	0x561030	4	General	1.86	trigger	[] or [vehicle]	0x4f384c
triggerDynamicSimulation	binary	OBJECT	BOOL	NOTHING	0x17edf0	4	General		unit	bool	0x50d35d
triggerInterval	unary		OBJECT	SCALAR	0x561940		General			trigger	0x4df8b6
triggerStatements	unary		OBJECT	ARRAY	0x5619a0		General	5501		trigger	0x4c98de
triggerText	unary		OBJECT	STRING	0x561b80		General	5501		trigger	0x4c9969
triggerTimeout	unary		OBJECT	ARRAY	0x561c20		General	5501		trigger	0x4c99f4
triggerTimeoutCurrent	unary		OBJECT	SCALAR	0x561d30		General	112547		trigger	0x4c9486
triggerType	unary		OBJECT	STRING	0x561da0		General	5501		trigger	0x4c9a7f
trim	binary	STRING	ARRAY	STRING	0x562fb0	4	General	2.01	str1	[charList, side]	0x50ee8d
trim	unary		STRING	STRING	0x563930		General	2.01		string	0x4e06d4
true	nular			BOOL	0x2cf680		Default				0x2dbcfc
try	binary	ANY	CODE	EXCEPTION	0x2f5390	4	Default	2	anything	code	0x2e04f1
try	unary		CODE	EXCEPTION	0x2f52c0		Default			code	0x2dd5e4
turretLocal	binary	OBJECT	ARRAY	BOOL	0x535dc0	4	General		vehicle	turret array	0x4e88f0
turretOwner	binary	OBJECT	ARRAY	SCALAR	0x4b5f40	4	General	2.35	vehicle	[turret path]	0x50be4b
turretUnit	binary	OBJECT	ARRAY	OBJECT	0x56c350	4	General	5501	vehicle	turret path	0x4fa920
tvAdd	binary	CONTROL	ARRAY	SCALAR	0x8f1710	4	General		control	[[path], text]	0x50587c
tvAdd	unary		ARRAY	SCALAR	0x8ec360		General	106345		[idc, [path], text]	0x4d5547
tvClear	unary		CONTROL	NOTHING	0x8f1890		General	106345		idc	0x4d56e8
tvClear	unary		SCALAR	NOTHING	0x8ec700		General	106345		idc	0x4d565d
tvCollapse	binary	CONTROL	ARRAY	NOTHING	0x8f1960	4	General		control	[path]	0x506ad6
tvCollapse	unary		ARRAY	NOTHING	0x8ec910		General	106345		[idc, [path]]	0x4d61c4
tvCollapseAll	unary		CONTROL	NOTHING	0x8f1a60		General	106345		ctrl	0x4d6365
tvCollapseAll	unary		SCALAR	NOTHING	0x8eca10		General	106345		idc	0x4d624f
tvCount	binary	CONTROL	ARRAY	SCALAR	0x8f1b30	4	General		control	[path]	0x505f48
tvCount	unary		ARRAY	SCALAR	0x8eccc0		General	106345		[idc, [path]]	0x4d5ab5
tvCurSel	unary		CONTROL	ARRAY	0x8f1c30		General	106345		control	0x4d5c56
tvCurSel	unary		SCALAR	ARRAY	0x8ed9f0		General	106345		idc	0x4d5bcb
tvData	binary	CONTROL	ARRAY	STRING	0x8f1d10	4	General		control	[path]	0x505d3e
tvData	unary		ARRAY	STRING	0x8ecf80		General	106345		[idc, [path]]	0x4d5914
tvDelete	binary	CONTROL	ARRAY	NOTHING	0x8f1e10	4	General		control	[path]	0x50592a
tvDelete	unary		ARRAY	NOTHING	0x8ed240		General	106345		[idc, [path]]	0x4d55d2
tvExpand	binary	CONTROL	ARRAY	NOTHING	0x8f1f10	4	General		control	[path]	0x506a28
tvExpand	unary		ARRAY	NOTHING	0x8ed580		General	106345		[idc, [path]]	0x4d6139
tvExpandAll	unary		CONTROL	NOTHING	0x8f2010		General	106345		ctrl	0x4d63f0
tvExpandAll	unary		SCALAR	NOTHING	0x8ed680		General	106345		idc	0x4d62da
tvIsSelected	binary	CONTROL	ARRAY	BOOL	0x8f22e0	4	General	2.01	control	[path]	0x506d8e
tvPicture	binary	CONTROL	ARRAY	STRING	0x8f24c0	4	General		control	[path]	0x5068cc
tvPicture	unary		ARRAY	STRING	0x8ee1d0		General	106345		[idc, [path]]	0x4d6023
tvPictureRight	binary	CONTROL	ARRAY	STRING	0x8f25c0	4	General		control	[path]	0x50697a
tvPictureRight	unary		ARRAY	STRING	0x8ee2d0		General	106345		[idc, [path]]	0x4d60ae
tvSelection	unary		CONTROL	ARRAY	0x8f26c0		General	2.01		tree	0x4d6591
tvSetColor	binary	CONTROL	ARRAY	NOTHING	0x8f2710	4	General		control	[path, color]	0x505a86
tvSetCurSel	binary	CONTROL	ARRAY	NOTHING	0x8f28a0	4	General		control	[path]	0x505ff6
tvSetCurSel	unary		ARRAY	NOTHING	0x8efcb0		General	106345		[idc, [path]]	0x4d5b40
tvSetData	binary	CONTROL	ARRAY	NOTHING	0x8f29a0	4	General		control	[[path], text]	0x505be2
tvSetData	unary		ARRAY	NOTHING	0x8ee9d0		General	106345		[idc, [path], "data"]	0x4d5889
tvSetPicture	binary	CONTROL	ARRAY	NOTHING	0x8f2b20	4	General		control	[[path], name]	0x50635c
tvSetPicture	unary		ARRAY	NOTHING	0x8eed80		General	106345		[idc, [path],name]	0x4d5df7
tvSetPictureColor	binary	CONTROL	ARRAY	NOTHING	0x8f2ca0	4	General		control	[[path], [r,g,b,a]]	0x5064b8
tvSetPictureColor	unary		ARRAY	NOTHING	0x8eeed0		General	106345		[idc, [path], [r,g,b,a]]	0x4d5f0d
tvSetPictureColorDisabled	binary	CONTROL	ARRAY	NOTHING	0x8f2cd0	4	General		control	[[path], [r,g,b,a]]	0x506614
tvSetPictureColorSelected	binary	CONTROL	ARRAY	NOTHING	0x8f2d00	4	General		control	[[path], [r,g,b,a]]	0x506566
tvSetPictureRight	binary	CONTROL	ARRAY	NOTHING	0x8f2d30	4	General		control	[[path], name]	0x50640a
tvSetPictureRight	unary		ARRAY	NOTHING	0x8ef220		General	106345		[idc, [path],name]	0x4d5e82
tvSetPictureRightColor	binary	CONTROL	ARRAY	NOTHING	0x8f2eb0	4	General		control	[[path], [r,g,b,a]]	0x5066c2
tvSetPictureRightColor	unary		ARRAY	NOTHING	0x8ef370		General	106345		[idc, [path], [r,g,b,a]]	0x4d5f98
tvSetPictureRightColorDisabled	binary	CONTROL	ARRAY	NOTHING	0x8f2ee0	4	General		control	[[path], [r,g,b,a]]	0x50681e
tvSetPictureRightColorSelected	binary	CONTROL	ARRAY	NOTHING	0x8f2f10	4	General		control	[[path], [r,g,b,a]]	0x506770
tvSetSelectColor	binary	CONTROL	ARRAY	NOTHING	0x8f2f40	4	General		control	[path, color]	0x505b34
tvSetSelected	binary	CONTROL	ARRAY	NOTHING	0x8f30d0	4	General	2.01	control	[path, selected]	0x506ce0
tvSetText	binary	CONTROL	ARRAY	NOTHING	0x8f3370	4	General		control	[[path], text]	0x505c90
tvSetText	unary		ARRAY	STRING	0x8effa0		General	106345		[idc, [path], "text"]	0x4d57fe
tvSetTooltip	binary	CONTROL	ARRAY	NOTHING	0x8f34f0	4	General		control	[[path], tooltip]	0x506c32
tvSetTooltip	unary		ARRAY	NOTHING	0x8f0320		General			[idc, index, tooltip]	0x4d6506
tvSetValue	binary	CONTROL	ARRAY	NOTHING	0x8f36d0	4	General		control	[[path], val]	0x505dec
tvSetValue	unary		ARRAY	NOTHING	0x8f0500		General	106345		[idc, [path], val]	0x4d599f
tvSort	binary	CONTROL	ARRAY	NOTHING	0x8f3850	4	General		control	[[path], reversed]	0x5060a4
tvSort	unary		ARRAY	NOTHING	0x8f0820		General	106345		[idc,[path],reversed]	0x4d5ce1
tvSortAll	binary	CONTROL	ARRAY	NOTHING	0x8f39a0	4	General		control	[[path], reversed]	0x506152
tvSortByValue	binary	CONTROL	ARRAY	NOTHING	0x8f3c80	4	General		control	[[path], reversed]	0x506200
tvSortByValue	unary		ARRAY	NOTHING	0x8f09a0		General	106345		[idc,[path],reversed]	0x4d5d6c
tvSortByValueAll	binary	CONTROL	ARRAY	NOTHING	0x8f3dd0	4	General		control	[[path], reversed]	0x5062ae
tvText	binary	CONTROL	ARRAY	STRING	0x8f40b0	4	General		control	[path]	0x5059d8
tvText	unary		ARRAY	STRING	0x8f1000		General	106345		[idc, [path]]	0x4d5773
tvTooltip	binary	CONTROL	ARRAY	STRING	0x8f20e0	4	General	2.91	control	[path]	0x506b84
tvTooltip	unary		ARRAY	STRING	0x8edea0		General	1.50		[idc, path]	0x4d647b
tvValue	binary	CONTROL	ARRAY	SCALAR	0x8f41b0	4	General		control	[path]	0x505e9a
tvValue	unary		ARRAY	SCALAR	0x8f12c0		General	106345		[idc, [path]]	0x4d5a2a
type	unary		LOCATION	STRING	0xd05b30		Location	2.90		location	0xd01a5d
type	unary		TASK	STRING	0xe0a850		Identity	2.91		task	0xe015bc
typeName	unary		ANY	STRING	0x2f5460		Default	2.00		any	0x2dcfe3
typeOf	unary		?|DISPLAY	STRING	0x5332a0		General	1.91		object	0x4c46e1
UAVControl	unary		OBJECT|ARRAY	ARRAY	0x5648a0		General	109018		uav or [uav, option]	0x4dab9c
uiNamespace	nular			NAMESPACE	0x8b1080		General	5501			0x8addd6
uiSleep	unary		SCALAR	NOTHING	0x564770		General	5501		delay	0x4c6207
uiTime	nular			SCALAR	0x89a970		General	2.20			0x8a28ba
unassignCurator	unary		OBJECT	NOTHING	0x82c060		General			curatorObj	0x4d8a7d
unassignItem	binary	OBJECT	STRING	NOTHING	0x847170	4	General		unit	item	0x4ee1fa
unassignTeam	unary		OBJECT	NOTHING	0x55f8a0		General	2.05		vehicle	0x4c4df0
unassignVehicle	unary		OBJECT	NOTHING	0x542400		General			unit	0x4c182f
unban	unary		STRING|SCALAR	NOTHING	0x1765c0		Server	2.92		user id	0x1728ae
underwater	unary		OBJECT	BOOL	0x536220		General	81571		object	0x4d96fa
uniform	unary		OBJECT	STRING	0x847400		General	5501		unit	0x4cc338
uniformContainer	unary		OBJECT	OBJECT	0x847190		General	5501		unit	0x4cc4d9
uniformItems	unary		OBJECT	ARRAY	0x8471b0		General	5501		unit	0x4cbcb4
uniformMagazines	unary		OBJECT	ARRAY	0x8473e0		General	5501		unit	0x4cbd3f
uniqueUnitItems	unary		OBJECT|ARRAY	HASHMAP	0x841300		General	2.06		man	0x4e0f84
unitAddons	unary		STRING	ARRAY	0x4b62d0		General			unitClass	0x4dac27
unitAimPosition	unary		OBJECT	ARRAY	0x5246a0		General	1.62		object	0x4d918c
unitAimPositionVisual	unary		OBJECT	ARRAY	0x5246c0		General	1.62		object	0x4d9217
unitBackpack	unary		OBJECT	OBJECT	0x4b6790		General	5501		unit	0x4cd523
unitCombatMode	unary		OBJECT	STRING	0x1977b0		General			unit	0x4c0cc8
unitIsUAV	unary		OBJECT	BOOL	0x536190		General	1.62		object	0x4d93b8
unitPos	unary		OBJECT	STRING	0x533390		General	2.92		person	0x4c7593
unitReady	unary		OBJECT|ARRAY	BOOL	0x569170		General			unit	0x4c3722
unitRecoilCoefficient	unary		OBJECT	SCALAR	0x4b7340		General	90707		soldier	0x4cdf74
units	unary		GROUP	ARRAY	0x192580		General			grp	0x4c0161
units	unary		OBJECT	ARRAY	0x4b91b0		General			unit	0x4c01ec
units	unary		SIDE	ANY	0x5663b0		General	2.01		side	0x4e0649
unitsBelowHeight	binary	ARRAY	SCALAR	ARRAY	0x5660e0	4	General	5501	array	height	0x4fade2
unitsBelowHeight	binary	GROUP	SCALAR	ARRAY	0x18f890	4	General	5501	group	height	0x4fad34
unitTurret	binary	OBJECT	OBJECT	ARRAY	0x56c420	4	General	1.99	vehicle	gunner	0x4fa9ce
unkick	unary		STRING|SCALAR	NOTHING	0x176910		Server	2.92		user id	0x17290e
unlinkItem	binary	OBJECT	STRING	NOTHING	0x847510	4	General		unit	item	0x4ee2a8
unlockAchievement	unary		STRING	BOOL	0x1c1b60		General	5501		name	0x4cafac
unregisterTask	binary	TEAM_MEMBER	STRING	BOOL	0xe0cfd0	4	Identity	2.90	teamMember	name	0xe01eb8
updateDrawIcon	binary	CONTROL	ARRAY	NOTHING	0x13cba30	4	Editor	2.92	map	[object, string identifier, color, offset, width, height, maintain size?, angle, shadow]	0x13c9110
updateMenuItem	binary	CONTROL	ARRAY	NOTHING	0x13d3940	4	Editor	2.92	map	[menu item index,text,command]	0x13c8964
updateObjectTree	unary		CONTROL	NOTHING	0x13d3d10		Editor	2.92		map	0x13c7b59
useAIOperMapObstructionTest	unary		BOOL	NOTHING	0x48c980		General			true/false	0x4dde1b
useAISteeringComponent	binary	OBJECT	BOOL	NOTHING	0x527570	4	General	2.18	vehicle	enabled	0x511e21
useAISteeringComponent	unary		BOOL	NOTHING	0x48ca30		General			true/false	0x4ddd90
useAudioTimeForMoves	binary	OBJECT	BOOL	NOTHING	0x542470	4	General		soldier	toggle	0x4ea4ce
userInputDisabled	nular			BOOL	0x8af9a0		General				0x8ac013
users	nular			ARRAY	0x176ac0		Server	2.92			0x1725e6
values	unary		HASHMAP	ARRAY	0x81de70		General	2.02		HashMap	0x81ff67
vectorAdd	binary	ARRAY	ARRAY	ARRAY	0x8f42b0	4	General		vector	vector	0x50b20f
vectorCos	binary	ARRAY	ARRAY	SCALAR	0x8f4520	4	General		vector	vector	0x50b4c7
vectorCrossProduct	binary	ARRAY	ARRAY	ARRAY	0x8f45c0	4	General		vector	vector	0x50b36b
vectorDiff	binary	ARRAY	ARRAY	ARRAY	0x8f5630	4	General		vector	vector	0x50b2bd
vectorDir	unary		OBJECT	ARRAY	0x533880		General	2.61		obj	0x4c63a8
vectorDirVisual	unary		OBJECT	ARRAY	0x5338a0		General	2.61		obj	0x4c6433
vectorDistance	binary	ARRAY	ARRAY	SCALAR	0x8f47a0	4	General		vector	vector	0x50b575
vectorDistanceSqr	binary	ARRAY	ARRAY	SCALAR	0x8f46d0	4	General		vector	vector	0x50b6d1
vectorDotProduct	binary	ARRAY	ARRAY	SCALAR	0x8f48a0	4	General		vector	vector	0x50b419
vectorFromTo	binary	ARRAY	ARRAY	ARRAY	0x8f4b60	4	General		vector	vector	0x50b77f
vectorLinearConversion	unary		ARRAY	ARRAY	0x566fb0		General			[min, max, value, vector3Min, vector3Max, clamp]	0x4df4e9
vectorMagnitude	unary		ARRAY	SCALAR	0x8f4e10		General			array	0x4db562
vectorMagnitudeSqr	unary		ARRAY	SCALAR	0x8f4c40		General			array	0x4db5ed
vectorModelToWorld	binary	OBJECT	ARRAY	ARRAY	0x5268e0	4	General	2.92	object	modelDir	0x4f6b46
vectorModelToWorldVisual	binary	OBJECT	ARRAY	ARRAY	0x526900	4	General	2.92	object	modelDir	0x4f6bf4
vectorMultiply	binary	ARRAY	SCALAR|ARRAY	ARRAY	0x8f5010	4	General		vector	scalar	0x50b623
vectorNormalized	unary		ARRAY	ARRAY	0x8f5390		General			array	0x4db678
vectorSide	unary		OBJECT	ARRAY	0x5338c0		General	2.14		obj	0x4e2b35
vectorSideVisual	unary		OBJECT	ARRAY	0x5338e0		General	2.14		obj	0x4e2bc0
vectorUp	unary		OBJECT	ARRAY	0x533900		General	2.61		obj	0x4c6292
vectorUpVisual	unary		OBJECT	ARRAY	0x533920		General	2.61		obj	0x4c631d
vectorWorldToModel	binary	OBJECT	ARRAY	ARRAY	0x526920	4	General	2.92	object	worldDir	0x4f6ca2
vectorWorldToModelVisual	binary	OBJECT	ARRAY	ARRAY	0x526940	4	General	2.92	object	worldDir	0x4f6d50
vehicle	unary		OBJECT	OBJECT	0x542510		General			unit	0x4bfd94
vehicleCargoEnabled	unary		OBJECT	BOOL	0x5721a0		General	126046		vehicle	0x4e5869
vehicleChat	binary	OBJECT	STRING	NOTHING	0x19d9e0	4	General		unit	chatText	0x4ea420
vehicleMoveInfo	unary		OBJECT	ARRAY	0x4b7e70		General			vehicle	0x4df941
vehicleRadio	binary	OBJECT	STRING	NOTHING	0x19daf0	4	General		unit	radioName	0x4ea00c
vehicleReceiveRemoteTargets	unary		OBJECT	BOOL	0x1c80d0		General			vehicle	0x4dea98
vehicleReportOwnPosition	unary		OBJECT	BOOL	0x1c8180		General			vehicle	0x4deb23
vehicleReportRemoteTargets	unary		OBJECT	BOOL	0x1c8230		General			vehicle	0x4dea0d
vehicles	nular			ARRAY	0x8ab3a0		General	2.92			0x8acfe0
vehicleVarName	unary		OBJECT	STRING	0x56ca10		General	2.91		object	0x4c6a2c
velocity	unary		OBJECT	ARRAY	0x533940		General	1.80		vehicle	0x4be5b0
velocityModelSpace	unary		OBJECT	ARRAY	0x533a40		General	1.80		vehicle	0x4be63b
verifySignature	unary		STRING	BOOL	0x55be00		General	2.91		filename	0x4c69a1
vest	unary		OBJECT	STRING	0x847850		General	5501		unit	0x4cc3c3
vestContainer	unary		OBJECT	OBJECT	0x847530		General	5501		unit	0x4cc564
vestItems	unary		OBJECT	ARRAY	0x847550		General	5501		unit	0x4cbf6b
vestMagazines	unary		OBJECT	ARRAY	0x847830		General	5501		unit	0x4cbdca
viewDistance	nular			SCALAR	0x8ab480		General	5501			0x8ae11d
visibleCompass	nular			BOOL	0x8af080		General				0x8abf76
visibleGps	nular			BOOL	0x8af180		General				0x8abfc1
visibleMap	nular			BOOL	0x8af5f0		General	5501			0x8adfea
visiblePosition	unary		OBJECT	ARRAY	0x533b60		General	1.50		object	0x4bdb5f
visiblePositionASL	unary		OBJECT	ARRAY	0x533d80		General	1.50		object	0x4bdc75
visibleScoretable	nular			BOOL	0x8af850		General				0x8aea0c
visibleWatch	nular			BOOL	0x8afb50		General				0x8abf2b
waitUntil	unary		?	ANY	0x54b190		General	2.22		script	0x4e4444
waitUntil	unary		CODE	NOTHING	0x2f21c0		Default	2.60		condition	0x2dd817
waterDamaged	unary		OBJECT	BOOL	0x52b8d0		General	2.14		vehicle	0x4e2994
waves	nular			SCALAR	0x8ab4e0		General	2.92			0x8acead
waypointAttachedObject	unary		ARRAY	OBJECT	0x8f70c0		General	5500		waypoint	0x4c8894
waypointAttachedVehicle	unary		ARRAY	OBJECT	0x8f7210		General	5500		waypoint	0x4c8809
waypointAttachObject	binary	ARRAY	OBJECT|SCALAR	NOTHING	0x8f69c0	4	General	1.86	waypoint	idStatic or object	0x4f4122
waypointAttachVehicle	binary	ARRAY	OBJECT	NOTHING	0x8f6cd0	4	General	1.86	waypoint	vehicle	0x4f4074
waypointBehaviour	unary		ARRAY	STRING	0x8f7330		General	5500		waypoint	0x4c843c
waypointCombatMode	unary		ARRAY	STRING	0x8f74e0		General	5500		waypoint	0x4c829b
waypointCompletionRadius	unary		ARRAY	SCALAR	0x8f7690		General	5500		waypoint	0x4c89aa
waypointDescription	unary		ARRAY	STRING	0x8f77e0		General	5500		waypoint	0x4c8210
waypointForceBehaviour	unary		ARRAY	BOOL	0x8f7930		General	5500		waypoint	0x4c84c7
waypointFormation	unary		ARRAY	STRING	0x8f7a30		General	5500		waypoint	0x4c8326
waypointHousePosition	unary		ARRAY	SCALAR	0x8f7be0		General	5500		waypoint	0x4c891f
waypointLoiterAltitude	unary		ARRAY	SCALAR	0x8f7cf0		General	1.97		waypoint	0x4da7cf
waypointLoiterRadius	unary		ARRAY	SCALAR	0x8f7ec0		General	1.50		waypoint	0x4da6b9
waypointLoiterType	unary		ARRAY	STRING	0x8f8020		General	1.50		waypoint	0x4da744
waypointName	unary		ARRAY	STRING	0x8f81c0		General	98979		waypoint	0x4c8185
waypointPosition	unary		ARRAY	ARRAY	0x8fc010		General	1.50		waypoint	0x4bf1a2
waypoints	unary		OBJECT|GROUP	ARRAY	0x190d20		General	5129		group	0x4c7d2d
waypointScript	unary		ARRAY	STRING	0x8f8310		General	5500		waypoint	0x4c85dd
waypointsEnabledUAV	unary		OBJECT	BOOL	0x8fbf40		General	129341		vehicle	0x4dc521
waypointShow	unary		ARRAY	STRING	0x8f8460		General	5500		waypoint	0x4c877e
waypointSpeed	unary		ARRAY	STRING	0x8f8620		General	5500		waypoint	0x4c83b1
waypointStatements	unary		ARRAY	ARRAY	0x8f87d0		General	5500		waypoint	0x4c8552
waypointTimeout	unary		ARRAY	ARRAY	0x8f8a90		General	5500		waypoint	0x4c8668
waypointTimeoutCurrent	unary		GROUP	SCALAR	0x8f8d20		General	112547		waypoint	0x4c86f3
waypointType	unary		ARRAY	STRING	0x8f8dc0		General	5500		waypoint	0x4c80fa
waypointVisible	unary		ARRAY	SCALAR	0x8f8f70		General	5500		waypoint	0x4c8a35
weaponAccessories	binary	OBJECT	STRING	ARRAY	0x841de0	4	General	1.75	vehicle	weapon	0x4ecc3a
weaponAccessoriesCargo	binary	OBJECT	ARRAY	ARRAY	0x83d550	4	General		vehicle	[weaponId,creatorId]	0x4ee76a
weaponCargo	unary		OBJECT	ARRAY	0x847960		General	5501		box	0x4cc10c
weaponDirection	binary	OBJECT	STRING	ARRAY	0x533ec0	4	General	2.61	vehicle	weaponName	0x4f63cc
weaponDisassemblyEnabled	unary		OBJECT	BOOL	0x4b8210		General	2.14		entity	0x4e2dec
weaponInertia	unary		OBJECT	ARRAY	0x896ad0		General			soldier	0x4db92f
weaponLowered	unary		OBJECT	BOOL	0x536270		General			soldier	0x4da14b
weaponReloadingTime	binary	OBJECT	ARRAY	SCALAR	0x4b8270	4	General	2.06	vehicle	[gunner, muzzleName]	0x50fb77
weapons	unary		OBJECT	ARRAY	0x83e540		General	1.75		vehicle	0x8b4bd1
weaponsInfo	binary	OBJECT	ARRAY	ARRAY	0x4b83e0	4	General		entity	[params...]	0x510bc7
weaponsItems	unary		OBJECT|ARRAY	ARRAY	0x83e560		General	1.75		vehicle or [vehicle, extended]	0x8b4c42
weaponsItemsCargo	unary		OBJECT|ARRAY	ARRAY	0x83e910		General	1.75		vehicle or [vehicle, extended]	0x8b4cb3
weaponState	binary	OBJECT	STRING	ARRAY	0x534750	4	General	2.06	unit	weaponOrMuzzle	0x50fe2f
weaponState	unary		ARRAY	ARRAY	0x5347b0		General	5790		[veh, turret path, (weapon), (muzzle), (firemode)]	0x4cf86e
weaponState	unary		OBJECT	ARRAY	0x534280		General	5790		unit	0x4cf7e3
weaponsTurret	binary	OBJECT	ARRAY	ARRAY	0x5425c0	4	General	5501	vehicle	turretPath	0x4fb1f6
weightRTD	unary		OBJECT	ARRAY	0x894610		General	TOH 81393		helicopter	0x4d7807
west	nular			SIDE	0x8b1ae0		General				0x8ac2b6
WFSideText	unary		GROUP	STRING	0x572310		General	5501		group	0x4cd26c
WFSideText	unary		OBJECT	STRING	0x572560		General	5501		object	0x4cd1e1
WFSideText	unary		SIDE	STRING	0x572750		General	1.04		side	0x4cd156
while	unary		CODE	WHILE	0x2f3d80		Default	1.85		condition	0x2dcee8
wind	nular			ARRAY	0x8ab530		General	2.92			0x8acdcc
windDir	nular			SCALAR	0x8ab6f0		General	2.92			0x8acd36
windRTD	nular			ARRAY	0x8947d0		General	TOH 81393			0x514600
windStr	nular			SCALAR	0x8ab760		General	2.92			0x8acceb
wingsForcesRTD	unary		OBJECT	ARRAY	0x8948b0		General	TOH 81393		RTD_helicopter	0x4d7666
with	unary		NAMESPACE	WITH	0x2e61f0		Default	5501		namespace	0x2dcf6b
worldName	nular			STRING	0x8ab7b0		General	2.92			0x8ad157
worldSize	nular			SCALAR	0x8ab7d0		General	2.92			0x8ad19b
worldToModel	binary	OBJECT	ARRAY	ARRAY	0x542fc0	4	General	2.92	object	worldPos	0x4f688e
worldToModelVisual	binary	OBJECT	ARRAY	ARRAY	0x542ff0	4	General	2.92	object	worldPos	0x4f6a98
worldToScreen	binary	OBJECT	ARRAY	ARRAY	0x80b1b0	4	General	2.18	camera	position	0x512e71
worldToScreen	unary		ARRAY	ARRAY	0x80b290		General	5501		position	0x4ca32f
||	binary	BOOL	BOOL	BOOL	0x2cf570	1	Default		a	b	0x2de8e6
||	binary	BOOL	CODE	BOOL	0x2cf600	1	Default		a	b	0x2deb28
